Date,ADANIENT.NS,ADANIPORTS.NS,APOLLOHOSP.NS,ASIANPAINT.NS,AXISBANK.NS,BAJAJ-AUTO.NS,BAJFINANCE.NS,BAJAJFINSV.NS,BEL.NS,BHARTIARTL.NS,CIPLA.NS,COALINDIA.NS,DRREDDY.NS,EICHERMOT.NS,ETERNAL.NS,GRASIM.NS,HCLTECH.NS,HDFCBANK.NS
2017-01-02,0.0,0.0,0.0,0.0,0.0,0.0,0.0,0.0,0.0,0.0,0.0,0.0,0.0,0.0,0.0,0.0,0.0,0.0
2017-01-09,0.0,0.0,0.0,0.0,0.0,0.0,0.0,0.0,0.0,0.0,0.0,0.0,0.0,0.0,0.0,0.0,0.0,0.0
2017-01-16,0.0,0.0,0.0,0.0,0.0,0.0,0.0,0.0,0.0,0.0,0.0,0.0,0.0,0.0,0.0,0.0,0.0,0.0
2017-01-23,0.0,0.0,0.0,0.0,0.0,0.0,0.0,0.0,0.0,0.0,0.0,0.0,0.0,0.0,0.0,0.0,0.0,0.0
2017-01-30,0.0,0.0,0.0,0.0,0.0,0.0,0.0,0.0,0.0,0.0,0.0,0.0,0.0,0.0,0.0,0.0,0.0,0.0
2017-02-06,0.0,0.0,0.0,0.0,0.0,0.0,0.0,0.0,0.0,0.0,0.0,0.0,0.0,0.0,0.0,0.0,0.0,0.0
2017-02-13,0.0,0.0,0.0,0.0,0.0,0.0,0.0,0.0,0.0,0.0,0.0,0.0,0.0,0.0,0.0,0.0,0.0,0.0
2017-02-20,0.0,0.0,0.0,0.0,0.0,0.0,0.0,0.0,0.0,0.0,0.0,0.0,0.0,0.0,0.0,0.0,0.0,0.0
2017-02-27,0.0,0.0,0.0,0.0,0.0,0.0,0.0,0.0,0.0,0.0,0.0,0.0,0.0,0.0,0.0,0.0,0.0,0.0
2017-03-06,0.0,0.0,0.0,0.0,0.0,0.0,0.0,0.0,0.0,0.0,0.0,0.0,0.0,0.0,0.0,0.0,0.0,0.0
2017-03-13,0.0,0.0,0.0,0.0,0.0,0.0,0.0,0.0,0.0,0.0,0.0,0.0,0.0,0.0,0.0,0.0,0.0,0.0
2017-03-20,0.0,0.0,0.0,0.0,0.0,0.0,0.0,0.0,0.0,0.0,0.0,0.0,0.0,0.0,0.0,0.0,0.0,0.0
2017-03-27,0.0,0.0,0.0,0.0,0.0,0.0,0.0,0.0,0.0,0.0,0.0,0.0,0.0,0.0,0.0,0.0,0.0,0.0
2017-04-03,0.0,0.0,0.0,0.0,0.0,0.0,0.0,0.0,0.0,0.0,0.0,0.0,0.0,0.0,0.0,0.0,0.0,0.0
2017-04-10,0.0,0.0,0.0,0.0,0.0,0.0,0.0,0.0,0.0,0.0,0.0,0.0,0.0,0.0,0.0,0.0,0.0,0.0
2017-04-17,0.0,0.0,0.0,0.0,0.0,0.0,0.0,0.0,0.0,0.0,0.0,0.0,0.0,0.0,0.0,0.0,0.0,0.0
2017-04-24,-2.862121999091326,-0.08053470304603642,1.4949870802023826,1.6294308647058653,1.0604572944330701,0.576294789291305,-0.004843456992722589,0.8908688848722256,-0.0766507054787638,0.9290690475942124,-0.47156380288284366,0.1392166729320276,0.28269746766676024,0.2927081079474979,0.0,0.10664136002008721,0.08039624726488885,0.8548495569188924
2017-05-01,0.1787048724536319,0.9824806332644505,0.6098648590108089,0.43562686050169636,-0.38467154568974304,0.2327697576601693,-0.7075464220695656,-1.3723836940906176,-0.9032709880140428,-1.0590579235554505,-0.47606936913758124,0.4046278644981455,0.3783537106345352,-0.5370393910827513,0.0,0.33059993235419505,1.1135456580651875,-1.1488976915633793
2017-05-08,0.3534814903183146,0.5527704880564378,0.7383223199680442,-0.9281746517103127,-0.28611326571355666,1.6478577550795697,0.2483257238635885,-0.7148423487001975,-0.4269767175633068,1.3736566616753023,1.4809364303854917,-0.028969093610002345,-0.010051996038824217,2.516099560290936,0.0,-1.6062691962521316,1.1056608023533527,-0.08021463774416701
2017-05-15,-0.1405400028964276,-0.8337218237667726,-1.1598417981307094,-0.7406564434568512,-0.19279177869539904,-0.8424448768383787,-1.2500248235175535,-1.5244962001112004,-1.2346036152455644,0.33163158653850744,-0.1621270647209932,0.23432074755942792,1.336637830031788,-1.2215702050062047,0.0,-1.1602384710462652,-0.18710878023309316,-0.3125968395804625
2017-05-22,-0.6086965754656422,-0.3228177638480141,-0.963537351780701,-0.017266181612357052,0.5255297625363505,-2.622849385068743,0.280157054163641,-1.10303499585026,-0.09606806855709363,-0.03885463264546677,-3.319650099514323,-0.5559634917814608,-2.55197680547622,0.061423541815307084,0.0,-0.619785528567391,0.7894803132797863,1.393033922189871
2017-05-29,-0.013969789177025922,0.4900572247721364,1.035353947025193,0.7258668109710198,-0.2857341013762769,0.5907954552951431,0.6010935280202296,1.3298898547471663,-0.7488511297482712,-0.12526849592280137,1.9288811555641017,0.44506112302093737,1.934327774854652,0.3747301934179846,0.0,1.2277030759694434,-0.19135775839561237,-0.4775911742975425
2017-06-05,0.9129391776056202,-0.17756614400334508,1.7086269970503598,-0.850150013282069,0.2483684164757699,0.12357811471918857,-0.1189393369855355,-0.5099776923091818,-0.9072184748300255,-0.5142112354121069,0.9535412629606183,-0.5032160085612424,0.9962881662340942,0.20665838099396616,0.0,-1.435808772029478,0.09373851886002478,0.49538430737599576
2017-06-12,-0.27522862731348197,-0.09267961616873119,-1.2196583631773563,-0.829594869402191,-0.16456462704386196,-0.9121705223381987,0.25867151794136467,-0.3401738397050122,0.0441023592538219,-0.2787621958502317,-0.43969434377251165,-0.24314951613983324,0.6938604498724098,-0.9732958346509925,0.0,-0.04631443826138345,-1.285060912881216,-0.6138468852065943
2017-06-19,-0.5003277458413157,-0.18668184790244557,-0.24396765008551724,-0.04445046314649616,-0.431793693773332,0.2481187282064867,-1.0218308747027323,-0.6361778457991927,-1.0241194003926668,0.07226144588864197,0.2909118980402358,-0.8941427345167413,-0.26313881137694267,-1.5519770602296061,0.0,1.1582826504697863,0.7696813462038072,-0.4591764103347066
2017-06-26,0.2511393435473257,-0.5116563613702535,-0.2309884767134216,-2.038237263847705,0.9898037483124266,-0.47378603511679585,-1.3572748284634981,-0.008167019832315915,-0.8048087541296849,1.2103632427485715,0.6415093144894303,0.45737090547675985,0.534870376297042,-0.32103357800851984,0.0,1.3141490806004887,-0.07347343871632737,-1.616539890715223
2017-07-03,-0.03930974551237638,0.4783934327531453,-0.6710185631401915,0.429359485814125,-1.0090897070939695,-1.1651926697612613,0.09119718314403144,-0.06577222364789953,1.4997019471128266,0.3952969124948344,-0.21115013458034113,1.5099705060361972,0.18979015696472878,0.5292481991411532,0.0,-0.13324830460078171,-1.0262606315916014,-0.039952206193565716
2017-07-10,0.1976941899206875,0.04267664054323637,0.017015233083841494,-0.06376308530463201,0.7422678849829506,1.5914863747321353,2.171894935270534,1.3402050953906108,0.3575801865125547,1.6355978011255619,0.14296330478477046,0.3739498392928292,-0.08261649184182367,-0.15833989603629975,0.0,0.14513064593142813,1.1585630401011475,-0.16963464185028604
2017-07-17,-0.03435953425604242,0.31751659001059984,0.1931970643947127,1.3149642659942387,1.8491211104447987,0.08147074116495172,1.870084678178221,1.8372309344929385,-0.5068582973348231,0.01703001656100683,0.7451197893604526,2.0360235443199604,0.5809085310720161,0.676598085883049,0.0,0.19986932009712877,2.321672977753011,0.20622663603757618
2017-07-24,-0.27222564413746203,0.9167294736902114,-0.03310052378391488,-0.28515436078057543,-1.7823570216031313,0.1902226725522123,0.8336518595722365,-0.11891951851765117,1.1823726283785247,-0.2651738233578136,0.05058539185868565,-1.2767013387543649,-2.5130371455172367,0.20983288229836417,0.0,-0.1131954333883376,-0.6566117701689979,1.721838294204022
2017-07-31,-0.1487650708615054,0.6537405903051482,-0.49997501367502883,-0.04089303903494707,-0.4863908280997633,0.6668068937172821,-0.19818721754122812,1.2611796127068113,0.09590456098301606,0.20836025886140042,0.11648891545825919,0.01237058634571297,-1.7441515409453725,1.4070515906422114,0.0,0.9839531788332874,-0.4199868958541834,-0.4056655655691288
2017-08-07,-1.7938016215633912,-2.6552518511113656,-1.0394064483695142,-0.7207861487105423,-1.3476556614522823,-1.2002686636641011,-1.1959659757238041,-1.3724773076145222,-1.606495648110645,-1.097441683271926,-0.9584210935955757,-1.7124457022755368,-1.666470948805652,-1.57476631709,0.0,-1.9436635604023913,-1.153050147165491,-1.8110566031418953
2017-08-14,-0.22100167036029067,-0.04867004799082878,-2.697406186354826,-0.2404188781988752,0.15475224746269012,0.3835109331290176,-0.41700152454726663,1.0162769026078011,2.106554909959594,0.20436632965097254,0.8493106457370332,1.3931805760555427,0.042829710664075205,1.0115340031104028,0.0,0.7048710385439055,-0.0036556146272363342,-0.34984766057212957
2017-08-21,-0.38583488699693863,-0.8875873709403705,0.5299696247210661,-0.18315572380174605,1.2487566127359482,-1.0356234899306025,0.392877768721606,0.44949719581651165,0.857671962668198,0.6410623670738194,0.25460641598593436,0.018032702028005696,1.1522613956643757,-0.7090725105349543,0.0,0.6477417629780539,-0.5881127965934531,-0.17193477058643988
2017-08-28,2.529880547671276,1.2864722173790928,0.4200923079744125,2.6165347386657754,0.031223271011951617,2.3511421211773973,0.09341546292196587,-0.3156226225440427,0.8364237407584477,-1.6568556022145828,-0.20185941855152748,-0.06546158170584093,1.1571866089879441,0.6712821354406828,0.0,0.5245362261509937,-0.157162165873732,-0.3151391090496617
2017-09-04,-0.8083684407481705,-1.1728355388913836,0.26206183801314986,-0.5810960241871227,-0.9638691491485712,0.031219774926717736,0.8976774011769006,-0.009208608422238373,-1.108314689486219,-2.1147522206246867,-0.5590150937065809,2.120760689160945,-0.2068612761360803,0.42645614085425687,0.0,0.47305390086279764,-0.39060482327974755,0.1687875364601461
2017-09-11,0.18616034770804174,1.45623694391086,-0.49561984022735095,1.094764950604438,1.4962807757130143,1.2195493357625307,-0.5866390946035215,-0.16943877287663658,0.16101455310773408,-0.9005945342420679,0.25733853832131576,0.617741313774139,0.49925638253688914,-0.6700893969622471,0.0,0.1674666506337641,1.3225583410436377,1.6192694558376146
2017-09-18,-0.8181945621121433,-0.6312906549241778,-0.30861479240415757,-1.10591406277813,-0.7110683885417342,0.057627547733310816,-1.327169641416131,-1.8904019260186564,-1.5376482003130572,-0.2104983270862827,1.3026832659853567,-0.5847145782015579,1.7892729132219307,-0.4675715408934828,0.0,-1.85517684086256,-0.2164536741846289,-1.2178923834033095
2017-09-25,-0.44960931080266364,-2.051751329697393,-0.3015509249690434,-2.1556388048420727,0.27757731839631133,0.6183481174098453,-0.9977467293905741,-0.5470708863382049,-0.4144754450527322,-0.747430128169245,-0.09920994908970882,1.6887718718779894,-0.7581781236991519,-0.371767834708617,0.0,-1.4298771210783803,-0.5305445775617755,-0.8966752778887754
2017-10-02,0.7391629518906198,0.8608064163128939,1.7714411963383228,0.6761018858768546,-0.35963728312770027,0.12665846276496528,0.8051651765107308,0.26306522877341754,0.47095674323492026,-0.8458375077993836,-0.26836305752171646,0.4456815116831891,0.45183656914025944,0.12213525812879066,0.0,0.03490971350684505,1.3943110369175589,-0.460491749376108
2017-10-09,-0.30738754767888643,1.1735810004314715,0.5690328055281565,0.41614288529296145,1.4900295390632143,-0.03487197179546016,-0.17613840481053838,-0.05030903905522617,0.6096141670637469,2.831367586521699,0.280895537071713,0.7766852504837396,-0.029566329998272668,-0.3935530324683021,0.0,-0.44536579931692527,0.6455150690786934,1.2079557566365988
2017-10-16,0.5878344024244695,-0.6598344901803098,-0.12431066234063175,-0.017688029094836223,-2.8053928873283844,0.3497357711856948,-2.0900070737486978,-0.5919721181973018,-0.07431933048780702,1.850942969483193,0.7829641529954391,-0.4202652438766921,0.25800857452166787,-0.19427963926166852,0.0,-0.4527836861384587,-0.41006089487953595,-0.4865161709648432
2017-10-23,0.41964929896489883,1.659352353939283,-0.45963507466826814,0.045774881278483164,1.1436215889943075,0.5403704311753081,-0.8539604515846311,-1.2679943685842758,-0.21179624774014813,0.22280399662057498,0.8005801647276373,0.08078581484783666,0.2757766587183467,0.05567840717344304,0.0,0.9652738245333515,-2.5576571699986266,-1.8368748443359122
2017-10-30,0.8841120334591871,-0.06968542013536785,0.2282925541856857,-0.4425079539056091,1.826244850779653,-1.3747683150108214,-0.08591164599841504,-0.175288269987749,1.524279970625631,1.8615779441601876,0.5684061882027858,-0.49473705225315784,0.27782928702752036,-0.7341162693670417,0.0,1.8081638888252705,-0.2983853954668658,0.8234438850396288
2017-11-06,1.0994270916567734,-0.36518786331503905,-0.19093377580971066,0.13956766929277747,0.15040891366603898,0.08420504624323046,-1.7400277397270034,-0.06030286015002991,-0.46651060982737363,-1.5747795391253179,-1.9252459083513187,-0.3752470093365014,-0.3243869131147332,-0.7444442048073603,0.0,-1.0884509735817995,1.003498169112156,-0.4471484870145889
2017-11-13,-0.06895120898225642,-1.7529599058201863,1.5439512466412257,-0.24856605465704762,-0.1442414254711875,-0.8814244205536225,0.6853228493627169,0.42285009563079823,-0.7379169662255268,-0.5687347365632444,-0.20532490149519209,-1.372793337431941,-0.1309318433855863,0.06849229454082152,0.0,-1.466497698136502,-1.0434096720960224,0.018323498392909286
2017-11-20,-0.30713888899889036,0.2202555874280919,1.8282230776354513,-0.35022081939966176,0.02386641829311819,0.653234695335619,-0.029176872164466842,0.20962115831817796,0.7405652836981772,-0.06776277577646261,0.2393572905769222,-0.29992141428356284,-0.27800478107447746,0.1775012687705531,0.0,0.4024230246677733,0.8731095378332487,0.6869896753130558
2017-11-27,-1.1233610036490504,-1.108890127527341,0.13236372177264133,-0.746878314490888,-0.5176117326046595,-1.248730397251356,-1.4042554139277612,-0.3975896166172058,-0.3742569330554964,-0.6458292611982333,-1.3635951533519461,-0.23123405308510825,-0.844885892706789,-1.896984163154871,0.0,-1.212909218887095,-1.0824800652240905,-0.3214685149142081
2017-12-04,0.5186069095225225,0.38360221025215663,0.8569059727261908,0.06080110703188297,0.18708359169605931,-0.3884565909420959,-0.16641272991030284,0.24837633247956992,-0.13255878644389174,1.167216332024856,0.17902282292243668,-1.0555903681715628,-0.7002394159703033,-0.21566559887702977,0.0,-0.41442515185344586,1.5527777494608155,-0.45029487168331933
2017-12-11,0.06574768052948615,0.40078561388193745,-0.0030666832302574114,-0.4710859013811776,0.09906088546700205,-0.6198678658146539,0.5405514195414486,0.4556291926033649,-1.1341068812574482,-0.43068262785915745,-1.706737948107736,0.5149421794142294,1.7198710076965327,0.9217823201579246,0.0,0.11890259601250949,0.7170677645352506,0.8414014709939238
2017-12-18,0.659867700111557,0.02116677995546388,-0.6110321445643387,0.8896165889078391,0.09338997301473342,1.6386363000698507,0.9612526333070335,1.6007707438073604,1.4578042523214885,0.1093843225716609,1.3559452084584889,-0.8343383643504105,-0.4807164633745119,1.452780993568689,0.0,-0.0743469251550913,-0.22333295682703447,-0.12239766216369492
2017-12-25,0.08326261578938209,0.13912291286350914,0.45408237723705,0.8290985755539206,0.2006536640411158,-0.3627359673687956,-0.3410853974234875,-1.037613823208332,-1.3036076299203687,-0.27049792737718803,0.22072666746016062,-0.489560174559022,0.6721044912860016,0.4070854479073496,0.0,0.7949435169393947,0.05859088572877539,-0.3117016830384284
2018-01-01,2.006410040464082,1.0367152191141729,-0.42859176024237383,1.1045323824586957,-0.1334451198572812,-1.1482790840307469,1.1588186840806676,-0.4308724532208081,-0.0859580798767951,-0.0005887465281350332,0.19114237681395693,1.7979818656394868,0.4209863849672242,-1.5807435261410578,0.0,1.0934969693995467,0.3203422667212081,-0.36028177099772235
2018-01-08,0.06317422750731597,-0.11507085578566195,-1.030837675621261,0.21918579763620816,-0.4090177487251523,-1.6876614459540915,-0.7036027220902926,-0.4719671288194073,-1.0770101181979674,-1.284560558106109,-0.30709503410432926,2.3984352104922,-0.3247413969486922,-0.7061921339406868,0.0,0.10446542946951673,0.8160489132407769,-0.03469915161265111
2018-01-15,-0.6501715713964807,0.4215412575865013,-0.8508701857732464,-0.21925149056837182,1.0051153445178875,0.4428405584468314,-1.0812815117405503,-0.5902524105348528,-1.2044895840902123,-0.6651631467162481,-0.6674147296156637,-2.072486777575389,0.46449950410989604,-0.7724153243881213,0.0,-0.09301484138053417,0.8994854788469412,2.336669319702343
2018-01-22,0.6722837634112697,-0.004261541774346258,-0.28924480361392996,-2.1715750170203614,0.5788328768319352,1.2931697038069636,0.4214079471729064,-0.15463815202330686,0.7068354328463123,-1.6592935886737674,1.0035867293755474,1.0942310630594225,0.12850029113855999,-1.8935147130434908,0.0,-0.784186328688047,1.374274806475648,0.33406600270683406
2018-01-29,-1.9134890798608266,-1.274174335612788,0.502049787535012,-0.5992448868394206,-1.6023840951378598,-1.032867640844763,-1.239733421408137,0.2568912071162798,-3.0655686600191325,-1.1446210043859593,-2.066362205187661,-0.717770744167812,-3.1441405323785094,2.015304079679239,0.0,-1.4326396509729833,-0.6831485027695794,-1.000433064637516
2018-02-05,0.5167464428242394,-1.244051123808681,-1.0499015648965337,-0.2481547402945748,-0.5940785979977515,-1.7227082886695355,0.49549221629520557,1.1564582957533336,0.7266781785856741,0.13966183131960974,1.841190165546941,0.6786309774824764,0.7248828956356116,0.20564277240150322,0.0,-0.42364371406742707,-0.8823363905892155,-2.3775535170716355
2018-02-12,-0.6576898789355475,0.6301031024599514,0.3313178166229535,0.8965381608568577,-1.0023595342142628,0.22616611297181116,0.9308921369842136,-0.02596546938859739,0.05204485548135726,0.04568649094961334,-0.43545759412668394,0.18181845497101615,0.268748116630893,-0.2138607120424733,0.0,-0.09136601852129157,-1.1875919580483325,0.6180557190176797
2018-02-19,-0.6593384857072242,0.21462474375895596,1.8166062696010519,-1.9093266651096459,-0.05574942012176467,-1.3801916035776327,-0.6216843942332915,-0.373739986300029,-0.4208831620640064,0.6643288347849505,-0.6039503946898845,0.4294793477764859,-0.2778872150858385,-0.46651750908551193,0.0,1.3497408212827944,0.4208447213791377,-0.03240420375226454
2018-02-26,-0.7085256216822722,0.09110798122300282,-1.3744762114438847,1.0298233452522727,-0.5518831249050528,0.6551841435722212,0.7036124125169222,-0.1838172291015009,0.5745172653924513,0.3751984553895284,-0.6244681826660448,0.006111427549155343,0.624517553071275,1.487510574568868,0.0,0.9901906888092517,-0.6524393027295726,-0.256551106881852
2018-03-05,-2.805108065697365,-2.182261601589392,-0.9678374344694389,0.6197007946012775,-1.0204981725725566,-0.9187439888695027,0.06683808111584909,-0.23894218926945998,-0.44870029368850994,-1.1419803099846735,-0.4325237554360913,-0.8127836304219809,-0.7753020663033402,0.47161185349323387,0.0,-1.7768168512401308,-0.2597469133438743,-0.665726204801407
2018-03-12,0.28688462782887264,-0.45557653426854894,-1.9049612098933202,-0.19839760395165867,1.0159953113491886,-0.037986567587237716,0.8961590972854145,0.5585583623732044,0.41234436293216725,1.0527789713599218,-0.436402826979743,-1.8163344994733048,0.18893488510093,0.33879358824821504,0.0,-0.010400731241081582,0.6721507788336513,0.05049218296062096
2018-03-19,-0.6505757629239566,-0.6036656078207694,-1.4203144855239282,-0.44827201484746554,-1.11027986367924,-1.3249939026407727,-0.023673244103178583,1.1106356254770118,-1.0131541322783992,0.004850696532715351,-0.9321336855316222,-0.5879174078907733,-0.533337209805503,-0.13152230315057334,0.0,-0.22281552850355552,-0.768391162330466,-0.30103366197001047
2018-03-26,0.2765068522823039,-0.5589751840536394,1.5796082310003898,0.44076076818072024,0.6875353533755787,-0.2587071935917205,1.6744241114200171,0.4020943111302911,0.5922982257300173,-0.4661960212078187,0.5647488223262571,0.8596724012579121,0.13248996884284567,0.6757325701790461,0.0,-0.8680070862609685,0.2129471663228953,1.0811404367071926
2018-04-02,1.1323677348265997,2.0845909132622418,0.45148594799912933,1.0591173064730268,-0.39437639016173587,0.9147481531432998,2.41713475635798,2.20814747425911,0.781714767990463,-0.4430806050563527,0.7922634642804609,-0.5417682220648687,0.5728587694639022,1.6327721103041661,0.0,1.1515995813350206,-0.8842280965655825,0.8628626507891052
2018-04-09,-0.7935580515778244,0.37345065163565433,0.28041431141439155,0.831585850788937,1.917478946687145,0.4879910620134768,-0.47503595387993813,-1.2787889818079592,0.03308227141127798,0.06924622488564247,-0.040122552149902534,0.5494512563744569,-0.19846432642439327,1.5360750135648966,0.0,-0.510123258773345,1.316645201323163,-0.03647498934179936
2018-04-16,-0.11018487299316432,-0.034879423137336905,1.2423205893516733,-0.14385368354530173,-1.3823229825088745,1.3828163959235231,-0.6339038422998794,-0.30156844168631075,-1.164592955643629,1.9203343940236364,1.7426534911034963,0.34453364218921256,0.4854385039088439,-0.25796359205690794,0.0,1.2273800697314179,1.9861064207206414,0.6266270532772107
2018-04-23,0.4857116676909804,1.6121592411409607,-1.1502571331854958,1.124522184164529,1.3572273540904773,1.4974282151805487,0.23570733442553155,1.1216429073202825,0.5637755882029931,0.8303444813570743,0.5633735460109518,-0.3992755149357807,-0.02444369787978738,0.31593203547116194,0.0,-0.20541311655789332,-0.9503369578160866,-0.8689619625860344
2018-04-30,-1.1254513489261306,0.46029363934952316,0.7000969479793163,0.43258652598256103,-0.634128100157701,-0.5524820763750591,-0.7707109558012669,-0.9082584088618096,-0.16151180129998488,-0.3563122193896331,-0.09135559220402345,-1.0674670446165617,0.28771014542666984,-2.203602375804937,0.0,-0.13680921690597525,-2.6721574458834465,1.277636475177162
2018-05-07,0.33239805439934195,0.39148469564853583,-1.0602141216303416,2.8077523282919206,1.313454436696652,-0.6818146341565989,-0.10549121405080221,-0.2379679444269614,0.11149790491044527,-0.25398181539425063,-1.01452188388202,0.046333717591237306,-0.888242977132602,1.297104994439762,0.0,1.0618585354785282,0.11779798896286489,0.4815884717711344
2018-05-14,-0.5786881719427567,-1.3380523030416496,-0.4587073231810544,0.37044997155373066,-0.5828509441350053,0.0339185257877151,2.743803592805037,2.292471082262311,-0.6055244741204635,-1.4616300880682151,-1.638844226704494,-0.230672702939045,0.2180506274887751,-0.9474338685611747,0.0,-0.9275815775601456,-0.9507766676635806,-0.048197208504903215
2018-05-21,0.852819455240979,-0.5131084339108963,-0.29551844476535105,-0.846210886292286,0.3025771182486693,-0.01627746862292636,-0.7143580592732542,1.566813188633965,-0.31024699712165743,1.3728300854288054,0.3252480735938496,0.9605490453230516,-0.09418963821924418,-0.03729220569396237,0.0,-0.8979249767308299,0.7982972666894742,-0.1844610244668175
2018-05-28,-0.21633460554564943,0.6097165678961487,-1.233246257769499,-0.33043569235552533,-0.023751388235063054,2.077057664455386,-0.7256873309403488,-1.3444491454211152,-1.332808325264552,0.6518385690013937,-0.4015845395222754,1.6912191837448567,-0.24996510965375685,-0.46091945784929933,0.0,0.10093927795953662,-0.2028984920541722,2.3682698154889446
2018-06-04,0.9360846201808525,-0.40582574815284755,1.8935284218299135,-0.7445274744000581,0.03335219170805456,-0.11718049173495458,0.7435515934381743,0.4280475880112837,2.1689530098889516,-0.2610801347625093,1.9603585436921114,-0.33276155710239846,2.2495933220828896,-0.49312153444462287,0.0,0.14771409953589826,0.6489943062579647,-1.7761583757070907
2018-06-11,0.7795185852631482,-0.40779096457659875,0.5186838513181722,-0.32397626783782996,-0.3506826606924458,0.14264263686397852,0.4892058706912714,-0.6081921657378849,0.04291358610003724,0.2544119675349527,2.0537770258299206,-0.7757849314472327,2.848029808848392,-0.1284444199318877,0.0,0.3513857188343722,0.5210860445692928,-0.7232133061176411
2018-06-18,0.012888186816822928,-0.3553955432181896,-0.04709829829153376,-0.8825628030721402,-0.13538777921254772,-0.492088400524325,0.02914998637615762,0.624446215289425,-1.1376524241676276,-0.04239003599433597,0.07657420206987124,-0.9998446537700638,-0.19918185033015134,-0.5469957081661738,0.0,-0.4822564024235259,-1.043561901413019,0.951027580291806
2018-06-25,-1.9365554299636434,0.6450362409497542,0.6328252003001141,-0.44077329543223925,-0.6858502276984814,-0.21993212525133302,-0.8130716738170849,-1.9458168439982122,0.26663994886904535,0.6761963170983349,-0.08054559487644702,0.16491168190916047,-1.090666773561929,-0.6192689411586191,0.0,0.09650169944847484,0.570575818300862,0.19268522652301084
2018-07-02,-0.08966056496691754,-0.5993063490742261,-0.5711250838554681,1.4907444446486302,0.16077373433816602,2.365076558166346,0.014996205690776972,0.773844464449519,1.007677742694887,-1.2938197734296832,-0.30252794483554807,0.7467941503580905,0.2645912390544383,-0.9738611359224606,0.0,-0.5654042493532736,0.47752487905327323,-0.2564395878981039
2018-07-09,2.092784255544807,0.35533678385281947,-0.8884177300003442,0.8590480573013234,0.3948863833417849,1.0879937090955616,0.6282020970047613,0.804349239729482,-1.1831307061721668,-0.012598322815347437,0.33983709057420813,-0.3390862998772331,0.3547118480717339,-0.10796242287961878,0.0,-1.9204621867636527,0.888028869996176,0.9912385890888482
2018-07-16,2.1349309998789145,-0.1191456696331113,-0.8955430740181008,0.2946890019438545,0.40934141525721457,-2.6357620140802953,1.3770782008026332,0.9510177139871455,0.4307861325275168,-0.8585806899274755,-0.25323962011259193,-0.3487839932365293,-2.2768739431182183,-0.39915473077163194,0.0,0.5119356157573202,0.3246964023150451,-0.27956241399568915
2018-07-23,1.6223589426484655,2.033032330162263,0.310038804429246,0.5433692802887198,0.7298982571307631,-1.295240754367771,-0.5085909342054346,0.6501349123231229,0.2931444608280077,1.5602092849677616,0.2128303472827902,-0.05970352353365518,0.30673540326246707,1.9240493472718418,0.0,2.7795963656119036,-0.82770556675084,-0.12599048729236317
2018-07-30,-0.10509912413238998,0.3186045678129444,1.007255346382591,-1.1337428137750287,0.943735206879161,0.08694115973852035,-0.7046624821849823,-0.4073859333692337,2.9124563661151597,0.7222508411990005,-0.034602820159569385,1.7978524808118905,1.4730728822461705,-1.6306868860875638,0.0,-0.4706710456424034,0.04518866169810852,-1.8985809811525534
2018-08-06,-0.17995967322375692,-1.5484619976670924,-0.3805683852862563,-0.31675190925868746,1.6407290571680913,-0.43653916430055695,0.4610074503614416,0.05084221486570462,0.35499385669136013,-0.22017587874362218,-0.918664417193387,-0.25099110376555067,-0.5535720132750694,1.8002975044475684,0.0,-0.8531872437098983,0.21269595059217644,-0.3632005324928921
2018-08-13,-0.030406993123145418,-0.30651283291750453,3.0887566231882326,-0.9170206830240989,0.30303721510309606,0.4618636777923326,-0.22203288369141194,-0.4229882415136245,-0.41123189450721426,0.30981646713180083,0.9223735645638329,0.5992088555663044,0.9611019901549501,-0.27702896564304863,0.0,2.006579727861756,0.9841114020437802,-0.9860238646968346
2018-08-20,-0.03583821187630453,0.40402601978761865,0.025977587271698372,-0.580461412975326,0.23887715389396488,0.3139197107699857,-0.12496443360808579,-0.6940483112864357,0.10531405891892438,-0.06363102241466846,0.030599643790938248,0.8743936493515304,0.41588098616766533,0.3848275847173547,0.0,0.38070150074536635,0.5007894011302685,-0.283524639475437
2018-08-27,0.4307044161279424,0.7129110513483178,-0.28636921935426785,-1.0088863669583417,0.17279478091202063,0.6191309047065884,-1.0459900820617403,-1.560256920407348,-0.49829211820601116,1.181590695117849,0.2075827175686913,-0.617528992664681,0.06873512820248577,-0.6429878451546177,0.0,0.2309927781507588,0.5343918671589575,-0.2652233613325854
2018-09-03,0.002107307637429613,-0.4856570585758847,-0.3991504212636115,-1.9325523023884728,-0.7596340078968709,1.4017328931675996,-1.5313643205907361,-0.8731130024144882,-2.6129926811155055,0.35167703704160114,-0.32857043564417654,-0.0708608689780439,0.6315574466595375,0.7080571047512366,0.0,-1.0030052415299704,0.5748826558274278,-0.1598007329433172
2018-09-10,-0.880486892386784,0.2660458576280592,-0.6255653236630783,0.5271419562507458,-1.0207715398577464,-0.43055987147366714,-1.1160597165180601,0.30892204593793776,-0.21185500278360783,-0.6047693117096857,-0.36657175626224425,-0.9790740742331413,-0.6150500034331288,0.7224578396259594,0.0,0.9073643092793284,-0.5189549965566443,-0.6426317170394086
2018-09-17,-1.2519705225524014,-1.595319451098352,-1.0469867343072827,-0.9984811427076092,-2.246264587840748,-0.6094890347978136,-2.5492946758640556,-1.977783585973973,-1.0681998574032519,-1.1438096466121948,-1.1265961832885092,-0.11642283408088122,-0.4598261901693656,-1.222169642300021,0.0,-0.34383928538232283,0.07659961179781237,-1.350710093517126
2018-09-24,-0.8809963642280363,-2.374666192942899,-0.049956081551973563,-0.42064664836829857,0.4956930439848533,-0.852779920972713,-1.7283919065771565,-1.074817912054329,0.3554151202610822,-2.3205714584146664,-0.31570881911366994,-0.9467049806172622,-0.3921621792327774,-2.5562004070308384,0.0,-0.7194628327464201,-0.30453819184150427,1.0573458546711902
2018-10-01,-0.2787106741678654,-1.7739220055561313,0.19024346980548443,-2.2438471053998885,-2.2080943012510805,-1.0637596260207287,-1.1236475870800806,-2.2059026148165573,0.36373315555995345,-2.3848349047562403,-1.6159670464489861,-0.3035733579783298,-1.0994766184734304,-1.8747884666416585,0.0,-2.0322856818681103,-0.5000161414509044,-0.9837758899638325
2018-10-08,0.6957134081499707,1.6640274337700658,0.8944985141778334,1.3912094029265947,0.5926705132030993,0.784001553316471,1.9542990897422348,1.608681527603173,0.9888752222346355,-0.28071416534469507,-1.176547119726849,1.876623930074428,0.3898098265580763,1.9215122485641443,0.0,-0.48782719181596584,-3.0866674684259454,0.6566593440794417
2018-10-15,1.1949287864211757,-0.3072598737813458,-0.19707788373747573,-0.625087502223224,-1.2008798145639301,-0.7907105032300895,-0.9471323655857197,-1.2673773912515753,-0.16176341022411217,0.18120614681797897,0.7968636176856686,-0.5113571149195691,0.6386168204684723,-1.1400644530805013,0.0,-0.30240022759655094,-0.8880802641591173,-0.1653917946253771
2018-10-22,-0.6843589955665784,-0.5424809230439139,-0.5618598090460564,-1.0453368452107155,-1.2131081061086493,0.3079262248017345,1.282837107808112,0.06933769984162182,0.9534047910960025,1.0450666985176036,-2.05125920391944,0.6590967095079272,-1.1833144799644955,0.3181698083217903,0.0,-2.1762280872055215,0.20974045542891986,0.08189436440428469
2018-10-29,0.09676704842036322,1.8918584495916624,0.7594616263498228,1.7085405217259622,2.4540450959869733,1.5230951017530823,0.34930968517006367,0.63759555570044,1.0067613051043565,0.5206985103094774,0.3073676298574323,-2.0379719784957553,0.06229848917036885,0.6912403901016065,0.0,1.7634105904226685,1.1317750183564605,0.08983740083961285
2018-11-05,-1.0713288925357605,0.3357372519920894,-0.2580847429643955,1.3447754956234532,-0.29412327353492723,0.45184176330172,0.037368187242573514,0.8568773388084672,0.49362440080670994,0.02621608298415434,-3.1474878157073265,0.6954619317644072,-0.4222650561384362,0.048724917644454656,0.0,0.49901136821486913,0.6388622500417315,0.3612875984116078
2018-11-12,-0.6699686039389144,0.7326806623363816,0.7725690575474577,0.7879134525538014,0.06980909653699542,0.01935129833705099,0.2983735952763048,0.24237337719966412,-0.665406770244012,2.108613988407239,0.44523732799672777,-0.5260566009239075,0.4939436157599795,1.3761989069342957,0.0,-0.48844027037529664,-0.29295339474924037,2.170997089384838
2018-11-19,-0.46170055814638217,1.1979108892940333,-0.42604438339811496,-0.024440160093181923,-0.24832446140786055,-1.06054392300135,-0.019060393486003,0.3639626545517841,0.35381389586589757,-0.12645039965732843,-0.26496071578314917,-0.6925802833558927,1.1399396404025086,-0.24892249546190837,0.0,0.40804684259963153,-1.3086122706760508,0.28979400341525224
2018-11-26,0.41632034034443505,-0.08854321872530754,0.32531243156340095,0.8424719607667602,0.35213542049661445,1.4683824500849811,1.088481920069927,1.1818677893350549,-1.2848277310626495,-0.6575881151003421,1.2133732400125075,-1.1985008845057756,0.7908394948902118,-0.22641216110241036,0.0,0.5576805880349096,0.9462645665532472,2.7850161470272328
2018-12-03,-1.2250067595134941,0.4135312185500908,-1.114163507029932,-0.5182359325406413,-0.6763532963951188,0.310934617024347,-0.1856744748336833,-0.2563923340731034,-0.19652517054178675,-0.3510101160965603,-0.8897783069691644,-0.7056784698845548,-0.542307018782829,-0.4184780668516768,0.0,-1.0168927186218106,-1.4085123017508108,-0.5153019367489622
2018-12-10,0.29002091637352606,-0.22788561001628108,0.6979457053826028,0.5869206176087833,0.5814343265162627,0.2628580141313902,0.15704219031915295,1.234934295950955,0.6711192017058517,1.06371549593678,0.7003400194974787,1.5839375787702086,-1.1527256383389604,0.9540105794041989,0.0,1.1161836252801287,0.08769678868093816,-0.3081406624944586
2018-12-17,0.16344166568219506,-0.3283101951998215,-0.007148966481462475,1.0057622625767653,0.07683141290223124,-0.1768373027414334,0.7328732916329284,0.6470765009875556,1.093384763681217,-0.4194848843220922,0.13700548669796006,0.8735594728494513,0.09559181794603093,0.07849237043560782,0.0,-0.3304961462785008,-0.036949117400737606,0.2797176635514828
2018-12-24,0.18568091889504393,1.2620318259002954,-0.3068629836487665,-0.5744755916172327,0.17868874105896645,-0.8177706603127501,0.29890928185281807,0.4550449375522232,-0.04985867087440235,0.7534286351977003,0.6090167928589572,-0.8964861544948365,0.16670072087441218,-0.09253003962330983,0.0,0.3849410053841573,0.3276791365204167,0.17111130383700002
2018-12-31,-0.8848492727255199,-0.25640374873678123,0.7621421319675189,0.3745625559259687,-0.14476081118626868,0.2691214598781616,-0.3157072559268506,-0.226125730198703,0.707592694512535,0.5374245323596911,-0.03392140598126764,-0.4063682540731403,-0.26765610113594573,-1.46789948605048,0.0,-0.08854450171799193,-0.5463145956764133,-0.253942179100089
2019-01-07,-0.20300681562511477,-0.29737519210399455,-0.3799725826048334,0.25979458743427714,1.3357644836782474,-0.09069988348086827,-0.4865192999341577,-0.15099490987795952,-0.12413307565219762,0.806694684430543,0.24937179180982505,-0.21375303689669933,-0.1624688618413894,0.49298072589131964,0.0,0.43083900095735994,0.500481066770033,-0.37143107066075354
2019-01-14,-0.6495523408104033,0.9417882339950271,1.0410455549687225,-0.2310871953374686,-0.15922626213571703,-0.026026793599928044,0.027146422554294947,-0.46795012574502404,-1.2391747160816842,-1.2757466300246938,0.3388512945588885,-0.016965331953454694,0.052614654671954315,-0.10308473268421785,0.0,0.4360761570980049,0.9860754405530245,0.26559852820326935
2019-01-21,-1.104002024434848,-1.7544939385455005,-1.6573759653617797,-1.0893585429195796,-0.056657061050732344,-1.2268836020421505,0.1374078017052765,0.03585781662647187,-1.2282789239484866,-0.3128815204046425,0.2583351450460904,-0.8239644440506412,0.7372601358058809,-0.002575207065038442,0.0,-1.1953116489556703,0.2867349846090764,-1.118661615246842
2019-01-28,0.6951522790460917,-2.0192925883822275,0.6808868714898325,1.8316583684325798,1.1935427885246694,-0.28936836692386586,0.06432197543458096,-1.2197944833073826,0.9013584959632723,0.22201548224728035,0.8858897756032931,0.771145852764056,1.1492792729316659,-0.13045209843583663,0.0,-0.6919091896355415,2.1660775787153312,-0.3303453711264032
2019-02-04,-2.401094197409588,-0.4720071891895547,-1.6560052842555402,-0.5811679858019829,-0.27649111019252515,2.3745371542472014,0.48138271777261626,0.2244706698378762,-0.9041226066585631,-0.021668695177762404,0.8174221330228191,-0.20002468734788065,-0.4325487197686699,1.1458290509134939,0.0,0.18344179834331403,0.5202862886945421,0.582146999825747
2019-02-11,-0.22553974709349295,0.9011435194764094,-2.013406800416376,-1.785346294625928,-1.3794888104167664,-0.4613168548253669,-2.12521613683162,-1.2184376209755694,-0.907238003133935,-0.6892912577933736,0.44301364928202663,0.7041703455555554,-2.5045145466294505,-0.4718061127593026,0.0,-0.23073583088868155,-0.5041894602941785,-0.7988024831498264
2019-02-18,1.6081463876789723,0.1749108046130177,0.072540478577684,-0.16186965822451563,0.45899175631450373,-0.20846248109473461,0.8317227435590024,0.7668397085819528,1.0137321867517486,0.6381007948586477,0.2026510252900786,-0.4047384109228665,0.7191477300383001,0.4518832716104345,0.0,1.7670054383160039,0.15146523664096168,-0.4771495008043139
2019-02-25,1.050426714074433,-1.2474267095117746,0.10184966024089079,-0.3473589311774615,-0.2595063599793103,0.38179225932426186,0.020221655592434714,1.1331896990768748,1.484464364008964,-0.49686914226396023,0.7044410355933702,2.599585505594377,-0.11046388826370718,-0.4615076490293481,0.0,1.078069263728769,-0.4662491337733811,-0.4432991945055058
2019-03-04,0.7441647808164434,0.5666032923004145,0.4759157151095407,-0.41769615398892634,1.0211938318638332,0.7697612588232323,1.021597379240576,0.6346612865283388,0.5050157123834441,0.23989347165481423,-0.9579192706876626,0.4940098501223349,-0.46646275420497063,1.8990244276335662,0.0,0.47636826878241156,-1.275390052317396,0.9896115942186764
2019-03-11,0.5823446052311182,1.423295600332747,-0.836558984085618,1.1998471919068656,-0.28032734725713854,0.41462536594611166,0.7062951090625261,1.1634748997370599,1.3507495085837167,2.1444732106498194,-0.6801130805241642,1.196145110724228,0.5129369480413236,0.7015996063272787,0.0,0.646810737496079,0.5435812367626788,2.24681743886246
2019-03-18,-0.26445358141828695,-0.3338304983527377,0.6790056638626676,0.8304846997096311,0.5480192603891011,-0.9797723370293941,-0.5663455952104802,-0.16974012615886308,-0.8617016831928431,-0.5537201048682286,-0.4654840182219674,-1.3527235462635099,1.13972470883222,-0.8743925413687416,0.0,-0.19054553228359025,-0.16705417567305822,0.3491806516821115
2019-03-25,1.1280677510780819,0.9097578751819412,1.4179431289252469,0.274563884964007,0.3581702147377366,-0.5299960300747876,1.7534992586495521,-0.02076182537786178,0.26603578749219464,-0.027570562199888796,0.1439653839093291,0.6260557535454943,0.2887451247084331,-0.6927935366820756,0.0,0.9987338446047792,1.7674851945195704,0.7350588948517972
2019-04-01,0.09552699525372202,0.40042576346722686,0.32067247890427714,0.28067071709279073,-1.0597628223969808,-0.593186442365226,0.5036266457802651,1.501327625834888,0.5027939773296813,1.5294591154981547,0.3318234447721739,-0.21835245701665007,-0.47850258303940635,0.5482427442548534,0.0,-0.2748994205010873,-0.10682180889548362,-0.6814817191788826
2019-04-08,-0.5579368331338022,-0.15755336441267512,0.3318692151209311,-1.95668459827853,-0.33309171955080935,1.3988954395323838,-1.4059109764162045,0.3148830239767518,-0.6400942163970498,-1.1986549326537521,2.15812545521686,0.8460735350589248,0.5170464612229978,0.46233545019508926,0.0,0.06691634522303254,-0.5658314832657829,-1.214087136283718
2019-04-15,-0.19027001778743283,0.2542316967951675,0.09608330354317622,0.6121425492697655,-0.13788356470610472,0.4023858641623828,-0.21006513888159345,-0.19634309420430887,-0.3549022380727242,0.21821495580471525,0.4280628847730306,1.2028705376997835,-0.24880061349490967,-0.19048007153316393,0.0,0.34224670119763223,0.3006936045059488,0.4170772896642603
2019-04-22,-0.8067345968323004,0.03192582863175003,-0.5294121857006221,-0.6191581359305124,-0.8917862434311166,-0.4713988030251787,0.5104735697346431,0.3257202904445467,-0.8589093752910119,0.3883052542252632,0.3021625116706796,-0.22116850602742774,0.915373359248435,-0.8718212206737168,0.0,1.1349807992087493,0.7294144864461292,-0.555145327046559
2019-04-29,-0.24665041486596184,-0.27804887827533575,-0.6320507889982552,-0.3124514804892468,-0.43013818332094994,-0.07612844955533209,-0.2947270481822663,-0.956942395075625,0.11094434497590118,0.34397552823263755,-0.7557792544994589,0.037771793788459594,-0.07160647719420224,0.03960036852607452,0.0,-0.5724387953800945,-0.33029414112290173,1.515715978995028
2019-05-06,-0.9649831724207528,-0.7461778863635647,-0.04524593847501559,-2.05281043700531,-1.2866148074683168,-1.1122909439975397,-2.066047086238288,-1.6238826525193846,0.2303123692928987,-0.8796786673799335,-1.2399047352431924,-1.3443366878566523,-0.597128528231158,-0.01639270605217213,0.0,-1.188149145527303,-1.8142946861171882,-1.5999861175670478
2019-05-13,0.05429379293882694,-0.31487142658386397,-0.7739349607122713,-0.40947072194795053,0.41595743175324246,0.4953003233312602,2.392737513835078,2.0632914436397805,0.3496034217531115,0.1134269654320686,-1.3656888721180138,-0.7575872181258866,-1.5679238076001714,0.6514224659098643,0.0,-1.0893157507020896,-0.855140321713197,0.937668293374146
2019-05-20,3.004145271186537,2.2882834293142116,0.8565394156519406,1.6287747349842863,1.9125271459776934,0.0614442365126859,0.7039474388998941,0.05362536232900421,2.7125873467103223,1.5839987817236856,2.0260019786323045,0.8831979568772438,-0.9116093585985527,-0.20092249944837215,0.0,2.0362779121282633,0.06397106765198789,-0.14512339943241365
2019-05-27,-0.3113632593452669,0.014814211425393378,1.4513020604857543,0.574028982055021,0.4305061139135576,-2.0037535686495977,-0.3449980179475019,-0.46145594817705643,-0.35237874828825344,-0.6461476672941732,-1.1252470913689063,0.7310230446939774,0.25242008119888915,-1.1036193223057098,0.0,-1.0003890664623336,0.8505524954525475,0.6031039283061487
2019-06-03,-0.46867890098894316,0.21357639120149266,2.5748261524759988,0.22335434344922903,-0.6586988621794375,0.35075189189921585,-0.1822212363114192,-0.6637449644156599,-0.8816595748670938,0.22483311946848256,-0.8365404246282645,0.9690140351978552,-1.5582912654224719,0.08768860486657512,0.0,-0.7468479811762311,-0.4832061808930039,-0.01868107316484422
2019-06-10,-0.04731066175180576,-0.21281869014574947,-0.726126330440074,-0.15345890708062082,-0.5095324956210263,-1.1594498150274535,-0.3707388753278582,-0.5195201553976221,0.02195576661899814,-0.6347876138582741,0.4368171050377252,-1.3657608264100238,-0.18616573468242772,-0.24642734371231995,0.0,0.552312408947039,0.205441881129744,-0.6787355577905586
2019-06-17,-0.5602815575810988,-1.728928935067985,-0.6057815991881785,-0.6818210496194882,-1.712274282901085,0.028910861619850188,-0.11828101562966198,0.0915324340423503,-0.1828688333347761,-1.0572094696368113,-0.34603195672230824,-0.2803861644532594,-0.13317725522292503,-0.047462326635612846,0.0,-0.25507826446468873,-0.4153833903674939,-0.8176090425696464
2019-06-24,0.25220915492726514,0.21733566442057412,-0.027181418491408125,-0.5514241481106658,1.5775084328840512,-0.5478294379190408,0.3394809413270313,-0.007882488713457099,-0.11996300583475654,-0.11615437417969018,0.09303126210993105,-0.20381440941399137,0.04983091499233548,-0.8107429583047171,0.0,0.28337592929221433,-0.5686832729205864,0.1632514492385459
2019-07-01,-0.3071992479908175,-0.650438544011172,-1.1310801738822618,0.12672871336562738,-0.33418808131152616,0.370486067740631,-0.14894460450240748,-0.9033691429414417,-0.8021429946199746,1.237609324707676,-0.41134172307400463,-1.4124821448374865,0.9167390087977155,1.349743104714567,0.0,0.1991763193697968,-1.6637052656982063,0.3362828791019931
2019-07-08,-0.6328124110522766,0.5934025202802852,0.7254473534930244,0.2553328308680448,-2.0898973338339264,-1.4342409315202889,-2.1622382843498955,-2.650556978277061,-0.5652875677630177,-1.0171240864760303,0.4429418100212642,-1.364011641720649,0.6350562068733073,-1.1577033120780356,0.0,-0.5254687495032311,0.26986038621518593,-1.7929941826963005
2019-07-15,-0.7479748516746961,-0.7530832607994281,0.010574405472188568,0.3809626964742359,-1.020513747094949,-1.7952817832970276,-0.4617487538518274,-0.7003058582808931,-1.2982077346929815,-1.4640053385549883,-1.6885360726033571,-1.09792123429324,-0.09693837264818765,-2.210826478179423,0.0,-1.1556733184974421,-0.17215792620656165,-0.47060128517109484
2019-07-22,0.1297660705217665,-1.4773652231043568,-0.31956780453758915,2.7196073962493825,0.114434736646124,0.9302508727950407,-0.43317748093448366,-1.2099704618713951,-0.0028908565259683143,-0.5029973214916178,-0.3844105040034226,-1.2629386155847804,1.559348931400781,-0.5587436601091784,0.0,-0.21024461148409523,-0.3820295216363945,-1.8601265039810748
2019-07-29,-0.29005563614647395,-0.36208759454927597,-0.9739062031602727,0.20702475452443525,-1.9811103343512906,0.0792680154872281,-0.2730115217765431,-0.5444624202519627,-0.5961833201651138,0.6430043390916635,-1.2616689872957532,-1.4227486838926273,-2.2064771310121993,-0.07439399842984154,0.0,-2.387652298900205,0.587960823617561,-1.1580570859941208
2019-08-05,0.4559332323090742,0.13179844962902654,0.7379568105050163,0.4035075947881811,-0.2739420449090653,1.6530603968828077,0.9637302622452966,1.5451345420332043,0.3483113442052413,1.8966601326257055,-2.180289717888869,1.6482583872108385,0.8033245700664864,1.758796870878209,0.0,-0.6774635445764123,2.493555412345591,1.2626502366578103
2019-08-12,0.03491827123168129,-1.1044761115408652,1.4637513890608282,0.208482087184625,0.7999030982459242,0.7472001667357835,-0.5954741337247007,-0.16142949628930042,-0.37302579534072644,-0.8952691404741833,-0.2671650802769619,-0.36629844567226655,-0.8409586105532142,-1.4698073710414445,0.0,0.4444218178991002,-0.6192263395744014,-0.9119363618930824
2019-08-19,-0.17043658929592836,-0.38131171839028605,-0.6929692915256194,-0.44679846439278426,-0.2515788190860159,0.2036718664879018,-1.0106277338045395,-1.637857221834486,0.5378405451032989,-0.5127266878505508,-0.3975411862303447,-1.3062723502434193,1.0038466740073082,-1.713249014477194,0.0,-0.6772701264683049,0.883674307795818,-1.0232532393608968
2019-08-26,0.48302373739940907,1.0792663417105586,0.6609719337980595,0.3431941284937255,0.1737431058376192,0.6143551830956582,0.8251742137059687,0.8156278252823327,0.36093601817329823,-0.8503717021931274,0.9593306659345876,-0.018952297155577825,0.49185637331279297,1.7958307024345905,0.0,-0.003688738315094229,0.43325626030263054,1.319301762085334
2019-09-02,-0.08029957265396205,0.008474030406418668,-0.5029088619423072,-1.8037706864282093,0.48595817961202425,0.7746044948339329,0.27788968070878267,0.3810900618341193,0.797761295045601,0.08650547292837185,0.5425444259810149,1.811881204841907,2.1759575829887754,0.6491372288784938,0.0,-0.00027227744332897875,-0.08318664597313231,0.49062455185857706
2019-09-09,1.8169670420223483,0.8816792856946533,-0.9196559596329833,0.0987267577370768,0.4599670530125743,0.6135857594704613,0.4553651842182262,0.9097350241104959,-0.056937094393374174,-0.49609071064461113,-0.01211064223471872,0.25349277175841645,-0.1509235625694848,0.808629585506212,0.0,0.9670737557610737,-1.1020553668035715,0.36237241306979
2019-09-16,0.7342540235927749,0.7016120818191371,-0.06792297329841845,1.7537509481446047,0.6227493067814037,0.6579308939515255,1.757291829937305,1.0934242275495034,-0.09209100202934589,1.0907427068993547,-0.025198032420768502,0.5625573314324614,1.077381700299328,1.7620880630476696,0.0,1.4549277233274374,-0.5988914154473537,2.2555521112663603
2019-09-23,0.09297339619040279,1.96419089566564,-1.3490380657418624,1.1927465498938938,1.1392241145244129,0.3646526412140665,1.7569292530007752,2.104074507806393,0.01699831429619328,-0.5731041226104526,-1.719728435988905,0.36245611107623055,-1.3043408702788966,0.0826681793613822,0.0,-0.5441075901437441,-0.20662560563442464,1.2328263115504663
2019-09-30,-1.6104823378827369,-0.7879674539939493,-0.04025536192500446,-1.0339891444424538,-1.4593667525002385,-1.2022248441146555,-0.9295972516221858,-0.6073454135920981,-0.8197529659120627,-0.7419741602592441,-1.3501440256956974,-1.2160271683880841,-1.2770998994370237,0.4087398118161941,0.0,-1.9625541172532681,1.3026930022872558,-1.3998373457475
2019-10-07,-0.48400656123929775,0.9563822130382856,0.8110160607460283,0.5319286210397531,0.9049368193472651,0.43660629249752986,0.2230707198263614,-0.2881095703032332,0.14423049236494778,2.5114095732111466,2.306412026108172,0.8447986074199146,0.3040489427601986,0.3780991228345678,0.0,1.5105967169814032,0.006554532502014148,0.25988184337019793
2019-10-14,3.262709714468896,0.7782420152060054,0.9208073157543696,-0.08926704613236591,1.6552508013481304,1.8782197699269103,0.6804299208906051,0.2766048538247457,2.413221832705582,-0.10496390034042444,0.683561540675894,1.983794665486756,0.6678200763724443,2.062060554793935,0.0,1.7152151190997362,0.46418977390084265,0.7787052997171143
2019-10-21,0.4500122970683644,-1.352376556368131,0.12950538392519534,-0.7743522581451324,0.23387891889921508,0.3835151141230757,-0.8632738281491984,-0.5845988566400955,-0.09130289657670682,-0.6521790809875609,1.510938334740175,-0.08517888526291015,0.5103623748355334,0.8758904741672726,0.0,-0.8090269112457711,0.9694554361216695,0.22227535337885973
2019-10-28,0.9155957048599553,-0.5564030497966478,-1.4009973959690567,-0.7691433702547773,1.4395518296007965,0.6139843392659495,0.25730587904268665,0.9066420970800997,0.5826205253033826,-0.06942674254768895,0.8739160956825346,0.5686544079596125,-0.3844729878509412,0.4112594928194032,0.0,1.8054454855086992,0.44529829577124014,-0.010403852381218732
2019-11-04,0.12326605145768879,-0.16252807985704157,-0.8269703771302475,-0.022805997064593592,-0.8379092165321744,-0.530263291603511,0.1847115654672401,0.8753712236645479,-2.3228134925543014,-0.37303365443468206,-0.1610346131939222,0.2924528001752134,0.5302105043599192,-0.5562061617480669,0.0,0.09746651175227646,-0.36880156155301325,0.2981284807531852
2019-11-11,-0.6989096629995748,-1.3370825985789452,-0.4467930619329002,-0.8591700595470392,-0.2947862771086418,-1.0435896063958194,-0.21432006276056256,0.2847590524157778,0.20039572129769884,1.1998404201504804,0.3244813568832916,-0.7767848772903838,-0.944144020148874,-0.6607059615996945,0.0,-0.25798522414679176,-0.596354650377678,0.37482392775901374
2019-11-18,-0.4320287223374418,0.38941387468708033,0.8639665656670895,-1.4294758957621931,0.520631750290791,-1.4287421442060193,-0.9711536785218933,-0.4003264974556013,-0.5797042307019263,1.1960241895333636,1.1548891920554392,-0.25651261042119533,1.2983488555607523,0.9833954878278427,0.0,0.8876604224105562,-1.1534468701021292,-0.7026004221542377
2019-11-25,0.3551504901998103,0.7120446796513544,-0.30202992099344855,0.25027449383969264,0.0828239075274482,-0.11919359187598587,-0.29277362797546325,-0.10260251638034237,-1.37281509283577,0.8966118308994655,-0.7934519639684469,0.7389399306464077,0.21440596312926294,-0.23118366265746998,0.0,-0.20964940690447154,0.4609126623882922,0.04224435600112303
2019-12-02,-0.9515056507266347,-1.1772386854113353,0.5506476981105766,0.04650806110243461,-1.083607280898156,-0.006534893814147308,-0.9976622529020958,-0.9209349467633278,-0.18559023232578606,-0.17546816411297836,-0.7275494671841655,-1.3977223147423068,-0.5542363838395571,-2.0518717819036736,0.0,-0.4837356160809103,-0.5047230930991742,-1.1591858190254856
2019-12-09,-0.03957059922484984,0.6500642313233753,-2.1063791206766704,0.2744233477874152,1.224791212702163,-0.08714476149396765,0.37866936363855175,0.5886620087696381,-0.5778185586878202,-1.1350203347676397,0.4500160202379766,0.4576036099702065,-0.9625835560704502,0.6504803940634366,0.0,0.25398939222143146,-1.5469410895663371,0.18535120077392198
2019-12-16,0.02182155274310298,-0.37630400950634146,0.7281064431656963,0.6922742730654441,-0.7118401861211703,-0.8354153218549066,0.05439452259471102,-0.24955228795141168,-0.21295616684583862,0.9436937342487538,0.36070055642009974,0.422736526711731,0.2389953459200786,-0.24935510110796194,0.0,-0.9522490384693348,1.9708674849137715,0.681197576869987
2019-12-23,-0.9893971855302305,-0.6310858026756134,0.8945652002219283,-0.1039113755229025,0.5881765090046571,0.16895206815856442,0.36057953644865376,0.007281985647219647,0.3499502047894163,-0.3055725013518279,1.0354230515955267,0.3112180048994628,0.3042504209643066,-0.42272816831688936,0.0,-0.20542043448267214,-0.26034329612971185,-1.007222136992783
2019-12-30,-0.36281200618828424,1.281737893975201,1.251388498856385,-1.2489045969018309,-0.8599132773964936,-2.217586302865226,-0.7024907571896646,-0.6853686950385734,0.4044581239660687,-0.400711995991997,-0.7611918338686543,0.9194618516959903,-0.29441312408628434,-1.309963505015564,0.0,0.3594606542158616,1.0854120225249506,-0.5023251564590768
2020-01-06,-0.2395776368730119,0.5928281693945199,-0.022904077962180382,0.660229819486278,-0.2716646338378949,0.22690508762021017,-0.5482269295505887,-0.26443850732072205,-0.7262251628414781,-0.25937391463592663,0.19988889112576222,-0.822316803356561,0.5631784406625266,-0.9497041595908596,0.0,-0.01847249984283527,-0.6489867605475662,0.3441863297282388
2020-01-13,0.8358223220167135,-0.2394261531766074,1.9271526751225558,0.762652699378564,-0.10902967995879952,0.08234109643683285,0.6946492427420651,1.0327918592114476,2.1237791282872176,1.4558127546557793,0.31827169243190245,0.2476058070959813,1.0917121030137893,0.6285095960439211,0.0,0.23738485201202636,0.9948156488001136,-0.28221338099699506
2020-01-20,-0.3577932051260002,-0.176405402386458,0.48873070390533585,-1.0777008082426318,-0.383496417180417,-0.7583093108993004,-0.5570728072283525,-0.6926910209044995,-1.1519107556315977,0.4492771779364548,-1.9145672234245,-1.7984067932948544,-0.4696007611576265,-0.5506064257776246,0.0,1.1802407027595578,0.33950566908314284,-1.8543142707684863
2020-01-27,-0.8668018464654336,-1.5312474232825144,-0.42506567953236274,-0.7252685506792834,-1.5669012308726964,0.6899471762170899,0.6112766891526287,-2.446378240510887,-2.393784839731706,-1.6676132644030057,-1.3014364622138856,-2.167762864587952,0.8807976303670535,-0.9734957637032743,0.0,-1.721685500055339,-1.4472575344394671,-2.0036199800100976
2020-02-03,1.217280122015496,0.8347725845442413,-0.02271377596481562,2.0752177681640407,1.8008894502790307,-0.18656787887145757,2.5665764831002162,1.7291093064104075,0.7479821918482542,1.3572024826285043,-0.08412911480085479,1.5289050134630084,0.20624365665091743,-0.3457140833826546,0.0,0.7131823506664119,0.9030002545057337,1.7625479709524945
2020-02-10,1.0421140703886995,-0.062331882427436834,0.45417374695714,0.2606434718824763,-0.5769289622655877,0.18975901225749173,0.5584272803953038,-0.1436222410218175,-0.4883897081804857,0.47552513605126956,0.4582942671682187,-0.9948243711251625,1.3784790764392867,-1.0968267516883128,0.0,-1.3321864527284673,0.717671030085151,-0.8675837724019126
2020-02-17,-0.15310106209576366,0.44768807743210015,1.1000600673452525,-0.795043267785681,0.38416735882890435,-1.224650208273828,0.32713014386306816,-0.21343752122143475,0.9504887011824459,-1.3040732582274932,-0.900998698189582,0.7220845617537728,-1.0820623084875889,0.4275370516772556,0.0,0.33446938249355496,-1.0596917156458348,-0.03345093275368899
2020-02-24,-2.8130207140770174,-1.9858057681449242,-1.2751966011359464,-0.8924567251987987,-1.970619368482405,-2.244141456154293,-2.5089750634234873,-1.9347229567797852,-1.8599236810443456,-1.3389985581498,-2.3795101372562586,-0.9898221501984544,-2.928668456109047,-2.20197276241588,0.0,-1.8301705414079061,-3.0387518661425323,-1.3511773632308757
2020-03-02,-0.3511913693495218,0.05942799292045958,-0.9965302691940495,1.3596878296962316,-1.528922906753286,-1.7325765494741245,-1.3945031325356683,-1.2276899176638982,-0.08585739762901556,-0.5544141904749659,2.1975392317987166,0.26331307679530497,1.7446590756097473,1.4387771967003988,0.0,-0.5525988897234649,1.3322199612604595,-1.3383531491623584
2020-03-09,-3.1368826496863655,-2.750918633884028,-2.291589552187149,-1.6586367135803184,-2.669134033078311,-2.8157126816893077,-1.5092661294147378,-2.066350949978647,0.07644709188464782,-1.341018872843472,-0.3688193086640339,-1.4003753401337034,-2.0384882312380754,0.23377437893821032,0.0,-1.6523023799973449,-2.3508047111769224,-1.8990253457120143
2020-03-16,-0.4495351484317684,-1.8911940442628452,-1.815046849078488,-1.0822131337307501,-3.04299502767456,-1.2227722117673796,-3.225022838578274,-2.793152773947367,0.6042292779270163,-1.2965626498344478,-1.7325980958210443,-1.9848748941888326,0.09837585156440541,-1.7103315490067799,0.0,-1.9670341506690454,-1.456106383024126,-3.276065774051633
2020-03-23,-0.3909639741942963,0.06051465817238574,-2.100584732963292,-2.160876670613669,-1.4669655590609423,-1.3965839080400384,-1.3494117712633384,-2.3296249872513464,0.6509304860776658,-0.6123765141151354,1.060351426936322,0.2521192379719955,0.13099047784785767,-1.190174275425166,0.0,-1.7170523238954292,-0.2670620524754221,0.8347587371616108
2020-03-30,0.35740980607106126,0.01407017018603365,0.4167664685816378,-1.1781736268561336,-0.5507358727256745,0.4571623823454653,-1.1057593515582052,-0.4197026903846564,-0.3105210804802583,-1.1084792346248937,2.0189679360737367,1.0834851490797417,1.399625663395538,-1.516437269231891,0.0,0.33454914523621543,-0.6737287519701886,-1.389810147532348
2020-04-06,1.1054177319191456,0.935984500666308,1.143589285277191,2.023803543805373,2.5053085479774775,2.933825583054545,1.6976584750396808,1.1937854242035155,0.33526693525490475,2.2570264938956917,2.9874949650639864,0.7131116966373563,2.107575835643003,1.7395216521312755,0.0,2.288446106769804,2.1810461403702477,2.215319115923611
2020-04-13,0.29402807613729776,1.3444839046161532,1.0392864504869987,1.3699814065142155,1.3026628287167528,-0.0635792559424438,-0.6017412044589544,0.8399526916989516,0.5127333917909771,0.35235882706577365,0.21875570463656668,1.1599167855701595,1.0095655819029072,1.4326443788430474,0.0,0.6042331269131506,-0.2230918331533255,0.0740139355002009
2020-04-20,-0.3428906358978601,0.5295077508189943,-0.07409305044759541,0.7960580872834518,-1.035152341350687,0.6205927101803057,-1.0105778027829415,-0.8895558894762704,0.858423777087015,-0.3517678853812923,-0.16242397603252007,-0.8608768522716972,-0.03278032069679685,-0.7995162490951748,0.0,-0.8018622088292615,0.5802836084872437,0.714044065325612
2020-04-27,0.6346270338163628,1.4299582253424978,0.42145154536125096,-0.7854089958166637,0.9751694126029274,1.1483292822565967,1.6490332304631743,1.7972388286911554,-0.1994630965440909,0.5219385891202487,-0.37268453668533685,1.4540854972501878,-0.5634574571089477,1.339661230638294,0.0,0.4672482758455381,1.8542323247344796,1.1379231008167925
2020-05-04,0.012173759991844483,0.026687169428439877,-0.6891315823361301,-1.8348817768912447,-0.8242444347204889,-0.9020199895705657,-0.7446984697347528,-0.5475467142739264,-1.9700639549255594,0.45395609183387703,-0.11370669954709903,-1.4814160499995659,-0.07989539764499126,-0.44652047493311764,0.0,-0.11441507123693082,-0.4627870782138008,-0.7616801397918767
2020-05-11,0.5213850523282968,1.4283775539808947,0.6528655171183848,-0.1391792701339614,0.42118851541847285,1.3576663312526083,0.6092482200332158,0.6708460157233112,1.7558130606553812,0.701916350503232,-0.6328932662465638,0.40013709549291143,-1.1856669437570075,0.5674043603799789,0.0,1.1779867817208434,-0.0373475967227784,-0.3276037863211289
2020-05-18,0.07799024929461291,0.2132579443934828,-0.6113098065449045,0.8355350188155926,-0.7001886132156634,-0.37604184288679143,-0.37435036508371283,-0.4221928740484562,-0.689714632779097,0.979703400751876,1.103565092605017,-0.19918402348664674,0.4201962104550534,0.13796178030792028,0.0,0.6398838898851936,0.5222315841516402,-0.4733394195226475
2020-05-25,0.9045629047670184,0.750948691425946,1.0205811900058346,0.846987514047038,1.226059067668613,0.8629855795267832,0.7199418305317405,0.674860222797572,1.324552773774105,-1.2376449396592255,-0.12194003737298173,1.7967131849244982,0.44010385318319123,2.0757268704005076,0.0,1.4469222295874749,0.5136582819452346,1.7557883219125512
2020-06-01,0.5408715790860966,0.832834359211025,0.2272477046520746,-0.33935993060279196,0.6157394431450085,0.3978874182195516,1.8471862880122243,1.818549557855102,0.8863492057206017,0.9106457698842876,-0.23242741184120488,0.47720610191512486,-0.36003396760607004,0.6702139593300774,0.0,0.8667082131789949,0.597860383877285,1.0905113652806644
2020-06-08,0.29163312276879266,0.24291323478740462,0.7055374048839063,0.12294419285663044,0.3065984606377085,0.10230926898318964,0.5103082843021939,0.4073202227309708,-0.20103206529367157,-0.7414461177886641,-0.43331888973169314,-0.7126623151902961,-0.2616709834893099,-0.3369163219998426,0.0,-0.3219400353682457,-0.060710524600084734,-0.43062241830539283
2020-06-15,0.2402678318586407,0.14068252709779097,-0.1325521049426593,-0.05006849034411681,0.3735368403315669,-0.43826951575514533,0.937572139094202,1.1226326330092449,1.3233112308762764,0.2790987299054364,-0.5150006495604148,0.4151933011834196,-0.3489618000335416,0.309994045279842,0.0,0.08769540791071631,-0.07771520026277409,0.6725576092067581
2020-06-22,0.7298741712618578,-0.25745135773472544,0.36716860995500405,0.8504891213109159,0.31595180887707486,0.8354084315221451,0.6959569523500245,0.25398980977984986,0.6732024751508794,-0.4451886258350137,-0.33304447375093754,0.5851771658705618,-0.29140567176860593,0.7194377691012486,0.0,0.35643603720907135,-0.16173154313594987,0.3064685325912699
2020-06-29,-0.34880826886978283,0.6959153309818926,-0.003937272657095826,0.16921758198085343,0.1843858909017506,0.13940480107863998,0.20403329222827424,0.3982235591998733,1.327987763557861,0.4632336070107166,-0.25140878450411885,-0.5462535678430505,-0.7943476051224999,0.2711426925490526,0.0,0.21542914765710539,0.2888066010890605,0.1890473477908521
2020-07-06,-0.23923566219651096,-2.161935370320236,0.25447429999295834,0.11588327974215526,0.19560817514721876,-0.41887163043546044,0.9476125378138319,0.4650784329824979,0.053609843261338254,-0.46600507325500307,-0.4216609534623383,-0.4489785754203406,-0.4653842359860847,0.1386026843858935,0.0,-0.5103674566273272,-0.19234324367500102,0.2119861290745256
2020-07-13,-1.4125886152074605,-1.7756920057810355,1.2464546478016445,0.08712176905132812,-0.2327211974362579,0.16560335506196366,-0.17640722644208096,-0.4066474167182049,-0.42557458169044493,-0.5333357630030517,0.5898022313178285,-0.06150147355495875,0.63839772857524,-0.687144181093483,0.0,-0.7995506667354388,0.7539378990656802,-0.26427635228075613
2020-07-20,1.7916147301317058,-0.5799022834383885,-0.15757864721032622,-0.2401603367079402,0.08020925803802736,-0.430991542200258,-0.3669180239921076,-0.4182459239943373,0.21773765432704825,-0.599728999531996,-0.8113508141042786,0.16140899444429274,-0.6030549425350532,1.055668937789053,0.0,-0.526105526888447,0.9627149308061996,-0.020937373003073124
2020-07-27,0.5406101860571926,0.10124978074428194,1.9285097955387671,-0.00914372010122499,-0.3697849202371995,-0.14012528946479674,-0.14973193171181604,-0.31397468732312883,-0.9835238709622655,-0.42325658811258954,1.5425686488057877,-0.19582814993923267,2.172577088374825,-0.509483315433198,0.0,1.4133178526331258,0.22557963265978445,-1.4822487681024206
2020-08-03,1.5405784563749914,0.5354723620999949,0.5970050541878166,1.262960693021285,0.11994877589255112,-0.33602744931432504,0.38846122513676945,0.30205223707581563,0.16203031513394403,0.10025920037329,-0.014825424355082743,0.19763189475044837,0.053355650214385264,0.47621877508673927,0.0,-0.08151780483854792,-0.9857725669408409,0.03567939512122531
2020-08-10,-0.14564727328713256,1.053848973060741,-0.8178202299291448,-0.031224855749242254,0.01561376053323365,-0.37037298539376773,-0.8211011967216851,-0.755242709113994,1.1859159691440506,-1.5437930360925292,0.9716110112019472,0.30855571639287244,-0.5035805566899711,-1.6218690686995678,0.0,-0.603898674604532,0.01900133504529784,-0.2598989572508955
2020-08-17,2.4289989516632238,0.12267553905742584,-0.6723052559649721,1.8106939365096566,0.16530015524814143,0.27775601749511825,-0.07957287186273143,-0.10892264974009877,-0.4189885862008686,-0.4143981766927314,-0.7082939704914343,1.0428443460590544,-0.3860292146505293,0.7863423180719221,0.0,1.2050827605710794,-0.5885545950111933,0.7554862659957641
2020-08-24,2.312391167542343,0.03206524185318042,-0.6036955966617936,-0.4639955362077935,1.9984948512703329,-0.7089182487525935,0.6123496315003104,0.32014619973279745,-0.5903497311028018,0.1753962941043028,-0.7074142858245192,-0.17636043496057802,-0.8121354843431293,-0.15848521269085938,0.0,0.2655740512323272,-0.5895187220617452,0.2787676796507501
2020-08-31,-0.754763878991913,-0.715977020443425,-0.49163300919128433,-0.545104782979693,-1.7079452085897115,-1.490687396381878,-0.7660779571278676,-0.9707388243290572,-1.1973044825362296,0.08039902060506152,-1.1017790623375532,-1.0671180946302385,-0.6020221460259946,-0.6933775465160894,0.0,-0.27648999644163125,-0.8916275556474709,-0.19850004907639143
2020-09-07,-0.14604132782729196,-0.9001270233596173,-1.0306343199454115,0.9097155061048289,-0.5953416998201579,0.10222052849268264,-0.8459535086434893,-0.8253567778633801,-1.0939535487564067,-1.4395756048481838,-0.17816533958017286,-1.1806911413576497,0.30764797324953286,-0.6085662316457572,0.0,0.030284558091260013,0.3260618857950501,-1.0642050308397666
2020-09-14,-0.7977991340109354,0.9289299725837241,2.387289330909043,-0.5583245830922757,-0.341808801771092,1.2907580652371236,-0.8551945324387131,-1.005958826085839,-0.15198226762006942,0.4080264249017136,2.179420450583707,-0.09229045906750766,3.077501442153936,-0.4225463135874804,0.0,0.4921418539951138,2.348856766339172,-0.6569978163582088
2020-09-21,-1.0361409443810916,-1.9803392830374493,1.586178508059353,-2.038999967432812,-1.2729185717416243,-1.1555553766516817,-2.0632227603292197,-0.5149405304372928,-1.7699919462099962,-2.654573104191299,-1.269190274430677,-1.125611604962366,-0.9804598993374496,-0.6144580712111709,0.0,-1.5369217960171855,-0.04613605101755259,-0.3777086412431816
2020-09-28,0.6738523793190995,1.5750921534268805,0.10709492837006808,1.358174238788582,1.1092537472827704,0.1650474581522982,1.1752009190042063,0.8086597444629511,0.1678751951424259,-0.01520762261111613,-0.17444340047284093,0.30088216676960167,-0.26110712138751163,0.4584067949990374,0.0,1.2980454227643123,-1.0198698914411761,1.4504062216694884
2020-10-05,-0.3909192124992268,0.19069739529666763,1.0866193770004735,-0.3017762762384011,0.8161392144349424,0.5709150599540804,-0.8505003550827012,-0.7189184022593107,-0.6805806046805607,0.05373632005108499,0.5371683800408936,-0.283350578100545,-0.1333163999016573,-0.13740431689903018,0.0,-0.6768817989253256,0.6567868472564007,2.301846090752571
2020-10-12,-0.7760936577650596,-0.43471064141633264,-1.1301630794283675,-0.23441242465922243,0.04633567526880256,-0.3724077943103146,-0.580289278976694,0.19118035777322076,-0.37158050295813017,-0.9796872305680365,-0.8706835815882608,-0.5354192217887792,-0.4973003638088832,0.23864916716285564,0.0,0.5732170366083696,-1.4142917460769173,-0.834092312487887
2020-10-19,-0.20332071086085196,0.8013821909772576,-1.5757963994166662,0.45144287441662373,1.029343367605292,0.3985906633559256,0.32142948853547365,-0.5461824220781151,0.37765780932940884,2.283747259211886,-0.9215934953962422,1.9179291227722175,-0.4758877393115432,-1.0771698556270852,0.0,0.05419981190029939,0.14526517483014323,0.4862990117757998
2020-10-26,0.3607701008113839,-0.37085125222161996,-0.08193571840568124,0.800180080852683,-0.6139529283104077,-2.295827275728398,-0.04727306978946928,-1.224367344984633,-0.969975928306429,0.3787102794258557,-0.3096850414816128,-0.6434364213765714,-0.680591686472074,-1.0645297936610034,0.0,-0.6321635721221851,-0.8466919531423805,-1.0548136607819132
2020-11-02,-0.2408131664797888,0.4833618009491007,-0.6524937994127712,-0.5174165427432125,1.2901956943977264,1.1076364842485729,2.125441265677907,2.7846208301815696,1.1088539518393856,1.1433437732360505,0.8427046379486126,1.8044186848487906,-0.13703855060169026,0.37844178274002704,0.0,0.055746847125489433,-0.24318636192677737,1.7485632852302209
2020-11-09,0.0539059781248629,-0.5768759711463494,1.1122349327593426,-0.801941201499238,1.5109024988512774,0.7059167024475231,1.8861072990221577,2.4919449203210284,0.8143269525750605,1.5727713086250241,-1.398793183695547,1.1242698908305773,-0.30381304492926964,2.783539347131319,0.0,0.8894022697649675,-0.9642266414022007,0.6544145810211501
2020-11-16,-0.07063211260198247,0.36488495181685504,0.12477857880380219,-0.6883065092815525,-0.4435107996462121,0.15173909011123993,0.753679226487693,1.9556259940788272,1.705132383684573,0.2667335373443748,-0.2265255855416747,-1.0112525708445252,-0.8254667735091565,0.09322528345161091,0.0,0.05325473408279962,-0.619943429360244,0.11739317812707482
2020-11-23,-0.29189301855300304,1.655045663450382,-0.35137976366733636,0.29800344077250557,-0.45261443077594893,1.1128947497418376,0.26899039905954875,0.08946840336293835,0.2872463687618102,-0.6290824462246692,0.14787018799212936,0.8369053738180693,0.5524823181729672,-0.5518244564874237,0.0,0.09164243660499731,-0.2054597358649375,0.13302902795057472
2020-11-30,0.8919370003481977,1.6456618313290439,0.26044910510360336,2.0465695283568324,-0.0037219456279182243,1.146847534003425,-0.4598946939790348,0.1483792841413242,0.7314124624937239,1.3241698857832913,0.7126511121038844,1.3237901025165932,0.20719527772057567,-0.14393170933284263,0.0,1.1709584041437644,0.8488816004497884,-1.2186018029260013
2020-12-07,-0.5288051343419009,0.20774410066761181,-0.9563478807297314,0.5107223834117759,-0.3329539985772499,-0.015559642074789349,-0.4295317966560663,-0.4345416931020221,-0.20240951604951796,0.45059311602447566,-0.3528488899404917,0.8544401764738776,0.27576300642241824,-0.8176586056104528,0.0,-1.5683361463151158,-0.2215788827553373,-0.3677797706089867
2020-12-14,-0.4036568614075913,-0.44768955891083156,-0.20072271574229245,0.4037588378698019,-0.29036575354259275,-0.019289192759879097,0.8730853255070846,0.04299649264001243,0.9146174293764229,0.26792252346366147,1.0767379594143824,0.536117616241272,0.5599340757805884,-0.060427727279088204,0.0,-0.25697169726386226,0.48524457114075115,0.12198034191840247
2020-12-21,0.20242119838749237,0.2737399024996192,-0.2452601376485876,-0.03323929453247603,-0.34211510158125497,-0.06312030038871563,-0.5358450405096435,-0.7213854961979166,-1.0473935360123214,0.2630098835222811,0.9568518488869351,-0.9505761016627706,-0.3113623558847312,-0.49637970685930194,0.0,-0.8887440064623495,0.40233670484516704,-0.5118197819507612
2020-12-28,0.11540235624551087,0.575466511896552,-0.46419441662657746,0.8137897973339744,0.025206695355906545,0.7100656777195867,-0.1014773566061967,-0.5688034173562337,1.3947332932108736,-0.14381531026104336,-0.38126052927747994,-0.28672818754157653,-0.062123281127160423,0.6381356346970999,0.0,0.7125206315341747,0.4380811549131794,0.053500134155937795
2021-01-04,0.4503338816607831,0.05851611500284161,0.7530516853931516,0.1040878545078179,0.9808276474340386,0.1710117063452616,-0.9243630082491731,0.09111596161472671,0.4899294639536863,0.8325909165722757,0.3605137372277281,0.5920769824344381,0.7582475375488957,1.2446307917731458,0.0,1.5265474509507,1.2070787160373018,-0.32593895964294084
2021-01-11,-0.6522509787641649,-0.25440666968921577,-0.00625440647740877,-2.779879831115732,-0.6097751099222581,0.09992965936364447,-1.108014702622141,-1.2981000602219623,-0.24554515021215878,1.9825263048500645,-0.707498519021467,0.3362528347007057,-1.121819339560944,0.29388495371777795,0.0,0.15115094265808107,-0.5891222744634995,0.06741726740135814
2021-01-18,-1.1040616834567203,-0.33608729602269305,-0.28108636931950115,-0.3290597912394978,-1.4665036150297686,2.9154481894549895,-0.08440417804064049,0.3634733114373997,-0.5630891503675965,-1.3113539104058884,-0.6774729424556468,-1.8840099345785768,-1.3919368252166915,0.3889163001475147,0.0,-1.4846281235487182,-0.607722697276826,-0.7575967643198919
2021-01-25,-1.923086425597707,-1.8767625052575376,-0.5921164569801578,-1.8978989671254833,0.13716051001665208,-0.9353403273828838,-1.2021598784125145,-0.9532593049850291,-0.786124181741479,-1.1838897973968132,0.6385512681306396,-1.3701746380169035,-2.550740280023759,-1.5895696407728515,0.0,0.9129139102258419,-2.4675635933741096,-1.2083309244581477
2021-02-01,2.5925544289661855,1.8173397670045108,1.4154015890995697,-0.476651896907304,1.1419766764264008,0.839528587477974,1.8515903819258013,1.1191560039790978,0.9703632379546766,0.5634218999152522,0.6874085459388883,1.9011752747800088,1.3159130629169877,0.8354873183488163,0.0,2.2981344689689513,0.8318622481937322,2.5039402269858955
2021-02-08,2.3305645891556597,1.1592836596745004,-0.4395973836101018,0.7586395955286416,0.36632972962962806,-0.9767741221338121,-0.3812629555765665,0.29604539807198477,-1.0236548121960822,-0.23227461987801842,-0.20994406790511697,-1.1231709190289587,0.029662673201842273,-1.1148128988036385,0.0,0.4454419783123628,0.24193712821734414,-0.5195434172724683
2021-02-15,0.5381032689150084,0.48756923837182603,1.2009055744946178,-0.7338794109000532,-0.5933750197199725,-1.3936127990832128,-0.6846511978154927,-0.6204835822804541,-0.7225809301738692,-0.6219249012170113,-1.675033718212014,0.5217447445096683,-0.5975442677521517,-1.3716198102111707,0.0,-1.1897299435139006,-0.5914582066205554,-0.9230469607264411
2021-02-22,0.17301846449105798,-0.08830512173564721,0.6814520980730302,-1.249163811233674,-1.1716247175631713,-1.586654454080029,-1.0008973597589843,-1.316904506728329,-0.2630204092068699,-1.264966702442973,-0.8139881973130104,1.3887441390599233,-1.3424697792705353,-0.6786182435827305,0.0,-0.9686708868086826,-1.4345988512917116,-0.30951658974790297
2021-03-01,0.5279372824506667,1.3364314540807731,-2.190547739119114,0.829309623733577,-0.08158846869325466,-0.01457923073140317,0.36390755661266,0.21883921813423518,0.918294468261675,-1.102519684672342,0.6552542387858217,-0.3365289163150963,0.5320483724113465,0.7023721487997263,0.0,1.7416569443493808,0.8018789564430254,-0.23803569649407372
2021-03-08,-1.1160018583957079,-1.4831376966764278,0.5334166939632139,-0.009578794518507646,0.40056636955113967,-0.9338126481031593,0.19601189940584415,-0.26520180278295996,-1.448900341774509,-0.47075705109201793,-0.15993608669744352,-0.33593191593448196,-0.3167483199943751,0.37134627849152124,0.0,-0.00629815057114451,0.8340785839445195,0.1947431700252862
2021-03-15,-0.8661719640280422,-1.784261056424537,-0.804792551322496,-0.02373955800688253,-1.2612468348808505,-0.7893010100622746,-0.48986207945497606,-1.1867429662109197,-1.918147074430905,0.05767707869223539,-1.8800581928328317,-1.7818558361960242,-0.769249241485721,0.12539065058193388,0.0,-0.15418165855515778,-0.8415819569319772,-0.9116323338192192
2021-03-22,0.8761150939440636,-0.06635402249026125,-1.0744894032914205,0.8182275796785616,-1.2606376203844607,-0.43763167165700534,-1.0103617146187032,0.0007183022716414282,-0.9100709784303691,-0.4308992447245821,1.0358102607864819,-0.8370710826116062,1.0204600309366942,-0.792763230997764,0.0,-0.6499804342117824,-0.2648698420085481,-0.21644066070103898
2021-03-29,0.8933269824605558,0.36443765255507865,0.05823699697438198,0.4007685013731053,0.3072934399598837,0.713933378772419,0.21715803138115933,0.6016018176259929,0.4510793130494398,-0.12884573971782284,1.0209539735258113,0.3877639771285284,1.224213401396672,0.4788863872877533,0.0,0.10101066811481618,1.0204293762695824,-0.18772648920275792
2021-04-05,0.3316495204494375,1.477646591925668,1.6360108867467904,0.6766726807470399,-1.687685771733438,-0.6722748881469857,-1.3748129157232338,-0.4115517636398478,0.4922321719378818,0.9896505474417963,1.9396437661040697,-0.2558215540409105,1.1502997258902619,-0.8715962948581809,0.0,-0.881540409635396,0.900993134643997,-1.0765483561950702
2021-04-12,-1.358110651766304,-1.9158248609529953,-0.9643957570254849,0.2746149153082206,-0.1020945652773068,-0.20437484899162303,-0.8432251958782631,0.31429675212085634,-0.4338466256115,-0.2617026789547187,1.439719346099863,-0.1564832424672485,0.822358986371277,-0.6913509279605623,0.0,-1.8123064088533178,-1.0425915798475993,0.08230341572922827
2021-04-19,-0.7941284309347391,-1.0243684024098032,0.6756366368193787,-1.1350213815448469,-0.03323804173784033,0.15756294185613828,0.33978032138317377,0.05077038302366098,-0.20373371409348628,-0.8103913771947548,-0.28222413548317654,-0.15883713077146966,0.9407476651845523,-0.8627119226995574,0.0,-1.4620099445060188,-1.505964388394654,-0.23336227061098147
2021-04-26,-0.7028152772241815,-0.24323209106128968,-0.38498769136838945,0.3317300792707186,1.465388997347344,0.8292475632252597,2.226530973842482,1.8338685580213847,0.8728393826257939,0.6452693202025694,-0.8624615950886596,0.9750713161918418,0.5326743270331932,1.1123417942174239,0.0,1.3244925704798831,-1.3832989494507466,-0.011013552788037957
2021-05-03,0.8106515784586772,0.4309615514830814,0.5020509532055051,0.18726856112080467,-0.02929225548317024,0.08260306186466512,0.004456562618144049,0.1613171147673681,0.9766829414920896,1.78183128016636,-0.9125763916133132,0.5362052149942927,0.06952144867556537,0.18837045849477285,0.0,0.22927083376137894,0.5986538576614154,0.09692971445202826
2021-05-10,-1.5082293245700527,-1.00527612658076,-1.5214662389855713,1.8622960975881357,-1.2206364349319774,-0.028650578721273794,-0.5132681354334648,-0.8730213953821935,0.7433692243789719,-0.38285492584729514,0.4381327368748338,1.1175086873236253,0.06128057686947929,0.2781475070228618,0.0,-1.382804812013702,-0.04101858443008256,-0.4225134450743323
2021-05-17,0.2097602838820611,0.3482054382594962,0.4412663870720715,0.2831974343515125,1.3762700425167802,1.9440336905086812,0.6607575596148672,0.2197675914745616,1.650359576857087,-1.514309755024112,0.4651847692407796,-0.12830558368180733,-0.1410521582305122,1.158389300129749,0.0,-0.22967417595771808,0.5828272456814552,1.6179680334718882
2021-05-24,-0.8503404013196623,-0.18130257160337107,-0.9598030242409863,0.6496976161803975,0.2769605116602975,0.5672489446412238,-0.0836616426954597,0.6643539679426167,-1.6439691766701308,-0.23859172163495934,0.05082395758747167,-0.0979319364344878,-0.33343589912810256,1.2941690803624435,0.0,1.0337243478101097,0.3703579569356095,0.29757477559021356
2021-05-31,2.62806408240753,0.9136505578548282,1.3156229962688986,-0.42611922344240966,0.10151063484789488,0.3237008047416699,1.0839282828989958,0.6631766843173148,0.8669938264072896,0.7376024089804547,0.15839097538390368,0.711161937846755,0.21208724657881015,1.0215970160156724,0.0,0.2684929257534967,-0.13859058960696868,0.06119274903007284
2021-06-07,-1.2298825455782312,-0.15145116789847457,-0.5025347977163099,-0.05541856973852072,-0.10848961269840743,-0.6822471485578745,0.25067686363177616,-0.736148891589902,0.0015420067499262722,0.6173482252369371,0.3181506062306017,1.068594380726201,1.0073250573479993,-0.09131317376760781,0.0,-0.42111728340382726,1.2662353495023422,-0.29473310496912636
2021-06-14,-1.221481311865066,-2.511250726890643,-0.9032458616662706,0.41064932606712873,-0.11110750158427976,-0.2597639637371268,-0.26222540230650215,-0.16389234335637684,-1.018251986444877,-0.06264750008088951,-0.5818727565816804,-2.0300727863665293,-1.7889026408117985,-0.5791304967177695,0.0,-0.3960848962687468,-0.36229531369695966,-0.08349122820114421
2021-06-21,-0.12112603028072894,0.3968517018176192,1.3067699024584765,-0.9740506093285065,0.8580853167410781,0.05934974735005872,-0.15870647247344866,0.7012784326454794,2.4428993524713385,-0.2514158240523797,-0.43509442753125727,0.3325165955087405,-0.23697365626692574,0.054137124706931716,0.0,0.2362041666329277,0.5024969109919966,0.9103115476405118
2021-06-28,-1.0383242082622461,-0.013805770451213836,1.5126923499669096,-0.461444539861513,-0.39750759410044206,-0.4541345767107136,-0.32214960815359756,-1.7382220709153995,0.2352401922743815,-0.6784434061656729,0.31386191232524885,-0.12245072607207713,1.4016587851009952,-0.6990741366708395,0.0,-0.3806934366544419,-0.3468030750127925,-0.7538927782721406
2021-07-05,-0.25359567161483904,0.30549790766799184,-0.3793488771014242,-0.40535828037776495,-0.17931637070588227,-1.7904908392819996,0.282243653218632,1.6783527068923914,-0.33396275879003817,0.7153855966886119,-1.1583242985938054,-0.2526200324569895,-1.5778631029654395,0.543697724762245,0.0,0.07412904018400504,-0.27564538642852077,0.557599411024039
2021-07-12,-0.5206809478665897,-0.7884857337655001,-0.07962685063367583,-0.6188451627556415,0.7517352446602535,-0.7783087891131845,-0.2318824924064745,-0.6390193206140536,-0.5155058413952309,0.2432083416762916,0.1507128059934333,-0.36524327128151546,-0.9694722730460992,-1.1340965848813707,0.0,0.9164826046660112,0.7625153846340963,0.47132506400016333
2021-07-19,-0.11918164176495692,-0.08633172998857376,0.40225678951593424,0.6488830306950173,-0.7166701208047737,-0.9130481757381179,-0.017657837632333754,0.38692288145604814,-0.11094435385771835,0.3480456374811691,-1.295502877657493,-0.3717728207841729,-0.3391982306214701,-0.7441103003434307,0.0,-0.42878429142599667,-0.33155154692519573,-1.7710394957392557
2021-07-26,0.03207521486500215,0.06793079171994784,0.33184399827564504,-1.523488144909974,-1.9979432077877914,-0.23541086467284192,-0.1648601852912172,1.1520192348132952,-0.18642844926278485,0.8296020664966088,-1.2414383135202305,-0.289872971818366,-3.2622085404265038,-0.25539593163960833,0.0,-0.08025222042595147,1.039498567190827,-0.42658189109429673
2021-08-02,0.7144794690730143,0.9076963825312038,-0.12892723140591414,-0.12573759689589983,1.0743488885212487,0.045473153630496914,-0.4438803686869436,-0.8403749500945062,-1.1527319631641286,2.189540475942925,-0.36472216636227667,0.2697217257367931,0.4049052219874334,2.1110180224651693,0.0,-0.5272248542348886,0.7243859898725916,1.4508876663772836
2021-08-09,-0.914517845702605,-0.1213000300187099,-0.5377587100410935,-0.11872135380131348,0.4981772035856156,-0.3169477445748816,-0.6412528132962362,-0.020956359465738282,-0.4069271903455774,1.0695923695503633,-0.7342437285269083,-0.5955902396919769,-0.5520588577443801,-2.110959305542301,0.0,-0.8817207907592856,1.8486240443925708,0.5910423160864747
2021-08-16,-0.20379685144282764,-0.3360708367337672,2.5156393117306575,0.9879829520886724,-0.8572118140369662,-0.7474028240263358,2.2099608104216015,0.6687877210547484,-0.5838871935279297,-1.3353413696938468,-0.12699634191925854,-1.4103426570414104,-0.3154149489780394,0.4473924879382276,0.0,-0.39881881864701246,-0.6798280611606581,-0.40132296456697053
2021-08-23,0.5017568748976717,0.968980427699682,-0.3620197665298634,-1.1973459814357457,0.397892288869289,-0.4584044734654772,0.9677255206837583,1.3363519285960788,0.9648482980415208,-1.0207475323758592,1.5902455006048901,0.49434824605853245,0.4103829651048755,-0.3668332891529326,0.0,-0.6320862464122925,1.060614871192669,0.5456780009637111
2021-08-30,0.280108682978708,0.5847312234832307,0.45046377012812217,2.6301216760672763,1.4763779349172899,0.6865584565070753,1.7209768266588,0.16162935393403124,0.7541833110861931,2.2412516310035615,0.7654717733218548,1.35964340650361,1.4725231777211363,1.7557140136002252,0.0,1.1352632288713396,-0.25372237041227147,0.33007091230718544
2021-09-06,-0.2858049247346852,-0.0882594939439108,-1.5761745396774978,-0.2580149408225468,-0.48843932425343495,-0.5195654708478732,-0.9319040617824441,-0.5998107071452387,-0.3512390996266096,0.6725715130859699,0.3586159551444949,0.36886523839068,0.14427648611894436,-0.03312543703573171,0.0,1.6498434822326018,0.18466603500553613,-0.3326622596271159
2021-09-13,-0.6164222663368096,0.3920205308922418,0.22324029644842325,-0.64884333136415,0.527930826345287,2.1152678780092593,-0.560187571886037,-0.43573532415823013,0.34022727732175195,1.0207142241808451,0.184554523627231,1.1423563514786994,-0.03918999143543931,0.5436406728538393,0.0,-0.9146594200360983,1.3873212398815697,0.23504621573651854
2021-09-20,-0.0696333106863984,-0.3900590251431425,-1.1000080911982637,1.016589462495605,-0.5246707670503503,0.20540372339277335,1.0428381856675792,1.580424225777441,-0.31307919286768526,-0.1357099290353457,0.6372823819243505,1.2133986277287996,-0.3036016382340566,0.17585691889398497,0.0,1.2886790040929292,1.808200447601325,0.35218113260004913
2021-09-27,0.08810123903091,-0.08674803078737471,-1.3929240568841568,-2.1760480500592037,-1.2505101307915183,0.9122673595746387,-1.4704097497714346,-1.9922326400297012,-0.6214965675806133,-1.942555462050189,0.8992667344568873,2.2779856343097857,0.8895502866639018,-1.3173524305760158,0.0,0.8182016734007965,-2.3664793976585115,-0.6801152083715163
2021-10-04,1.3602199302777915,0.08901680573982286,-0.6829602241255034,0.8645370060126752,0.42966679224188786,-0.23450393193672744,0.38355056788158814,-0.04782836362527202,-0.509262898721349,0.25909657800181257,-2.575089617904811,-0.4050061275075262,-0.3675154694163549,0.32319682423257035,0.0,-1.794109673374042,0.5425147966243236,0.32562862039361584
2021-10-11,1.282523186646198,2.260091571282289,-0.4851927454574034,-0.21548899451700226,0.6858131071415897,2.0353116773564426,0.020023892168140007,0.5565179707499395,1.1194156354995943,-0.689623172134999,-0.11916705247180362,-0.8793865670710553,0.5901321453212945,0.2215477846006735,0.0,2.2567663386824792,-1.8073192557752906,1.7510205133227543
2021-10-18,-1.58875215488102,-1.6439624047174677,-1.4041246734787338,-2.0869041084887012,0.39958790189109994,-0.960218608349387,-1.078205759921835,-0.4454820866932668,-1.3748221734870634,-0.13879339777183786,-0.41996649103245104,-1.2056351358015267,-1.2252903047641681,-1.8068443970876025,0.0,-0.8400670989205336,-1.435642419800044,-0.48465906883439674
2021-10-25,-1.638842502464515,-1.894131122379955,0.8568349985816825,0.7534998612846262,-2.334544790541251,-1.7621369834235154,-1.481992344052324,-1.4748666246748559,0.4831909318800682,-0.6724847441139238,0.5065107409484689,-1.5058429951402255,0.3217449238602681,-0.9061225118088635,0.0,-0.1171503784211864,-1.2295653629385594,-2.130105826729487
2021-11-01,0.8277828103329098,0.5811775093957686,0.5396666247024072,0.3148445429491045,0.4011700374182096,0.7810913830104834,0.10939189163541624,-0.7301965840151197,-0.8332031425984806,0.12151393857966936,0.41124559770134783,0.5488359625528079,0.6633672814594657,1.3048601282291585,0.0,0.874266609891281,0.5474258568859586,0.1390052723370464
2021-11-08,2.0656684965944474,0.9148499127435057,0.6962821085783426,-0.2543006809601056,-0.5229612224121238,-1.3548250317099397,-0.15787984343759012,0.38887859500173155,1.996535910822957,0.8486500503340378,0.3160879347126018,-0.6253588685689585,0.49780455481535985,0.36229938027760844,1.931642448614034,0.688544411301411,-0.4510446593934079,-1.1448722588959832
2021-11-15,-0.34304014510705505,-0.767110385798656,2.2432579061559674,0.5709917289152544,-1.067863863864068,-0.856383034234879,-0.6666049178496449,-0.7746138573822129,-1.5411565745615816,-1.175725510462243,-0.9806691242817407,-1.6045967671961625,-1.1386179097033384,-0.8818653223492886,0.025645362888205528,-1.3866297255562021,-1.1377115456989488,-0.508598873946239
2021-11-22,-0.29070385397812093,-0.27286764800495217,-0.04336951952850136,-0.6167941023046917,-1.466870289961011,-1.9791896249128234,-2.246046049823957,-1.7065438091280962,-1.2153385081762917,0.4490823241897455,2.3896008830364073,0.21874628167751325,0.5537663642636754,-1.1709438311781832,-0.699236551615311,-1.3190116729823753,-0.2812697275088175,-1.2592771343488718
2021-11-29,0.2230331754746015,0.5250040050788707,-0.8811619654976396,-0.2661664863892761,0.6229784366670369,-0.17364514696699354,0.6448386337740931,0.7055489773183998,0.6244948908988179,-0.8104806194674593,-1.6890006897635403,0.32191732037952336,-1.0221231746229642,0.23330658572447815,-0.3531922842376108,0.0008999859163298496,1.1617383008484263,0.6370445265509956
2021-12-06,0.12010681546547886,0.694173977795347,-0.6474623083657655,1.0262346423789874,0.6743599463947961,0.8875222421578777,1.066174637176943,0.044706932197353944,-0.34004743739605264,-0.4791467988840931,-0.571191040128588,-1.1128885485120927,-0.038743029552589424,0.6401892267619879,-0.42701556011793435,0.3908506744629303,-0.23545908690675796,0.21979031214896452
2021-12-13,-1.116990770155331,-1.2005698734375856,-1.3434998687359534,-0.330559147332749,0.17198058411742953,-1.4007081284574263,-1.6429177114770452,-1.7516555836163377,-0.5607775616909392,-1.5622781821714826,-0.9592496247355161,-0.6473610771782127,-0.49223000982509557,-0.5086190241675166,-0.6359885685377794,-1.329217426505704,0.17355767121412052,-1.1467893682545518
2021-12-20,0.48297709821516294,0.012755656308573265,0.2053770255763184,0.3179392603536273,-0.5715520748186887,0.08425064372067342,-0.03121527693207663,-0.28983979929725184,0.27401919021000776,0.3382351241947484,1.4900022830205808,-0.06613512737086955,1.0852823668181304,0.0022454002201978637,-0.43849054456889847,-0.8614260611978716,1.5434792185114237,-0.6848577750764877
2021-12-27,0.0051309160027069155,0.2623852881067992,0.47016626781347254,0.661502463302509,0.7135270551472703,1.2628195364638275,0.5256828679116655,0.6163416835706839,0.5608084575181773,0.23252417929433433,0.9925162160509666,0.039583777990025056,1.8028953527628402,1.4494733366620962,0.9618127767884661,0.14704913307636155,0.7492923656823056,1.1525219921956718
2022-01-03,-0.2754442308787624,0.22162294485204384,0.0039049947613384673,1.1153090583978598,1.9385703347144427,1.6039086076360187,1.883361186865792,1.3857729360144166,-0.23231287655437205,0.8548144179196339,-0.7234295362144563,1.2997976974779646,-1.1865637071215624,1.7266019297616082,-1.1439752520400643,1.9585769393377133,-0.49979126921643297,1.6097544768467282
2022-01-10,1.4080314234152396,1.1248925777684262,-0.19712042876014596,-1.2670050936787651,-0.14440620301295357,0.5743068424274322,0.4652914485698554,0.5317618038329535,1.1582333795304838,0.6234934153361655,0.26102695589945496,0.8965700099661356,-0.08450007071892207,0.014910693276321912,0.6802348446269579,0.511303363113595,0.8385903665407192,-0.041950514330558956
2022-01-17,-0.6354946842923173,-1.4017441396963688,-0.9584382300557786,-0.6783716814587886,-0.2005994984878157,0.11574508781517072,-1.2070774070778185,-1.9812516291580142,-1.3281338576348343,-1.1450650234753066,-1.2531417830152034,-0.6079408630320758,-1.1021835736230903,-0.7638470870137036,-2.3203192607428047,-0.8183793632821604,-2.4512780316276856,-0.43225696249025153
2022-01-24,-1.3532636002729743,-0.31455867985699615,-0.7331238776952843,-1.100313195148488,1.621955985122757,0.8582407729132876,-1.24427108780318,-1.138224226414104,-0.02964994079113609,0.8320956203376607,1.6684245775306483,0.6320759817592757,-1.5485481950599893,-0.6556615062803125,-2.4733438463190045,-1.183240922802876,-1.195045751814405,-1.0819796856587436
2022-01-31,0.5513741624105306,0.6484419459808696,0.6154782296055074,0.9157155903760293,0.9603350300554275,0.8373045664025673,0.904835456257714,1.2832731882334412,-0.2061062901616771,0.0941959485288581,0.2909327805070889,0.01715628066471779,1.0880456725140761,0.25697325380188474,0.8324252748977947,0.5248399705196413,1.373465938409514,1.5873513033022584
2022-02-07,-0.07780528892393554,-0.02882095953718025,-0.6991395205576706,-0.3066315920109782,0.16711205166077803,0.17663634120345295,-0.28217847189844886,0.06103930121112219,-0.48336050441099404,-0.2722717398661861,0.20820961820641903,0.927434780098765,-0.05429879347074719,-0.27493554311455026,-0.37301733578376545,-0.3326680646084766,0.027015883472394066,0.09937252197722188
2022-02-14,-0.5472340398280615,0.059673770353258666,-0.20169689369851498,0.283866569974411,-0.6407382273333252,0.661282306575612,0.11326620684344092,0.09629836788990616,0.008066445321983655,-0.18772024857433198,-1.1899811789186285,0.09178580817651127,0.11480357578206661,0.7519991388698795,-0.06222386542351832,0.16732905412078164,-0.0006168218337731284,-0.055518638290314976
2022-02-21,-1.3704133141344739,-1.1525045840541002,0.5259665030933096,-1.1753287006476103,-0.9794650758552933,-1.002416861343653,-0.07556305502641023,-0.24383277532929074,0.029209145897392232,-0.9969929315092197,0.3343393298399886,-0.5176548377043338,-0.7966964776458213,-0.6287042552466375,-0.6150920168162992,-1.7893315198134814,-0.5069036824616044,-1.1848504737213346
2022-02-28,0.025987635253565563,0.32286397480181084,0.3777421033333332,-2.501072978644792,-1.362877225519443,-2.0537042457455246,-1.0268716846673969,-0.31742533790542327,1.870373075983624,-1.4077411793381447,0.1584213820351115,2.057398537182043,-1.9488600932391205,-2.157819934774137,0.7732798586640485,-0.9366509304069025,0.173504104556464,-1.8198823536170587
2022-03-07,1.4955284588182784,1.1175749194745015,0.7811244885943923,1.4433047640367542,-0.8008828497344422,1.4959008846413178,0.397576344507874,0.4397350574846135,-0.06305693096308472,1.822629280525374,1.9970215076670406,-0.15908466809997748,1.2304963047543789,-0.2653903636351731,0.5047175984464297,1.3105210192740335,0.7856522885400828,0.891825408035724
2022-03-14,0.8963359340776837,0.3439283245300242,0.1826376265341349,1.2438840503049264,1.4884628543969531,1.5572865550498836,1.0386065426287157,0.9544585926583016,-0.8744631180753863,1.1733884127932594,-0.014898238831932729,-0.8809934016335678,0.688303290930713,1.2598991438067917,0.6573779734884393,0.7237334417089772,-0.03317518735856442,1.6990925252830449
2022-03-21,0.4211393184900621,0.10504640845147131,-0.6135348444219421,-0.505972890189966,-0.698564938765195,-0.14830868368014902,-0.04346202738660966,0.037841852743324765,-0.5098657641140265,-0.5257495007594326,-0.8607902128293398,1.0008499870590613,1.8125998927216596,-0.775834752426793,0.44176137108836727,-0.2719879570325047,-0.28412963452666,-0.8649447171302026
2022-03-28,1.5376932529471161,1.459931121073043,-0.7468172409289675,0.47247107277952827,1.432837391997361,0.43120325356781264,1.2206541213515965,0.9336415246153824,1.2066724982691164,1.6444476198786744,-0.14166140645180403,-0.3192845866731657,-0.33143294742717005,1.1759211534525609,0.9766330635361342,0.9980084777434955,-0.16189628724353522,1.3810100458994787
2022-04-04,0.853224851422898,1.5444056501180465,0.7429483995033012,0.556210698579834,0.37928290943647774,0.21455179601838192,-0.21293683868845673,-0.5122000159798517,2.318910386120667,-0.10975140466432975,-0.29604154568012925,0.6856479426020262,0.8002343128940229,0.5192358145203985,0.24775455999503798,1.0581166796247246,-0.06285176861040379,0.10909010973364362
2022-04-11,-0.061982127598181835,-0.2192737338148603,0.9248309386416074,-0.6603948269850727,-0.30042113322995095,-1.130517606946312,-0.20640029819250705,-0.8173903340230045,0.4477485341682621,-0.9838587519501631,-0.0485100701939476,-1.3931247390655983,-0.5655136534631006,-0.5082788045585894,0.4289938633512185,-0.17096525783850483,-0.5578060248053401,-0.9300019242070047
2022-04-18,0.30131529335374446,0.7492357136706815,0.5275455849962778,0.5704736643413415,-0.5576795754580777,-0.6211967797955416,-0.6794844951348489,-0.7280231749051375,0.16512081377623186,-0.21288387804402262,-1.149355129181828,1.3634350345615494,-0.3639536686677065,1.0354208492496777,0.002122848524887923,-0.6125321804258121,-0.19640783283968125,-1.7519799508228522
2022-04-25,0.113875332179594,-0.7840822276372302,-1.879761014523428,0.5516536176164778,-1.5465591432494719,0.5124405299756359,-1.3205903339401721,-0.5448516334945244,-1.3860262083378392,-0.07717152739445986,0.23153987343501972,-2.160161730242428,-0.15696258477637345,0.08588370539831135,-1.0863753503916507,-0.23798789909215062,-0.2020037143595159,0.7160766627263339
2022-05-02,-1.015575497013854,-1.4475029678998614,-2.608127430615272,-1.199670498795564,-1.5323577720188173,-1.6794663972030688,-1.889134124249155,-1.465770827448914,-1.0481601233119207,-1.0996176524404415,-1.0748064904955839,0.3306027443552408,-0.9191815389012528,-1.8076654366817555,-1.436469526821849,-1.424785454302507,-0.26123550139405105,-0.9711333221701105
2022-05-09,-1.8219763493271812,-2.785326350045562,-1.101525419800162,0.37321906044331965,-0.9954971586396967,0.9043056104824124,-1.344016206333551,-1.3833835428606072,-1.057935269336147,-0.8201426209517578,-0.11220603198083863,-1.9260722511712085,0.16565967953258084,0.6721587306238684,-0.2398851009484292,-0.9803205594975066,0.24681287652562184,-0.24141394771125108
2022-05-16,1.183965859848234,1.4735604485387839,0.8507188153425698,0.2873150136737209,1.3211226909155993,0.8459017994645954,1.1317769986146238,0.19218442981969555,1.3740276766517994,-0.01232230197969082,1.0522299061528608,1.4484641096240016,1.7881584076966919,1.7499768702225798,0.7900975550312406,0.36309101426443247,-0.6761876128407516,0.7106060064685653
2022-05-23,-1.3788154253085363,-1.4766827691291233,1.171747097010969,-1.5184573985145027,0.661267801965508,0.1822143063595251,1.0007483366331609,0.7928770338398208,-0.5357035020132994,-0.0565073141449047,-0.33699887803586204,-0.48977404688195203,0.7266066832195872,0.16694329142219164,1.4905932335418461,-1.0333157004168765,-0.7574514583916542,1.3867786971514349
2022-05-30,0.6827208734754355,0.834591350934903,-1.0510592629764037,0.4460169606502511,-0.11350567214540962,-1.06007386309323,0.3090708760542061,0.25141290083686285,0.7719589603315766,0.1657807955133953,-0.14191560400604988,1.0896966306556701,-0.2654796703561975,-0.3825753712507153,2.169706991724533,-0.5436976395786252,1.9262657674298815,-0.059644819009175065
2022-06-06,-0.16190283464070165,-0.3070648685296625,0.7425212299887846,-0.9085943658453599,-0.29024533909866357,1.1604134831393345,-0.9497334231524722,-0.4685998912258065,0.10900856351671674,-0.46273859204328166,0.058399879444518535,-0.048642915891928304,0.05002138057744124,0.1667792451290798,-0.408657621633248,0.13636768594541815,-0.7679639992207824,-0.3408401506064948
2022-06-13,-1.241952360479537,-1.2861820598820095,0.25466428680229064,-0.6383453985009229,-0.592618849978278,-1.4876967978563138,-0.5649713504889706,-0.593194922895675,-1.2156833249354821,-1.1711121681853736,-1.3466880350633457,-1.3346820322848088,-1.0558971685956002,-0.6684900827913015,-0.25312825138592254,-0.3555407425537386,-1.7943996322074665,-0.9143946299739969
2022-06-20,0.23791056461522267,0.43147285772485405,0.8781734855825373,1.3072993797060763,0.12201258627165874,0.9264013137638507,0.7936702386458147,0.07179417763477555,-0.22178339136989572,1.1764054426780168,0.49676540842499356,-0.5127704495073777,0.7827907659713642,1.5400096438207493,0.7801077047645552,0.749075206170949,0.70327424079021,1.1700586959116295
2022-06-27,0.31986088684800934,-0.12798812494910547,-0.19057049692991634,0.16429926767771877,0.43554443333753834,-1.2525531425385883,0.2987390288917784,-0.07454881463960095,-0.43152059610647564,0.17456719490793685,0.8029997951096456,0.5744491990585716,0.29168556761248915,-0.8039259093520765,-2.2196520007689395,0.6822922183241524,0.9731932436123755,0.04626505048309307
2022-07-04,0.24524981414870878,0.8921135017098554,1.115022271984911,0.9419984604125086,1.0307984024720966,1.1983221505880999,1.1207276505761712,1.9919735267658891,0.4126859437779756,1.1497731777606224,-0.27052330287177384,0.4782149676785679,-0.019802764498579074,0.7187168920710065,-0.00032503316366545,1.0417733510927836,0.9210856563901006,0.8908388797716432
2022-07-11,0.6218845427433433,0.34786896700696684,0.16848872438852958,0.7570658871724455,-0.11858861821499093,0.43398351157398646,0.34738944561705015,0.1660955675198296,0.6118039970654652,-1.7724984232197443,1.229285598794072,0.2607770424251198,0.8190504510185493,0.3288540219002086,0.09333832752500508,0.32364395087296205,-2.735673970414984,-0.5716311173055083
2022-07-18,0.5395025945089525,0.5461582707860095,0.9015378221376139,0.6547711214916009,2.190040383339121,0.7029473672952492,1.3450908465965528,2.195600997973694,1.4112471093981742,1.5853400973188854,0.31127489888835186,0.24424741379288453,-1.108855119518028,0.4064752142474649,0.26124266952227104,2.0370135787899932,1.5630882317682246,0.7301669948383941
2022-07-25,0.36722571229876344,0.3072641853869077,0.44522962602581523,1.5956072870561482,-0.05373404303358668,-0.8338136870970749,2.2797563496332645,2.758165167116426,0.5202890965742067,0.20018089416843599,0.263719556949409,0.9975108775277961,-1.6003754691384628,-0.5398180788907511,-1.0679640712037408,0.9663776705348868,1.144353285061399,0.8683287507467927
2022-08-01,0.7665950207435056,0.9928689537436143,0.7155363521361768,0.6708816603766816,0.22730685835242684,0.4525666626123509,0.2132470328326471,0.10631842696291449,-0.08229530945339335,1.2919955283787847,1.716321872056237,-0.319873389017685,0.47437660760556416,-0.2746131385305026,1.7212980531050297,0.5206360340180156,0.5302196923478533,-0.09063086882061468
2022-08-08,0.9330891421112268,-0.3424652924891716,-0.12180332852402455,-0.3656548372229116,0.9410048748767537,-0.0059280282176641975,-0.017340660772282815,0.6899512110048921,0.9913957774574302,0.35232217010313605,-0.36084938167590724,0.8964326967529094,0.6159838523582902,0.4894871412317967,1.2561673851640058,0.43799053148724043,0.19900610859192544,1.0568962264468988
2022-08-15,1.3526920364313446,1.4949757866289324,-0.6510071576319892,0.2251728639433807,-0.1466063016378083,0.0807423699444689,-0.11201247877632645,0.43870847922456596,-0.7685219554248828,0.9808654762900744,-0.005869206376198883,-0.5593909265912657,-0.37730535197962384,0.8856645316017211,0.044620131455137664,-0.1672364472912543,0.5526825807391226,0.01844772868438859
2022-08-22,-0.3576384976668158,-0.6359887824183524,0.3116755668213813,-1.1012163453359045,-0.5951212395470132,-0.36140427518908713,-0.8204698002761103,-0.19824941669952956,1.2259825347947164,-0.1222136316304481,-0.5577337568722737,0.7804150114646229,0.0025626133310828717,-0.9508058400232604,0.0515889679915611,0.9798931330719892,-0.5026741429209093,-0.8671171657901372
2022-08-29,0.8657669642831085,0.09462152295034523,0.2934940213714366,0.5123733209998754,-0.09273890083121794,-0.31620784272608154,0.030528296650057525,0.8075616611692428,0.9299942594447091,0.057344360015178245,-0.39275236764891475,-0.4594939422153097,-0.3334803113110138,-0.035040653644134015,-0.38388284078653323,-0.02574913002945831,-0.3861450189177612,0.17743479464241982
2022-09-05,0.011195631891451955,0.9928869000190295,0.5968833735788462,-0.06616066263764031,1.0464230211260097,-1.1973217723966338,-0.3238928168951277,-0.5119959844798325,-0.26545956923110337,1.1043430271068955,1.4074926514341333,0.4655751575856358,0.5080683922717983,-0.019704638623547793,0.4546283054522465,0.704731133629319,0.7997825440833767,0.03151620685770934
2022-09-12,1.05848933775062,0.34996864386830834,-1.298520667975451,-1.0710594656627226,-0.0858726726205371,-0.9763635236267817,0.017295981518973543,-0.208039437264256,-0.22976823498018584,0.3176306760549089,-0.7304119468605927,-0.9795355084132188,-1.2416624003794683,0.14390421792234578,0.05344520343660486,-0.533496901710069,-1.2137428390084717,-0.32026283993920956
2022-09-19,-1.182575172953528,-0.8603228109215643,0.6209811145486933,0.2723505225501951,-1.0017476722057947,0.05303783397419021,0.3871048446060449,-0.5062038199266853,-1.49790347269266,-0.573981793970048,0.6399212153569671,-1.0463185227515006,0.5819046924651036,0.5036563415552531,-0.31451983724174376,-1.4891704454200108,0.21647645823084413,-1.2717592809047313
2022-09-26,-2.1967836774725797,-2.1076078161533056,-0.6088165502812193,-0.7548896450700833,-1.480686129114727,-1.0849203626731596,-0.9181727775224104,-0.8720627431649184,-1.5998728871728825,0.8179453387123468,1.2316630046037633,-1.196935095269141,1.3984660531340152,-0.6253501714158409,0.35395806946201575,-0.9777817457387784,1.1294051027891014,-0.7578870957452547
2022-10-03,-1.9672775227577621,-0.3463125440497754,-0.2723836011971001,-0.45625239526811623,0.561400394917768,0.620160131534714,-0.44530191737706887,-0.21861598517899794,0.8043450473992536,-0.7684132577132873,0.028397718916861624,1.5646482220891942,0.19559572800382655,-1.7367783705273283,1.1469434407469237,-0.13329607620196013,0.702604501223348,0.0059490301387014645
2022-10-10,-1.066062227792005,-1.0558601520769775,-0.957843438377345,-1.6243380767203819,1.1883448953748368,-0.157560106778856,-0.6554012120544906,-0.6096662369777719,-1.586528054734393,-1.4675061307267063,-1.3052224840940618,0.2617525657422805,-0.512190803377786,-0.5594295390514865,-1.1195085891295244,-0.6356297129349588,1.0890471971461166,0.09174862136173999
2022-10-17,0.15743991882573508,0.32796490539233436,0.37695457184045555,-0.9954881900338614,2.1750272692334134,0.8581673380132862,-0.6498807171832665,-0.5653151206887347,0.1896645738417452,0.9787937214016847,0.5129841175768207,-0.16956130181961207,0.18497183177384777,0.860727620852792,-0.09861088149691145,-0.9015229178425519,0.522537412688079,-0.19685392177701785
2022-10-24,-0.4575036187875937,0.2898322245296206,1.072465883370792,-0.45464781056105186,-0.35583803298201333,0.1153812716063765,-0.9025408688222704,-0.8008359141119944,-0.024004215563617867,0.463771937140693,0.21083652147088494,0.20077338186746674,0.9466764070056833,0.5526565240375333,0.05921597104621789,-0.28482899327431616,-0.004022064435713934,0.570983915578409
2022-10-31,2.1707772130484186,0.789791746496136,-1.6593226995696968,1.0137997980037328,-1.2200594131698113,1.0638558198433428,0.39728296596180296,1.184231151914574,0.3709785758676284,-0.637624904375831,-0.8395874536435248,-0.2139470038309076,0.503182311403066,-1.0962641080178834,-0.04421286183239583,1.1447491811356125,0.1550033320686014,1.0658640835932585
2022-11-07,0.29103960959465736,0.4952240268348982,0.30597485020815957,-1.0748578062721146,-0.7160068389474281,-0.24662038011950474,-0.7390119030783737,-1.2667637835687116,-0.687328043084657,0.020590301806855265,-1.3027200766182185,0.3375649165949761,0.030433695663039634,-1.4931377939790667,1.5051869975920809,-1.6775877006655981,1.154617129066166,2.558658381850011
2022-11-14,-0.47756967629121494,-0.30753434188433143,-0.26441533549859136,0.5821706709736308,-0.016807951896004664,-0.840747702077503,-1.5955876460977114,-1.260812321888404,-0.2398899252992651,-0.032347610759544176,-1.006244020242672,-2.2684293714961377,-1.5140027627695973,-1.2889062976806966,-1.335540315144674,-0.21719031176052347,0.07204319801428632,-0.2308766574868222
2022-11-21,-0.9737754229985235,-0.3148474992319328,2.2700917103514597,0.39474023165268496,0.48870146821293836,0.339191059375164,-0.07434514326136608,-0.49502483746264636,-0.2905192708241956,-0.011519700765742914,-0.07184152970638794,0.03306070277144482,-0.07943360214763612,0.022965198338118085,-0.8201738887308702,0.4458786029230054,0.4483254999891579,-0.2260844000884293
2022-11-28,-0.26403003725275165,0.0465039087070659,0.27030568501579416,0.5914368064126585,0.2088360415477738,0.47736412490207647,-0.24251460856956333,0.08533662618838549,-0.39893795751544425,-0.4382081479396985,0.14721555110799564,-0.51571381526927,0.7811781062560813,-0.8065328487925763,0.9411524800568878,1.6142029165633092,-0.15638437452234483,-0.49791953807223627
2022-12-05,0.06919531837098908,0.03610657982680214,-1.362304940100684,1.0727283455542251,0.4392443282428284,-0.17882780346539665,-0.798489493538299,-0.7718699849722602,-0.2705423240424746,-1.1686866860977463,-0.5010599792450965,0.15363230519260354,-1.1585675312616839,0.3160268424890652,-1.0078804690244318,-0.720416535005888,-2.677811695148462,0.39982954179667407
2022-12-12,-0.3726496381104645,-0.8669475729464609,-0.8783184756981294,-1.6580551836805748,-0.315460439402044,-0.44258275453045676,0.8011374780561422,-0.16619320512424773,-1.6412814798272088,-1.020048823048571,-0.9909308084165372,-0.418962341563187,-1.014238839230198,-0.6565231231724998,-0.4633590774670074,-1.1273190141510034,-0.08517001221894457,-0.07982670098470017
2022-12-19,-1.7174938138548872,-1.6380381539805757,0.6702112337671396,0.27971479458069076,-1.0225103312163017,0.2479408410098258,-1.2849279155633897,-1.5410495861453708,-0.6732896031631251,-1.0337529340120022,0.9628300486714834,-0.9425002111390115,-0.06264868863295736,-1.5927810842762051,-1.8003472736362516,-1.10254390830357,-0.15784001634399747,-1.2911763696153824
2022-12-26,0.9042185134793344,0.8264751921247644,-1.317664464097464,0.5851276058597518,0.45275599988703624,1.0990106444708339,1.591960572815291,1.186522036629138,1.146228024882159,-0.310085327007353,-1.80961127039226,1.142006489787384,-0.7169176435396363,1.2476132365337265,1.275243282754381,0.38891635946791087,0.07304001506327198,0.5750020863213391
2023-01-02,-0.20369717180774752,-0.12454261245538427,-0.6119366064259933,-1.0331157293205973,-0.10560563864203286,0.39979852342250327,-2.6294769057686977,-1.7638930257195433,-0.06921634930460663,-0.6785721575166582,-0.07128318486242914,-1.01284645416319,0.24929582139111586,0.3927832747945699,-0.7513723064975303,-0.9285757978271997,-0.4540473318965097,-1.0157892913746376
2023-01-09,-0.5208174245334891,-0.1318400043574572,-0.30647401164825155,-0.5034642468388599,-0.45533964316002723,-0.425790234573835,0.4697080611493961,-0.37951492002544407,0.4229762576203336,-1.750487738044592,-0.3753597317422007,0.14312507278561024,0.42300170447995494,-0.5981715183710312,-0.34470052695089104,-0.5717327718101897,0.9103753814490771,-0.10684974811909614
2023-01-16,-1.3424091325108232,-0.6586947471865261,-0.292762042385141,-1.0881403501047917,-0.5022819353156501,-0.6053661685652231,-0.19776771774248414,-0.7278425410283069,0.5775915614626624,0.14650239965789047,-0.5467882256809813,1.144786542042866,0.39973497335468056,0.19629102626900458,-0.27073014823412633,0.037135245216297824,0.4963683904665635,1.1822820127925604
2023-01-23,-2.7411464154437875,-3.3225507514169075,-0.21294227616625805,-0.37636101211474243,-1.7237575812126387,3.1741325167185868,-0.06789795772837712,0.044611295658506016,-2.0747753994717377,0.6931227715381488,-0.06384749956787719,-0.47535883337383494,-0.44838422178637644,0.4308288421955801,-0.857079927294773,-1.6467287168209297,-0.07566207026741419,-1.4140798615230687
2023-01-30,-3.2539318181431867,-1.8337885749740725,0.06981947881227699,0.8184812070407157,0.09998541927500999,-0.8967538730340537,1.690293353018224,0.8251155961698537,-0.010261452625729783,1.0746177320298524,-1.064478538591587,-0.2907444107594816,0.5750870521964824,1.545526074080079,0.6960234683696637,0.9873457922031766,0.5776239052090139,0.6873143751087968
2023-02-06,1.1528236184495069,1.8846110794914612,1.0561844806221319,0.7901497372714048,-0.5691274511879174,-0.28246534938144385,1.958458368269406,1.3988384759925119,0.9643375324760254,-1.3547726743562014,0.9793770538885428,-0.6961456645897766,1.6093401708914028,-0.8258988724221298,1.2332163239838947,0.48635263974388543,-0.9698199394212207,-0.3897445021492298
2023-02-13,-0.17511872760523997,0.13582711519750718,1.2051973141157442,0.5329996947430271,-0.4069490731663332,0.4308255094224348,0.06812343383146925,0.44045665423815233,0.24942302403388475,0.550760501025524,0.01228501549424827,0.9090614939217982,0.0998340874091219,1.063758800712837,-0.20950104350583754,0.22846890997237662,-0.30484902011888576,-0.3408598859689895
2023-02-20,-1.230381631185215,-0.08290077823367742,-0.9531184848447439,-0.9481954106523085,-0.11525886426217226,-0.445728882770062,-0.5251985430626792,-0.650151944753964,-0.10965339476613462,-1.1681051218608125,-2.5306868466431207,0.1492475788510978,-0.23075894222330667,-0.556961926786456,0.7271141874925344,-1.3617261502204416,-0.4857648615605388,-1.627109217591681
2023-02-27,2.0761419166067263,2.0471877091931843,-0.3967754030894879,1.3962206378572042,0.05394522401144531,-1.0542290706295498,-0.35195672927264327,0.3655127760676748,0.42744409651445786,0.8166181164752473,-2.595231330112824,0.9031449533255702,-0.6282622051737135,-0.6218295094638754,0.06103616210217336,0.6946870977522391,0.6286095733053669,0.7938268054471621
2023-03-06,0.28661551390830536,0.31728316351660546,-0.5579798797985711,0.23090530150669925,-0.01420723367671696,0.7043827844285107,-0.7745035195673509,-0.1847515119721884,-0.07869347927837447,0.9632055929587164,0.5764391934974468,0.25529010636453786,-0.6197150037055387,0.0629724994087609,0.256636443140507,0.160799063055819,-0.09844725959034412,-0.749307134865908
2023-03-13,0.18124420207757097,-0.08611498477516986,0.47454758998761803,0.6228226972242221,-0.5871507030125689,-0.16659986389021234,-0.3829351635585128,-0.19541706900830563,-0.2560826922784652,-0.8258344483275311,0.224877515791022,-0.3125647432404058,0.582146290603456,-1.3344592839262255,0.42447029570628,-0.04250618443748852,-0.1885437222440367,-0.3891616463173481
2023-03-20,-0.12542365836120878,-0.4033512217514892,-0.2501630180138593,-0.580737131712257,0.3436688653740846,0.024510614714419413,-0.11198892199081154,-0.9146960779170621,-0.3730401414205428,0.7588992576440945,0.6458223084279374,-1.687460119638421,0.4791290414346391,-0.48157142892990346,-0.9223331275549186,0.6798865043680864,-1.404160639305759,-0.2710256598495871
2023-03-27,0.2945757078704599,0.10980005800331877,0.460407117098661,-0.1410154963687518,1.268643129860371,0.35211260735616223,0.09516311488878901,1.0173348927245847,2.009897969137001,-0.6153692110035963,1.2805630751615715,0.8525834967054952,2.0356029084274443,0.7542493496664466,0.32211535094507415,1.3582654043668783,1.1744820993308993,1.397544996365834
2023-04-03,0.27414805149677635,0.3101850975990281,-0.8099660050200386,0.9905828883746447,-0.08618340117124694,1.0005291317993306,1.5284982439970283,1.1428361266481333,0.41204325761449956,1.401327713245092,0.14496596715841217,1.0741840163934249,0.7636523053693614,0.38395631460820373,0.5015329135212029,1.121103602620619,0.1007536266744461,1.384013963483267
2023-04-10,0.5407384007011543,0.39207557032463886,1.8462727173707174,0.23091777251204526,0.8389631391814332,1.5274232467399471,0.0025274953069894736,0.9929555888860502,0.6227461328704786,0.25065104680036104,1.2283943906380483,0.4187344103057505,1.5639035965035077,2.4057922064889503,0.5670965435087819,0.8718207282442862,-0.8572059623613849,0.5089148313384637
2023-04-17,0.05485834437971082,0.12323597698568393,-0.27973729959983645,1.2515690170944662,0.24643155405273254,-0.19567903196472183,0.3132901243833148,-0.22365197182669674,0.5751047022951123,0.044437291542957634,0.3160100543019237,0.5828321372302961,-0.3741631705351768,-0.10461433693595687,0.8578800307701097,-0.924225786003562,-0.8840045160772093,-0.5297056550437843
2023-04-24,0.5522076973399157,0.37041819819063015,1.2855487935422234,0.38625512027539827,0.036436955334417154,0.4933552173080349,1.5860574239639151,1.048063548395352,0.07413528133277753,1.9691922427572963,0.09994139192731143,0.27235517116024777,0.2423462313996522,0.9148317629155198,2.2810145520094083,1.4002008246459843,0.49425845297222826,0.18535970887622744
2023-05-01,0.19816284790039543,0.12252819358995663,0.6194076540210974,1.4987521257238121,0.5780185103068681,-0.19810776351357157,0.39196927136415294,0.1681216407544405,0.8300346243510218,-0.8642933020544754,0.8976649597564522,0.4150514689912795,-0.40094456117061955,0.3915236696338845,-0.08830607648377323,0.6365908610807424,-0.2960661557764836,-1.5486602626343784
2023-05-08,0.2954238861823268,0.2743318008702837,-0.15545753036969734,1.4267917070671352,2.229821944536527,0.05988331840579621,1.181899634129372,1.4559622890412671,0.20491387619962453,0.18713112336475662,0.6766966872616004,-0.45813170459740243,-3.312570161114386,1.8717282313410946,-0.947799798382168,-0.12089879107283479,1.5922991190204339,1.0639604777769565
2023-05-15,0.09003954406240289,-0.30908371033247095,-1.4124117877678162,-1.078286889832209,0.6505529288785623,-0.8822771508933367,0.003550216475069238,-0.3673449457252864,-0.5134892018127328,0.7458150771172728,-0.46707183116812234,0.600962305880484,-0.5699400251022791,-0.6122363881850046,0.19221921125209301,-1.3193994944760712,0.04256452785865027,-0.6019324237442173
2023-05-22,1.6528574631437662,0.4590981427563272,1.101648061339671,0.29898680111832526,0.004076392791170622,0.8011375105281248,0.2713240859212004,0.4293714091133548,1.1010172485183118,0.6758750650496438,1.2836801409637386,0.019841682094736378,0.893081508123694,0.7164022648562055,0.4131203421722886,-0.9299979961000582,1.59672053411994,-0.7771176485227418
2023-05-29,-0.41473443837207585,-0.02052100258579985,2.096479127976871,1.1418872555974104,-0.31130691730489596,-0.04141648751212697,0.4006381101057453,0.381651605615208,0.6081130134031244,0.947297878276434,0.5870215197435242,-1.8836302205859745,0.5041867390282498,-0.18118757775898942,0.7649140684266799,0.5007029828128851,-0.12926305109446118,-0.17083865386833852
2023-06-05,-0.14333224255629204,-0.29733384022981235,-0.3996446831674769,-1.0787266130643394,2.243290606845967,0.1582493311260433,-0.13357029612691634,0.15370021771211678,1.8872577444969503,-0.4323365743914307,0.21386272484652144,-0.6436513882251375,0.3170506784677013,-1.0391181734315174,1.200806619421674,0.015858783853261716,-0.9882021639675708,0.19059191016856677
2023-06-12,-0.14976655830102087,-0.024283408062273432,1.411278389891476,1.3763416591437587,-0.10262293958273294,-1.465306817083872,0.5136370035377837,0.8867219627151327,0.9193313282881944,-0.07107451752328624,1.1424054424043502,0.027213240036523995,1.3638683455538072,-0.5044936375595616,-1.143338269603746,1.59973262474745,1.208776264253245,-0.2727500968368642
2023-06-19,-1.5654291275375158,-1.5969557459935073,-1.1842503692412853,-0.715591811161872,-1.517386492031089,-0.8685647537497759,-1.3532570812102067,-0.4404266678901955,-1.9678847463419478,0.770418802839125,-1.3215761366653245,-0.4824735692504018,0.2539779970730538,-0.21876557667794957,-0.45822556229628075,-1.9336189384051707,0.47696004725033364,1.1761317528359572
2023-06-26,0.635823619764764,0.9971567767500342,0.0002804629828011418,0.39883656054845257,0.9752011517523715,0.09948908190379761,0.4548180618908576,0.3572342722633483,0.9995968279491259,1.1090748068889131,0.8893922713641353,0.7763056625061221,0.6682863084731872,0.08078637261882379,-0.1643861187069028,0.2579731725708451,0.6021086530987516,1.414001224253329
2023-07-03,-0.22314759592667413,-1.0199322604079943,-0.037140473905981415,-0.6948669883854869,-0.9938292582690664,0.7537176904380252,1.6684698567519978,1.6734310710964941,-1.0948531004867335,-1.0943923329343552,-0.2245962519168044,0.362226939123314,-0.15612799145966988,-2.6827980061156556,-0.7832094441661406,-0.045454961734313515,-1.0718591001907651,-1.2420580054815036
2023-07-10,-0.2647445837279692,0.08565468917495124,-0.22040432443057117,0.623816541411286,-1.2965045955490275,-0.48212408987862326,-1.3315249924219867,-0.8706621561000726,0.1547884338811054,0.5271467838619681,-0.005219166679791952,-0.9358307363863723,-0.7473434373350475,0.8908302995259549,1.6852748537402895,-0.01295290635089673,-0.5075684613341913,-0.5745248697790756
2023-07-17,-0.04269831655603586,-0.22794739615245793,-0.17426658084095148,0.5274551725376487,0.32487538305774216,-0.659974191729277,-0.21006819798938348,-0.22643970399021687,-1.2761776917116172,-0.7173590330506117,0.4405282634568763,-0.657227374370836,0.8465151075314472,-0.36410145200250166,-1.027323610143326,1.0498082792727268,-1.4292467520424732,0.7533776627028381
2023-07-24,-0.02534246253307425,1.0293036978458214,0.4021652762500131,-2.086346361788128,-1.2780967299255706,-0.30754846356078186,-1.502932481315063,-1.9001057084182262,0.8862181137014831,0.03178997223682004,3.14200535855717,-0.5354369099041214,1.1898333626248347,0.0889250599745634,0.8234498385420697,0.23786853324531407,-0.4891164989521672,-0.9067780440541534
2023-07-31,0.15704239730667005,0.6133768335228932,-2.2330437768715616,-1.0793870649888138,-0.16052671302794955,-2.366835985012951,-1.52131329512613,-2.4576523392638885,-1.2280875522505736,-0.9930181434086273,0.29810386679901374,1.3823107090997773,0.06508539908662193,-0.035676971247337055,1.0124110865591869,-0.16764251658166587,1.3260445380488515,0.3377160923150113
2023-08-07,-0.2904946374069504,0.8007857475927453,-0.6293157414988564,-1.9330890456769563,-0.9025540839923115,-1.4270952923052322,-0.7862505053580411,0.12783892860059656,0.6542367654416732,-1.7388509138055066,0.4284496868178358,0.19281788705289846,0.5231749789711597,0.1247176997671301,-0.8815244541303243,-0.24419169849560504,0.6957304614307369,-0.8916236245487906
2023-08-14,-0.045167150585455534,1.1143749699156873,-0.46549187652204266,-0.43924145014014604,0.019938988109467152,0.05559436609897107,-1.1968827445242574,-1.1807606089458762,-1.6175830269177378,-1.3634914032592198,-0.9663377622248853,-1.5228489699616996,-0.05929508404087413,-0.3068261552515419,-1.1990698053483018,-1.1938192342413476,-0.17783706272752178,-0.6663003469022267
2023-08-21,-0.6323796322139041,-1.568396852785939,0.001662458631861249,0.9097612693826067,1.3558444406159509,-0.4511407899822595,1.3837477997068124,0.7817647282897768,1.0428740202478393,0.906560738505335,-1.1732893587054813,0.19026747796587212,-0.7055059712583174,-0.05515208278093829,-0.043489361955210866,-0.4850954334854255,-0.9345627205144854,-0.8390269719332327
2023-08-28,-0.41772956999946204,-0.5817100048775802,-0.23769673993618126,-0.09412797429104718,0.13016010004956421,0.8693793435763831,0.3383875772906167,0.11355723232972553,0.5246599012376836,-0.9312231651407415,0.3483188994324397,1.7774958104812284,-1.91071686290924,0.6018620435187026,0.7359013503741066,0.9131814769266021,0.953245133737928,0.6716498697931409
2023-09-04,0.1562032146471322,0.6873103097513593,0.6586860904543383,-0.37737566301938213,-0.662545812389263,0.8184721421553626,0.2358357964721028,0.432515102268877,0.6257984815947872,1.0731952996392824,-0.6208367174845214,3.371637317976896,-0.5687587136222335,-0.14282740806104727,-0.05296469550608606,0.8649086789737348,1.955493862157626,1.600634293205324
2023-09-11,0.20644924990946834,0.5633335383102466,0.44943009480605467,-0.5533062623279213,1.6336780015265218,2.6850411323737897,0.20635868592177073,-0.21830770862795296,-1.8104256310634361,2.355052303334193,-0.7371724497940331,-0.38871109799590814,1.0159723942172882,0.6071814899977621,0.1241766234085553,2.3702206022487857,0.9167052340214988,1.088736346994893
2023-09-18,-0.7697724268829286,-1.045786414079357,-0.7253118044451636,0.9397352520296394,-0.5880769817139965,-1.1190034576247738,-0.23596745811366523,0.00117145505905151,-0.23883348933533774,-1.5084206237859779,-1.5297348357201344,0.03418589856681999,-2.1107146965739823,-0.002622748244656632,-0.9629554528651417,-1.519118831442037,-1.1078895084006268,-2.7491460390381746
2023-09-25,-0.4984745329236022,-0.3382458864186702,0.9144002943664075,-1.336153161471815,0.6389355179107553,0.3146097970570711,1.2668608407438362,-0.19215586740649107,0.22172857250407385,0.45547037804442647,-0.35219317083044743,0.5284390883549448,0.04415054053731502,0.3890731124081248,-0.017723697666988822,0.31815585636119303,-1.3185571635323747,0.04029051570565754
2023-10-02,0.6736251001894461,0.0055450117163160124,-0.5196438115630314,0.5544269485601844,-1.5072802587524547,-0.5607262175505547,1.1844007533427512,1.7884094780657802,-0.04396619940762006,-0.31001017545897297,-0.8113444521491816,-0.8312281388313297,-1.1807750767329692,0.07559911638167008,0.15635785902995086,-0.9832260744483861,-0.08484633556914303,0.26859667822939015
2023-10-09,-0.5943239230621361,-1.125629853850087,-0.3278612426957829,-0.4947721756690814,-0.3952574836423308,0.07547092346140805,-0.7716404044264005,0.04969869459662863,-0.6212079085594273,1.0501212638982003,-0.1803788034270427,0.9840964636140533,0.03017434746659483,0.2518975608087779,0.7362813209343297,1.3293150327665058,0.35851652025505565,0.1900893611244604
2023-10-16,-1.1813279096272835,-1.1389190871921089,-0.2600947669158276,-0.374347946044315,-0.6001646650124997,2.263275118533644,-1.2840928602041537,-0.37038261446052395,-0.905203960574116,-0.6500662674140216,0.48530211193558176,-0.09206029849633043,0.5097570272447514,0.08946829432358812,-0.09990021177103546,-1.0311692050428192,-0.05346671657955197,-0.05877873712188827
2023-10-23,-2.086303206807646,-0.786438311866841,-1.0183187063956343,-1.6165123937156438,0.915174768547039,-0.8534808334553873,-1.1407738023083986,-1.4017413790395783,-0.613033876853647,-1.5433986546454588,-0.8551420560161035,-0.2727670906202781,-1.1009615319517512,-1.742331272877884,-1.7721639483905893,-1.8114546755820695,0.08639210748970891,-1.052696620309131
2023-10-30,-0.3955644190332642,0.43069710903390723,2.106618814105434,0.6636231992647512,-0.7101335174981911,-0.2162243438555352,-0.42128035377907147,-0.5548512683245059,0.7639839342799514,0.6207432259952266,0.475020890879678,-0.5107556494815609,-0.8738790248179629,0.7113359489490222,1.5193273274073529,0.5751291264323654,-0.30241050843593953,0.6009841579409344
2023-11-06,-0.11065466615648317,0.5594143160858499,0.7211683992189142,1.8037568403041226,1.5206793292403005,0.2005322562940444,0.24746281895153174,1.249146085737671,0.6303057931018654,0.18002157637691227,0.5499204554414586,0.7753942854210114,1.0607887321769314,2.532349682438025,0.6021582078096896,0.7436942144981636,-0.5091961761747388,0.6665900081816665
2023-11-13,0.23199611023063374,-0.29276762429901054,1.1316092585536135,1.023023150132192,-1.4927783890793855,0.7569126661017548,-1.0530482566562094,0.3976621886182931,1.2190762115883385,0.2714535357114036,0.029386388859771736,0.2773523036632434,1.0135292911235743,2.8863294831242534,-0.6260984183995963,0.2673004439492712,1.0980455561800542,0.3339735479535337
2023-11-20,0.7010811466997663,-0.8199587747358902,-0.7410114941437591,-0.2474963587434474,0.41133914464966814,1.14295391023322,-0.9318800857140334,-0.17893307778524786,-1.3993326957599628,0.8941311116936119,-1.6402191624189417,-1.1457358679889753,0.21639872461147547,-0.5358764654445776,-1.7563127319681728,-0.5160213113712101,-0.3484509835049259,0.8288718912650463
2023-11-27,2.2758872901992566,1.5282747468611726,0.9952408012995136,0.5099640305781536,2.4425685558811088,0.0720470652395441,1.0553221500545917,1.3047357625307856,1.2483418275727274,1.3279756131560312,0.347728120414898,0.32062899222550234,0.6786120074329358,0.09516116288588611,0.26431540390795627,0.9230540352101181,0.5233603355491219,0.6461482090616536
2023-12-04,3.206930835928309,3.460467324321251,-0.5685191557634535,0.7072866339887227,0.3726598623962333,-0.39687647487634614,0.09312153909280801,0.1781057306795542,1.6826021351310818,-0.9974706625869644,0.5082996285824678,-0.29767139430285733,0.1334348011797654,1.2010000850790494,0.26942401390663423,0.5931825792156767,0.45115036313946255,1.8815230387606563
2023-12-11,0.8687140847373869,0.6118640702210698,-0.34122632618890075,1.0152312304871618,-0.5465515954560801,0.41610483399521575,0.9383061145343008,0.1869770933594225,1.3072101808925796,-0.6458993813273818,-0.4261296212554837,-0.6022862755813928,-1.0043600282188814,-0.45224776804355554,0.23325901315143063,0.553225966740841,2.418727830498196,-0.054486779000108586
2023-12-18,-1.2622632207453595,-1.0893776795034307,-0.3895599909564536,0.2822055767038349,-1.0291970629917753,-0.13511006136292375,-1.0518967598067996,-1.5870971824793279,0.5057633515832056,-0.47142674626055603,1.060724102635736,0.21176725960323448,0.23091947235848356,-0.9431962406202985,0.47493551720318333,-1.4715924676844314,-1.037496584148746,0.15968518945270824
2023-12-25,0.1176337576606552,-0.2816806631727369,0.782882255539321,0.6279508225541588,0.162179946189991,1.3014087798963552,0.1846475512186666,0.09778144367772822,0.9776128205349452,1.2879004430750194,0.3780774862220958,0.5527777336194148,0.9756531599612268,0.8293765463519073,-1.0948923528514185,1.02069138817171,-0.24730783742201876,0.6449347763499055
2024-01-01,0.7488715302926292,1.5471657065120998,0.04268310909935981,-0.7047796199623498,0.7547296222408751,0.24134293683444788,1.606587142203878,0.27922269060538446,-0.31352474084181514,0.3086699669285073,1.2383198391740047,0.06094238552393265,0.24118768038240418,-2.3207637838272714,1.1864291860619673,-0.9758994839510027,-1.000610822604115,-0.5555607595868981
2024-01-08,0.30697589863355407,0.330867508111277,-0.08765543629871617,-0.9738187055399794,-0.6301753026619743,0.788769576607816,-0.26358695878945176,-1.3622378753917097,-0.9562396848287502,0.8420881008152243,0.4830449986223999,-0.897469755619813,-1.1839101903733122,-0.29905835650259316,0.5163051447603613,0.4420021858455914,1.8938579585749653,-1.3431644111022898
2024-01-15,-0.8894299365224788,-0.5420377461258514,1.6258450976681407,-1.7171298948673568,-0.1317632628688674,-1.6413576483549646,-1.425771224336895,-1.481416076851633,0.9165083109959551,1.38147891835456,-0.010372983910094545,0.885007904504276,-0.4316906042780089,-1.4517967146048114,-1.2546666453795754,-0.6485626384458172,-0.39447353050890865,-2.9401079751897012
2024-01-22,-0.7095911813557635,-0.909772046800247,-0.18558937681858773,-1.967172366251231,-2.044932133337274,1.3546801883343194,-0.7426466381213708,1.107487719666155,-1.084590695970486,0.7969428212958265,1.390934737593224,-1.429485306362559,1.4295628351432466,-0.7140027331875635,0.11907931662338059,-0.27735819831227876,-0.3332503172304575,-0.7344559728145402
2024-01-29,1.1602103919467153,1.0105834216972596,0.38444829232307604,-0.0005762873109405268,0.5141993699847122,-0.26738971659317584,-0.8224812581603362,0.4590242033106059,-1.239627778104108,-0.8769540811600554,0.265872715721896,1.8138247856059173,1.0114132278705643,1.3345294100838427,0.757347409433166,0.8908689266408938,0.22819796483119756,0.3258457716066798
2024-02-05,-0.0051821704586992225,-0.324130116327188,0.08964772174219823,0.2897005654614558,-0.5154330762595358,-0.5760887693447001,-0.6621006321268935,-1.551609164426754,-1.096084159572962,-1.537170870998811,1.0141846770220766,1.7197853900935063,0.5269635314174985,-0.056732729398045904,0.41588814562553444,0.23792524888543395,0.42969918746840646,-0.6864316709132631
2024-02-12,-0.3397737061823572,-0.07098361527332152,0.2536231056212644,0.6677192695957952,0.33487474019597885,1.465892793884841,0.09108952865168476,0.0965574046043207,0.5388143884743734,-0.5924793121662587,-0.6078610850876788,0.6981132646223591,0.7099885092947322,0.3648133229303849,0.49567617249127577,-1.4946328174925754,0.17475646558161215,0.38714134210152695
2024-02-19,-0.15320193083647235,-0.3229559551398751,0.48459205548220713,-0.2813699165153459,0.5247229854018477,-0.5656349625955002,0.6394022865743639,0.7737704105303445,1.5404533710742878,-0.3106535752175208,0.2791441207218398,-2.3291650871907454,0.33721597049121216,-0.240973283467201,0.5817449346250678,1.2138261209888586,-0.6033521149068524,0.09124463174885715
2024-02-26,-0.13361866346086412,-0.2739439858867908,-3.177003432978518,-1.543629706010701,-0.1118503798461002,-2.233585089304226,-0.3292635558123873,-0.16726874552731288,-0.44141278849983173,-0.318674458026195,-0.009046765296181718,-0.20406755057404283,-1.7976876830395252,-0.603141866117101,0.06047130026460112,0.5322073430364659,-0.9333101172014491,0.28692695899172094
2024-03-04,-0.9754047002441674,-0.6137627472700417,-0.5931079324109148,0.5156564383121025,0.186097090528233,1.8883532327299948,-0.6363607499398415,-0.5767949658498022,0.4014008373924475,1.779018618557771,-0.5307620736758811,0.109235542777185,0.2785674523421351,-0.589783289867838,-1.4534390468926384,-0.5968909676618938,-0.6339995223301108,0.37371185282667946
2024-03-11,-0.864112136135857,-0.9362253169965509,-0.5134550052785134,0.17462852580191213,-1.639593977154538,-1.924704632108357,0.6860416583132716,-0.1964683904988421,-2.7953752819732927,0.10774399611105485,-0.7634295862859511,-2.301922223719943,-0.5831078452469728,-0.28278215046046534,-0.5841604664427932,-0.8152479537795569,-0.28062773161602134,0.22492438752741195
2024-03-18,-0.4267105199964347,-0.42371136201693604,1.5373848103326264,-0.08661246833456154,-0.2803222691892338,0.9936314312699043,1.4748513436245094,0.5533631654691392,0.4985140414827004,0.033025457943986834,-1.2440075677118474,0.5230201035187926,-0.7938668381097955,1.7485074368163416,1.496058497368883,0.21687917152648323,-1.8760003064556827,-0.060054763577409596
2024-03-25,0.5102235673110213,0.6266571716688645,-0.3179462289603075,0.39288722922232033,0.6160479005703415,-0.07112417669701268,2.0720294151486884,1.3989770872386325,0.10070629974369352,-0.8261737236799164,-0.16317212754160376,-0.16919468696081041,-0.505775698311549,0.2471178096071366,0.45628992917584876,0.841110487985196,-0.4836693446301228,0.39346518115528184
2024-04-01,0.10368252670831077,0.21190999114185985,-0.06832602540819396,0.8967568510223607,0.4978635423487502,-0.8346293167459181,-0.2060463062758888,0.834782491653924,1.6416855012731482,-1.7008815815143663,-2.5410502806942596,0.28289449130316846,-0.13544312871911451,0.10190401675915083,0.4481860044552697,-0.9699137014377868,-0.04074288497017653,2.0307514377090357
2024-04-08,-0.38672527350253805,-0.9195668179298243,-0.214900037897129,-0.010586568030709972,0.49003234102538457,-0.34926957498081446,0.2506436273230133,0.4396991459069063,0.38445362476208267,0.6089776884145486,-2.158528003362987,0.10274448804091833,-0.9556693523660313,1.6373445132821036,-0.4148415958279763,0.04454427381957649,-0.6573171398313677,-0.3940424553100006
2024-04-15,-1.668343534660581,-0.927013344538479,-1.1457236467385878,-0.18954317815491584,-1.2344713005627141,-0.9909543057329161,-0.4192536413453996,-1.6075962320782446,-0.2863650728850042,1.4227953365747783,-1.787230332156397,-1.0813223252867523,-1.1682932859853898,0.18595901552810992,-1.088148827723857,0.19760307539809124,-1.6200607962762907,0.42897239345052995
2024-04-22,0.453661000140733,0.07155201574061623,0.24378431041007745,0.9890082167860896,2.4438170966973214,0.07406101829868694,-1.5008745716260377,-0.3285693616371145,0.15122345199795642,0.5202915955508399,1.6261844716492517,0.6879663893592255,1.8808707595618128,1.3936784868999361,-0.7412903275641186,1.0707127384574946,0.5422052441647025,-0.21172481015980502
2024-04-29,-0.7547429902300348,-0.2653268434337835,-1.1003233049886438,1.4715291764525655,0.22626507039616958,0.01618663767969194,1.075086593800821,0.7122383612869001,-0.6510290725575262,-1.6715852351663196,0.22934215075711814,0.5173070229452518,0.3662480530378799,-0.33292104619391166,0.6996349024688255,1.9624310837519827,-2.5464939068646246,0.3254077538492596
2024-05-06,-1.6865630302454115,-1.28376021575543,-0.6839646495126221,-1.8211970558286803,-0.48722623150575073,-0.6435509381310193,-0.9564637277334234,-1.2767397112136318,-0.7340709442691987,0.33646442465646387,-2.1032173698748164,-1.1583526162232842,-2.4175555730198695,-0.059096011299198094,-0.1722435454655148,-1.895485963945498,-0.43745561434125474,-2.01731509115268
2024-05-13,1.9803038822071646,1.3148875638501363,0.5664653807984981,0.8472122415284087,0.44677831199135665,-0.6632031538762831,0.3523597095214489,0.43527433669812254,1.7935991641191613,0.9329619978505385,1.4903414469865532,0.6057173795951439,-0.6249100200148002,-0.3689229631638607,-1.6079050250252718,0.5103011123359202,0.8105658438467922,0.6975339289560244
2024-05-20,2.1294352159601777,1.6012670713485342,-0.0688718946951633,0.941930291963613,0.5945817283388076,0.1425766652605339,0.47568584917108625,0.42953165970547175,1.613168067916116,0.6514440058745851,1.586384476908293,1.0122461203489932,0.3961675097745472,0.9500418075199204,-1.9008695555400885,-0.20697765541083338,0.4713307428586182,1.1536506759555558
2024-05-27,0.08988660866170786,0.2425433868937211,-0.18505302299412413,0.16202379592535734,-0.48686883223012306,0.12945751634760924,-0.689682242013091,-1.8162902862848647,-0.5268205006767396,-0.9093643150487878,-0.8143897532721139,-0.49125920170631415,-0.32184792182091415,-1.4839950189137927,-0.7930576855672917,-1.8501053848681646,-0.09376030625987608,0.15415755344018217
