Date,3MINDIA.NS,AARTIIND.NS,ABB.NS,ABBOTINDIA.NS,ABFRL.NS,ABREL.NS,ACC.NS,ACE.NS,ADANIENT.NS,ADANIGREEN.NS,ADANIPORTS.NS,ADANITRANS.NS,ADVENZYMES.NS,AFFLE.NS,AIAENG.NS,AJANTPHARM.NS,AKZOINDIA.NS,ALEMBICLTD.NS,ALKEM.NS,ALLCARGO.NS,AMBUJACEM.NS
2018-01-01,,,,,,,,,,,,,,,,,,,,,
2018-01-08,,,,,,,,,,,,,,,,,,,,,
2018-01-15,,,,,,,,,,,,,,,,,,,,,
2018-01-22,,,,,,,,,,,,,,,,,,,,,
2018-01-29,,,,,,,,,,,,,,,,,,,,,
2018-02-05,,,,,,,,,,,,,,,,,,,,,
2018-02-12,,,,,,,,,,,,,,,,,,,,,
2018-02-19,,,,,,,,,,,,,,,,,,,,,
2018-02-26,,,,,,,,,,,,,,,,,,,,,
2018-03-05,,,,,,,,,,,,,,,,,,,,,
2018-03-12,,,,,,,,,,,,,,,,,,,,,
2018-03-19,,,,,,,,,,,,,,,,,,,,,
2018-03-26,,,,,,,,,,,,,,,,,,,,,
2018-04-02,,,,,,,,,,,,,,,,,,,,,
2018-04-09,,,,,,,,,,,,,,,,,,,,,
2018-04-16,,,,,,,,,,,,,,,,,,,,,
2018-04-23,,,,,,,,,,,,,,,,,,,,,
2018-04-30,,,,,,,,,,,,,,,,,,,,,
2018-05-07,,,,,,,,,,,,,,,,,,,,,
2018-05-14,,,,,,,,,,,,,,,,,,,,,
2018-05-21,,,,,,,,,,,,,,,,,,,,,
2018-05-28,,,,,,,,,,,,,,,,,,,,,
2018-06-04,,,,,,,,,,,,,,,,,,,,,
2018-06-11,,,,,,,,,,,,,,,,,,,,,
2018-06-18,,,,,,,,,,,,,,,,,,,,,
2018-06-25,,,,,,,,,,,,,,,,,,,,,
2018-07-02,,,,,,,,,,,,,,,,,,,,,
2018-07-09,-0.045599789121121836,-0.10559098406730325,0.11240720127150025,0.0004979855297855194,-0.003721491781278928,-0.0881670478152162,-0.013865907492276619,-0.10322282359048347,0.05519695370685122,0.0,0.016233850959404807,0.07509403873698518,-0.005688851218626815,0.0,0.1064521561892002,-0.06764205696711614,-0.06904039346664835,-0.10082456335265412,0.1432558124137347,0.051560644538576325,-0.10142123739941049
2018-07-16,0.06761783927300076,-0.12867724471952077,0.046031235834769,0.008011985683122924,-0.011725804848863779,-0.08829158502981214,-0.045342230217284195,-0.1489006393770736,0.13144448941681244,0.0,0.011978648472507972,0.0517494629093931,-0.04221086128609379,0.0,0.0913122548208305,-0.06059195930387044,-0.11735954485159085,-0.12077191103722058,0.1170461770422316,0.018667185720768944,-0.10364889342418697
2018-07-23,0.07037655469739303,-0.10605409080703496,0.09619979438631096,0.023274710425551775,0.04383587947889857,-0.023638509497019733,0.07170637367053609,-0.1101050629523115,0.1893858802256862,0.0,0.08458694597830314,0.101727011777402,-0.007501282855485617,0.0,0.1219865618952513,-0.011630119500241327,-0.08430174051963456,-0.06251532033828563,0.21696376648093674,0.09922470788036797,0.003879153381944143
2018-07-30,0.07511331235318074,-0.08610400715190701,0.11232784296988466,0.058761240163716456,0.16374146894065328,-0.03451391995513634,0.0649263366733306,-0.05292904063592341,0.18563234007810084,0.0,0.09596568054305117,0.10339674886664914,0.034602407619016416,0.0,0.14986508941179416,0.02298931865321167,-0.08086339881732932,-0.003930788122082608,0.2354418873256446,0.15787899380202092,0.009070199240601916
2018-08-06,0.08319995746174073,-0.022160586013927723,0.11756907609693072,0.036927957848678576,0.18669286282649494,-0.02906106312470249,0.07718539415502206,-0.06820603712319108,0.1792052088915381,0.0,0.040663466340654986,0.09330689141238359,0.04821713302723463,0.0,0.14390663278016155,0.024605703235953263,-0.14576470532283597,0.0051135831360977786,0.18304453593180034,0.12148396854989296,0.017875183278514648
2018-08-13,0.09807109820355818,-0.020612776014308803,0.14063336242232688,0.0008083403100207895,0.21920814615107856,0.0006245286091615042,0.0970851988937879,-0.07344014201010851,0.17811924485142575,0.0,0.0297165794507441,0.10311195031987476,0.015033376578839757,0.0,0.20470061710714108,0.05139046986456641,-0.15047929366383453,0.05010311374405146,0.19319003480084132,0.1457438444528915,0.024054288375306765
2018-08-20,0.09320115754312142,-0.02666551040277835,0.20758528233111642,-0.02625919330693466,0.234720658566893,0.014194408052193384,0.11353601389517891,-0.09234704458215437,0.17683930871298628,0.0,0.04414608015744477,0.10842195812156484,0.014740906577160328,0.0,0.12546447637975638,0.06711593427124062,-0.13898261106473161,0.05421662428612146,0.17507845436228572,0.1471122084857334,0.049226575774296906
2018-08-27,0.09775066128728749,-0.041235236888464276,0.19656471977862913,0.02875229856778524,0.21361132097627694,0.06513927715924023,0.10788224647229991,-0.080239830360722,0.1922216092889842,0.0,0.06960718913417042,0.19770916417539036,0.025783890248238815,0.0,0.13851030413399598,0.08214829446913112,-0.1446249738375084,0.07545964219108121,0.19763384707716472,0.13694542429702136,0.05977450115074039
2018-09-03,0.066607226913574,-0.05713009609356031,0.21848919618857346,0.026559763189622713,0.20092273868941007,0.038654383417482015,0.07220437913383186,-0.06109896520965097,0.1922968702760353,0.0,0.052262294185031664,0.13214677765631916,0.09009372077049452,0.0,0.11146440438926644,0.07316010397215726,-0.12378269939980777,0.11043810102642183,0.2240942839176028,0.13711607934276476,0.009705598142328384
2018-09-10,0.04525195755308222,-0.08089390852304816,0.27416945910029766,0.011824145645794083,0.16991978234330837,0.03259026807192682,0.07744045472051923,-0.08659913964896371,0.16085090983365016,0.0,0.06176393195746237,0.10223105221307509,0.047542776912901326,0.0,0.12489325701953823,0.031036799246268423,-0.12925753090798842,0.13416503642796893,0.18340657899613963,0.13181454289206035,0.013541117016620788
2018-09-17,0.013153432240354087,-0.10267915079804799,0.2532548457836099,-0.011528659689821726,0.13276472076137502,-0.016955494434417843,0.04245872108426339,-0.1258788748112866,0.11613767688535012,0.0,0.004788237275378336,0.08986128235929823,-0.01224006677533537,0.0,0.1314553393942791,-0.03583951120805756,-0.1673996808804062,0.052474334113800376,0.175330285341031,0.06188499830987561,-0.006859514955961301
2018-09-24,-0.05575622658322648,-0.18158476776615537,0.23142734884935942,-0.06360908762048317,0.12425654034377998,-0.07561291216965955,0.0409449602318493,-0.18161948321411497,0.08467352102006312,0.0,-0.0800212696154395,0.04224428389138542,-0.05334483351794152,0.0,0.113818230147813,-0.06592034425325617,-0.19519751098204696,0.01396897404580271,0.16236089347482788,0.0570692659006967,-0.017689895980544212
2018-10-01,-0.08215012452517509,-0.1510265485838069,0.20028005218304665,-0.11034152351001374,0.10641945133959708,-0.12825841878865243,0.002011952448269635,-0.22403894881633338,0.07471956837121078,0.0,-0.1433756269567299,0.017165928044411454,-0.10688469994956666,0.0,0.056072150671192145,-0.09471251416226263,-0.21897911076566562,0.012741899772147009,0.15441906112056708,0.025363200086518396,-0.06994492434496828
2018-10-08,-0.0665495719871929,-0.09306442604137562,0.15244434256211584,-0.09081920141789958,0.1121132209641321,-0.07447494162039593,0.0069481835650657565,-0.18987333598650988,0.0995664758051383,0.0068084056046470234,-0.08394607575065613,0.03491664516750524,-0.030968493961775763,0.0,-0.036270180538429744,-0.09005240101781632,-0.1586407590345713,0.010644908572594444,0.1273330436027898,0.04474476462252593,-0.035920325686857664
2018-10-15,-0.09452851999773897,-0.12359439320648814,0.12274075628789641,-0.12152864378461863,0.08917891688643483,-0.11169279021263194,-0.03143027709915284,-0.14722789436264996,0.14224250389160886,0.016224053565848984,-0.09491964267141847,0.04259745370873904,-0.012117822557018173,0.0,-0.03378388908946924,-0.10947415796331199,-0.1632686075892315,-0.009902277134906169,0.12056456011899075,0.00895590517791911,-0.06973201320388941
2018-10-22,-0.16657511999527036,-0.12249774483624191,0.09320962644608344,-0.15620893369101402,0.06574464965047659,-0.09810345831537706,-0.06559570415134959,-0.1667175538957517,0.11780111119280248,0.006472676123887403,-0.11429396135155827,0.03357798244163346,-0.07379594018391296,0.0,0.03856132640964051,-0.1289784293232969,-0.22620557213346795,-0.023583839834339013,0.11417812854254457,0.06490153110812728,-0.12527100676049757
2018-10-29,-0.1395782757667712,-0.05706477039390494,0.14417135041473703,-0.08965604663700252,0.10364478301772714,-0.02969709967852276,-0.024281065387456342,-0.12296360924928788,0.12125707720781545,0.031688539242994036,-0.046727588151856035,0.07709964242955122,-0.020745199488772903,0.0,0.048137011143309545,-0.05680722624092643,-0.16511381623524576,0.04809176247646713,0.1016522621694146,0.07795994826436577,-0.08437978931361877
2018-11-05,-0.12488210305033622,-0.06717951803564845,0.08302495550812508,-0.09305623285596178,0.07753850654629561,-0.025274464863523274,-0.034099202996075925,-0.12336637802653679,0.06564848577114617,0.048486670273756985,-0.09231408776431575,0.07093017819508086,-0.07463502747402216,0.0,0.033527856787914354,-0.06340692390636592,-0.11171345004182684,0.004174185927382589,0.0009367124497766664,0.1303219979110462,-0.08284675081597895
2018-11-12,-0.10144231230054428,-0.028677285751680638,0.11470502423605326,-0.09055077883598228,0.06849497776033889,0.05790600481519764,0.0057994632739743245,-0.14714038052451597,0.08191572666354675,0.03364593363445677,-0.08258597980049938,0.13625238877263604,-0.05519223141298318,0.0,0.012488112404203361,0.04897553755262989,-0.11145989755173892,0.02284110327562433,0.00027403165719380333,0.1552297082646668,-0.003541831461068869
2018-11-19,-0.07127080887059725,-0.021757370327182352,0.14077029615522033,-0.11616417062026543,0.014584048331362901,0.04695104988664597,0.016277209209981873,-0.10801760639106762,0.053555061929770886,0.06902604892358127,-0.05378504431316019,0.14092596892289652,-0.05135094078095192,0.0,-0.06967971685312303,0.11291140716779606,-0.11619017212131696,0.04787607351990875,0.0032642685521786937,0.16597047071773002,0.06768206525969786
2018-11-26,-0.0008899961216703445,0.011058831534817086,0.1785181073597196,-0.1455486090917924,-0.0018395274223759592,0.08091694758851013,0.10453238906520006,-0.10136287530143642,0.089091080225742,0.08475873347941813,-0.009159719873290811,0.22511072524035675,-0.03735898520210025,0.0,-0.07667845531821119,0.160364254333559,-0.11488482859470586,0.040960194247241836,-0.0003544631421337644,0.13835981908589118,0.09829518315194903
2018-12-03,0.017037387469941736,0.030901445689105498,0.18465942099679203,-0.11102159192984748,-0.0076003238100535876,0.11137915471607207,0.11276515441752423,-0.08803513458818756,0.014883001127368012,0.07043963828076578,0.023934553428887305,0.19308268957594693,-0.0600940733276326,0.0,-0.07671303191551962,0.09712857844398891,-0.09172224191899213,0.09470594759465974,-0.005724965485940559,0.16716739076216441,0.06492420836471799
2018-12-10,0.0966495458273042,0.0422086190018085,0.15187752667423485,-0.10355168107205366,0.06399693900734724,0.16393660198654578,0.13181309921346246,-0.01251419556505142,0.032967126910195696,0.0733457579977657,-0.005979810067985197,0.15607313808260845,-0.03247550912122584,0.0,-0.08866990510220314,0.15665217311986965,-0.07795625671210545,0.14122615086744475,-0.005388626376120323,0.19800828902565573,0.11793050510104151
2018-12-17,0.09723704201935923,0.08424139627888497,0.025605113043995233,-0.07194722670280092,0.12192639637762312,0.12555439115532788,0.12565795802826424,0.048505628203872796,0.005372735678100797,0.0658912782788149,-0.0032113974625199754,0.11673782781966055,-0.02600603974381414,0.0,-0.07217257738242114,0.13938620809444466,0.04668032809144701,0.18029404044239758,-0.032371855140627195,0.2380723261890653,0.10035545388033798
2018-12-24,0.019776037780224746,0.0013028553978480437,0.0475404006577604,-0.07068032198537215,0.10010029286496942,0.14135106675056022,0.11612719061210833,0.019323410844449822,-0.015835752406474356,0.0655395189171901,0.05642513076879769,0.04648602095843742,-0.05180999723704557,0.0,-0.042885438527192433,0.09554550758929911,0.042035046646420125,0.15340608387229132,0.034576222757764355,0.20828535176013538,0.09259761801557535
2018-12-31,-0.028711901245742664,0.05806704827604783,0.03431089205580157,-0.13605053565535624,0.06099098244110172,0.12515931871506009,0.10296508748556367,0.08675061969522867,-0.047897804532986574,0.062204216141669995,0.059960552000276564,0.0036533759962192563,-0.041321637092320285,0.0,-0.025691472707624705,0.08893431876248946,0.11391169473251443,0.16254079437700483,0.08649187359874551,0.204830066004418,0.06569186056813722
2019-01-07,0.022553057650839432,0.09195694539602982,0.08400273666484141,-0.04574127105223082,0.1211410137720478,0.11854413375337967,0.04197407051039927,0.13783285219771563,0.014014645979103704,0.05957888742474328,0.02630300081978553,0.05852187775571953,-0.0402387153988613,0.0,-0.0015650012628552587,0.12641286726687623,0.10751041237384207,0.1572669124606975,0.1376086744546922,0.22118644183501393,0.03168490483276652
2019-01-14,0.016746419699332125,0.0900928915217128,0.037295292294649056,-0.02925298699433797,0.09189630103092403,0.06952124667297643,-0.0107903307030133,0.13892281697695802,-0.005981488872449342,0.0491666669478457,0.08134209307225886,0.021638219605796403,-0.018484878918281857,0.0,-0.01708887826340207,0.08307291505616983,0.08175922266856865,0.13149009292488362,0.07375955415714322,0.12829934578730906,0.0240783924349775
2019-01-21,-0.0028322868891148783,0.0563312517051457,-0.0208513764818468,-0.0045790310246077316,0.08981768751033867,0.03520927724898003,-0.02979216078856667,0.004946847528460395,-0.12015242744315127,-0.008632888663415963,0.005990995843747428,-0.012833589381610892,-0.0803865703375367,0.0,-0.09027527092542965,0.04885053862673364,0.07572473020709627,0.10322499038908838,0.05907756879829551,0.08120817456909643,0.03170400276303327
2019-01-28,-0.11762545176786687,0.11916962365378078,0.059963303957742284,-0.02967442304703131,0.12718823227460838,-0.007620417692024571,0.03525846886851662,0.04119985433233888,-0.17157309604432353,0.0012707158535624782,-0.061871394111578146,0.01728097187199316,0.004158723062410473,0.0,-0.08380009926556908,-0.03684330036289541,0.12176257896212375,0.09118884904259013,0.08946923652780545,0.08250732473975912,0.07718151164988794
2019-02-04,-0.07919363544941549,0.04676897568883411,-0.0020243909086435303,-0.05892747573120395,0.075702231774062,-0.10991688306517777,-0.09612149213869244,-0.007901967751068625,-0.31526785104639676,-0.026213250010446085,-0.15133709123128597,-0.04091686016676569,-0.018894084260258213,0.0,-0.08927059020992334,-0.09746443252121748,0.07603251128940604,0.034879694953817306,0.010527300389562788,-0.02627618214712945,-0.0282838507168744
2019-02-11,-0.11170738411273377,-0.060263902073049484,-0.025116980159512168,-0.16929030609463405,-0.030077177076364113,-0.13983045813221404,-0.1262326561525787,-0.1251962126220683,-0.3195693018664362,-0.07051730498001126,-0.13053212867187652,-0.05435309173410084,-0.08694650018648524,0.0,-0.09723248372684692,-0.12385696960933716,0.042328277719076504,-0.03685111377594499,-0.09576511168961518,-0.06489803038894264,-0.08144642589400161
2019-02-18,-0.029728242129666103,-0.13633063150204547,-0.025473927964203003,-0.1765697882474995,-0.0514246709883839,-0.06899189467619744,-0.10121183105996086,-0.0957752033499268,-0.2557083711199101,-0.02645676786775513,-0.06898310001901543,-0.052396825803679645,-0.12090645081480354,0.0,-0.08690131314714197,-0.1147001606713294,0.12399663040131047,-0.008446523836739637,-0.02590659548001176,-0.032951072215745704,-0.057124075297526104
2019-02-25,-0.0643782739586309,-0.14168275167558733,-0.048469152490549804,-0.12274385890015041,-0.07969692584901349,-0.04541697621214171,-0.04157585026584863,-0.023164593643294436,-0.21710716729142523,0.017946794539380733,-0.10258716704023937,-0.08862556432656223,-0.09733193079089597,0.0,-0.1081333743267389,-0.1360045052973068,0.1512337782443027,-0.039910390258824126,-0.05579476973982079,-0.07450101380957219,-0.031958657166740366
2019-03-04,-0.007395116181392388,-0.09286583675660229,-0.09408396867522224,-0.0884442851657189,-0.10537319985027016,-0.033174878123944464,0.0036973298508722724,0.06967687680960631,-0.18924991755239856,0.04331370181134305,-0.09678083587906808,-0.08402033003601471,0.0191432877379663,0.0,-0.005444711151828858,-0.16630206278180956,0.08925016901056204,-0.042550252945473176,-0.05520996693667623,-0.030657954192882326,-0.011487650731536387
2019-03-11,-0.05304660205898965,-0.10781083468806263,-0.05000821105463931,-0.1543824194370924,-0.07821009660913626,-0.05630992609922103,-0.023552168473836343,0.09073113543096925,-0.18383419651299945,0.10727794579750145,-0.07140995912962418,-0.08515863837607555,-0.00848766417397044,0.0,-0.06758778400823333,-0.14030507966769326,0.11083362626159324,-0.04575172288708602,-0.05766149188719883,0.08846311035024125,-0.030279545301476717
2019-03-18,-0.03122346865297742,-0.06685863279871226,-0.03833841042973085,-0.13704299148823934,-0.09311606621538816,-0.02331171625152984,0.042552793213887656,0.06132528564573631,-0.19335422826498933,0.0838121714173007,-0.06598758197879749,-0.05087448550421946,-0.09500684932947401,0.0,-0.07477213797967634,-0.13036406405095916,0.09105532874777922,-0.07402808379582185,-0.1135325301396366,0.05688221002470627,0.04005857610695287
2019-03-25,0.006747305187009181,0.012428279347263331,-0.10977063945556917,-0.13307354542793612,-0.0998468516161799,0.012881187924011581,0.08102111557156315,0.14039228841100557,-0.12162013385552986,0.11436021643006224,-0.04299786706615886,-0.043302353405965076,-0.03171598648764208,0.0,-0.037653272311888426,-0.06619706097015036,0.12425781035918397,-0.11416827114909914,-0.03482768912003326,0.05020968964979596,0.05781434737791729
2019-04-01,0.02382641388028924,0.05213906286536176,-0.03875465782004338,-0.10762085488935362,-0.08178237256990253,0.05524444235435087,0.10786153688679959,0.16955769291756181,-0.07349522250531118,0.11298915091428528,0.028278747739754712,-0.023882572784261237,0.04770900556239489,0.0,-0.10248890546804057,-0.0029346336951291416,0.17427439808350836,-0.03422475848088543,-0.01918776129521451,0.08581046729330641,0.019028074522929744
2019-04-08,0.11750537566046196,0.12430431396828649,0.026456741990900416,-0.03962058380693515,-0.02967106376961839,0.11344808524102713,0.09727021946745816,0.2067773976984205,-0.061957382109088535,0.12607065842328913,0.10746134875869129,0.026645308789897553,0.08035413116341163,0.0,-0.0519293281509579,0.027351140522419517,0.14037528133265847,0.03195163411758987,0.002984133368126095,0.13155511275655993,0.05339372873099065
2019-04-15,0.141014634647768,0.08807602150189246,0.0571167769319629,0.06405818221708552,-0.054855801466470656,0.17844299147129397,0.1541016406230174,0.2172581857908898,-0.0587987872383588,0.22209243794581304,0.17989540955695196,0.055367222630436745,0.1408114965605494,0.0,0.021996917115364778,0.06982111062773415,0.16127213298832288,0.07332775223707153,-0.01202227762618846,0.15724288362033811,0.12277151180502932
2019-04-22,0.0695536590321431,0.030165054465175166,0.13569548786284188,-0.0023107407720158895,-0.1337198114984395,0.10729050835299485,0.10406678812196908,0.16425689113565345,-0.11245764455915416,0.19081379804700055,0.12160606651629784,0.013319872234100959,0.06051556852063191,0.0,0.10524969753398694,0.0700082793878078,0.0546665348361617,0.0472919488285081,0.01827104634117805,0.12014192188510722,0.049725137395645935
2019-04-29,0.07028651146519155,0.030079633881537556,0.16775217312583587,0.02220639393767058,-0.13366120676024854,0.1598072605278221,0.1344473166099258,0.10490415182937705,-0.16394261603369478,0.16688064117317855,0.12264931635579819,-0.00024071712897772674,0.03746458686547833,0.0,0.07189000287455692,0.11565453878431582,0.017603257412378146,0.055669562195936044,0.03520686491571262,0.09279623149559978,0.059268475469946846
2019-05-06,0.14112695124364308,0.029558964135662256,0.0956557829533494,0.04645405207377124,-0.08979288174518064,0.13232563456833693,0.14256567662731853,0.09847399709790897,-0.17396490806420098,0.14289850920321853,0.11537442480866779,-0.021713176116702988,0.058135862302324814,0.0,-0.013877569485683071,0.1522468396920824,0.08734209648163992,0.06208630811273542,0.08708748330466408,0.03920580963580423,0.0798353858420074
2019-05-13,0.10260958151158703,-0.04127211671511216,0.049070904241196964,0.008381392011899528,-0.20375273110858222,0.04311395907741055,0.09361011301363147,0.04027814052317219,-0.17548181004568444,0.09300987615823783,0.036562643516684715,-0.07648767890742422,-0.0185375303356786,0.0,-0.08416502245914738,0.050913168062066236,-0.01597306571118549,-0.07301553370185,0.0653325978320982,0.008845949571294183,0.05606299770496568
2019-05-20,0.1194331299370597,0.04941451030796094,0.13072125209657331,0.0879669891502594,-0.14313658857189404,0.09314405454332039,0.14100347855572065,0.1137331574584031,-0.029929161341316735,0.1290206810621191,0.1062964355639034,0.005053566117523651,0.05155073142921288,0.0,-0.03354347446440562,0.07248198410331914,0.012270121185775893,0.01634660632669979,0.0966176709217932,0.022011484975436084,0.11232845340252089
2019-05-27,0.06790010297871837,0.050264852620953926,0.1607277970377999,0.062332503185317745,-0.08955351510356448,0.06613285832768243,0.09169499425846714,0.1315545362191549,-0.017121827605829323,0.1477419374505004,0.08065834803136811,-0.030620566608241695,0.07050470831314919,0.0,0.010092056473476534,0.04587533040166989,0.03017198030396664,0.09313804580886616,0.14419435247914242,0.03608470148165704,0.05641404008217583
2019-06-03,0.036832058816143085,-0.00891709242935559,0.1332142293642111,0.11019565640744067,-0.04226870425368702,0.02595889108783857,0.05596523771639937,0.0620194494416633,-0.01737105413592079,0.10100172942945589,0.045503544528063065,-0.09228958076950446,0.0541537524138536,0.0,0.06921794975677717,-0.009241026585067171,0.040551486542234075,0.11644303241618519,0.16357895414278395,0.013442455391774969,0.014909287550217951
2019-06-10,0.0009885784731288234,-0.014998879933268242,0.054407863081563264,0.17311755139420887,-0.030071756617873178,-0.037472498384545694,0.00019453208080480455,0.060488441649989795,-0.033929304210786514,0.06888361624086681,0.04106513483447586,-0.04499258768821167,0.0015763313298191267,0.0,-0.0322468445829446,-0.10032583113019267,0.05898034289981786,0.024354748423580447,0.17849874946105945,-0.0008530455698882207,-0.039448949127767204
2019-06-17,0.028847163749262168,-0.025466723869822263,0.08673506328708605,0.14059894444570328,-0.03274574898630701,-0.0265077436882975,0.009092164033136004,0.030296333610914956,-0.010189118427486706,0.06067155715483523,-0.03545129922331258,-0.05820543152559871,0.008985645472151351,0.0,-0.009216346273539842,-0.03916219156183715,0.022542727939423197,0.030032461014982303,0.1281999981984822,-0.028341967459257267,-0.0309424170507204
2019-06-24,-0.025662182628789592,-0.021225805521631325,0.07979876241990723,0.16766913216047635,-0.08413345004060993,-0.06303163198385732,-0.009518910492650598,0.0014218647470849355,-0.011539538479138878,0.08718345259490103,-0.019550539421996322,-0.06157471844448377,-0.019082743588666632,0.0,0.030474689921740572,-0.07204435973676342,0.03662482395368072,0.08168668832898125,0.05820232127858736,-0.030021965731604545,-0.05470175270207906
2019-07-01,-0.02298224543983544,-0.03109384749568515,0.11173665316027405,0.16656697351181665,-0.13675802519470742,-0.07676393164906371,-0.02239518375911417,-0.008712740905873618,-0.02834814253888932,0.12244314560148899,-0.031055123308115985,-0.03770053228163626,-0.03680774598896063,0.0,0.034665904456081316,-0.11033429436953546,-0.03803788952349011,0.04092617615973467,0.12423461018251968,-0.09813486939996927,-0.07337802024354763
2019-07-08,-0.029729358585490397,-0.052776691524537685,0.07272018418267792,0.14016304778188468,-0.1278845587284757,-0.08982052778998231,0.002766519990891475,-0.04832770868325899,-0.05758004717986504,0.13323251464683483,-0.05493474136597349,-0.023723643654118203,-0.04868385870575832,0.0,-0.025515978428670715,-0.20289569804544758,-0.07854195268135981,-0.003191704035461725,0.09317242523903776,-0.09087824206608121,-0.04730204876402194
2019-07-15,-0.011995383169227122,-0.09438023071070775,0.02009846823457595,0.08238653028935013,-0.11020763157442857,-0.09070365022714845,-0.01596776024792228,-0.12153166244691195,-0.05269167499947848,0.0917910414467823,-0.07267329536821088,-0.07704678251370291,-0.034261733786073556,0.0,-0.01054483437222536,-0.11250773511442945,-0.15776327154213807,0.008698061809545453,0.02742770804414063,-0.0639686220721978,-0.027737341924105607
2019-07-22,-0.07804233591506889,-0.13047007989325557,-0.03328035800972071,0.009385246752386467,-0.18238255078640456,-0.0829905341089718,0.023093485101328137,-0.11411187631400865,-0.040806929065661295,0.1235057074838647,-0.11481579647536667,-0.0922995478231844,-0.03909000375211156,0.0,-0.03954469022854341,-0.1657257350688984,-0.11265213984772482,0.046644374780851386,0.009785759119284964,-0.0745665108939375,-0.016099603085578226
2019-07-29,-0.0784777656170956,-0.1008886013974745,0.001227954380457297,-0.0069347463911688485,-0.19863939318030477,-0.10564082968898122,-0.011719237150544,-0.12692634871868508,-0.027967761041949552,0.10062651676685057,-0.16138279035194894,-0.10398044666900488,-0.05218043506555041,0.0,-0.05720451072756921,-0.07850974741676996,-0.1382353965835978,0.044182675569083944,-0.00841985645409011,-0.1190166923321183,-0.08944642168808278
2019-08-05,-0.028338816577384764,-0.04151193409098213,0.031106571088338367,0.03932706945704512,-0.0968017858319111,-0.022412097133909854,0.08018929914722113,-0.10833073869914871,0.027744212413190496,0.15155246241127646,-0.09401520506000152,-0.031218287396407782,0.02040424672821804,0.0,-0.04581703023437711,-0.06413356017715212,-0.09173502525030759,0.10395431018583688,0.036873167167400966,-0.04783531745005672,0.024918634385784906
2019-08-12,-0.036552505599972515,-0.15419887007078564,-0.0029957424733601146,0.05132308952708838,-0.18953525828441475,0.01836840092404927,0.061648379430406255,-0.1258553534018622,0.004164426419818715,0.14425733844754718,-0.061343188029952866,-0.061733028190258894,-0.034228350064862925,0.0,-0.0524322495997055,0.06474045480576754,-0.1082124236663259,0.21938047279608083,0.030431507474763468,-0.022404450705326356,-0.009930437972157058
2019-08-19,-0.09285241378635371,-0.1464464733427669,0.002355379427698094,0.017790811852671822,-0.18876402464666792,-0.01144568897923778,0.0017104332029744343,-0.1847496934535952,0.08383076956673506,0.13134004108469935,-0.05810406407283613,-0.012737498874031559,-0.0594795535334117,0.0,-0.10602101652210341,0.04639200124626379,-0.10241465289482786,0.21053906794803431,0.012988112291711299,-0.03142914444681278,-0.07995598541233995
2019-08-26,-0.074559093570302,-0.019428168796675898,0.010110913014500083,0.11855185245364751,-0.196066309633093,0.057035349056983105,0.075162047059174,-0.07620052868278163,0.10913660829862439,0.2032961725271067,-0.0517425347073308,0.029316160251076445,-0.017421744202683644,0.0,-0.1631819967027846,0.09778027497998532,-0.05911190859710624,0.12833067142974985,0.12332000730852591,-0.041312646495036055,-0.005326415936558713
2019-09-02,-0.13818649282380585,-0.012771606304629701,-0.00613085844392011,0.19006644522825675,-0.17688631161700386,-0.01690896952804544,0.00737372026661975,-0.032735146124789616,0.04883496685816251,0.1346682524502518,-0.057686705214709345,0.043812300410279455,0.02721793710365028,0.0,-0.1826385391851108,0.09660243327499742,-0.09369231163908921,0.1456121308278185,0.11085922212925134,-0.02262998031718769,-0.06684674569392371
2019-09-09,-0.11551852516433345,-0.002750473593195612,0.02809891967670256,0.16962222296430876,-0.19867291795493286,0.012120958560347546,-0.02299587291591488,-0.05044919252343161,0.07621140714201649,0.15180558342439418,0.018352794614091665,0.05795884651758855,0.08840969819346364,0.0,-0.15627473215110133,0.11459903128598078,-0.11933444032447106,0.18185645530851544,0.12803680085995395,0.08148714239624126,-0.05890676805104201
2019-09-16,-0.16593316619672263,-0.018556364096168544,0.06977764748244185,0.184685630697008,-0.13775949108320878,0.021022771202730696,-0.022928397868870805,-0.13643445952003466,0.07585745152688543,0.1362585871417536,0.02317453709690318,-0.0016145033521378321,-0.02211387866876984,0.0,-0.1150896563117421,0.12827964804578246,0.0038130910235687964,0.22992864778418995,0.19798009854070803,0.04351618876181057,-0.042466569341235494
2019-09-23,-0.09220900657584903,0.015876509069888526,0.12396579181273301,0.22270333166696887,-0.1236948143673965,-0.03774068499911465,0.009016943638008909,-0.10844593154034225,0.0583799083468599,0.12370111245924284,0.04249222621593505,-0.04612794133967594,0.019993900606836194,0.0,0.015267830777357303,0.07975584943670282,0.08129556124419687,0.2312395567259167,0.16443871678953031,0.0009347347310156771,-0.06339410594830393
2019-09-30,-0.13048397499243755,-0.059056896447761874,0.043362635478520914,0.20581626094753838,-0.08248931194448317,-0.08361868050064317,-0.0952322507155773,-0.09872367471405666,0.010307452758843936,0.20160596895110647,0.026273049228748922,-0.040705605780065324,-0.033914110359418104,0.0,-0.014659670061222787,0.01939859721661361,0.029214946919103885,0.14669519221043578,0.19481735000194786,-0.00580011142463894,-0.14565714738117413
2019-10-07,-0.1015569738861196,-0.09802199744092514,0.0739195485370157,0.21526893485704038,-0.056063072921777646,-0.07955671331386709,-0.1604511437823326,-0.12904579627559634,-0.04726662982391954,0.24147239397101578,0.027938204152189786,-0.03535886770228369,-0.05654242546464107,0.0,-0.056528033173991486,-0.028497035586192352,-0.02307987505539556,0.16045550148094975,0.15470900262344628,-0.040162708499483404,-0.16339454064436618
2019-10-14,0.01641478603911444,-0.07819973636413624,0.06821337044949563,0.1698244429836682,-0.02052904715131973,-0.0572554183326316,-0.09777647573920063,-0.104087659121168,0.06584703871947947,0.28160338167852356,0.04143164171428902,0.01187051767382533,-0.031212978556661997,0.0,0.042217727849073364,0.010875797388314805,0.034728511233441915,0.16838562607742796,0.1423896092945412,0.01863615631760487,-0.03998603570493046
2019-10-21,0.017129543009260836,-0.011747224128660836,0.0018879979735759841,0.234308840964662,-0.06674927533112117,-0.02684426634349696,-0.09685966298082246,-0.07708535781654627,0.10184522194098541,0.25342170636050093,-0.00124061514126297,0.07598678465807836,0.03274162929531686,0.0,-0.026179792108133572,-0.013198005185011909,0.10575253941749298,0.16392832170659316,0.13006697780379212,-0.038895054076213485,-0.09396936242368932
2019-10-28,0.01652813034850337,-0.008160636152426567,-0.029987421721273135,0.14143868431367704,-0.014478006707061841,-0.04951011115012781,-0.1074141625113699,-0.03472708037814682,0.14134042632124924,0.13939404247051332,-0.030191856090970665,0.0976921881180154,0.11190050481450378,0.0,-0.036833013063675625,0.028376332295966755,0.11666942510898282,0.1281406841902633,0.1642946448354928,-0.0008971590260729023,-0.09515772720591963
2019-11-04,0.08097417639911356,-0.05874327231488062,-0.06018472250410895,0.16157922100470107,0.033514469766011315,-0.06938879741212219,-0.07847864475352385,-0.005514179927370262,0.17455473518874884,0.1278088894079539,-0.03713663853699894,0.13260648097689637,0.0731378678743626,0.0,-0.022123281015855912,-0.03853041087675009,0.17709637898726258,0.12130057414815988,0.17263296781927998,0.0013649781527847976,-0.05167290247450889
2019-11-11,0.09506511304283752,-0.03311938307170665,-0.06371915986055633,0.211808920527451,0.08983592541301323,-0.04051267308301949,-0.07791179722656223,-0.00026709752768746105,0.15840261918397694,0.1682853787943024,-0.074959271404985,0.08395902802488107,0.03581757302204365,0.0,-0.009829748621387644,-0.08400859316818766,0.1363781436753103,0.1405478387998132,0.16732132893701548,0.019365955011580845,-0.029020478810180043
2019-11-18,0.09952421613273443,-0.016930063428930504,-0.0007275529806111046,0.2151714049324856,0.08250478205492097,0.02745800319889549,-0.058387455220429256,-0.013810967945745148,0.1774367066869523,0.23078971229203554,-0.03440242279603336,0.08862928566608809,0.07740767621364683,0.0,-0.0003475872624359196,-0.07718724421434395,0.12307094767992696,0.1368953145122027,0.11487105040579472,0.01592218344704705,0.0049750567653338495
2019-11-25,0.0967868903695513,0.005178014635690618,0.017522459533493486,0.16783904299975422,0.17998588097169327,0.05624425226129252,-0.022585364445341084,0.008385487188738014,0.1881815887319874,0.33061051439729194,0.0022731524266530073,0.18165640927646215,0.08993425950198504,-0.053494983996135004,0.06639955342920266,-0.053650356236853144,0.16218636852578397,0.1993143150628083,0.08012439469764884,0.024793962226650906,0.00364213544480852
2019-12-02,0.0317159134955563,-0.13620963391176302,-0.055899055568677684,0.09443114567099356,0.1310946235763858,0.0048425603015782226,-0.08781284415934394,-0.11557196683205724,0.0469083415208028,0.22319393392049847,-0.12149549452783082,0.10963098891427693,0.002734669207565595,-0.08109962843430345,0.01340463835164818,-0.08248310263712058,0.07510012726840601,0.1242648394385439,0.07820873089113148,-0.00015100341339810023,-0.0649470169768793
2019-12-09,0.01731915175210433,-0.15930154540430136,-0.06752496330654598,0.09895786068431486,0.08898801120399205,0.02839800870456091,-0.07405830692193924,-0.08950692229489178,0.056615222239389126,0.21076766549055176,-0.09880799381718862,0.09575052970104106,-0.03705734151655118,-0.09089979918144589,-0.003724126021154759,-0.08446290649595437,0.06514341443763508,0.0644937369956229,-0.022075981185286107,-0.031462663444328846,-0.06648445562688758
2019-12-16,0.05787914100281206,-0.12513248941316554,-0.10090607057610021,0.05269918356715419,0.06238775560128048,0.03609816156751998,-0.02028418447536635,-0.07750565361136938,0.0741330955869622,0.2025183353145687,-0.11987515098532556,0.14203374698550816,-0.001517024325518364,-0.11768123546902218,-0.04828234837248794,-0.0452766319154293,0.034458661529850276,0.05037142508696806,-0.09626996522195855,-0.014206945338801064,-0.030466680165060846
2019-12-23,0.06231447609572567,-0.038003212888436964,-0.04859622335326706,-0.023176724605135864,0.07195857165558088,0.05484661228952124,0.017911129899442328,-0.05998314456802851,0.04048714830916133,0.23389798922125069,-0.1348132621471064,0.0817677405586567,0.05132980102338875,-0.1021306323786089,0.04239688758834117,0.016217915259086505,0.005942048025849565,0.13635904079904862,-0.1254392289661217,0.014805460941428586,0.013620210750039158
2019-12-30,0.008633645196789214,-0.030307825875824944,-0.04041960449665608,-0.0156972871730202,0.09203356112310672,0.06326474471549404,0.04836952009552642,0.04552234868358433,0.04753963228747613,0.31649911980833373,-0.027289446824135446,0.12428391836114037,0.10209304087770107,-0.11406106664412277,0.002287169980938475,0.04639423616248735,0.06598924253646633,0.14777021570693785,-0.017787365748187647,0.07640428721828298,0.053704884503444746
2020-01-06,0.019818430528984635,-0.010159052238009678,-0.024563857843472748,-0.11348410405277745,0.0030188490829746095,0.10332131488967503,0.05443759326260209,0.019676215812302982,0.029975818294609095,0.30402612152365877,-0.013879000217923099,0.08641249026049806,0.09780712419921678,-0.1253119711995245,-0.023049824542234126,0.09808219095411055,0.012819218401187021,0.057379917674597374,0.15630304712307017,0.041413324003958425,0.08480341497051642
2020-01-13,0.08210120226280716,-0.010690492238576392,-0.027686306532169934,-0.10857635770926362,0.03249920084030222,0.14606744122620277,0.07212232978371265,0.07267230391203001,0.07079801722344946,0.20298538088425339,0.0008000137404542111,0.08523054892451308,0.13973147693093335,-0.12511393039556992,0.00045617046609845924,0.18261542434296013,0.06632775570036738,0.0805479535776197,0.13550055198699756,0.123412756628238,0.0881952119701968
2020-01-20,0.10792475278933149,0.014068499124185261,0.023760092895042443,-0.10334879535713441,0.007246196404512247,0.2493927124982848,0.09053787485811937,0.08955043066715138,0.08062013172081647,0.17399438960197053,-0.02669312635478662,0.06686560564827289,0.15505461405026183,-0.15437620486528555,0.0895694381788751,0.26451777472355587,0.05179944448860234,0.0703101520153251,0.07994549021256701,0.1902791928928805,0.0793443712218506
2020-01-27,0.09029999992560751,0.11218970485366661,0.041616554735126585,-0.08407859542790352,-0.011159091651188419,0.20351054136881205,0.019664385510880296,0.07888189563870454,0.07637631047829016,0.1952810869219145,-0.05448470358632539,0.0981899409801427,0.090666124456139,-0.11840370281495041,0.1306260968855863,0.16040027534388882,0.06998838969598202,0.064229514283096,0.07089417542848223,0.14584154981494804,-0.013054725432292802
2020-02-03,0.225239078692764,0.12160537713048059,0.10448939996742054,0.013019546162357025,0.1362453076258207,0.20815301624259677,0.04219689100137082,0.09478658602234334,0.11521609803163757,0.19123680721674116,0.028091646686838816,0.05928804350869537,0.12226716637688027,-0.12558153456799476,0.21292996593453764,0.2948309611924576,0.0906553852811151,0.013544875427971967,0.12266838275710647,0.1404515462211984,0.050158802239114064
2020-02-10,0.1354308490806665,0.1200812302404793,0.045957326440216516,0.057743381741211804,0.17730381396060668,0.20501126008663198,0.04602134429939174,0.07184722987005987,0.16279358755075085,0.19834305130552785,0.03879720783404735,0.07901242126239554,0.09801368228424791,-0.06239412803488343,0.1764731281191094,0.22802782646456862,0.2166305762995843,-0.0072603571970398795,0.25035785137187777,0.16836250581978138,0.10042717865557546
2020-02-17,0.07477532487240811,0.08890508985575517,0.028057252104559876,0.031342807125744304,0.12397535402725625,0.17278125525373825,-0.009679396936092115,0.0915581568598223,0.14104236275057808,0.1713612536593767,0.0500789802555857,0.02088401286788596,0.06866132335828976,-0.020019796927693352,0.19291621307328996,0.22853258185080794,0.18179853047338107,-0.012128337783074955,0.18591919462217615,0.1742396815443193,0.024066867061452186
2020-02-24,0.038746691303128175,0.1069527308952084,0.01763626893804431,0.03078751529610762,0.09492287272647873,0.08510951565690407,-0.08622458106156224,0.08504524413529967,0.03933025613241032,0.09696183209537954,0.01860292109115504,-0.06020364748924847,0.03928638654655443,-0.10340162109880932,0.14169433508395765,0.1394464106596784,0.17583268266859395,-0.16430574968555328,0.1539332708948999,0.12143568522259307,0.013216754429180686
2020-03-02,0.1287438856628377,0.14671864774920626,0.035464006130824545,0.05815047280647068,0.07434465835370958,0.14958222506008725,-0.018315116025252248,0.11328201192728825,0.03287472827335343,0.11243102904984413,0.034343625066538805,-0.1253604877364704,0.022820720290889523,-0.1379237753744836,0.16438120795297123,0.18359075707662154,0.2054154559831056,-0.16237336242657702,0.1275108600312774,0.1364762345481712,0.08020603236337791
2020-03-09,0.055638042922291686,0.031136055063103272,-0.06548721236591623,-0.010658039707828174,0.00036332496484218054,0.053190584150413035,-0.12217376490366569,-0.015601763116851177,-0.09640764269399564,0.04118407757682321,-0.10244869549041068,-0.24071321141921417,-0.07738435611580623,-0.17665848617951824,0.1877966310868708,0.046945969521747045,0.15493606476772906,-0.10543180167803465,0.022118381846330828,0.02885840379777021,-0.015453415552786518
2020-03-16,-0.032566562941287326,-0.028134659186623327,-0.07943408665504528,-0.07451498506290247,-0.11479549739888165,-0.04693730797292791,-0.11304373185030611,-0.12280619275876532,-0.10959462754320301,0.1047226392669945,-0.1702939838714558,-0.2030073265719409,-0.14290247214465968,-0.2565135708361876,0.08185710515151907,0.0067676451426173356,0.09135849002586324,-0.24120546530338452,-0.016738663858033444,-0.09626582981021145,-0.07549371795393246
2020-03-23,-0.01925719440897874,-0.03517650998430918,-0.1631954310628235,-0.10936444707520786,-0.14074753572502977,-0.14092066568184028,-0.24776140207275846,-0.20538544886033483,-0.18844930669379728,0.0526768371986972,-0.19962129199725107,-0.19551391651974276,-0.16589110733911425,-0.30531716187771274,-0.024278525346584288,-0.010088516710716906,0.07980272398007746,-0.31043176656499943,-0.022606243087012205,-0.20432690118576383,-0.1726256613951731
2020-03-30,-0.02001874680873327,-0.04510570619747036,-0.16334498093511615,-0.06365630414210152,-0.23998130125822031,-0.16117724115788093,-0.29075719503118247,-0.23437178467450054,-0.20190802874814415,0.04637430327519946,-0.2241763602698619,-0.12059431576004928,-0.10622718162859328,-0.29394983078413794,-0.06901367107436764,0.01030034737237123,-0.012428079403206806,-0.3255635464234593,-0.11034670737814611,-0.22743670806399546,-0.18569164651589296
2020-04-06,-0.005986181431873365,0.013528698669951442,-0.24420843931928315,-0.027931635906125296,-0.23728555484845362,-0.08630522702300136,-0.2529688260781028,-0.23893933137401227,-0.16574930247211764,0.028787771519918532,-0.2608980172341238,-0.1457945539574206,-0.09588903897765655,-0.24744537243071707,-0.1492810453295838,0.04030907157873721,-0.10295647673700468,-0.2527078560517088,0.0018233339456670908,-0.2422866747486868,-0.13095859715353037
2020-04-13,0.06518639933776442,0.077259782779095,-0.18704446806471456,-0.06734330946146062,-0.25663186329991594,-0.022413740852012552,-0.0960959388591942,-0.16487051021125465,-0.09773107339997364,0.004783961351978104,-0.18473904014090584,-0.0924373451630404,0.039468935957907667,-0.19296710946231746,-0.023821946997376258,0.07044025701061296,-0.01791499667784695,-0.16645340793068872,-0.017008374289227135,-0.13968151950298804,-0.02406236096917627
2020-04-20,0.007792985292094641,0.04848967145720446,-0.20765659787586313,-0.09008741979882852,-0.30130382909642933,-0.10178487710816121,-0.0739331791477932,-0.17887167079116478,-0.09269121892349376,-0.07057762465590586,-0.19998455664873765,-0.08323144350310496,-0.007060135348128723,-0.17171190905485362,-0.015948572668530784,0.11539740473483846,-0.05753995210295489,-0.10450658754760832,-0.012448240221420956,-0.13121723822501577,-0.036441249552256146
2020-04-27,-0.08454354770784332,0.07910547403430399,-0.23185405428640485,-0.01547262984689635,-0.3142394542972947,-0.10032010751181798,-0.11166187726846315,-0.17420837901364966,-0.18655131466108418,-0.0859744525597868,-0.1767089777152915,-0.10900809129046866,-0.03402783647186069,-0.17374180931232264,-0.023677588027847512,0.0828761769369641,-0.10008541161731568,-0.12558572988396263,-0.04437862184825137,-0.1273894385888077,-0.08334894721884031
2020-05-04,-0.12579184277803745,-0.0011563369762563533,-0.22935086057008822,-0.10915191068002161,-0.32407778453716496,-0.14364324609123216,-0.10278601496141883,-0.19618035369946588,-0.20218840527095988,-0.07048689043218129,-0.1274567017939854,-0.18226555095019062,-0.09975201528974464,-0.1919376087855423,0.002310556281331955,0.08816580259776667,-0.1529975194267104,-0.15865166287967866,-0.04793677242790723,-0.1290327331895966,-0.052863514121847685
2020-05-11,-0.14193107088662918,-0.019779439089565122,-0.1961849012425731,-0.08812522836167225,-0.32270208831554087,-0.10883082001221021,-0.08527032647857904,-0.18609250078554793,-0.21626735714709053,-0.02942230811560257,-0.05657168023050174,-0.198107774925454,-0.13832364173954334,-0.18982250223278113,0.015538509093454644,0.039920072588352846,-0.18110517060160283,-0.12306383335428318,-0.08863533050729631,-0.1504053609377382,-0.029618963135651283
2020-05-18,-0.14273430057250527,0.03051913344104314,-0.2440075070089227,-0.10979285412831961,-0.25206549481652246,-0.061317604142523734,-0.05085157957543708,-0.19725506586708116,-0.21788435008148607,0.01475864553955515,-0.043150750792983014,-0.22186070380449135,-0.10326704211351968,-0.14737682219584616,0.016781063966243404,0.09792399370402158,-0.20900249524985295,-0.10094314874111461,-0.09644063764616022,-0.1349493522276938,-0.01865303492780832
2020-05-25,-0.10130694833530544,0.011908037243810324,-0.21114405730611616,-0.14919624953390584,-0.23225735329543679,-0.07694524483910983,-0.02068081562918652,-0.153029097250311,-0.16061747266125065,-0.0018594162788960953,0.03142179527862025,-0.16705375903241063,-0.06560566399188542,-0.14745870057217444,0.04329195226798777,0.11785692377333878,-0.09784203893920548,-0.11198436866291572,-0.15451507098449105,-0.07413678011398493,-0.0014394319569204248
2020-06-01,-0.10692903780059189,-0.03338108099410892,-0.08854940113226102,-0.13160306600423288,-0.175420410634048,-0.09118772504037834,-0.00015082815835606802,-0.07962362137019487,-0.12587103332469574,0.007413644114179191,0.047258241154475404,-0.11246075346396552,-0.048731084877324464,-0.1514520122518721,0.054933135085037284,0.06661180331697322,-0.07456809207630036,-0.0818572452202668,-0.11137629486839261,-0.01883580357768356,0.01077525702097149
2020-06-08,-0.10329901530452304,-0.04214694007922439,-0.13645932447090334,-0.1538751491429535,-0.1789729545969275,-0.10387659638070128,-0.03592234700332758,-0.054223369016545404,-0.12813951073294635,-0.024504303019223104,0.030503546695048622,-0.15036658700004976,-0.003062197076355831,-0.09603539652118902,0.04324683462100263,0.06887327453814056,-0.06675848409105353,-0.02150927265883343,-0.04735450009346254,-0.009316912450057563,-0.0068456969426541085
2020-06-15,-0.026884281476572045,0.03347659424245982,-0.1159687921199616,-0.1665860264862236,-0.16748755627988113,-0.10646723782591556,-0.01676959841428415,0.014078200470657748,-0.08557617206918652,0.08998347258262594,0.07757216142751742,-0.11608013380848302,0.002602637959876306,-0.06156932811728821,0.035001890753366606,0.0789147621901074,-0.05218580169469843,0.05112175066172232,-0.08426489711674089,-0.024676124009381684,-0.001646419061919899
2020-06-22,0.04909103107288799,0.0344995145884626,-0.08427426789355517,-0.14548159328580032,-0.17009034745940285,-0.11197379508885892,3.9829011406517747e-05,-0.0026132068364923206,-0.05809600169466127,0.053655173741933966,0.0451608903897281,-0.05539271240531414,0.029650687607260418,-0.04376761742793102,0.04367646065790549,0.07765032083712312,-0.049038554098527636,0.0374946184018018,-0.04588800160893591,-0.015105579260777923,0.005773934008273888
2020-06-29,-0.0017157663735868633,0.03320024965411112,-0.0013846853179630494,-0.13682783159231057,-0.19044294890555066,-0.0716946406710404,0.016073894319953624,0.051554516446774314,-0.0713327810379786,0.018028061490800735,0.08345443826430787,-0.09562596130124278,-0.002489557486845579,-0.01506797284481438,0.0703122265728323,0.0692594585117515,-0.04907775046455731,0.025450995984689466,0.007158772611741605,0.02025610307682933,0.03857739863827482
2020-07-06,0.03578098850655964,-0.02889853124610719,-0.03659103982274573,-0.14129500948913654,-0.14790480055494598,-0.03278935567906262,0.005052065154873453,0.029332988194529508,-0.04454129806177435,-0.028842663954743213,0.028781239419857076,-0.10424813851140037,-0.02988316778937825,0.015575966632513014,0.03480376564587169,0.05656489162252294,-0.019300263708648496,0.00815981195675043,0.05187403452047469,0.027405162561130337,0.03261370018048291
2020-07-13,0.09969349189578448,-0.05561103237762093,-0.06582583436741064,-0.13905953446837677,-0.18506261635380292,-0.035441781068148624,-0.025447365414564597,-0.056710761492025794,-0.08203331981245916,-0.1376981803192634,-0.08041268557143709,-0.12463960691816377,-0.0656342771155337,-0.009248814760125556,0.06464300502920209,0.049809998660800874,-0.0144244000729916,-0.031090235931381834,0.01607348053883292,-0.016625185935930754,-0.040144100611874886
2020-07-20,0.10538641621752208,-0.05273401157080698,-0.0931317772353814,-0.07904195222220853,-0.07367520319611366,-0.08511166281590994,-0.053584416099945256,-0.07477409782614185,-0.009490735276576465,-0.18730703502617424,-0.12229591602975524,-0.10126862845886667,-0.07154570203705705,-0.009053174156994954,0.06303482669037358,0.027226738036650412,0.0009957022809346972,-0.012886736497881987,-0.08926541650992866,-0.007149067418801923,-0.05313500009219292
2020-07-27,0.04036432024257857,-0.024437888433085447,-0.05336818508868111,-0.03817942048431979,-0.08053557036672505,-0.09364580552360047,-0.028414286340339084,-0.15487277627697055,-0.020034025846559365,-0.12598525154300297,-0.11012891838972347,-0.10643635072589738,-0.04594629788685926,-0.027464454615701763,-0.00024777678152637254,0.023824772204150062,0.0006605309059717068,-0.0519774219683987,-0.064903852953658,-0.06967501357563463,0.020580911069288627
2020-08-03,0.06256598737952765,0.029600811015182582,-0.07980460236382325,0.010773399929676094,-0.07149501036084592,-0.16253503229056848,-0.11638970476795289,-0.1375596697703098,0.047764962064190265,-0.0883305105489212,-0.0847047125152073,-0.058571859343669964,0.013197559756837793,0.03720036566779999,-0.060165694756244406,0.029514050643236135,0.035242931844057704,-0.0032446879406791617,0.023441775001923206,-0.10607429735120512,-0.01750666902017257
2020-08-10,0.045832170956050654,-0.08013206461352484,-0.010474448830067817,0.05440190453560353,-0.008928665110662232,-0.13919292885114296,-0.055927054131907426,-0.05837720586569272,0.07352048253484386,-0.09541359950183863,0.007620158782766078,-0.06653327722740246,0.06288719845584011,0.05510223419546301,-0.08732196060383886,0.01924139384532472,0.07987457789175674,-0.01810357880209884,0.01987995710074655,-0.07652866084833773,0.05546421975355851
2020-08-17,-0.06338157121952269,0.00397618835762351,-0.038811533071069305,-0.0038193973711925905,-0.06066738805870354,-0.08810577650996732,-0.09123979123738402,-0.015568583799705684,0.1167961550222627,-0.11402469239738244,-0.017811878556048755,-0.0019170473788199804,0.06091073688676426,0.0941827801490516,-0.11028179121565587,-0.09051795179952656,0.10371626520747974,-0.0061003163974534215,-0.06571251875947116,-0.06132564033088022,-0.0014858545514599161
2020-08-24,0.02339106917002397,-0.053227402690295036,0.0231512842203934,-0.0295781010535745,-0.08352304186391532,-0.018856234063770135,-0.0988262879339472,-0.02654618758667467,0.1621631942063214,-0.028503594917749644,-0.014440552688883852,0.006317252195853704,0.03763399245265264,0.07713949101972216,-0.011512978420584685,-0.13955094766923676,0.024565381014225295,0.015133482766519145,-0.11123912361994223,0.008545751416621132,-0.016793466623539706
2020-08-31,-0.011526833164570625,-0.07690266130302721,-0.0025024898228071446,-0.06928278913995725,-0.1489977395641717,-0.06087078447578288,-0.1786705108230586,-0.06237215508229225,0.14067523646003036,0.044276743291401736,-0.05600002047015259,-0.0044769963368396825,0.07579600245912636,0.02531074511290878,-0.0402738708017804,-0.19762630239874085,-0.015918569762382345,0.011537241256117547,-0.11746335399830872,-0.06208924588657912,-0.09042672911068196
2020-09-07,-0.015896734272011676,-0.046483041555896165,-0.008008232044091382,-0.04297635821538072,-0.08283472875542582,-0.0004536442047129837,-0.11098519970617324,-0.03115968013878606,0.23592450025466336,0.13637044396623602,-0.01722577958496307,0.09963545339866511,0.09012695373324815,0.12268815898699038,-0.03904785263772709,-0.14708711586505022,-0.06309990507719392,0.12421931345799732,-0.06521917038374621,-0.014856715263179146,-0.07673459705979117
2020-09-14,-0.08387930449587312,-0.020929519480192293,-0.02434034017355529,-0.046703619306330144,-0.06462328220324347,0.05036186312207626,-0.02702351874198477,0.02982410265142329,0.21997422294532715,0.17134252405715905,0.013827862545867795,0.09042991649845579,0.15028206024674665,0.15743589766471647,0.04440893027967025,-0.09854507457732506,-0.007493663518652581,0.14400792372510812,-0.06421242450742824,-0.023837029536277053,-0.04870297870103984
2020-09-21,-0.026856128304752903,0.014012758790528783,0.04075209803872297,-0.02144777042262947,-0.019007980256669794,0.04507995242584,-0.027382482121154777,0.09810719528143748,0.2950007124205155,0.18671826651083662,0.04134855364753131,0.14961579551366147,0.29143419125414205,0.14770396918709444,-0.02061688855489838,-0.06241505739956005,-0.04327585292941153,0.1271745188535115,-0.013980675214530617,0.11104499296173066,-0.04432939699006933
2020-09-28,0.033632791306869095,0.0808579990371781,0.07043912440645943,0.013736016207850196,0.09795326248746052,0.15126162145809127,0.04046788373174665,0.17057842275238694,0.3351216955544751,0.18166923896542966,0.16514448927930722,0.09938069302845584,0.3756494887535872,0.1968859791474932,0.15225125943450918,-0.014074042212650852,0.09840140413489915,0.21165282894501208,-0.008737307296471273,0.1719773681901999,0.09829071288820279
2020-10-05,0.07276179584444402,0.07089558933603946,0.12483758339071212,0.010251383715099807,0.12321498766600492,0.15396009688132803,0.16976366253278824,0.194786998123694,0.3351232941864418,0.125946858296517,0.16979387274803157,0.16327349248998108,0.3586125017631786,0.2077164223308538,0.14597755295701859,-0.034013882432937355,0.06956516938491175,0.19612024766912306,-0.0162517161764217,0.14612715645862448,0.20640647359874892
2020-10-12,0.037653751566791134,0.05184317869576819,0.05803557401999871,-0.058816981166606205,0.20910573523371578,0.11916879913442043,0.17010238409021647,0.19890711581383433,0.2946410276208661,0.12040643430349504,0.15376598661937563,0.13705783106325473,0.23673472476445365,0.15857777671036577,0.10251310225238111,-0.07686317282787958,0.05219968371065308,0.13427661502857227,-0.012484373752903241,0.13500362063945442,0.17164595239812858
2020-10-19,-0.0010044600306962418,-0.016872332815968717,0.11106733452935637,-0.16734559125370888,0.2687212510932115,0.07673573927772377,0.1456025345037548,0.1682577148549825,0.2479003689501519,0.07835518784339723,0.1489587612733381,0.12034295683446142,0.17008514378914952,0.11697056980075766,0.1068351386010111,-0.06884318583774514,0.04500572672336859,0.016632704457650478,-0.13372879036221405,0.07493779350140707,0.13266883403227334
2020-10-26,-0.033035823017631506,-0.029604687551482347,0.07587993253121195,-0.16137312157819483,0.23222333403409667,0.017629963603507694,0.07323218050093812,0.08085371903628137,0.2502840126885121,0.09575498780238491,0.08769679138627477,0.07944492757098283,0.08413950668045724,0.019332032770789303,0.016403096121089342,-0.0640646837618923,-0.00047880650407167754,-0.018410708202119614,-0.10913045533439938,-0.007233604511892656,0.11203270196531039
2020-11-02,0.052481141979212276,0.03212437822260155,0.125319632838821,-0.07981726084797655,0.27878676992651114,0.07798440351569028,0.0633915123630171,0.08030064934248822,0.25392963659630036,0.07881493500463191,0.0860487217480643,0.08370305184558369,0.10754579633171428,0.013868280077332002,0.012695756360676158,-0.08026068396386192,0.05732601846049745,-0.09147661224727534,-0.07790116022637765,0.02160793177336442,0.07466451532976726
2020-11-09,0.05879934170088603,-0.04350954579653255,0.14571165499381047,-0.14405971943108886,0.28436500217325894,0.05693656504645551,0.04232295890167718,0.1414062049151945,0.23318959889303253,0.09323666662730691,0.014376071873462626,0.12335121766965569,0.10174330525019973,0.024824623072299778,0.0006034003027963951,-0.10678836837849318,0.03605887034161256,-0.05633699993989037,-0.06101957386319529,0.032446785432013896,0.07778006266449412
2020-11-16,0.12523959881074193,-0.01628449779913001,0.24611345842044294,-0.1555641756499572,0.2945073994929679,0.10414891054941702,0.04519902520410773,0.15192409670761245,0.23023224630039588,0.110649625028156,0.02645456410162031,0.1741934742568282,0.10240930445795092,0.05621940262263041,0.022837440118645403,-0.09792778629668329,0.11532202413612924,-0.06811226970289161,-0.06417384223847804,0.020451561736750123,0.0638859446761461
2020-11-23,0.14714982998895682,0.018677001935398115,0.20918989548599082,-0.12821201714978003,0.2841046884579023,0.11386941331339354,0.01886472435577369,0.21331175565626664,0.201186600911778,0.05954150067643801,0.03454985372553057,0.1422046332522993,0.06498774712115954,0.08038603161348226,0.026107240885247806,-0.09269351703250914,0.14708363385307566,-0.04558571443828648,0.04638364015200547,0.011913539504064359,0.028307530797203027
2020-11-30,0.15743250955085372,0.03864717215787502,0.2992744790433699,-0.0896542502424461,0.22176421235447932,0.157107274149799,-0.029316605023467012,0.23516296350935534,0.2302561277351203,0.018756324451373197,0.0857071354018006,0.2071565242044904,0.053975504499992534,0.08804630106073744,0.08379309235471477,-0.0457272013096028,0.19083861109785197,-0.04725217355414135,0.05449063016421813,0.01537563825127322,-0.01988391901068203
2020-12-07,0.13181441011735098,0.0698007146006129,0.2729129281295229,-0.0057225767875615586,0.1634444791508612,0.09560622637735874,-0.087642237011659,0.17793206041500081,0.17906441205265894,-0.04608737311677108,0.0663069714461458,0.18040318723950713,0.028451859961918437,0.040475846612279286,0.0493030662414489,0.005209560415664719,0.14312335552753233,-0.06773400506168203,0.12167633510123473,0.052601645407043165,-0.06065674861184345
2020-12-14,0.10674104858355549,0.0902599098681226,0.21942209282956845,-0.0037156717497850234,0.09315458065290884,0.08819437489709243,-0.08992298451383149,0.1675415135177501,0.14533125346359868,-0.11427543857234213,0.020573974370365216,0.13833403983311163,0.0013710463230618617,0.0512169337400253,0.05378209954036363,0.008425382502954644,0.1446101830939097,-0.0863777893487845,0.10971727549057646,-0.01147096845610933,-0.061287137190969655
2020-12-21,0.07841872434864498,0.06466981239568213,0.2109433308436748,-0.0006506787376990683,0.08305713578339191,0.08379661006722586,-0.11365107768953629,0.11677610062182475,0.14214511330712365,-0.16654097217882544,0.021674926788658597,0.08343333371445594,-0.06943689545418359,0.04371343005755324,0.0445851753148842,0.01949892674718925,0.12558647227871245,-0.15616420742499165,0.09364105144834516,-0.06990146249487761,-0.08319888643744701
2020-12-28,0.029480893673559137,0.07573716752112054,0.1987257056375787,0.023733453460273557,0.08530049007411919,0.07537614470874521,-0.12166940626421399,0.09809666556698142,0.13768563203522616,-0.22941484255724612,0.0372029262457572,0.04045903332252658,-0.052898144911858826,0.031740683340922456,0.03166400035287598,0.0036262510597731795,0.1702399000100854,-0.18718608260029074,0.11702234827182526,-0.06297866128588311,-0.07236595244847914
2021-01-04,0.02600884564618707,0.08293705419555154,0.1744946096829508,-0.005628277812969569,0.07145403587542894,0.0830486509132062,-0.06660131302306313,0.08148462209676387,0.1277020502637592,-0.21766622421696852,0.04848747884352744,-0.023185841593200727,-0.084141317357212,0.029458107641784966,0.03739259124706538,0.08575467710816896,0.15259729518148876,-0.15444617071451258,0.1396599163854501,-0.06606609276173617,-0.01899803800100857
2021-01-11,-0.0028648626474943356,0.05898217301316514,0.1046854582952531,-0.03398753559725067,0.10235647288316883,0.059558270411571135,-0.10610623627476586,-0.0003302955886344391,0.11686481062467415,-0.20175655140996654,0.014547407390987862,-0.03051427337284855,-0.09572637667206245,-0.03380647639763013,0.07660594294376108,0.08160406158928787,0.12050045570833305,-0.18588558415594028,0.15890623125641706,-0.10633414462226996,-0.07288314768835392
2021-01-18,-0.06583264868527786,-0.031623882772878906,0.16407775618771908,-0.07255482838242232,0.0611883773609979,0.028657726455960257,-0.14108066321931242,-0.008312918672253766,0.0859781670082382,-0.1346557525769046,0.07975626718732867,0.03906045266324427,-0.08069803492445081,-0.06988032517714658,0.052969143405492296,0.061699092598323166,0.15810984864630664,-0.18977277969733303,0.10011398673717409,-0.14051504051713384,-0.10056281803914077
2021-01-25,-0.1784256353514498,-0.002876338256663022,0.1520496698398039,-0.06648948044986551,-0.0029615187709268426,0.05623075749714636,-0.19270361915817052,-0.017087427019518608,0.06774610235144377,-0.11647159950026865,0.07614660649173934,0.00943435485714523,-0.03884838339661164,-0.0668135455940755,-0.02299443746184174,0.0637560081083233,0.057306683885257836,-0.19706852265680894,0.06206724495267836,-0.1562917645857789,-0.1184994679136427
2021-02-01,-0.11835672815971583,-0.008646263926896772,0.18149580043693775,-0.02873166988621781,-0.006624761410429479,0.11436947061464621,-0.1278550708784166,0.06725845094821493,0.09635109159553228,-0.06406691912589932,0.16176239400755718,0.08237621197659949,0.02265005155997244,0.0070782174387681385,-0.001105197662326991,0.05179648578412567,0.05941074075602697,-0.13508500043233004,0.026867639254317018,-0.16249815023321176,-0.059691684454960585
2021-02-08,-0.10803815117166513,-0.0244393531732564,0.15411120933829142,-0.05871372236702108,-0.00083384229394252,0.08674785272355416,-0.1402132123390916,0.11296152765575924,0.16027803456333464,-0.0669112285779409,0.19954931825506497,0.1387556969166706,0.0391102806953586,0.11530937611911495,0.010514061667440356,-0.030224491620093743,-0.0013239069349752497,-0.09453117061470825,-0.07764687845034016,-0.15359228982903944,-0.11477725267936224
2021-02-15,-0.08949298703949886,-0.0932274625561188,0.16260722433089705,-0.07111553202957047,0.0031402375892318124,0.08288932611583474,-0.10680161518201672,0.08304705233865343,0.12447534929690673,-0.07130106548685246,0.19783849240763038,0.1793346801070719,0.012105259320888517,0.05496671439036222,-0.04250051657205995,-0.10681197063484935,-0.03732788919128157,-0.12308213372224645,-0.15843902205059596,-0.18318002012561843,-0.10557731996411206
2021-02-22,-0.023421801639772984,-0.023694017772538125,0.10849783713655745,-0.11185343196997533,0.02947928718833328,0.08366623115047601,-0.08692640743758898,0.01968463857124864,0.13585626850327068,-0.031097974087325276,0.15704727473633076,0.1694482764696391,-0.045191900701443764,-0.022622726241743395,-0.08978619410911778,-0.05440431849057281,-0.08521275451095599,-0.1011022058175494,-0.21388270526715064,-0.19767565041163374,-0.10321573770484374
2021-03-01,0.06685816344625242,-0.10462008678283936,0.055849580362477357,-0.09863810239034658,0.05369491477453706,0.06005821079885697,-0.06606568979015244,-0.050678520757046666,0.06796120888853653,-0.0365004379980051,0.20039570027287892,0.13360132415315112,-0.09329453789641785,-0.02056948605340461,-0.09254989081139185,-0.047994531909013476,-0.12456112352738337,-0.0912788102255636,-0.1622833001918019,-0.17009155973291049,-0.08067744382637664
2021-03-08,0.09430584741257356,-0.0454331845422541,0.03358655893262497,-0.11012124348994086,0.06783677612860069,-0.012602415761964612,-0.041269833514961086,0.00220989571434694,-0.054481399180679464,-0.10448615144072702,0.14628130961110716,0.09760204825991899,-0.028911395888166373,-0.0873849244500312,-0.13737711262110333,0.032898889436186574,-0.10927289570685349,-0.08717127092449259,-0.17253064880757854,-0.25518097974185566,-0.0364232233047439
2021-03-15,0.152722097443257,-0.060740901529624004,0.007630077596827775,-0.0746334989644193,0.06466074781721998,-0.03413977167720671,0.0268718433049636,-0.0027399962053901716,-0.05846025936054122,-0.1258866275821017,0.10812830832606744,0.09955158340240298,-0.05099191827801047,-0.1229113703128236,-0.13973126187271886,0.06407521233342149,-0.1071938943472462,-0.10386744457853099,-0.2176174031626521,-0.2367866004424873,0.017363009092326936
2021-03-22,0.220882098791898,0.009487069895561093,0.05559466481862878,-0.0707333463692622,0.07772124455506767,-0.017792309845741126,0.06676356774585562,-0.011849200072917275,-0.02195467286870711,-0.13749079965863328,0.13790591549997303,0.13586036543000868,-0.05509798164932826,-0.15743868810021927,-0.042045735919833675,0.031002649273221997,-0.0259335119203446,-0.11754341888431094,-0.21585012463982398,-0.271555896009775,0.03160322369583433
2021-03-29,0.22314886622036792,0.010714892413623568,0.016508353950767392,-0.044763878700124736,0.055150618321317346,-0.09468491206532195,0.004118406206252742,-0.020644155537078983,0.038442688433846114,-0.18720315138171467,0.11774547549894998,0.20541486360289035,-0.06501179771583743,-0.13626473032476105,-0.055124621782296365,-0.06096142624495638,-0.05970709387271357,-0.11316684376272877,-0.13327110983793736,-0.20920067559083622,0.03722138377111349
2021-04-05,0.1932740113449227,0.0716207612751891,0.034435217996858815,0.00869654343163229,0.047603993480560054,0.01783905211655845,0.08420249052307285,-0.001836005949510227,0.08729234789207926,-0.1765825201634624,0.24124497103334702,0.1986249260152128,-0.0921846472588254,-0.10248228694912549,-0.015554983529506572,-0.03700285539448251,0.00342361187547556,-0.0543783694710556,-0.07222867588019352,-0.22300192304980612,0.10406573268711153
2021-04-12,0.16954979150751065,0.07402318906192742,0.016224631594517567,-0.03150453502431787,-0.01829552230395191,-0.024411875916336746,-0.006906725869390736,-0.07255221416147524,0.01472223963902918,-0.23722301441975252,0.11656936337692292,0.19031252526669107,-0.16527047386224192,-0.09090584973046757,-0.09617092998941858,-0.056002898019217595,-0.08226602532397605,-0.08697786409859536,-0.0584935152134002,-0.2234943771448624,-0.0008424064277690443
2021-04-19,0.08867071259143981,0.10209132433877112,0.011010923808428788,0.027701452123400923,-0.0019649891196361676,-0.044117514816180765,-0.0879290213463652,-0.08210633537236042,0.0003219104091894647,-0.22931366387890031,0.0731741563159775,0.13798102085204766,-0.13224990725636612,-0.06345033100006627,-0.0609056341052208,-0.012672428218557833,-0.0519912629670807,0.007173619847317324,-0.043389370402050494,-0.17616053325982467,-0.07380035677918069
2021-04-26,0.09512052073841301,0.17366203610159237,0.012155129013497292,0.04034087490003402,-0.03677443845409302,0.006903631380752812,-0.07587692065078344,-0.05957506082282675,0.0029389954285065473,-0.25213623640717336,0.08001267597151475,0.11114087406357565,-0.057750725398490764,-0.02323670689987723,-0.038024206632819066,0.054613568191769754,-0.0032533747724012613,0.04321570717005508,-0.01304514517262539,-0.11284884655932186,-0.0569797512214556
2021-05-03,0.05859290385002924,0.210961191644542,-0.05880548101996139,0.15673332425419823,-0.1162807575549574,-0.024238365538783346,-0.08264477537647949,-0.10366856581823759,0.039152291475632574,-0.19082399984391799,0.06678336741815132,0.1315253852713401,0.025664035819159953,-0.05614980260768546,-0.05305864299651283,0.11756080043205826,-0.010257828804623939,0.18050310903760153,0.07630276581929864,-0.11554731244365687,-0.043704783470275836
2021-05-10,0.06728987413982483,0.18780521775278164,-0.016779142823449167,0.21062662511985447,-0.06003880836244392,0.021634992902386685,-0.11332989743000753,-0.09160648134058193,-0.02759768800227583,-0.25273672499598454,0.044125336191039186,0.11011966193317704,0.053147454972331906,-0.03189064547041331,0.007152459191528983,0.10205026125607707,-0.001858052566358462,0.15874874783053267,0.10421144322680312,-0.060951463832576276,-0.09153832217411259
2021-05-17,0.00901930971471648,0.07999182420164466,-0.027645271740853496,0.12799139519378494,-0.03878509834828964,0.03372745110560963,-0.0702601660042457,-0.04424617055697239,-0.011505779060781207,-0.13117032938099715,0.039298323237839015,0.17812689602795823,0.09352968832228901,-0.06159449452332529,0.048596510079426336,0.07818472257956964,0.048271861725417135,0.20205557604423235,0.07462410879416007,0.017321488894541055,-0.019344148637105575
2021-05-24,-0.03977692724139248,0.06058537254487579,0.03362034098459649,0.1555551549665716,-0.04492701413423805,0.03297815546161077,-0.06444622060737819,-0.09168536327074957,-0.04380029261237137,-0.20358766924341878,0.05342594465008824,0.08357841564018627,0.03946033201426855,-0.06566282597897252,0.01323215033742793,0.11519021240921232,0.04823620152365208,0.15365801073116575,0.07596399681536203,-0.05294541954765057,-0.03788593978007971
2021-05-31,-0.07796212402047627,0.05061599367263619,-0.015178303334940274,0.14672025518935827,-0.011879714306382797,0.006945393261201452,-0.060263772265758506,-0.10383446201197241,0.052581714352254005,-0.20950323540817498,0.07302471629430156,0.05678024262136725,-0.013582139148291388,-0.06056417015950998,-0.010267915344454828,0.11148840867805392,0.002207979224159287,0.14520233751120631,0.15066585938117644,0.014098734296157841,-0.014099191761407183
2021-06-07,-0.08793391513463755,0.0876219820003408,0.014517303348867807,0.16976901601522984,-0.009265252809497079,0.059293287880851545,-0.0610659816462772,-0.09649852030652582,0.019082088387067302,-0.21355203445918094,0.008506972317556677,0.05934995678407847,-0.027222239938415337,-0.10372156897986348,-0.01697965025418165,0.09374826345850056,0.0015788248250651834,0.10791541141856752,0.07323189993759063,0.06854065379017063,-0.012680294289966051
2021-06-14,-0.1324071698192834,0.016986592443355843,0.01817123057790306,0.18871496589572775,-0.015079519472464427,-0.01447408880576105,-0.040658833086521566,-0.061403797994967146,-0.05639713704912067,-0.24778067951934998,-0.13995419047600355,-0.08566168575190024,-0.01092081710739072,-0.21597140469403872,-0.07648734876193285,0.035120129598300326,-0.06403411686501836,0.11995939457010932,0.030628545794012415,0.045761175382605365,0.016061206155059436
2021-06-21,-0.14876882605752315,-0.03966960421042896,0.04458853813013378,0.07518778998585808,0.06254261267148138,0.05442765361231867,-0.005703087906242807,-0.049159890327899615,-0.04183716904693596,-0.1475141627764738,-0.133200347577789,-0.0794237023426313,-0.00040513399872078263,-0.18132621539843455,0.00954087487821462,-0.020649166361654703,-0.008190289535941062,0.10255526558849908,0.007718582869428989,0.08819262504123347,0.05025163796098677
2021-06-28,-0.15170594244119573,-0.03332277036039205,-0.017335982374758505,0.08415896698193837,0.04024085914581194,0.03089952268108363,-0.058671159880390275,-0.0601178919826697,-0.0645038600060308,-0.17625581517479325,-0.1177044979899455,-0.13276282713653795,0.0002763325571725642,-0.2047229403208217,0.006984035986293298,0.07903981367596684,-0.007852446561059172,0.08466064598570647,-0.007424057549247044,0.07261145142986566,-0.0034008615101420565
2021-07-05,-0.09198016988749236,-0.0586495164951932,-0.03547771850758557,0.16487133682571692,0.023749999291720215,0.09963933748710681,-0.00782213958159215,-0.07235871595014329,-0.08079017679182833,-0.16096741676727597,-0.11657028351964649,-0.11356696871001423,0.024432347227071716,-0.19741579636987952,-0.021782776288428635,0.08009263632732529,-0.02746001028211122,0.09586697239878737,0.05728544561698836,0.09975643969460657,0.08088660815243036
2021-07-12,-0.05906144153800113,-0.10248923081176983,-0.020874882348278168,0.16573634236309445,0.057631316090593625,0.10973058958842566,0.045250500649725155,-0.07262636989945472,-0.10350743765297477,-0.15756750810466177,-0.16528286372186263,-0.10431453859521352,0.02800251320399103,-0.1815442281868657,-0.020570743265840297,0.08382307091287423,-0.08488151688139614,0.08525859727036585,0.022360355264171097,0.10831093865879694,0.11485930413874994
2021-07-19,-0.08867313195669167,-0.0849389556843508,-0.10006158902479344,0.2027276860111761,0.043720228280250316,0.06436058426905387,0.06774762059632893,-0.030087151564863995,-0.12384727777532256,-0.1326585140036362,-0.17045600104298458,-0.12532824206579346,0.01943417800850572,-0.17428003306463405,-0.043731090922430625,-0.005212443791319747,-0.07147705071501229,0.04875178506328368,-0.014439057884323139,0.17698320490672176,0.10288419856682642
2021-07-26,-0.0013513245221690332,-0.015579697749083287,-0.07233939679976086,0.33286987505399057,0.03256338805156363,0.14709070802721594,0.1116493266267254,0.030707445195886272,-0.09940705657428094,-0.13218725265649914,-0.15894394884980018,-0.10299007177731857,0.04104494759394943,-0.1386171724011173,-0.09648419496788285,0.07057426167613304,-0.037517511725718156,0.01878632583563772,-0.028298772938746195,0.2472789523723651,0.1421678064030562
2021-08-02,0.015258620962429166,0.07944355998393067,-0.13500027023267433,0.2728072270677266,-0.0023935039811616233,0.13975427805783713,0.11444111403359165,-0.010489415333556256,-0.0344591582696477,-0.1484771355788295,-0.11452310318716104,-0.10859371260254631,0.07564369797659247,-0.1368403475114728,-0.11170381009701098,0.07666127969850782,-0.1316851966106697,0.031627334217644645,0.0014991278766292384,0.21485145062935534,0.12851300478560765
2021-08-09,0.0613031688193885,0.042150238634505524,-0.08647362849532388,0.34744422461777086,0.04054754333368003,0.10242810895480615,0.1449451497935356,-0.02105645081114365,0.0015611481551772444,-0.11012827680248068,-0.05182801478577433,-0.06909248059490644,0.002618741518397313,-0.07663334979740968,-0.058613963630350395,0.02020769422006149,-0.04954428849403621,0.021542943519265733,0.07199699826983871,0.28709273217282966,0.15494202603456916
2021-08-16,-0.06798398104507218,0.008196989500336713,-0.14661434624818132,0.3027462688466023,-0.0427803426120185,0.011243284046766801,0.056233565552593005,-0.11782304793898953,-0.09830854043085882,-0.11969906619197654,-0.1287355363478557,-0.08075873787954205,-0.07178788185642528,-0.16995620961704233,-0.05643803948221291,-0.014932089323207156,-0.06225742024497299,-0.05984994616795715,0.1398704036839107,0.25177770171389036,0.021612063278647637
2021-08-23,-0.05978880638613048,-0.009714510687731989,-0.06173548026655934,0.28551540753268634,-0.038785840424633324,-0.014243283568123091,0.05156989166566585,-0.12487599275819293,-0.16362310165435837,-0.0555839598482492,-0.13553208034695635,-0.07703287116312572,-0.15471288550734236,-0.17297326010442937,-0.054234462637684666,-0.02031517940598842,-0.040089742720773903,-0.05714318978783501,0.19074143852610584,0.2829624518430249,0.04386083573921643
2021-08-30,-0.0020335001670919012,-0.003128025106080052,-0.08003494408907585,0.2843172498720655,0.022346400160874753,0.021619805264807074,0.10404509879802874,-0.06492498043200771,-0.17283719400922617,-0.05745190913224678,-0.1320620094501205,-0.09457782993624773,-0.1503401358800058,-0.09756841004342176,0.07923249807760895,0.015311718163661118,0.02111044015925485,0.01618470370393608,0.15385229549669172,0.28622796109970555,0.10222531865739845
2021-09-06,-0.04845764923356039,-0.04863898079192524,-0.06436414021939817,0.3349274321959933,-0.061660967584626566,0.034273051574058196,0.09360809218093398,-0.05098741366119091,-0.1892237436244313,-0.011419163749705712,-0.1320603798861299,-0.054457188155301935,-0.09500103004096185,-0.006076912779196546,0.10119950145470775,-0.0329223991214978,-0.02776854436213944,0.026386246880683396,0.1912212908482183,0.3065691957326859,0.09335364025810312
2021-09-13,-0.07721608945602029,-0.045288281141008094,-0.04913909412849884,0.26778688110204557,-0.1544009801895288,-0.017831764557375566,0.007691015407899008,0.0039537453932252465,-0.2300937275096983,-0.03459984903322804,-0.16578934142857743,-0.06791825537929083,0.005682162962893049,-0.0554307750957452,0.06376950887591573,-0.011170044161597583,-0.0191173080734359,0.05276547873320645,0.15193357514138744,0.23320008533331524,0.0017093447238397594
2021-09-20,-0.1271744426811061,-0.07759662045317738,-0.01235154667628478,0.29377842583334823,-0.10909913538734936,0.07009235246563168,-0.021037305200515905,-0.027638626869461558,-0.19272342223436587,-0.023555203078622793,-0.1267508174452458,-0.0709871343506555,-0.04619072466562384,0.01638398109666806,-0.02195120822063157,-0.06326044913720598,-0.05083219207004159,0.0654513105370526,0.20996397585677049,0.2730486904872635,-0.04165487533403163
2021-09-27,-0.11687441338309554,-0.011780504353949482,0.018924695032272797,0.2911528710337802,-0.01442519605751951,0.08715683376857139,-0.035686070339203554,0.006452174750664887,-0.1586422364108319,-0.039746826011018366,-0.06612535224391859,-0.04270505327605848,-0.03363953915906014,0.07128543340754648,0.0015070656632720472,-0.0013841903648092932,0.02326606801321305,0.05304299078331819,0.25153729289136406,0.33471332749054455,-0.05084813544628537
2021-10-04,-0.10034103788077044,0.05865343785221635,-0.008298874641617186,0.2405567879371099,0.02427160189731221,0.0943949035527952,-0.08649245870717638,0.029137812106491495,-0.14135277797034168,-0.04024115340283462,-0.060576394092844155,-0.06545471612942186,0.04379855729902996,0.1581826569697277,-0.05445333838968558,0.027067938408957302,0.003499393016858841,0.021578902274036534,0.18624341681592058,0.3469498413032653,-0.0846148599998278
2021-10-11,-0.09648854636163913,0.02009222572611674,0.022968582981885057,0.21201220844410687,0.059217809934565276,0.1220314850541306,-0.0791085409050589,-0.0030348389842537937,-0.12745291353514024,0.01202070214051212,0.007125531575984802,-0.10640136374201041,-0.00184339943718593,0.10585774780578215,-0.10454744222419014,0.005956005355628037,-0.05498566401457004,0.004556509015927061,0.08735514916252692,0.30828138891299656,-0.1133464935450842
2021-10-18,-0.03896176184214529,-0.06932888497693578,0.08820384844653437,0.11405550302773924,0.04460258353160248,0.00815125210679825,-0.13930172155891368,-0.04832540204252178,-0.19603868765408503,0.020173761192891992,-0.10436050401841292,-0.06307936077579548,-0.07448793229862079,0.06683598327031959,-0.029797324925353537,-0.015413211141191057,-0.09914083914145702,-0.030830772273062173,-0.007184694147930525,0.2294602204697514,-0.19126603080099175
2021-10-25,-0.05138469976727561,-0.1101522992377579,0.18558078721812718,0.1248487512225649,0.10903561827679277,-0.0036256292344587332,-0.05345074921719116,-0.028525764267352503,-0.20606482517902108,0.014887923899776738,-0.10358572764080434,-0.06937871948561719,-0.03022796443334059,0.05035020014480555,-0.0070687163792672635,-0.038981453380897035,-0.12771373226771893,-0.017444909551756097,-0.04889120530985714,0.2513023059229033,-0.08470570444893265
2021-11-01,0.02123414241646356,-0.13596836045136665,0.16957164625325888,0.10909664497781255,0.16990426267719455,0.0646870120604879,0.014122058498280679,0.038183228270892836,-0.14813942370517655,0.07216234544097681,-0.04624480221917677,-0.07911344605904298,-0.09752759444980755,0.07179544119442668,0.0022656343908416363,-0.026719799890151004,-0.07757896882320714,-0.042246064093051636,-0.04126541106008325,0.34360871070495885,-0.04832000495036143
2021-11-08,0.044167335298911634,-0.21540420238108743,0.20297203840735856,0.07021840040469436,0.17410399404044852,0.03497113623024733,0.03542075740158327,0.04792345519262144,-0.04926500321165417,0.1325999230046602,-0.004884730654719782,-0.03521468899261105,-0.1363503361134009,0.10479428197465498,0.002061872926363293,-0.07380291584236805,-0.08872215092775913,-0.024490593262679532,-0.0790123203862394,0.31815841198100214,-0.061492626709480094
2021-11-15,0.01362608670790957,-0.23178442449269293,0.17540520600203982,-0.008870546661543282,0.1277944252021363,0.023582610328441167,-0.02232207763984965,0.019536075802247817,-0.09046827905328744,0.09038612906634545,-0.047673014129067555,-0.08926772323647755,-0.22029124805898986,0.11377952381661119,0.011663821362296751,-0.20738298378490527,0.0014252904299691632,-0.16241203238276253,-0.17152481879041562,0.29078019024822416,-0.1055701776405623
2021-11-22,0.0111885301506003,-0.23931468845134202,0.08937592981652596,-0.0360166079627515,0.04528379154453712,0.013554840367448803,-0.05143830978473133,-0.01559678895449626,-0.04698522653214704,0.09990775334922349,-0.021515568465645847,-0.05601430226921007,-0.2095730362517009,0.13221534656907846,-0.03444648681413691,-0.17906249426701612,-0.07205738560704153,-0.1273055418684796,-0.1791654114095271,0.22214967807530092,-0.13590595845517148
2021-11-29,0.01564243067277556,-0.1608967885951337,0.0810447130240142,-0.04824299233714967,0.035742737736383465,0.0006860732502940071,-0.1038411711317433,-0.057455778646444536,-0.046511194689556314,-0.010125213205785463,-0.01520133393638247,-0.15852580429107407,-0.22508222558312455,0.09327440965875465,-0.0969487065181023,-0.13316519640933758,-0.1325651961622807,-0.17451485587435708,-0.22619654990127477,0.14894534924152517,-0.15009062736704015
2021-12-06,0.01797375576195237,-0.12455829372696904,0.031131065767112283,-0.06308168867606458,0.037967545742102496,0.011968348863405972,-0.08494969310082102,-0.08176832764146415,-0.011852365518658438,0.005287701080029148,0.016065685685000317,-0.14288094567443554,-0.1264777379731025,0.06988378967590735,-0.06435822799241804,-0.1447126244564198,-0.13089966624590904,-0.1109202094797159,-0.20835936644383832,0.1642094481648336,-0.14797095943013763
2021-12-13,-0.029478400935230773,-0.12726132786124858,-0.031223606132315094,-0.06164547155550588,-0.01055835935164029,-0.010451103529976885,-0.1256136673809887,-0.09726169580520003,-0.14560432453876052,-0.007697811534535861,-0.05944218686115731,-0.19066025193711608,-0.09798999811871126,0.0414332925369859,-0.0726254490251045,-0.13331209528334262,-0.1617872396705074,-0.12266691143146231,-0.2633083665793781,0.1119235940507877,-0.1722735228104044
2021-12-20,0.010541237590079858,-0.18971323887339997,-0.01849270253454118,-0.06911100231574702,-0.014410581795737601,-0.04669544659697581,-0.15248575596396405,-0.19160950139464245,-0.08443076583185362,-0.0062117109235894285,-0.05357765742519131,-0.17397915296757835,-0.1109763528803108,0.05386712218040323,-0.09331824650472889,-0.10854581962243803,-0.17311364264670887,-0.10797799721986426,-0.23304359915875467,0.07669833474030698,-0.16928018146224513
2021-12-27,0.039391631019252235,-0.11087147374515023,-0.07746775058702161,-0.006638208694542204,-0.003780511760792602,-0.02651659944215089,-0.10111372105464181,-0.21294384134852212,-0.04062318626514746,0.011319047734418084,0.04548077168186019,-0.08856121776890406,-0.11010779567311738,0.13807630096003357,-0.03444049244274115,-0.02262827165515555,-0.07930902518465972,-0.04490764629172188,-0.13647243896461103,0.09888182479853509,-0.13428359501556558
2022-01-03,0.06187989697756331,-0.04926074887401464,-0.12080667824921223,-0.038203882493835474,-0.04076212390669819,-0.049050341464174245,-0.07157716269117888,-0.16793589713649595,-0.04613455057222008,0.02545126781615883,0.03922260179023249,-0.055852846367708396,-0.05169408186041304,0.22473281262889117,-0.1071969502579461,0.006021240000067036,-0.13977635208743308,0.028168771109560547,-0.10277090137829381,-0.027667839091993184,-0.0970387556145462
2022-01-10,0.06758925123581647,-0.01468394523181816,-0.061347626355497675,-0.08955506019098225,0.005447668065728241,-0.03202913185533325,-0.004127635109589808,-0.17138730582440015,0.0412352934162615,0.18863629584065242,0.07989039994093391,0.08680457077527932,-0.04486824506167697,0.2993392136544904,-0.07916815956279391,-0.058186591008705234,-0.1630834446789342,0.030243857027294964,-0.12654065860481062,-0.024428832645001567,-0.04134133355253334
2022-01-17,0.026948418721677546,-0.018690884591523776,-0.015941629562774142,-0.16197241305795604,-0.008378888998818874,-0.11832545862210993,-0.07426776827186048,-0.16170957355318144,0.027596042963494438,0.24276970332949857,0.01891746967792104,0.08252943221185972,-0.060788588795615904,0.25375130947860824,-0.0039908742294540766,-0.12268335826615565,-0.12388126472943886,-0.0029247050274111563,-0.190143321534388,-0.02131702396495182,-0.16471798731848558
2022-01-24,-0.008912511372784634,-0.024320984031814485,-0.06979332346062463,-0.21172543185702838,-0.08447081366416821,-0.1993731057792932,-0.12121953042436585,-0.158502729231601,-0.002139051765304981,0.22450101421665766,0.03584343588893903,0.04701157202426133,-0.08134684465208052,0.18048102212879222,-0.010145373618426502,-0.12402172001340893,-0.1276168652925393,-0.054851220113761666,-0.21266120118534443,-0.0760437262028234,-0.21527291512362515
2022-01-31,0.02480869258403074,-0.032091854264966566,-0.011283227941571435,-0.22364970529106606,-0.04715237069808553,-0.1420939415014887,-0.18348044849014938,-0.12978489112666194,0.021809369812390986,0.21820464045221202,0.06208535288784772,0.07014262040392301,0.036926790048949255,0.18366968372439765,-0.024140864038682715,-0.15109796453425012,-0.14705656137149,-0.013588626760080418,-0.16733874813217703,-0.11606498703926281,-0.21009970031654737
2022-02-07,-0.08352700172884196,-0.07526294639748832,-0.05520624998827629,-0.25190404771226127,-0.08766205016288678,-0.23605055180461135,-0.20591017940002326,-0.20432148443313133,0.017885066105643214,0.22649805301327133,0.058629933200093146,0.0804589336589162,-0.02276497121766608,0.1913240318071379,0.012366638468746116,-0.22466154591479662,-0.13455534702558308,0.011472822302217226,-0.1992352273853612,-0.1670139686096595,-0.24121571412586687
2022-02-14,-0.1370078715194474,-0.10973310643438454,-0.06415690169211348,-0.14219175210895693,-0.06443365449841201,-0.24266309013335413,-0.18988432922176232,-0.10346908047019125,-0.027176130640823755,0.22771699523380048,0.02834341133659511,0.032627184404562,-0.06651688597280905,0.1657833561128054,-0.027624998823417474,-0.26245467702147945,-0.05518778352963385,-0.015821569660304336,-0.22384122150108793,-0.14097630551881551,-0.2530812718205986
2022-02-21,-0.1189927887454245,-0.10066358751739805,-0.07253167439716993,-0.14214063644627875,-0.04767352414917187,-0.24332595195876086,-0.1972229244337304,-0.09361449032075156,-0.04345811165624762,0.16855370176457457,-0.008485322736097398,0.0499298597036074,0.017905451260712333,0.13357523386465414,-0.1092283075670463,-0.3297034235729234,-0.08959386176622337,-0.05105258804983757,-0.2743699246015934,-0.24173349116874063,-0.27724255485959937
2022-02-28,-0.09456310716724728,-0.1650121468384491,-0.03279687428955942,-0.1190862958385422,-0.008718465423609887,-0.21742979117328076,-0.18205992261983028,-0.036106728828562216,-0.03525152284566215,0.13569380992940247,0.015048063390173243,0.08716100333757693,0.03819082089762039,0.14831870163600244,-0.17852269004230156,-0.3149262015723819,-0.10072699636665415,0.0076892275809016435,-0.344262132866827,-0.2216339765937803,-0.24821629121174107
2022-03-07,-0.10158750392653866,-0.13236125099743234,-0.09432245891361288,-0.10808263088258355,0.035058126893904466,-0.14253196508467342,-0.16913393032821114,-0.032193844224787715,0.0002403194372166089,0.06431250509101251,0.02035500952498823,0.014788390783134066,0.03643524840199214,0.0977526472783898,-0.07216680638201826,-0.27110745615003173,-0.002314922313619104,0.009457094494803295,-0.27519774889716014,-0.23360275427782667,-0.2657096503176949
2022-03-14,-0.16424589450183785,-0.0680504757664379,-0.08943283658210158,-0.1299126822160093,-0.005701710201898941,-0.15983220428220937,-0.1633329196521809,-0.04827206203687904,0.022248435547894272,0.05233814651096536,0.011754905990945143,-0.012850467664917865,0.0036776698651458614,0.030154282541336314,-0.1131349053217765,-0.1742557176796338,-0.04439806012502586,-0.07724421204923922,-0.2111405266264729,-0.19934006633307114,-0.27380280294093107
2022-03-21,-0.14495613467067078,-0.02824576258774425,-0.1300123748691171,-0.21302590039411354,0.041500978685736774,-0.12416191450763651,-0.16393445713478974,-0.04695555596498723,0.04749644423449236,-0.008906697912414377,0.01865868821935165,-0.012579788284932098,0.008635871332083277,-0.041618300663926834,-0.13502041336366974,-0.13732747140943663,0.0124916342717176,-0.09992487007955034,-0.12261247199530008,-0.20748899122450032,-0.26408361742366115
2022-03-28,-0.16344074267462094,-0.014940395445821394,-0.04514126242789668,-0.116805451611994,0.06937523754438321,-0.08964299270074827,-0.07722397269455723,-0.03711257330323843,0.12442914135177537,0.00824020832562516,0.0567983521543803,-0.029347683256515458,-0.07753273558760214,-0.006353165574824654,-0.15039879560763011,-0.19003307908719164,-0.015301062948114378,-0.15560981013405506,-0.1502305240936018,-0.12044718479345054,-0.1743730072184558
2022-04-04,-0.06551877975138272,0.01497204606575382,-0.006479392356151343,-0.11211239850381596,0.049068653722357955,-0.09506754830124695,-0.01576087328881292,-0.029290536988993456,0.15738836142710735,0.07691335549607932,0.12588637627085136,0.03177640716110951,0.009346022358845749,-0.059852086905400094,-0.03892504602011537,-0.18555385033300892,-0.017287071161008773,-0.06147711518416389,-0.2082556727829476,-0.12446937411163794,-0.07056158332311874
2022-04-11,-0.06573976336090666,-0.03614397301194579,0.007404736997805613,-0.13764503014374987,-0.05483713209522515,-0.06860336190597957,0.03324890432898929,-0.05162502588736263,0.15202824119035405,0.14520313683019287,0.12115331544844117,0.0482020831916616,0.03225900595585015,-0.0772505338684559,-0.009287983465182963,-0.21480951215057456,-0.06857779438334091,-0.056446066440172284,-0.19628279388023323,-0.1320289199277344,0.013618527281002744
2022-04-18,-0.12950982718095,-0.17291503401533403,-0.002236951332494523,-0.11649620123714859,-0.1108891806594776,-0.07739497417163596,0.0627696607610149,-0.010086457350935909,0.11421021844306675,0.11875117086596368,0.14473256216025757,0.007428964237018451,-0.03666128542386015,-0.16718409154008002,0.07111748990802681,-0.19314992981054413,-0.05588592827598578,-0.06487476452553838,-0.16230948900674372,-0.10394327941339944,0.030162421461706897
2022-04-25,-0.15335256704048847,-0.18050859523950136,-0.012453219857554782,-0.11031476992349556,-0.12277996382837833,-0.10561628142529804,0.06992248147818066,0.011061935720263552,0.07247279506925952,0.08710519676107756,0.03601206934170327,0.026745111949543175,-0.018192452151403755,-0.13240096224647388,0.07582489182422227,-0.15018587866096164,-0.044324991003265764,-0.09493842439046474,-0.15641819969995754,-0.14249546442929392,0.025437492032144817
2022-05-02,-0.21295649896446572,-0.17774723452481536,0.0009558952763520367,-0.050799170954957604,-0.12606124895452883,-0.07600133059058344,0.08191425444615781,-0.011803490121518203,0.09294338999308684,0.07963831316915757,0.04302847779947489,0.006553319754983514,-0.011680598266120532,-0.13221236411923504,0.029228317615659177,-0.09698513294269602,-0.023924984191577327,-0.0769288340766803,-0.13342747049922823,-0.10839089618732943,0.09363822283835896
2022-05-09,-0.18081700678653623,-0.167045548778386,-0.06803928286546759,-0.05682380147144751,-0.16178195710178334,-0.08195577037282813,-0.0213918214685492,-0.05894406007659741,0.08640289546227733,0.01316749625761087,0.011200076811417483,-0.08687648692440143,-0.05524884777004603,-0.13318550806196197,-0.0018594474489949861,-0.06575353127918555,-0.01562134491807357,-0.09818262727222661,-0.126398270343627,-0.1068203000012535,0.02752950597166909
2022-05-16,-0.20930635567544936,-0.13243547595638835,-0.05271111557339202,0.003013108001054405,-0.18961435650921227,-0.09653792896928133,0.004340063210241781,-0.08895200868385969,0.0991237186592532,0.006471299966766671,0.04307089606652518,-0.06420152780935522,-0.013696366416160776,-0.12242160254113744,-0.0070321558579496115,-0.08885098298231196,-0.027581793449183593,-0.10428650294865006,-0.09330334721348817,-0.2248276884565859,0.020641291479519985
2022-05-23,-0.20737109124873038,-0.11132697926283251,-0.08400014934626011,0.02331750330710853,-0.23279235557542485,-0.07230113604366019,-0.0644381791736653,-0.06984498839648243,-0.023893564265853262,-0.04763961716257882,-0.04234098542892588,-0.10667681144732692,0.04710796128976463,-0.2290351248891088,0.07537319411768831,-0.08147662621482801,-0.05916860454201655,-0.11825217250414173,-0.03197490331797637,-0.2800628507071952,0.010450777682683206
2022-05-30,-0.03571063590363536,-0.15659821415083486,-0.03553841024655039,0.02243770012950783,-0.14419175840087609,0.06348491789096104,-0.038171607213236085,0.038039697972198645,0.012740757826378511,-0.10680381843492233,0.014862648025844099,-0.12000271081389591,0.11858908849208341,-0.14979741842084873,0.11478273184964212,-0.022201491815085524,-0.08867768093921366,-0.0839693889944965,0.018252365987284223,-0.1525333252080039,0.05590570746836454
2022-06-06,-0.053970396021785993,-0.12105022825950537,0.033450814979060044,0.04251047197348706,-0.11749963746720639,0.009685557410472936,0.013330333706020787,0.06290680940369754,0.017340794231286333,-0.11658186674720027,0.013641318721390154,-0.0999736090750823,0.11024126477354171,-0.1504773959476704,0.08612903734985526,0.011388849438186808,-0.012694435096416398,-0.07249134488607215,0.005980865384418556,-0.1700855292356162,0.10259313115657205
2022-06-13,-0.09479874582402802,-0.15252855695109405,-0.05678465547659013,0.06409392622344437,-0.20512982775835154,-0.0336820685200942,-0.00787082063409573,0.04896041787243989,-0.0349801177670757,-0.11244418955298309,-0.05104389788435558,-0.06584210529195646,0.030945574959197253,-0.11842817384955984,0.08304125474732094,-0.010554355710081642,-0.054278173766539435,-0.1176652120149515,0.04109114850924527,-0.22004263221411416,0.06334684288451971
2022-06-20,-0.0420471576669519,-0.12725841749417885,-0.0665537270529685,0.08988344301060357,-0.17495099374134265,-0.020941326154846653,-0.009357046807534745,0.05092480435776149,-0.030772841011727708,-0.06707165307049186,-0.06042608074401604,-0.027581588682670306,-0.03215722458346919,-0.05348053690505181,0.0787477316793013,0.015549932007904959,-0.0026458082020404195,-0.13170318253586125,0.014508085927997313,-0.2124846593422689,0.0554578953042001
2022-06-27,0.027869630838800005,-0.12249509336417726,-0.044899964490296415,0.16483829462643598,-0.1408960145451725,0.008591343416481627,0.05594004275661207,0.06792850650706948,0.020543289595534395,-0.04970853219296546,-0.022119589726570323,0.047119366071836546,-0.0067993473415116105,-0.04505160164844691,0.09632654097824331,0.022524824125575302,0.11015977707147487,-0.058628513904081234,0.018441197885187808,-0.19903895852703682,0.07470192293599387
2022-07-04,0.014835344730740599,-0.0762153214835131,0.029669311547026844,0.14696402161921446,-0.1003642587243988,-0.04059084016134033,0.08474503158934836,0.10505210890535069,0.012053029450303895,-0.026145231643155232,0.009286047609189762,0.07308335588469643,0.033524759669693614,-0.015088227788865902,0.11433383601590912,-0.053338851859508644,0.12529737148940814,-0.017738947626205488,0.028977046182159627,-0.19026715177591993,0.057660475651236394
2022-07-11,-0.013930092119140983,-0.08417628636854542,0.022108230350383763,0.076184266792382,-0.07736830363394068,-0.0487897617792954,0.02578254227484032,0.0655152040129539,0.03407994469104088,0.04513176522640838,0.012339036141338609,0.12630557209069504,0.05891094343559378,-0.043901373029098474,0.039411454457341115,-0.11374712859571633,0.08411621167811466,-0.07926997815365404,0.005140118664004013,-0.17731870887260207,0.014806226746428286
2022-07-18,-0.0019851073182081997,-0.046727007364589804,0.06117612036223038,0.13526130593054184,-0.06437417531106618,-0.04689385292919251,0.022374913262299224,0.05033214750346364,0.06318518845488783,-0.008412271386093224,0.023929583496123098,0.12053165965154126,0.07651217388242142,-0.09290771040266474,0.06506046323093692,-0.05101856984504546,0.11069714860066605,-0.12083676356066604,-0.026945783215071517,-0.1500667389322777,-0.03491181246994927
2022-07-25,0.01462674768637578,-0.044999553412434064,0.03478031147192413,0.16091384387983543,-0.08518866579246435,-0.054875252825025825,0.01233033854834018,0.034563792360309736,0.026013555915013697,-0.10291701318568224,-0.005271430517502562,0.056574295421063646,0.06220399178537557,-0.1319934413805861,0.012429358226954358,-0.09387238506509532,0.12757903325220057,-0.10638623734365718,0.012853893356761995,-0.07002729767271729,-0.04835390954551575
2022-08-01,0.05358678317993759,0.04525052146259533,0.01894459014477118,0.20540800418470426,-0.03418375983592574,-0.023522793671357043,0.07526522939422088,0.04453238753048385,0.07608818823772161,-0.16834466896155773,0.08025046567678255,0.07243292552486304,0.11202457159771742,-0.05952535338819499,-0.03780995704872731,-0.045463976841679944,0.09671245531278658,-0.06814528919912481,-0.0020912302792634807,-0.049270544214183816,0.06596437155203987
2022-08-08,0.03357036431519582,0.07305240596201022,0.07520929861920024,0.1601296927497931,0.039062200844783256,0.031230067530306937,0.061888489740163366,0.0624108828254073,0.15774364332287158,-0.13086032945648376,0.07925380093991916,0.12440053487032718,0.05069840280177486,0.04304710399922492,0.021741715572757215,-0.03489376664339029,0.1165882521361652,-0.019912394669045826,-0.007999043796578382,-0.01614956042947314,0.08820665421818766
2022-08-15,0.01536209570846123,0.05970527684058791,0.0753006650789241,0.14921468699372342,0.009779052066508443,0.012928019141227641,0.09641185260675852,0.03281296803171048,0.18636213882361488,-0.07405030754931052,0.10948715239163567,0.12111910267436639,-0.021549150561868236,0.058781544690670005,0.025170356301097613,0.010496401185361442,0.11321304075450876,0.011642438049824138,-0.054649876535208815,-0.023866213527709294,0.16269009652243596
2022-08-22,0.08506897096970636,0.06368560803770665,0.18514617722617224,0.07030046594892429,0.08410736359679286,0.04499102610919164,0.07503500393875277,0.12870855415700738,0.17636809565422634,-0.0421030033889037,0.08780258728873667,0.1370272043532445,0.035539777591848266,0.12015298304205313,0.0007153266272939075,0.06753989270446037,0.13285673511088283,0.011731865999986348,-0.035723561146487774,0.0332751933822585,0.12373842107641939
2022-08-29,0.13259642741516683,0.12878342708721754,0.2531021906554224,0.05244741110766527,0.12196247273358585,0.06801238982965488,0.0948532921791672,0.16899930450632056,0.22683241722962522,-0.067752867917236,0.08905072131006118,0.15858238290259924,0.07879177017285595,0.10421338784592835,0.07379041387930262,0.12880628433785946,0.08085439492449865,0.04411640363406664,0.03130631103915664,0.06656548672331829,0.21002790613504976
2022-09-05,0.11378145038427374,0.17578542442299053,0.20028260545783141,-0.027871896586032865,0.17125907346281405,0.12369666603210618,0.17652632537641064,0.21710249020766417,0.27617559387340823,-0.033044252985674996,0.1656718457412444,0.1270352295444729,0.06204752651066243,0.10804241325083071,0.14162095812985862,0.25497619476927413,0.16327957775115348,0.13410149091301274,0.11403450965330651,0.15532454354567152,0.34414490163924516
2022-09-12,0.16824967805716146,0.2839135929754524,0.14636271207248086,-0.086114747588551,0.16081784101506505,0.11554400330436151,0.27638156138214653,0.15435828537077564,0.3130506546768744,-0.012584475768595366,0.16663986963647645,0.05060820677426262,0.05738094288252314,0.08128539488622955,0.1671113494004232,0.16511474526561237,0.23034907189953469,0.05217795436953842,0.1467289452343683,0.19305810501104595,0.4529470811995839
2022-09-19,0.16464583688829437,0.2001167960210337,0.13374750211862663,-0.06312419915733661,0.12403670361210103,0.0659223559598265,0.19265645285193367,0.12114131852886344,0.21740409639931,0.000893144047210486,0.0960006649794741,-0.020925323655865437,0.10956800288377809,0.03337529022050609,0.11768330960165065,0.1279856331432005,0.14292489424285562,0.035893951359660115,0.0971894591865022,0.163276633411035,0.4514096836092805
2022-09-26,0.16354900737246675,0.046748078873921774,0.12442884157378017,-0.002672470552180831,0.12712405060468146,-0.0412486008223585,0.11266934594047297,0.07049365597612914,0.10693553884394362,-0.03554520417017975,0.008445802812212315,-0.13977847071788668,0.05999362257262808,0.02946896477436953,0.017526534513999405,0.04262982463291898,0.15671985724646892,0.04726704375628795,0.07850327062417176,0.15915980235369523,0.35970133969146983
2022-10-03,0.13385924051899614,0.043291093196366835,0.19908373350288736,0.04623547194572007,0.04205240455402075,-0.04005343887137279,0.11266659505794094,0.10470376106321296,0.021634937370807152,-0.06391740977240165,-0.0076741597771179315,-0.1628818866996347,0.10548218924878515,0.023554106951144505,0.039171687802406374,0.042332002074556625,0.13507588278068386,0.06637897082916318,-0.005374440791337527,0.13929295845334633,0.36043033712770794
2022-10-10,0.042885053224073974,0.018626901751571934,0.09951045426478422,-0.07491652388486246,-0.035410086192484196,-0.06710874407031572,0.010045172713886505,0.011348533830556633,-0.07135632979844705,-0.12630721849511892,-0.09752384810390442,-0.19392844493888303,0.07438655093626796,-0.07495449523937395,0.07831779510419033,0.09002063611541042,0.04166911994327317,0.09490331458693449,-0.0031379020114574835,0.01015981397022533,0.28868413758664896
2022-10-17,-0.04410389173572112,0.004737221546055694,0.0030449201408158494,-0.06937302811856103,-0.06416736071357654,-0.08807737082303858,0.002655947889891056,0.030367383908885447,-0.09620579167691713,-0.17291641996344528,-0.140968160415537,-0.18317479238589376,0.06335640982573232,-0.07735280566433607,0.03236481735814652,0.06690087568798422,0.08553729474300882,0.00026181386583762296,-0.0007025873220269156,0.03167396857422184,0.2209030062749
2022-10-24,-0.04680776288683586,0.029109030032648538,-0.021256841622506017,-0.04001961431623364,0.0023265547354361887,-0.03231954694195571,0.009864170164862957,0.08628527222751829,-0.11033155921939611,-0.24961930802527105,-0.122785804760377,-0.21344069930379175,0.028370744288616755,-0.09478740831307808,0.013575319653305443,0.1141294838474243,0.08449513487375372,0.043377255571168026,0.021453630428641023,-0.003949042997731063,0.16280638140445505
2022-10-31,-0.028859217713265623,0.08823104470784547,0.05613432334560616,-0.004116356900502117,-0.02609067768562018,-0.08095109761696939,0.03250257766380161,0.08263024242683834,-0.04356506208744353,-0.22304619690522207,-0.12133737501661077,-0.18322219597266629,0.037732328182174014,-0.07388390211376417,-0.010373055501297067,0.04402303013483071,0.06201806082995561,0.11308706088263794,0.08373177847118247,-0.033306059929772834,0.18763150197295428
2022-11-07,0.02058343040943164,0.08641446024451929,0.05603148206732224,0.00962631346060498,-0.0717485468802942,-0.07736179978961531,-0.031903701667272744,0.06118969120545075,-0.03723776646547698,-0.17510480040131396,-0.07564786592832043,-0.20609432270124875,0.054751815139836776,-0.018386653164076876,-0.0963730384782253,0.05510852726052818,0.12935892311632444,0.09326689302084623,0.08731801960648965,0.05550627877671787,0.16886067159852555
2022-11-14,0.10393292497375965,0.09045571046768812,-0.02674047709391675,0.03462081053818995,-0.0733275226200281,-0.06095314538857634,0.022386135303074293,0.10724041263291899,-0.01802327286823991,-0.20005322037736903,-0.03493470071348006,-0.2282943113691271,0.07685654265690049,0.04075395175588164,-0.06480487927055488,0.032604500530522065,0.1811192869939799,0.12997917337985196,0.11307247889101672,0.07203367968524595,0.1782505197751517
2022-11-21,0.04665682889595481,0.1307409967057496,-0.04845679042613244,0.08257237736858178,-0.049438997519976546,0.015254262845571314,0.09435363059797854,0.17481323202057175,0.012269617357783544,-0.12487737105976611,0.05329668681557815,-0.17621170258239147,0.1245179593763722,0.029242772047010344,-0.04286183131502882,0.015888885982269486,0.20213187265566843,0.14318680064569686,0.14438346931812723,0.08565193615926912,0.1595142227718072
2022-11-28,0.03866513143855913,0.11709603824555136,-0.07874322098960021,0.009748029294416937,-0.06526780261000763,0.019482366525949226,0.0625583877275931,0.14594094955333922,-0.039444521824394466,-0.11805053057418298,0.0023303818215882157,-0.185902463223687,0.09581831515743186,0.01516072598969244,0.013490609599034507,0.015759836477850852,0.1603633715400445,0.14110480318994853,0.11978299847226878,0.050968165718982536,0.1511808234315675
2022-12-05,0.039158814005002755,0.09151082632732163,-0.07988846043219262,0.025718458432354516,-0.047011677876014776,-0.05192014139154621,0.07645570224447708,0.11379053812869243,0.012270147592731396,-0.09275835754481997,0.05635857285572842,-0.16911800844221206,0.11347046972972195,0.04832465297106475,-0.07932233843079899,-0.004779972046985827,0.16149106158333912,0.08972010523661707,0.10192925647462651,0.0546898772953117,0.13219810418871042
2022-12-12,-0.0750871123167435,0.09504296941576773,-0.12469929663112146,0.04100549379844829,-0.12820426358481726,-0.1510009039300029,0.09422520165574513,0.03326897963472112,-0.02542165639247928,-0.038157843987183075,-0.004410674425748868,-0.11188829360230046,0.05714761164225547,-0.06517245353475085,-0.15749423604371238,-0.05410649096919552,0.11335592831401801,0.0928616910975705,0.03776076146528399,-0.01601577446968199,0.08280039383470501
2022-12-19,-0.08655679276034446,0.054676117782600266,-0.16449982732260832,0.07882046088068928,-0.1423974713740484,-0.18028335927957675,0.019872174186301432,-0.056983514172072806,-0.08097847707870012,-0.11478600707428965,-0.05194543462042434,-0.19257038286329348,-0.028805832123012836,-0.10716191856945627,-0.15779388311409043,-0.025939947203452624,0.0711819720469922,0.07549621931094905,0.01672172653604488,-0.0611715732015612,0.009252909635649334
2022-12-26,-0.0876872607264698,0.09658485913828636,-0.08570716051661212,0.06069993830922303,-0.04136390858984056,-0.09156588291000407,0.07849970251898518,0.005220957354055604,-0.004329517294454803,-0.0487420644926998,0.023506610094103316,-0.11749482463828795,0.08037088988168255,-0.03238645329356455,-0.14901606264593534,-0.04392879494045578,0.13640612278572456,0.1504536002032173,0.011265941900754233,0.03616971339140267,0.07109120486069184
