Date,3MINDIA.NS,AARTIIND.NS,ABB.NS,ABBOTINDIA.NS,ABFRL.NS,ABREL.NS,ACC.NS,ACE.NS,ADANIENT.NS,ADANIPORTS.NS,ADANIPOWER.NS,AIAENG.NS,AJANTPHARM.NS,ALKEM.NS,ALKYLAMINE.NS,ALOKINDS.NS,AMBUJACEM.NS,ANANTRAJ.NS,APARINDS.NS,APLAPOLLO.NS,APLLTD.NS,APOLLOHOSP.NS,APOLLOTYRE.NS,ASAHIINDIA.NS,ASHOKLEY.NS,ASIANPAINT.NS,ASTRAZEN.NS,ASTRAL.NS,ATUL.NS,AUROPHARMA.NS,AXISBANK.NS,BAJAJ-AUTO.NS,BAJAJFINSV.NS,BAJAJHLDNG.NS,BAJFINANCE.NS,BALKRISIND.NS,BALRAMCHIN.NS,BANKBARODA.NS,BANKINDIA.NS,BASF.NS,BATAINDIA.NS,BAYERCROP.NS,BBTC.NS,BEL.NS,BEML.NS,BERGEPAINT.NS,BHARATFORG.NS,BHARTIARTL.NS,BHEL.NS,BIOCON.NS,BLS.NS,BLUEDART.NS,BLUESTARCO.NS,BOSCHLTD.NS,BPCL.NS,BRIGADE.NS,BRITANNIA.NS,BSOFT.NS,CANBK.NS,CANFINHOME.NS,CAPLIPOINT.NS,CASTROLIND.NS,CCL.NS,CEATLTD.NS,CENTRALBK.NS,CENTURYPLY.NS,CERA.NS,CESC.NS,CGCL.NS,CGPOWER.NS,CHAMBLFERT.NS,CHENNPETRO.NS,CHOLAFIN.NS,CHOLAHLDNG.NS,CIPLA.NS,COALINDIA.NS,COFORGE.NS,COLPAL.NS,CONCOR.NS,COROMANDEL.NS,CRISIL.NS,CROMPTON.NS,CUB.NS,CUMMINSIND.NS,CYIENT.NS,DABUR.NS,DBREALTY.NS,DCMSHRIRAM.NS,DEEPAKFERT.NS,DEEPAKNTR.NS,DIVISLAB.NS,DLF.NS,DRREDDY.NS,ECLERX.NS,EICHERMOT.NS,EIDPARRY.NS,EIHOTEL.NS,ELECON.NS,ELGIEQUIP.NS,EMAMILTD.NS,ENDURANCE.NS,ENGINERSIN.NS,ESCORTS.NS,EXIDEIND.NS,FACT.NS,FEDERALBNK.NS,FINCABLES.NS,FINPIPE.NS,FORTIS.NS,FSL.NS,GAIL.NS,GESHIP.NS,GILLETTE.NS,GLAXO.NS,GLENMARK.NS,GMRAIRPORT.NS,GNFC.NS,GODFRYPHLP.NS,GODREJCP.NS,GODREJIND.NS,GODREJPROP.NS,GPIL.NS,GPPL.NS,GRANULES.NS,GRAPHITE.NS,GRASIM.NS,GRAVITA.NS,GSPL.NS,GUJGASLTD.NS,GVT&D.NS,HAVELLS.NS,HCLTECH.NS,HDFCBANK.NS,HEG.NS,HEROMOTOCO.NS,HFCL.NS,HINDALCO.NS,HINDCOPPER.NS,HINDPETRO.NS,HINDUNILVR.NS,HINDZINC.NS,HONAUT.NS,HSCL.NS,ICICIBANK.NS,ICICIPRULI.NS,IDBI.NS,IDEA.NS,IDFCFIRSTB.NS,IFCI.NS,IGL.NS,IIFL.NS,INDHOTEL.NS,INDIACEM.NS,INDIANB.NS,INDIGO.NS,INDUSINDBK.NS,INDUSTOWER.NS,INFY.NS,INOXWIND.NS,INTELLECT.NS,IOB.NS,IOC.NS,IPCALAB.NS,IRB.NS,ITC.NS,ITI.NS,J&KBANK.NS,JBCHEPHARM.NS,JBMA.NS,JINDALSAW.NS,JKCEMENT.NS,JKTYRE.NS,JMFINANCIL.NS,JPPOWER.NS,JSL.NS,JSWENERGY.NS,JSWHL.NS,JSWSTEEL.NS,JUBLFOOD.NS,JUBLPHARMA.NS,JUSTDIAL.NS,JWL.NS,JYOTHYLAB.NS,KAJARIACER.NS,KANSAINER.NS,KARURVYSYA.NS,KEC.NS,KEI.NS,KIRLOSBROS.NS,KIRLOSENG.NS,KNRCON.NS,KOTAKBANK.NS,KPRMILL.NS,LALPATHLAB.NS,LAURUSLABS.NS,LICHSGFIN.NS,LINDEINDIA.NS,LT.NS,LTF.NS,LTIM.NS,LTTS.NS,LUPIN.NS,M&M.NS,M&MFIN.NS,MAHABANK.NS,MAHSEAMLES.NS,MANAPPURAM.NS,MARICO.NS,MARUTI.NS,MASTEK.NS,MCX.NS,MFSL.NS,MGL.NS,MINDACORP.NS,MMTC.NS,MOTHERSON.NS,MOTILALOFS.NS,MPHASIS.NS,MRF.NS,MRPL.NS,MUTHOOTFIN.NS,NATCOPHARM.NS,NATIONALUM.NS,NAUKRI.NS,NAVA.NS,NAVINFLUOR.NS,NBCC.NS,NCC.NS,NESTLEIND.NS,NETWORK18.NS,NEULANDLAB.NS,NH.NS,NHPC.NS,NLCINDIA.NS,NMDC.NS,NTPC.NS,OBEROIRLTY.NS,OFSS.NS,OIL.NS,OLECTRA.NS,ONGC.NS,PAGEIND.NS,PATANJALI.NS,PCBL.NS,PERSISTENT.NS,PETRONET.NS,PFC.NS,PFIZER.NS,PGEL.NS,PHOENIXLTD.NS,PIDILITIND.NS,PIIND.NS,PNB.NS,PNBHOUSING.NS,PNCINFRA.NS,POLYMED.NS,POONAWALLA.NS,POWERGRID.NS,PRAJIND.NS,RADICO.NS,RAMCOCEM.NS,RAYMOND.NS,RBLBANK.NS,RCF.NS,RECLTD.NS,REDINGTON.NS,RELIANCE.NS,RENUKA.NS,RHIM.NS,RKFORGE.NS,RPOWER.NS,RTNINDIA.NS,SAIL.NS,SAMMAANCAP.NS,SARDAEN.NS,SAREGAMA.NS,SBIN.NS,SCHAEFFLER.NS,SCHNEIDER.NS,SCI.NS,SHREECEM.NS,SHRIRAMFIN.NS,SIEMENS.NS,SJVN.NS,SKFINDIA.NS,SOBHA.NS,SOLARINDS.NS,SONATSOFTW.NS,SRF.NS,SUNDARMFIN.NS,SUNDRMFAST.NS,SUNPHARMA.NS,SUNTV.NS,SUPREMEIND.NS,SUZLON.NS,SWANENERGY.NS,SYNGENE.NS,TANLA.NS,TARIL.NS,TATACHEM.NS,TATACOMM.NS,TATACONSUM.NS,TATAELXSI.NS,TATAINVEST.NS,TATAMOTORS.NS,TATAPOWER.NS,TATASTEEL.NS,TCS.NS,TECHM.NS,TECHNOE.NS,THERMAX.NS,TIMKEN.NS,TITAGARH.NS,TITAN.NS,TORNTPHARM.NS,TORNTPOWER.NS,TRENT.NS,TRIDENT.NS,TRITURBINE.NS,TRIVENI.NS,TTML.NS,TVSMOTOR.NS,UBL.NS,UCOBANK.NS,ULTRACEMCO.NS,UNIONBANK.NS,UNOMINDA.NS,UPL.NS,USHAMART.NS,VBL.NS,VEDL.NS,VGUARD.NS,VOLTAS.NS,VTL.NS,WELCORP.NS,WELSPUNLIV.NS,WHIRLPOOL.NS,WIPRO.NS,WOCKPHARMA.NS,YESBANK.NS,ZEEL.NS,ZENSARTECH.NS,ZENTEC.NS,ZFCVINDIA.NS,ZYDUSLIFE.NS
2016-01-01,9881.1504,103.77001764,871.09416186,5065.2998,73.17382855,228.43086,1240.05,39.849998,40.66203091,212.25,5.7400002,821.90002,849.3,1358.8,127.059996,,195.35001,19.43587903,498.5,67.904999,617.45001,1473.0,147.45,152.05,44.799999,869.90002,1235.9,190.1924955,1452.5,834.25,408.39999,2341.95,186.165,1480.45,59.283999,304.274995,88.949997,125.4,100.3,794.15002,476.39999,3381.6499,407.04999,37.31962203,419.76,158.60097449,416.774995,261.22662336,92.46657431,81.55825326,,6288.75,180.850005,17495.949,148.85818775,103.76655636,1344.725,78.95744047,37.73901439,211.96,241.05,210.074995,168.64999,940.54999,62.400002,149.5,1749.45,35.23123128,8.306189,58.5115993,57.799999,186.19999885,126.4,,585.09998,319.95001,110.340002,857.95001,303.8336,169.14999,1839.2,,66.11557017,923.59998,438.20001,250.64999,43.91805333,126.55,144.3221418,65.900002,1140.95,96.349998,621.08,939.89906029,1654.66,183.8,114.31002609,32.6500015,62.275,503.825,,96.324995,135.14999,120.25,21.299999,46.150002,232.10001,63.579998,178.5,37.450001,69.11250188,336.39999,4482.3999,1618.19995,771.34998,11.75232196,82.5,407.51625915,408.31625816,350.89999,300.25,2.8825001,161.10001,116.4,73.699997,553.13013,26.1,138.89999,114.459998,445.8,296.70001,432.875,262.4625,27.25,2565.6499,20.85,70.5,49.450001,120.88112037,816.90002,161.0,8575.2002,14.3,209.22705434,,58.700001,62.3026,52.549999,22.299999,55.984998,98.4075239,101.57616014,93.849998,91.449997,874.70001,928.79999,361.20001,582.45,78.09905184,216.51736868,25.299999,67.04999854,334.475005,24.305,201.49886369,27.15,71.449997,132.949995,29.69,23.04179337,496.5,90.849998,39.5,6.0,22.9,76.650002,1018.85,105.705,127.215,348.5,608.20001,22.700001,143.425005,487.225005,175.09981844,63.28031444,123.0,110.05,128.14999,240.7,49.45,683.59998,73.309998,774.20001,,475.89999,287.20001,734.43259871,54.27209166,,,1710.75,616.625,123.3180302,29.700001,73.699995,28.6,221.64999,4095.8501,137.35001,854.59998,365.70001,,92.300003,27.0666385,39.29446384,72.25,456.14999,35626.25,65.25,192.3,529.04999,34.5,158.790002,39.1375,351.64,42.79547108,64.400002,274.4,47.799999,691.40002,333.64999,20.950001,72.599998,20.68927184,118.70828607,243.25,3639.7,117.18309563,19.75,150.8331824,12103.25,,10.695,331.45001,122.800005,70.040004,2236.25,11.3,150.0,283.125,650.65002,91.300003,,101.309998,164.175005,74.349998,83.16563063,97.25,114.0,389.0,84.60968924,,42.450001,72.3,51.775,232.7839636,12.2,80.19999695,84.990002,50.700001,3.2,42.799999,630.558406,9.7099998,29.55,179.89999,792.84,160.3,63.57656179,10549.75,164.50734676,530.13492428,28.799999,557.896086,281.44435264,616.35,61.05,233.31,1362.05,155.7,872.95001,379.20001,740.75,18.63458708,65.349998,201.100005,42.900002,12.8875,151.43835207,248.35960001,124.973904,1041.30005,50.170001,203.39399678,60.099998,23.53200269,1195.65,501.39999,,838.5,484.64999,138.95,363.70001,699.425,234.0,155.785,5.23499956,99.849998,49.099998,6.7,292.25,772.70001,36.900002,2840.1001,130.85001,26.8595385,279.53703023,8.6,,71.75,63.73564964,286.54999,157.469996,99.800003,83.075,589.65002,105.52499786,1173.509644,149.359998,420.04999,180.869996,90.25,5637.5,304.20001
2016-02-01,10382.15,89.72199435,908.9483394,4786.2002,42.18275032,182.69239,1193.9,35.349998,32.79196131,196.7,5.5,807.04999,868.03333333,1264.65,115.480004,,187.95,14.64101049,416.10001,56.245001,618.04999,1463.85,157.85001,151.39999,43.825001,846.09998,1186.5,153.8549955,1352.65,655.65002,375.75,2201.2,161.19,1349.15,59.320498,285.0,81.400002,131.89999,83.300003,786.0,455.64999,3368.8501,330.20001,31.21054339,378.180004,133.51171793,373.20001,284.29459301,60.56660484,78.24992158,,5349.25,156.425005,16736.5,128.20820507,89.76657035,1378.125,73.72299745,30.82343727,188.759998,187.840002,183.699995,169.55,947.79999,58.549999,149.0,1698.35,34.05504093,6.048174,44.33161951,54.099998,172.29999894,128.840002,,514.15002,311.0,83.909998,820.40002,296.5504,170.8,1782.55,,69.75192818,809.25,422.14999,237.14999,32.29906065,115.6,138.84399944,59.650002,950.54999,88.949997,607.25,881.89911828,1890.06,168.8,105.2378018,21.4750005,63.0,491.95001,,75.1,125.7,127.85,19.65,46.25,238.0,61.420002,167.35001,30.049999,57.21562313,282.89999,4409.7002,1578.69995,735.65002,9.85386995,69.150002,358.0329753,396.11627037,291.79999,267.35001,2.525,146.7,106.25,66.099998,542.372807,20.700001,126.85,96.229998,357.0,272.20001,406.625,242.9625,23.81,2499.8999,16.799999,68.75,43.049999,101.91821429,830.40002,160.35001,8448.5996,14.75,172.77255445,,58.549999,62.9972,45.549999,21.049999,50.835001,77.93802954,89.0549381,66.449997,76.050003,812.25,830.0,356.75,542.025,53.9226036,152.24608779,24.25,61.27499853,282.375,21.58,186.04976632,23.35,63.349998,121.074995,24.65,16.55049973,478.35001,74.550003,36.0,4.35,18.0,61.75,993.54999,112.645,99.484998,305.20001,534.40002,17.85,127.449995,432.524995,179.49982071,56.2217183,100.8,90.199997,118.1,210.14999,46.139999,630.40002,63.820001,826.70001,,421.85001,247.05,717.33261581,47.43576298,,,1754.55,614.05,122.30940327,28.700001,66.225,30.15,236.75,3236.5,115.35,813.70001,336.39999,,93.900002,20.53331231,33.4405275,66.787498,420.60001,32547.051,57.599998,173.85001,415.95001,32.900002,140.019996,33.9124975,257.5,38.39547986,61.349998,250.4,38.450001,523.54999,279.89999,20.1,64.150002,20.85581139,99.58329369,230.35001,3217.25,103.08312717,16.65,129.39987718,9880.9502,,8.275,303.850005,117.550005,61.7,1840.35,11.1,121.2,293.32501,577.04999,71.0,,95.379998,126.775,85.400002,73.153125,72.050003,95.199997,359.89999,82.21643585,,38.349998,58.46249625,51.35,217.32723882,11.65,75.25,56.970002,44.5,3.2,34.900002,513.178812,7.825,21.45,158.75,760.39,132.45,42.97915533,10003.7,156.96640988,512.06214277,28.4,561.625593,233.40118025,604.75,47.86875,211.3,1215.7,139.3,853.90002,320.70001,670.15002,12.39246,63.150002,197.75,26.5,10.1199995,135.45235122,205.4554729,102.3007728,847.125,46.125,180.93554371,57.299999,23.47545897,1088.4,415.54999,,751.20001,414.04999,88.349998,316.79999,630.5,227.75,143.035,4.28499961,90.099998,39.099998,5.9,268.14999,802.95001,31.700001,2768.6001,106.95,25.47651486,244.04736871,6.75,,70.599998,56.98922712,223.39999,149.209998,79.599998,81.184998,597.59998,97.54687475,700.49344643,137.8,372.35001,168.590002,59.299999,5299.4502,314.60001
2016-03-01,10724.95,108.56150912,1150.1116287,4705.2002,48.10775668,230.849616,1381.9,38.700001,41.19228669,247.7,6.8900002,939.79999,939.43333333,1356.45,124.659996,,232.55,16.92306,460.95001,67.104999,598.40002,1329.3,174.89999,151.3,54.3,868.40002,1154.75,185.3549955,1534.3,744.90002,444.14999,2405.95,171.11,1468.5,69.241499,315.70001,107.85,147.0,97.050003,877.5,508.60001,3793.55,366.79999,37.0999255,417.64,145.71408181,436.54999,316.1031391,75.89992419,80.55825426,,6050.0,195.149995,20784.5,150.71651422,96.16657062,1343.25,81.46446869,36.97061693,230.94,202.04,187.074995,193.2,1086.65,74.25,170.85001,1829.9,36.82026034,6.187675,48.849998,54.900002,199.19999877,144.25,,511.95001,291.95001,99.340002,830.84998,318.2976,190.3,1798.9,,78.34695313,841.79999,426.70001,249.89999,37.06804948,139.0,143.15862521,68.0,987.25,114.75,607.04,866.09913408,1918.06,217.7,102.29545878,27.299999,66.0,466.149995,,85.050005,139.25,139.35001,21.299999,46.450001,281.20001,72.829998,175.5,33.549999,66.82499813,311.79999,4412.0,1907.375,795.04999,10.48668729,81.599998,396.14960385,460.26620619,355.0,295.85001,2.6700001,176.5,119.95,71.849998,626.55701,24.35,141.7,110.509998,480.0,321.35001,407.04999,267.7875,27.96,2945.7,16.200001,87.949997,50.349998,116.70335364,869.5,183.60001,8596.0498,15.75,215.13613934,,69.400002,66.5608,48.200001,24.700001,56.959998,97.86793207,89.78080162,86.25,103.9,873.20001,967.59998,381.95001,609.15,63.87906486,211.59864892,30.25,65.60000187,291.07501,23.27,206.56464691,24.1,60.5,124.725,29.65,17.81653236,675.5,84.199997,38.049999,4.65,16.75,69.550003,1018.5,128.325,127.685,416.85001,766.40002,17.1,145.699995,478.92499,187.06648649,61.66389451,122.3,98.0,115.4,211.0,50.939999,680.65002,83.215002,923.29999,,493.14999,267.04999,811.13252199,59.38771316,,,1479.25,605.35,144.79559212,28.950001,71.875,35.0,244.3,3716.3,143.25,836.65002,344.04999,,104.05,24.96664258,39.33875888,68.3125,491.79999,38296.75,67.400002,178.75,412.70001,39.5,153.380004,40.325,337.74,41.90880574,75.800003,287.867505,44.0,703.54999,286.29999,24.15,71.150002,25.10896149,107.37496559,241.5,3529.3999,104.33312467,16.65,142.73319717,12116.9,,9.5449997,381.07501,125.375,68.540004,1793.35,11.7,150.15,294.649995,568.45001,84.699997,,105.719996,141.949995,74.800003,78.24375563,89.199997,95.349998,399.85001,83.69158439,,38.650002,62.325,57.325,234.98725011,14.65,77.05000305,68.820002,49.400002,3.5,43.099998,579.673124,9.375,26.979999,194.25,759.56,146.05,50.3880128,12420.5,185.72719083,571.11028236,28.65,604.467116,266.69553979,691.6,54.65625,261.69,1300.6,170.8,820.0,377.45001,739.65002,13.035032,60.25,192.625,37.950001,11.8324995,160.15993231,234.45146862,119.78724,941.925,47.229999,233.39900125,64.650002,30.12888063,1260.15,474.95001,,758.5,436.95001,95.099998,339.10001,670.125,231.89999,159.175,5.12999967,95.650002,50.450001,6.6,322.79999,827.34998,38.799999,3228.75,130.8,33.24732364,305.46687679,11.5,,89.849998,62.88922334,278.10001,154.7,98.699997,98.949997,702.65002,105.79687473,897.51441322,173.009998,386.95001,186.669996,73.800003,6247.8999,316.89999
2016-04-01,13323.85,112.05771407,1163.7014514,4630.0498,48.5685938,278.244171,1443.15,40.200001,48.3925608,238.2,6.4099998,990.90002,1009.66666667,1190.95,124.219996,,221.0,19.07690451,478.0,79.275,602.5,1312.15,160.14999,163.7,53.4,866.25,1150.25,199.2150045,1800.95,759.95001,472.39999,2491.95,187.535,1438.95,68.291001,332.95001,107.1,157.89999,92.5,906.40002,584.20001,3996.3,403.20001,35.81356445,368.380004,153.27359504,399.04999,327.63713744,83.5999165,97.56657222,,5675.75,214.024995,19664.0,162.99983693,100.16656663,1431.30005,88.10393539,40.06365986,240.43,193.890002,198.149995,193.10001,1098.6,82.050003,184.05,1844.95,41.94565215,6.417022,57.650002,60.849998,213.74999867,159.840002,,537.0,288.04999,93.929998,840.84998,346.3296,224.10001,1951.85,,77.60315214,885.15002,459.5,275.79999,44.13482555,157.75,146.84304271,70.050003,1051.1,129.5,617.74,879.76578708,2003.5,229.14999,100.82428728,31.174999,81.5,503.375,,89.65,169.25,147.25,23.9,45.849998,286.54999,72.359998,175.14999,40.950001,67.56562687,328.35001,4180.8999,1865.69995,829.45001,11.39071205,99.550003,301.73303493,440.54955925,348.89999,340.04999,3.325,170.60001,134.64999,79.699997,666.098338,24.65,137.7,107.159998,378.0,332.20001,375.149995,283.0875,32.120002,2897.3999,18.35,96.349998,53.75,123.51814801,867.90002,172.10001,9169.2998,18.15,215.40887543,,69.349998,71.6042,47.849998,25.5,57.329999,103.56897637,95.45164847,89.25,97.5,1075.95,1048.85,374.95001,604.05,66.98429214,215.76784011,31.299999,72.20833356,248.875,21.364999,204.48799415,25.5,68.699997,122.775,30.91,19.70407099,593.25,84.099998,41.150002,4.6,17.0,67.699997,1030.25,137.32,115.695,399.35001,846.45001,19.049999,152.199995,524.875,190.39981649,67.89663773,125.5,102.4,128.25,236.8,55.434998,717.15002,81.545001,985.09998,,462.29999,264.0,836.39916338,66.64259828,,,1607.25,665.475,177.99089382,29.6,101.475,40.049999,259.10001,3794.6499,145.25,879.54999,365.20001,,115.6,26.06663949,37.25703068,74.3125,489.25,33787.75,67.599998,203.10001,489.70001,46.150002,150.35,39.7750025,348.57,44.4132443,78.099998,286.27251,40.650002,750.90002,296.95001,20.65,69.900002,24.37875241,116.08328712,279.79999,3608.3501,110.68310863,18.0,144.83318841,12564.05,,11.96,371.274995,131.774995,71.740004,1738.55,11.92,160.55,301.524995,642.25,86.949997,,104.459998,138.725005,91.099998,80.66249438,97.349998,88.25,450.14999,87.06483294,,45.450001,66.89999625,54.3,220.93568028,13.4,84.0,81.179998,50.950001,3.55,47.400002,618.338792,11.225,31.775,189.0,793.42998,140.45,54.26699779,12693.9,183.72016418,590.89686212,28.450001,605.4234,285.77649271,678.65,56.193754,272.93,1279.15,163.35001,811.29999,372.45001,800.40002,13.723502,60.299999,194.425005,37.700001,16.6649995,173.83159863,256.55547302,118.6017168,954.7,49.935001,246.52995869,70.5,33.08805117,1267.75,486.14999,,771.95001,514.09998,91.599998,355.89999,715.125,234.75,169.88,5.13499957,109.9,52.900002,6.8,319.79999,762.15002,39.75,3161.45,127.4,33.01681948,343.9619755,14.55,,103.8,67.69636066,293.5,175.3,110.65,99.949997,747.0,103.94062099,914.19390678,188.590002,414.89999,195.419996,80.199997,5799.1001,327.60001
2016-05-02,12415.15,109.38290134,1109.611266,4705.0498,43.36775489,271.271179,1529.05,40.150002,40.66203091,192.14999,5.9599998,941.20001,1012.5,1263.4,124.019996,,228.39999,20.384595,486.89999,88.25,532.54999,1369.1,156.45,149.25,54.475,984.84998,1045.7,199.9575045,1879.05,785.29999,515.20001,2618.3501,182.065,1527.7,75.887998,333.07501,108.2,142.8,86.650002,990.95001,572.40002,3958.2,375.35001,35.70447376,348.139992,168.33309182,377.70001,316.64379442,80.3332531,119.59154514,,5438.2998,208.475005,22347.551,163.41650318,99.39990739,1353.1,99.72991434,40.15119687,241.79,198.480004,187.475005,233.39999,924.0,82.550003,163.0,2003.45,42.41301318,6.291708,66.050003,65.849998,200.39998876,195.109998,,472.64999,291.39999,97.120002,861.34998,368.3968,230.60001,2236.5,132.3,88.05767502,800.0,482.95001,289.70001,42.79083433,192.60001,146.30976346,82.349998,1099.45,129.89999,636.62,950.4657164,1848.585,234.55,104.10990364,29.0,87.825,512.0,,89.675005,174.7,164.25,23.15,52.349998,352.5,77.590002,161.64999,39.75,69.45937688,307.5,4612.1499,1777.225,851.15002,10.17027862,138.85001,295.39970793,494.21617222,344.35001,329.5,3.0049999,160.14999,137.8,73.800003,710.138199,19.15,132.5,104.25,330.3,364.5,369.899995,295.475,30.5,3098.8999,16.799999,105.25,45.599998,134.28848756,848.20001,170.75,8924.4004,19.450001,222.40885934,,67.900002,69.4298,48.150002,24.1,55.854999,94.80361772,106.70260324,94.199997,90.849998,1064.3,1102.85,374.54999,624.325,53.88563409,198.20098382,27.0,69.35000188,214.949995,22.05,220.91246682,25.450001,57.299999,127.324995,28.91,18.53011392,582.04999,85.900002,45.150002,3.85,15.05,71.150002,1026.3,138.915,103.365,362.64999,680.0,15.05,141.050005,545.125,194.83313873,65.16496102,138.55,107.1,123.0,244.89999,55.540002,746.54999,97.479999,939.65002,,470.75,278.95001,982.36568405,73.29290715,,,1474.75,661.15,190.77656709,28.15,117.324995,53.650002,249.2,4161.6001,141.05,958.29999,356.04999,,114.75,23.66664321,42.04057486,82.75,524.25,33774.449,67.849998,232.39999,482.39999,42.900002,161.509998,45.2125025,414.77998,42.13102752,73.599998,304.867505,41.950001,801.0,315.14999,23.299999,68.699997,22.61087604,119.29161084,271.0,3466.05,116.66643333,17.549999,140.49985941,13794.9,,11.825,367.975005,136.774995,65.48,1892.8,11.285,150.225,353.125,676.04999,79.0,,113.590002,174.949995,90.550003,84.375,85.199997,85.5,491.70001,96.08079045,,43.099998,60.03750375,57.1,215.34876848,14.1,83.44999695,76.9,52.0,3.7,42.799999,640.815739,10.865,29.264999,204.95,790.0,129.89999,53.52999297,13129.95,230.00825836,625.38056017,27.700001,591.437747,296.923295,629.96,53.7375,259.42,1389.4,158.35001,762.75,374.95001,992.0,14.595564,58.450001,194.925005,34.400002,17.9024995,185.01750744,283.90606776,116.329464,900.3,52.115002,277.50089451,73.75,31.50951275,1284.69995,540.34998,,731.54999,547.79999,91.849998,360.5,670.875,184.5,163.455,4.97999968,106.7,47.400002,6.45,284.64999,725.59998,35.200001,3226.7,118.4,39.70309854,380.79447629,12.35,,108.55,90.56062344,335.89999,169.2,78.199997,104.25,758.40002,102.27187662,844.98777322,206.6,443.35001,189.780004,68.650002,5705.6499,336.39999
2016-06-01,12823.35,109.63564146,1097.9051811,4616.1001,46.97213375,287.156527,1616.05,47.299999,48.42047053,206.85001,6.1,1028.75,1001.43333333,1384.4,145.340004,,254.8,25.05125597,536.25,94.55,573.79999,1315.5,151.5,154.39999,49.174999,1003.3,1072.6,211.5224955,2050.5,742.5,533.5,2689.95,232.16001,1665.15,79.967002,331.57501,125.7,153.95,101.25,1132.45,545.84998,3899.6499,404.64999,38.39689259,341.639992,164.40453779,380.125,330.5206145,85.1332483,123.53321119,23.99375,5961.6499,218.800005,22648.75,178.6914879,106.96655983,1379.475,101.54819455,42.49529739,244.45,198.769996,189.5,248.0,838.84998,106.95,195.55,2376.8999,46.49073658,6.147479,73.75,70.949997,197.35000878,189.709998,,501.0,313.0,102.55,918.5,366.2208,264.5,2015.1,143.75,96.1981546,848.90002,490.10001,308.64999,44.52501208,217.89999,162.64721304,86.300003,1109.65,149.95,676.34,963.9990362,1922.24,253.60001,110.77921447,32.3499985,86.65,550.125,,101.85,219.89999,169.3,26.4,57.599998,363.85001,85.479998,157.7,46.400002,72.21562313,313.35001,4582.7998,1743.69995,799.04999,12.06873063,155.85001,290.36636963,535.749464,397.0,363.64999,3.0075001,163.0,138.14999,76.449997,760.453085,18.15,143.3,111.530004,353.75,359.89999,365.225005,294.1125,31.679998,3178.25,18.299999,122.85,53.5,147.59214988,898.54999,180.55,9529.9502,33.0,218.68159943,,69.800003,64.3864,45.200001,26.75,62.754999,106.6570384,115.91205411,113.05,141.2,1015.35,1111.6,345.04999,585.4,58.59277425,190.84632666,27.299999,73.50000023,244.324995,21.339999,231.83065912,29.0,68.900002,125.300005,27.029998,24.49197712,666.25,89.849998,51.349998,4.95,15.9,83.900002,1291.4,146.435,113.595,314.0,610.45001,16.0,151.350005,603.0,206.76645348,70.07774112,144.10001,112.15,125.3,268.45001,55.809998,763.34998,106.995,847.29999,,495.0,328.54999,997.66566874,73.43241852,,,1539.7,714.975,198.25218463,32.650002,118.300005,68.949997,263.60001,4187.2002,135.10001,1000.8,532.75,,117.65,29.76663849,42.83045193,87.3125,573.45001,33077.648,68.0,293.04999,579.95001,43.0,165.259998,59.9000025,406.71,42.35547296,74.25,324.617505,44.25,864.45001,313.60001,25.200001,71.949997,24.04567333,130.24994815,271.29999,3464.25,117.39976853,18.0,144.19985571,14017.05,,16.210001,348.79999,147.100005,67.759996,1895.35,17.545,173.0,359.95001,722.70001,105.9,,115.209998,195.324995,108.95,91.74375563,94.550003,93.0,553.65002,96.11173767,,49.049999,65.04375,51.8,217.8893017,17.1,89.40000153,88.159998,51.349998,3.75,45.349998,598.53767,12.645,29.229999,218.8,824.87998,138.55,51.86202787,14546.45,234.58737906,680.17017078,28.549999,662.298391,318.04866704,629.81,62.41875,262.57,1523.9,185.89999,763.09998,363.95001,913.34998,15.972504,67.150002,201.125,37.25,17.5074995,184.46034632,298.31093077,129.6172032,848.5,51.429999,277.25941167,73.349998,30.34092311,1276.55005,505.75,,825.84998,566.75,90.150002,406.25,686.425,175.35001,181.65,4.97999968,119.9,64.75,6.9,309.5,750.75,43.299999,3411.0,128.3,38.70811652,351.76328092,15.0,,131.95,100.53918486,322.25,190.25,79.5,108.9,830.40002,104.61562661,860.60754643,221.42,456.5,194.2,83.349998,5821.7998,328.20001
2016-07-01,14619.65,116.89133066,1134.4586646,4666.5498,47.6633845,304.218567,1688.7,48.25,45.01568928,232.39999,5.5900002,1029.0,1187.76666667,1566.7,134.959996,,271.25,29.23074,583.95001,93.504999,627.65002,1361.9,163.3,177.85001,47.625,1114.15,1036.15,230.4,1921.65,791.45001,546.15002,2700.8,272.38999,1807.7,103.7265,364.600005,132.55,151.7,111.65,1061.05,605.45001,4005.8,408.14999,37.45143995,405.48,198.2082623,380.475005,326.24042649,97.26656285,138.1915315,23.2037505,5845.75,242.975005,24976.551,197.54980917,115.09987838,1466.9,72.37306766,48.73974255,267.38,231.46,221.199995,258.10001,863.75,97.900002,235.35001,2358.7,47.87334629,8.89493,78.5,64.349998,266.85000834,218.47,,527.40002,328.0,90.009998,933.34998,383.9744,255.0,2025.65,157.0,107.3138431,870.59998,493.70001,303.60001,47.2129902,237.3,159.35064733,102.95,1198.5,161.3,587.07,1037.43229611,2246.085,259.70001,115.5850414,29.75,89.75,570.15,,113.574995,262.5,179.10001,23.950001,64.650002,393.54999,94.270002,171.75,46.549999,71.578125,335.20001,4747.0498,1657.475,860.95001,12.92755415,154.35001,396.14960385,530.26613616,430.5,361.29999,2.88500005,172.45,142.45,82.949997,797.753304,25.35,132.60001,118.359998,344.3,389.64999,376.475005,311.55,37.44,3203.1499,17.549999,133.55,64.150002,186.91795784,922.54999,203.95,9921.75,33.25,238.99975183,,69.849998,63.2388,51.599998,29.0,64.834998,129.22367089,121.9458232,124.35,157.95,987.79999,1175.65,395.39999,536.925,54.8837469,205.78985637,27.4,90.73333695,257.875,21.635001,238.2968646,28.0,67.25,134.225005,29.120002,23.54820781,713.34998,90.150002,71.550003,6.05,20.049999,82.550003,1348.95,167.52,122.39,335.64999,555.5,15.0,144.0,634.925,227.39977954,67.80487316,143.35001,116.95,155.14999,277.25,59.940002,763.5,110.405,972.5,,520.0,334.89999,1039.23229383,80.0362264,691.79999,,1739.85,733.375,196.23496043,32.450001,106.475,82.0,284.25,4757.6001,133.10001,1054.05,579.95001,508.79999,117.65,29.93330499,48.92799329,118.912498,540.90002,33844.148,80.949997,331.75,632.15002,46.599998,163.630004,58.6375,466.02998,54.93322332,81.75,359.417505,41.849998,915.5,291.04999,25.299999,76.300003,25.62138928,131.95828913,291.0,3685.95,122.84975097,22.75,146.73319317,14342.2,,20.585001,343.20001,149.0,87.22,1999.0,18.285001,180.7,365.399995,755.04999,123.35,,115.0,207.524995,106.55,99.0,86.349998,90.349998,549.79999,94.43027229,,49.5,79.575,51.5,228.17504796,18.25,91.09999847,82.3,54.349998,3.75,46.950001,681.845071,14.560001,27.660001,229.39999,815.27002,144.45,55.97375507,16110.25,249.45490711,684.74029944,27.85,653.381043,324.03580889,658.75,59.662504,293.16,1491.8,197.25,829.95001,449.0,936.29999,16.01840292,63.0,208.949995,36.349998,16.2725005,203.38210394,273.56810562,140.43509252,825.475,50.154999,303.79300757,72.0,33.46030164,1309.65,487.95001,,880.29999,600.40002,102.0,421.39999,720.225,169.55,183.11,4.64999979,122.5,62.549999,6.8,291.75,812.15002,44.200001,3718.2,127.4,38.80429812,399.56241963,15.7,,164.64999,113.71774307,349.54999,217.44,87.050003,102.35,845.5,102.19687287,929.445072,243.39,497.29999,210.33,83.300003,6344.8999,366.89999
2016-08-01,12880.8,130.47599882,1039.1505021,4660.7998,51.25130501,315.724003,1709.8,45.650002,40.63412565,262.95001,5.53,1281.55,1267.53333333,1547.75,126.440004,,277.95001,29.53843097,554.79999,97.25,628.54999,1349.95,183.05,196.2,43.7750015,1157.9,1029.05,213.8400045,2226.45,790.84998,596.84998,2978.5,296.73,1808.25,110.111,438.82501,107.25,162.95,117.25,1136.3,534.45001,4024.6001,502.10001,36.98325907,426.34,216.9582548,425.149995,298.84722323,92.73324738,152.78318188,24.25,5443.6499,250.574995,24167.801,200.86645919,113.56655991,1730.275,70.11398674,54.57567067,298.27,241.04,223.524995,272.54999,893.20001,108.05,217.0,2406.3999,51.92380852,8.613563,83.300003,67.949997,294.49999817,231.9,,572.95001,333.5,80.0,948.34998,357.0048,269.14999,2197.3501,164.75,108.8427574,920.40002,498.39999,290.60001,43.00760655,227.05,209.72037067,113.45,1322.5,154.85001,617.97,1073.43226012,2275.0949,253.39999,107.88591051,28.6499995,94.075,573.35,,130.800005,325.45001,185.3,23.0,68.75,444.14999,97.179998,178.3,43.849998,71.98124813,368.85001,4469.3999,1516.975,841.09998,12.29473682,154.45,402.44959755,505.56616087,420.95001,359.64999,2.775,177.89999,129.0,74.849998,761.121359,30.299999,151.8,127.569996,320.0,417.60001,389.274995,322.8,35.55,3541.3501,17.1,159.25,65.800003,180.54760658,917.04999,227.0,9778.1504,35.650002,234.54521993,,72.900002,56.44379819,56.049999,28.35,80.115002,132.64429747,118.04430058,149.8,224.95,882.59998,1186.2,350.75,517.925,46.39364775,176.18385728,26.6,95.90000363,270.600005,22.664999,245.47077542,29.35,70.349998,163.875,44.479998,23.075001,796.04999,131.85001,66.400002,4.95,23.5,77.699997,1278.05,175.31,117.435,537.75,496.25,14.0,154.274995,630.7,248.06642556,68.05898544,135.3,116.3,161.25,280.60001,71.820001,806.90002,113.89,1081.75,,573.04999,387.04999,1008.63232444,90.17445251,652.90002,,1482.2,718.3,211.36418641,31.6,111.775,85.300003,291.5,5053.6499,129.45,988.5,579.79999,652.25,113.6,30.1999694,47.62137665,121.824998,567.40002,37431.801,78.150002,375.75,688.90002,47.099998,164.7,59.675,475.61,53.61100375,84.900002,326.27749,46.0,983.65002,309.75,28.15,77.75,27.67110042,132.7082805,301.79999,3456.6001,128.16641033,21.549999,157.5331757,14854.45,,24.810001,311.225005,175.925005,98.96,1992.15,15.825,198.0,349.274995,806.95001,127.55,,121.5,197.100005,100.3,103.33125,91.5,104.55,577.59998,85.26989238,299.39999,47.950001,89.38125375,53.2,238.31466237,17.0,104.69999695,81.9,53.25,3.6,48.200001,730.678895,17.28,23.610001,252.5,815.8,134.5,51.4353434,17174.801,241.04686208,657.50129397,28.049999,669.422707,278.86452729,658.59998,57.75,344.3,1454.75,291.60001,775.65002,472.39999,956.95001,14.503768,62.599998,236.375,31.950001,15.7649995,238.35415353,326.62391275,138.558024,789.775,57.190002,324.62142281,78.5,34.87863208,1255.65,468.79999,,836.84998,559.04999,120.9,418.5,815.975,188.45,217.575,5.16999987,125.2,53.5,6.35,326.04999,813.25,41.150002,4028.7,141.7,41.86718438,408.5787312,13.7,,170.0,135.96415708,390.29999,200.37,81.400002,48.700001,918.65002,92.18437289,753.48084643,273.22,539.5,215.33,77.449997,6237.2002,380.89999
2016-09-01,12883.9,130.7182103,1024.3048542,4744.75,45.375677,410.992507,1599.85,43.549999,36.67117889,256.75,4.98,1289.45,1338.06666667,1661.25,124.6,,251.75,28.43586951,543.04999,86.909998,654.79999,1313.4,219.95,187.2,39.799999,1160.7,928.79999,197.7974955,2284.3501,855.45001,541.34998,2827.6001,306.955,1909.6,105.59,506.95,107.75,167.39999,112.5,1209.45,490.29999,4471.8501,570.84998,37.71962123,350.419996,217.54157123,455.399995,282.94295469,89.79991031,155.58317741,35.9875,5482.1499,274.024995,22797.85,204.19978919,115.69988445,1682.0,68.37835563,59.98363641,325.04,260.26,237.475005,261.29999,1326.4,91.699997,250.55,2379.8501,47.57345785,14.857984,75.050003,58.25,287.24999823,231.47,,580.04999,322.29999,83.790002,970.65002,353.1264,246.0,2229.7,153.95,109.17334351,905.5,470.60001,271.20001,38.67216216,212.8,202.15763886,119.05,1290.8,146.14999,621.48,1002.39899781,2482.7801,246.5,108.03302766,28.9750005,96.1,584.95,,124.225,375.60001,183.0,22.75,72.0,442.0,90.209998,167.0,40.549999,70.24687313,352.14999,4339.9502,1390.475,923.45001,11.48111453,177.7,428.8662378,528.88280421,429.95001,347.20001,2.7450001,174.0,116.3,73.300003,788.308016,32.799999,156.25,114.869996,334.95001,418.20001,399.95001,318.2125,35.6,3413.7,14.85,152.7,59.700001,188.42184968,867.84998,233.35001,9265.1504,39.549999,229.22703434,310.25,68.699997,47.77639879,79.849998,26.299999,77.809998,128.27350169,118.36185878,144.0,211.10001,915.70001,1195.95,365.29999,518.025,49.35101175,162.59882176,25.450001,97.08333363,299.75,24.514999,227.8191747,27.15,77.650002,177.949995,42.729998,27.424999,875.75,148.45,64.650002,4.15,24.65,73.050003,1191.7,172.935,96.4,614.29999,430.85001,12.8,172.350005,694.575,240.09975352,66.27316062,125.95,114.1,163.55,334.35001,75.795001,777.0,121.795,1070.1,,578.79999,370.79999,955.43237765,85.24485827,617.95001,847.15002,1486.25,702.85,216.14026946,30.15,104.15,91.5,275.5,5477.2998,111.35,1351.25,555.59998,660.15002,99.25,29.39996952,46.94961477,118.375,519.65002,50872.551,86.400002,348.79999,596.84998,45.75,169.990002,66.15,444.66,55.94433241,82.099998,321.642505,44.75,973.90002,333.54999,25.0,71.900002,27.10742986,123.33328423,292.14999,3222.8,133.36640327,22.299999,171.09982212,15117.65,,25.114999,320.04999,172.699995,96.24,1917.9,15.275,193.0,340.79999,831.40002,140.7,,116.45,190.225005,102.55,99.309375,81.300003,119.85,595.40002,110.25461721,291.20001,44.950001,90.225,51.7,243.6430185,15.35,113.94999695,68.959998,47.650002,3.3,46.299999,737.992829,19.889999,22.4,251.25,818.27002,137.5,52.67661782,17042.699,226.54956081,644.12847432,29.0,670.450712,284.94902104,650.20001,58.51875,355.54,1329.6,291.75,742.70001,505.14999,907.29999,13.631706,61.049999,237.425005,34.150002,15.6199995,224.83247267,351.21153178,137.91587548,696.125,60.675,322.90079649,75.400002,35.2697317,1215.4,419.85001,,845.20001,552.40002,113.25,395.10001,811.775,180.3,213.45,4.97499978,122.95,57.650002,5.65,365.85001,904.0,36.299999,3851.55,137.35001,48.19029682,430.89563431,11.65,,172.05,131.21415468,379.10001,213.07,69.900002,52.5,1017.3,89.80312665,809.41707357,250.94,546.75,198.559998,79.0,6222.6001,387.79999
2016-10-03,13018.3,159.43556273,976.9423038,4998.6001,52.7325566,396.174899,1516.7,45.549999,37.34097493,307.0,5.47,1292.8,1361.06666667,1631.9,136.259996,,241.39999,28.23074049,584.70001,91.679999,675.34998,1340.0,201.89999,196.25,45.125,1069.9,996.84998,201.5099955,2309.3,811.79999,486.89999,2848.1001,338.32,2177.3999,107.255,530.9,115.4,156.25,114.85,1204.25,481.29999,4264.2002,605.45001,39.43022385,376.419996,214.49990578,442.45001,287.31326093,92.63324081,154.27484872,46.0,5083.2002,276.57501,21891.051,223.01644038,119.99988015,1655.975,78.95744047,61.03410188,365.79,373.95001,229.199995,250.0,1214.35,91.449997,246.5,2593.8999,48.95217366,16.392489,76.699997,63.0,281.14998826,237.08,,575.15002,324.79999,81.370002,973.15002,352.1408,286.04999,2195.55,183.7,123.26420788,849.04999,489.54999,291.54999,41.66361965,256.89999,212.96845733,111.5,1279.9,150.5,672.69,1012.06565481,2402.0,268.75,109.01380867,33.25,97.5,606.575,624.40002,134.675005,375.25,195.75,24.25,81.949997,440.54999,90.079998,178.5,40.099998,81.26249813,373.10001,4265.6499,1455.05005,933.04999,12.38513929,280.79999,486.332847,536.36613005,436.89999,359.04999,3.5049999,162.8,121.65,78.25,786.669993,36.450001,157.60001,114.6,342.54999,407.10001,381.57501,314.7625,34.170002,3351.8501,15.15,149.64999,59.700001,207.28846971,836.5,252.95,8884.4004,46.700001,251.68157551,308.60001,73.550003,46.02479819,78.75,26.0,86.0,159.29668566,104.75183285,157.05,232.5,930.70001,1199.8,345.64999,498.75,52.33302291,176.51176256,26.65,107.83333333,304.82501,23.475,229.47106424,30.200001,67.349998,192.949995,56.320002,31.950001,945.34998,141.05,85.199997,4.55,41.5,65.400002,1221.2,165.885,100.04,689.34998,423.04999,15.15,179.25,620.75,252.73308757,67.60723247,123.85,117.4,189.05,345.14999,76.234998,819.34998,118.49,1178.05,,582.75,375.5,987.13234594,99.4755853,647.65002,828.09998,1488.35,655.9,214.71634231,30.75,131.300005,102.15,281.95001,5876.1499,148.35001,1285.75,562.79999,759.79999,111.65,31.36663491,48.89846818,144.149995,512.59998,47955.551,90.300003,358.89999,583.04999,53.299999,180.390002,68.1,518.65,53.31100213,93.5,349.2875,41.950001,988.20001,345.0,26.799999,80.699997,33.58964391,126.87494949,352.64999,3194.95,138.66638933,23.0,191.26646861,16452.85,,27.695001,322.399995,194.399995,99.28,1825.95,18.405,188.525,359.399995,863.59998,143.95,,120.25,199.850005,116.6,98.94374438,83.150002,140.8,615.04999,124.50065002,374.64999,48.75,101.1749925,52.525,237.17929535,15.55,125.34999847,66.940002,47.099998,3.3,52.049999,757.169582,25.785001,27.704999,258.0,880.07998,156.45,52.63782487,16719.25,210.40572465,614.73423773,33.349998,673.4391,271.75781911,662.95001,57.4875,364.19,1371.3,318.79999,743.40002,547.0,902.95001,13.907094,103.55,292.975005,41.450001,17.1175005,233.42549639,394.4571285,138.2616432,647.425,58.779999,324.19881125,78.300003,38.21005496,1199.35,435.64999,,850.65002,580.90002,115.35,373.54999,707.625,173.3,199.39999,5.87499974,127.1,60.799999,7.15,405.0,870.0,34.799999,3982.7,147.64999,60.1383691,446.21054869,16.450001,,202.60001,149.42842221,386.70001,228.81,70.900002,56.799999,1124.85,86.64375166,800.66263357,254.46,520.34998,183.8,79.400002,5663.2998,422.95001
2016-11-01,11293.45,152.67482511,951.8257998,4901.7002,45.93525764,351.809237,1342.4,50.099998,37.98286069,277.89999,5.7400002,1334.75,1265.0,1699.85,123.9,,210.8,21.07690097,587.0,92.429999,661.90002,1195.3,190.89999,173.85001,39.75,969.90002,949.45001,180.8099955,2234.75,740.79999,469.85001,2685.1499,299.0,2135.45,91.979999,496.375,122.5,164.14999,119.5,1049.55,415.85001,4089.75,511.39999,43.60748819,337.219996,190.70826531,451.75,292.49454115,86.76657334,152.7998452,40.775,4756.3501,246.25,20525.35,214.64978875,101.43322536,1516.44995,72.67610334,61.93866909,338.55,367.20001,203.824995,255.10001,1280.65,84.25,181.7,2072.8,45.66896088,15.758826,77.300003,63.150002,278.85000827,194.090002,,566.59998,308.60001,85.040002,933.70001,299.52,264.10001,2236.0,148.2,111.32209128,788.84998,496.54999,283.54999,35.55064394,211.5,189.89244888,93.699997,1174.0,115.0,639.38,1000.26566661,2161.9801,247.8,100.53005298,26.1499995,90.4,554.45,593.20001,146.399995,322.70001,181.14999,23.049999,70.800003,415.04999,88.320002,177.35001,36.900002,79.640625,363.14999,4397.3999,1357.1,875.59998,10.84829719,216.60001,309.64969368,485.71618073,389.45001,300.60001,3.0924999,139.60001,109.6,75.75,709.249865,42.0,156.89999,109.269996,324.75,344.35001,401.899995,299.9,32.220002,3166.05,12.65,175.75,58.900002,209.42180766,844.0,282.60001,8490.75,37.400002,241.40884033,309.75,69.199997,46.77979819,68.449997,23.35,82.904999,126.37315359,92.50280952,119.65,253.75,859.79999,1086.65,375.45001,487.774995,46.9974429,134.25762695,25.25,102.23333667,290.5,18.65,219.4653239,34.049999,60.799999,176.175005,47.279998,27.7250005,727.15002,121.9,70.0,4.1,36.400002,59.599998,1306.95,172.9,92.040002,704.65002,379.60001,13.6,175.074995,533.59998,231.36642891,59.08044792,145.75,127.0,172.64999,334.89999,74.479999,755.45001,119.95,1156.05,,564.40002,370.0,921.83241126,83.10559465,643.79999,860.59998,1504.85,592.55,177.18992886,29.700001,111.824995,77.0,252.64999,5266.0,137.89999,1215.95,534.04999,769.15002,95.050003,30.599971,45.73896285,134.300003,526.75,49900.102,99.050003,302.95001,603.79999,57.099998,179.519996,62.6,474.77002,50.6887896,80.0,314.48501,37.799999,1017.35,345.20001,28.049999,78.400002,31.28371631,135.95827087,285.85001,3055.55,139.7830571,26.5,192.59980061,13353.25,,22.964999,304.67499,194.350005,107.36,1833.15,13.67,196.625,320.20001,869.90002,138.14999,750.82190659,109.95,198.5,102.5,107.94374438,77.25,119.45,610.20001,105.02453161,363.75,46.75,102.6749925,48.950001,222.58814066,14.05,119.30000305,63.25,41.700001,3.05,51.200001,682.380218,24.345,24.18,258.35001,806.66,150.75,45.6168628,15571.6,176.23769195,564.59265569,31.700001,580.057967,248.63674286,664.15002,58.649996,314.99,1277.6,297.14999,709.79999,470.79999,899.0,13.585808,148.3,292.79999,41.349998,18.0550005,205.46071151,408.52050327,122.3558736,634.5,57.315002,277.28959174,74.050003,39.11476764,1138.025,485.20001,,833.04999,559.45001,113.65,323.5,688.575,178.35001,180.25,5.80499964,116.0,59.200001,6.3,374.10001,879.20001,33.900002,3603.45,151.95,50.82699748,405.3814644,14.7,26.05815891,229.85001,122.71416317,315.85001,220.69,80.900002,69.650002,1006.0,87.23437478,646.26196678,234.77,455.64999,201.06,66.699997,5086.7998,401.70001
2016-12-01,11123.1,144.26075335,936.2625375,4722.2998,45.44150711,347.647232,1331.05,45.150002,42.72722956,268.45001,6.0099998,1296.1,1188.53333333,1628.65,122.5,,206.3,20.25639,574.90002,91.529999,595.09998,1179.9,184.89999,177.95,40.049999,891.04999,926.29999,177.7049955,2077.8999,669.29999,449.95001,2632.2,289.48501,1819.35,84.220001,551.25,125.25,153.39999,107.25,1159.5,450.39999,4234.6499,515.29999,41.66809814,400.24,175.45826308,453.274995,275.41882571,80.7999193,158.30817134,47.77875,4385.4502,238.175005,21049.949,211.83312156,100.06657339,1443.15,74.02604966,51.14219848,316.23,343.14999,190.324995,265.45001,1163.1,83.5,168.55,2020.3,49.7350026,12.64962,59.299999,71.050003,273.89998831,189.319996,,568.79999,300.0,84.940002,904.59998,284.1728,292.45001,2203.0,145.89999,106.73531533,818.75,504.89999,278.14999,31.34526462,213.85001,202.06067106,92.0,783.70001,111.4,612.08,933.33240019,2180.3051,255.2,93.22323743,28.450001,90.975,475.774995,576.75,151.0,296.70001,180.10001,23.9,66.849998,413.64999,87.0,180.85001,37.799999,82.35000188,362.95001,4304.1499,1364.9,888.45001,10.71269348,213.60001,340.6329927,503.31616312,430.10001,303.20001,2.9424999,131.5,108.05,73.099998,703.09701,39.599998,139.75,104.609998,298.79999,342.25,413.975005,301.55,30.020002,3043.6499,12.55,155.05,59.599998,196.13293647,826.34998,255.39999,8971.5498,33.25,232.09067693,302.25,69.400002,44.78660121,60.049999,27.200001,91.825,123.73642363,89.41787304,116.6,220.85001,821.45001,1107.9,343.45001,505.3,44.82870684,130.88479055,24.25,108.34999667,266.524995,19.6,228.10233689,44.950001,59.349998,175.649995,46.24,27.674999,719.84998,113.45,66.25,3.95,37.650002,60.849998,1345.15,162.75,85.345001,632.20001,338.95001,12.8,169.375,465.60001,212.83312075,57.70402378,140.45,123.85,165.89999,324.89999,86.375,719.70001,114.0,1070.95,96.170002,559.70001,354.25,899.39910037,81.4778969,680.04999,787.90002,1486.95,592.35,160.34013018,28.65,120.225,67.300003,260.45001,5319.5498,172.39999,1267.5,548.75,787.84998,88.699997,35.19996444,48.19717676,130.162505,565.25,48905.648,98.199997,282.70001,579.65002,65.300003,179.180004,55.275,505.32998,53.09989366,80.599998,301.417505,33.400002,1032.3,342.89999,26.450001,76.199997,31.61679437,137.29161201,295.35001,3125.8,150.69970193,26.700001,191.35001,13650.8,,22.235001,308.25,183.725005,97.56,1823.9,13.135001,187.575,294.899995,831.09998,115.45,695.55657785,103.55,190.449995,100.9,103.21875,80.449997,112.0,548.0,101.84728415,335.10001,46.75,93.6375,47.424999,243.3507458,13.85,114.90000153,56.629998,41.200001,3.0,49.299999,579.985286,22.02,21.510001,250.2,772.31,135.60001,45.38412448,14733.4,166.30002575,577.75774223,30.0,603.606461,239.09627614,674.90002,72.524996,309.29,1150.3,290.5,630.0,492.39999,906.95001,12.667848,154.14999,280.92499,56.299999,16.9100005,215.5751774,389.6762,120.528192,702.6,56.009998,284.95686948,75.900002,36.8718304,1182.775,488.89999,,743.59998,597.20001,123.25,326.79999,658.575,179.0,200.39999,5.75499964,118.85,60.549999,6.0,360.5,779.54999,33.400002,3250.2,123.1,50.0144305,413.72632436,15.0,22.57068826,216.14999,115.92845566,328.25,222.38,75.25,66.849998,889.04999,88.95937665,606.12978,231.29,453.04999,190.0,70.349998,5207.5498,356.64999
2017-01-02,11957.5,151.28475973,982.9523244,4401.7002,49.39151135,367.128029,1413.5,46.849998,48.64373606,293.35001,7.25,1354.35,1136.16666667,1668.35,126.459996,,229.05,22.07690049,622.5,104.645,560.25,1230.05,180.39999,198.05,45.375,970.70001,941.20001,173.4075045,2269.8,681.79999,466.0,2833.45,324.58501,1999.45,103.69,560.9,141.7,165.14999,117.65,1306.0,479.45001,4088.3999,599.70001,46.66657296,481.52,176.24992943,465.975005,313.76031737,91.36657541,168.4914978,46.09875,4354.5,264.45001,22130.75,227.21644618,104.8999019,1565.225,71.71186384,55.19817182,372.06,421.35001,202.625,299.89999,1168.6,83.25,196.05,2153.45,57.49709187,14.151023,64.300003,80.5,329.79998796,205.77,,575.34998,309.20001,82.020002,887.65002,303.4752,313.60001,2071.0,191.35001,124.0080163,838.95001,460.95001,276.0,34.59684791,265.10001,242.15285518,107.2,700.09998,134.95,603.76,1007.66565921,2302.8449,282.04999,97.53866797,28.075001,95.0,515.575,614.90002,147.89999,363.60001,197.3,29.700001,76.050003,440.20001,99.029998,183.75,39.75,87.77812313,388.64999,4217.7002,1362.05005,893.84998,11.48111453,243.10001,336.8996631,526.78280631,428.75,330.64999,4.54000015,139.95,113.3,97.849998,742.051551,42.950001,152.25,114.159998,307.04999,420.04999,405.57501,321.6625,35.14,3172.3501,13.9,189.95,66.349998,231.71063862,855.40002,298.89999,9478.0996,42.049999,244.49976451,345.39999,77.25,66.5004,59.950001,30.799999,93.95,139.84187258,98.0375534,145.7,272.25,903.0,1252.05,293.79999,464.29999,45.18605991,132.75858855,25.85,122.13333,267.399995,23.139999,243.63011739,50.75,63.349998,168.699995,49.14,28.924999,722.90002,120.45,68.599998,4.95,47.950001,61.0,1504.85,198.14999,87.615002,671.40002,365.39999,13.65,174.324995,579.29999,229.73311054,58.93927811,148.0,137.45,224.2,330.04999,93.975,774.15002,114.240002,1115.9,94.95,553.54999,356.60001,964.16570225,90.73252589,668.75,837.70001,1470.7,620.05,158.47123173,33.150002,135.774995,78.949997,257.25,5894.25,187.25,1173.25,564.65002,854.34998,89.0,41.83329186,48.99443438,140.100005,559.25,51659.5,97.699997,305.64999,690.90002,75.050003,164.8,56.7,532.36,60.16654618,83.050003,292.592505,35.650002,899.90002,339.75,28.950001,93.650002,36.85637104,143.62495115,311.25,3319.5,146.51081341,30.75,202.55,14494.4,,25.864999,297.274995,186.975005,104.119992,1780.1,15.989999,172.9,336.75,870.75,135.55,749.04184968,105.45,218.0,98.25,116.55,82.550003,112.85,702.75,102.11549747,382.14999,57.950001,106.6124925,51.175,234.98725011,15.25,115.5,76.8,44.799999,2.95,63.549999,669.53628,23.464999,22.205,260.35001,793.21,142.89999,51.78444972,15456.1,186.03895685,595.46699077,32.650002,613.719164,253.45568139,695.20001,71.925,343.06,1375.3,318.60001,631.5,529.59998,939.0,15.697116,171.05,273.024995,59.599998,20.3675005,233.38262564,438.727221,127.29556348,711.675,58.095001,316.07874188,79.800003,43.63834044,1114.9,452.20001,,806.25,645.65002,116.15,362.04999,649.975,194.05,238.75,6.7649999,120.25,71.900002,6.05,386.20001,799.59998,34.299999,3694.45,144.2,57.80016138,463.44382315,18.65,23.58193697,253.10001,146.49986085,326.95001,252.74,83.400002,76.199997,950.34998,85.87499978,596.59206643,279.2,489.14999,178.540002,72.400002,5533.25,350.54999
2017-02-01,11164.8,162.87911393,1074.8069676,4463.0,51.99193081,415.612114,1411.5,54.549999,54.97886279,301.75,7.7199996,1480.95,1144.96666667,2141.55,147.7,,229.35001,23.48715549,736.65002,108.315,580.0,1301.65,187.60001,210.7,45.325001,1024.2,910.95001,202.5,2228.3,677.20001,506.64999,2755.8999,391.41499,2064.7,110.82,650.325,152.85001,165.3,128.8,1170.2,508.54999,3861.6499,675.15002,45.9271805,535.66,193.16658932,526.725,329.03381235,108.29989183,187.07481251,44.41625,4286.2998,282.54999,21583.25,223.34977338,114.23322591,1614.69995,76.00962256,59.109998,387.03,404.5,203.5,342.60001,1180.55,85.699997,250.14999,2445.5,65.4617027,12.08216,68.949997,82.5,379.85000765,194.740002,,583.70001,321.89999,83.240002,900.25,311.2704,330.60001,2013.4,189.89999,119.2559597,887.90002,482.75,276.89999,35.9408348,274.54999,245.93421139,107.45,758.84998,150.45,569.99,898.69910149,2413.01,288.35001,100.48101393,26.825001,105.5,520.2,705.90002,150.55,449.04999,211.85001,33.5,87.349998,445.5,107.540002,192.8,43.849998,96.91875375,370.04999,4036.7,1341.625,925.5,14.37399378,269.75,345.4996545,549.63278345,502.0,364.10001,4.85250015,152.89999,134.5,105.05,806.962233,45.900002,154.45,124.969996,298.5,406.10001,420.04999,347.525,42.170002,3138.1001,14.1,184.35001,67.849998,238.99952181,865.90002,308.35001,9978.2998,43.400002,251.22703051,361.35001,79.550003,69.9734,62.5,29.200001,104.315,176.70862574,113.82518347,170.10001,288.5,856.90002,1312.6,284.25,506.2,42.40120635,104.3705488,26.799999,128.34999667,276.850005,23.175,247.50025859,43.450001,73.800003,165.175005,55.940002,38.6500015,886.0,124.5,84.849998,6.15,58.099998,65.199997,1524.4,186.95,101.075,719.79999,546.70001,13.85,187.324995,584.34998,237.23310305,70.72713374,166.95,178.60001,246.14999,351.60001,89.300005,802.09998,116.969996,973.70001,101.990002,560.79999,364.85001,979.46568695,108.31165879,711.40002,773.5,1474.1,656.075,173.03680801,34.25,170.5,97.150002,281.20001,5922.5,188.39999,1118.25,563.59998,873.84998,96.199997,41.99995837,51.70363384,165.149995,595.09998,51835.051,108.25,356.29999,804.09998,68.949997,171.369996,56.3,507.3,56.28328038,83.800003,312.7125,38.0,913.29999,325.0,30.5,92.25,38.49613739,135.79161261,323.45001,3739.8501,145.37749123,50.25,193.55,14310.45,,30.25,318.17499,203.300005,108.8,1759.15,18.475,189.025,341.07501,849.40002,141.39999,888.50917663,101.0,249.800005,98.599998,108.08436938,79.449997,130.25,665.65002,129.71009796,476.70001,59.349998,114.4874925,53.3,278.3447809,15.55,135.3999939,79.870002,47.5,3.2,61.200001,777.149056,24.38,20.77,269.20001,844.5,134.85001,48.64247265,16111.25,181.06038289,627.01645849,32.950001,706.813412,283.294029,714.95001,71.79375,311.23,1439.95,335.70001,679.0,713.20001,1008.65,16.615076,156.60001,251.574995,53.799999,19.9475005,240.19703843,457.69571028,136.3845648,751.9,59.415002,275.75010622,82.599998,45.49017994,1233.125,499.39999,,859.54999,609.29999,102.0,437.20001,680.975,205.3,244.60001,7.18499948,120.45,70.800003,8.0,428.70001,777.59998,37.099998,3774.55,146.89999,72.88243194,459.31934258,18.25,23.14896763,259.10001,161.99983823,373.5,265.82,83.150002,89.150002,1036.75,91.64999789,693.25948678,290.54,509.45001,183.75,68.849998,5452.0,440.25
2017-03-01,11567.55,161.23631896,1148.0933382,4642.6001,50.64234932,458.975408,1446.05,59.75,60.58838128,339.60001,7.9800004,1587.85,1173.7,2204.8999,180.959996,,236.64999,24.487155,749.54999,117.445,627.45001,1165.15,208.7,217.5,42.2750015,1073.5,935.25,246.442509,2391.8501,675.20001,490.79999,2805.45,409.83999,2163.95,117.11,693.075,145.35001,172.95,139.25,1370.85,567.95001,3796.2,853.34998,47.49990505,544.8,201.74992755,521.05,315.42731994,108.5665649,188.71647753,42.76,5203.5,346.20001,22751.25,216.61644345,154.36651249,1687.0,71.46392205,60.55,424.29,388.35001,216.199995,343.89999,1324.85,105.65,259.5,3016.25,65.52401673,13.15797,77.650002,86.75,363.04998776,193.009998,,592.95001,292.64999,87.120002,995.5,326.0672,311.85001,1904.5,216.95,125.28901374,949.45001,467.5,277.35001,36.15760702,295.35001,252.43042349,131.25,623.84998,148.64999,526.47,940.33239319,2558.75,283.14999,118.13507201,26.375,106.75,532.175,768.5,143.95,538.75,224.35001,41.599998,91.449997,516.54999,115.790002,180.7,41.700001,94.2375025,417.0,4219.1499,1372.275,852.09998,14.46439626,287.04999,377.6996223,557.13277594,505.20001,385.04999,5.8975,165.10001,138.85001,112.1,854.881209,50.950001,161.5,153.75,328.35001,465.75,437.375,360.6375,44.55,3221.95,12.75,195.05,66.099998,233.62176368,911.75,288.79999,10346.9,43.75,251.68157551,382.39999,75.099998,51.85339879,59.299999,29.65,101.495,190.27235485,115.14081931,162.45,278.25,1051.4,1425.15,325.89999,511.125,42.00689115,107.7433852,26.65,129.01666333,311.92499,23.639999,264.58549718,71.25,75.0,173.074995,55.190002,41.700001,934.95001,131.95,88.599998,5.0,71.199997,62.700001,1529.15,188.2,110.735,799.79999,527.54999,13.3,176.324995,583.5,252.43307453,79.05627723,208.60001,182.7,254.55,388.39999,96.375,872.20001,131.990002,967.54999,103.240002,618.45001,398.29999,1049.93228313,115.00847239,714.84998,778.59998,1445.2,643.45,186.83110228,33.650002,174.824995,98.150002,294.85001,6015.7002,181.2,1205.05,576.95001,895.40002,93.849998,41.29995973,54.90742536,181.600005,579.90002,60954.449,106.65,368.95001,849.20001,76.5,160.240002,62.625,608.65,57.34994265,81.949997,334.032495,35.5,1495.0,313.85001,32.200001,107.35,34.10207169,138.33327826,368.45001,3815.75,148.35525416,75.300003,185.0,14620.8,,32.989999,297.850005,201.574995,116.719992,1915.25,18.485001,189.225,349.57501,838.15002,149.89999,985.58572787,117.15,271.54999,106.05,110.98125,80.050003,137.8,672.65002,130.73135814,494.54999,81.75,135.75,55.025,296.97154484,14.55,128.8999939,95.929998,48.099998,3.9,61.299999,889.935131,24.3,23.364999,293.39999,915.80996,141.89999,59.46484157,17083.199,210.05498349,651.86653307,33.650002,764.931572,334.4037765,788.20001,63.243746,325.43,1614.75,386.0,688.15002,790.65002,1092.65,17.533036,141.35001,260.375,48.299999,20.3225005,256.61160531,448.32011676,148.7337648,732.45,63.604999,281.2439841,90.349998,45.49017994,1215.9,459.14999,,979.95001,645.04999,116.25,462.75,776.3,230.35001,266.70001,8.64499931,144.89999,88.550003,7.15,430.79999,770.79999,36.150002,3984.75,155.89999,73.69499892,464.81866067,17.450001,24.01787065,274.95001,173.39999,412.10001,262.53,82.599998,87.75,1221.7,96.69375163,662.80326,309.35,535.54999,185.009998,66.550003,5826.1001,442.0
2017-04-03,11499.7,184.87785385,1264.4365728,4424.0498,56.84714435,491.835633,1626.55,62.549999,60.8116457,327.70001,6.6,1507.0,1101.5,1971.4,200.819996,,245.89999,31.53843,797.95001,146.83,612.34998,1233.25,244.0,215.85001,42.700001,1120.45,972.79999,248.669991,2443.2,606.75,509.64999,2864.0,457.56499,2114.45,127.62,761.55,162.25,187.55,186.8,1312.7,583.0,4543.25,941.29999,55.43928312,561.16,217.70824616,572.375,320.33828151,117.13321634,183.94981564,39.7249975,4878.3999,347.225005,22991.6,239.74976032,164.19983601,1812.275,70.74762433,71.509998,523.45,393.79999,219.0,341.85001,1525.9,105.95,257.20001,3111.05,73.57820276,15.096789,78.599998,100.1,380.95000764,222.36,,557.45001,276.64999,91.770002,1035.75,389.712,349.10001,1967.05,219.95,136.19807455,997.0,547.65002,286.75,40.83988435,354.70001,259.16899206,136.85001,628.40002,186.0,519.83,866.83246668,2606.8,300.89999,129.46309261,30.325001,102.25,529.125,806.09998,166.39999,547.5,229.85001,52.799999,107.6,526.09998,115.609998,220.3,43.299999,105.9875025,439.89999,4324.8501,1248.17505,894.95001,15.59442721,301.95001,397.7996022,580.93275213,534.34998,464.29999,4.9549999,159.35001,152.05,124.15,941.306521,62.25,181.0,168.930004,343.5,483.89999,407.04999,386.625,62.5,3318.6001,15.4,199.35001,65.599998,238.28842101,934.95001,267.95001,11024.4,56.049999,253.18156492,406.0,78.099998,51.91379819,65.75,31.700001,105.77,227.13911773,116.45646422,216.45,319.10001,1105.85,1444.95,354.70001,459.475005,48.38987091,121.70317096,29.0,146.68333,299.024995,26.085001,262.41445181,115.15,81.099998,164.824995,55.690002,40.424999,974.75,165.8,115.55,4.85,72.199997,67.050003,1580.15,199.0,104.215,771.54999,502.45001,13.75,200.0,663.75,262.03306495,84.35022437,219.35001,216.8,281.45001,395.04999,100.1,901.95001,145.240002,959.90002,103.980004,668.90002,457.75,1166.5321665,118.68241874,709.5,768.25,1338.35,667.775,200.06177058,36.450001,174.425005,93.449997,315.20001,6524.8501,278.39999,1215.65,655.90002,1031.2,112.25,43.89995515,59.24066958,210.987503,536.25,67909.203,133.60001,394.29999,923.95001,68.800003,167.109998,75.125,628.12002,66.58326675,95.449997,334.8875,49.299999,1398.7,322.0,31.75,105.3,32.66727133,137.08327876,397.5,3557.6001,145.39970452,84.849998,186.55,14535.15,,42.425,292.850005,211.875,128.0,1737.6,18.57,206.7,359.899995,870.09998,168.85001,1147.69735885,157.55,277.75,116.5,117.0,86.449997,122.9,687.29999,153.43629651,564.45001,84.349998,151.9125,62.4,313.67605372,14.75,135.8500061,99.240002,48.900002,4.1,60.349998,907.060417,24.939999,23.914999,289.75,969.64004,150.8,62.56802957,19187.551,202.38739202,681.59833598,34.950001,815.925416,360.73745571,801.59998,63.149996,354.28,1600.7,400.85001,641.95001,921.75,1088.3,18.909976,155.95,258.350005,50.049999,21.05,281.49060509,447.69921776,151.25301148,756.025,67.270001,277.04810287,84.300003,42.3378142,1136.57495,416.95001,,1031.5,723.75,127.65,470.25,709.375,227.25,251.39999,8.32499963,137.75,94.0,8.25,496.0,769.0,41.450001,4248.9502,171.39999,79.69806034,515.4953395,20.450001,27.89679077,243.55,190.39999,411.04999,259.69,82.650002,95.349998,1210.7,92.67187477,662.48074643,326.05,526.84998,173.040002,61.900002,5991.25,440.25
2017-05-02,13835.2,185.40439138,1309.2874728,4177.8999,57.76881201,462.287579,1637.05,64.300003,65.19320989,339.0,5.5400002,1472.05,1046.53333333,1931.5,153.680004,,241.25,32.07689049,888.45001,142.175,536.95001,1211.1,228.60001,259.54999,47.25,1151.2,929.54999,272.969991,2510.1001,574.15002,514.04999,2845.95,419.2,2060.3501,132.695,736.575,155.0,178.05,141.35001,1375.6,545.20001,4556.0498,882.20001,52.31807421,488.7,209.79158267,584.925,334.8008025,92.13324131,158.10817821,47.3375025,4420.6499,317.57501,23337.949,247.54975919,167.73317248,1766.32495,63.61225752,70.179998,542.75,531.54999,212.074995,296.39999,1683.4,102.95,264.39999,3098.1499,71.48676372,14.18649,82.75,122.9,380.99999764,205.57,,516.34998,262.54999,104.509998,1014.55,371.264,411.5,1859.4,223.0,141.44598967,941.40002,478.0,279.95001,35.55064394,360.75,245.30399343,141.25,582.15002,179.55,504.77,869.69913048,2843.5,334.75,133.53332397,32.0,106.775,544.475,841.40002,158.10001,692.95001,230.25,50.599998,111.45,510.54999,121.8,195.14999,33.650002,103.5,392.89999,4791.5498,1215.1,636.65002,13.60557273,293.54999,409.5662571,603.84939587,604.54999,490.64999,4.6299999,149.05,138.55,115.6,941.306521,80.349998,170.39999,152.3,358.54999,487.39999,432.125,409.05,55.979998,3745.45,12.9,200.7,63.400002,246.31062274,1067.0,240.35001,11490.85,60.099998,296.7724395,406.85001,60.0,48.32,57.549999,25.65,107.435,238.01860211,124.39564601,204.55,316.35001,1106.9,1480.7,366.60001,488.524995,33.5907261,117.53397977,26.5,143.15000333,245.350005,22.739999,294.31950881,74.449997,81.699997,168.774995,54.759998,36.575001,1109.8,166.3,122.9,4.15,70.849998,63.099998,1674.4,193.85001,91.490002,742.65002,447.85001,11.95,182.550005,701.0,269.39973759,81.84442272,259.95001,217.64999,252.55,383.85001,100.425005,966.04999,157.519996,904.15002,114.5,734.09998,437.10001,1173.7988259,119.47301479,800.59998,736.09998,1161.0,708.475,212.93643337,30.6,172.725005,89.199997,314.0,7211.0,286.64999,1004.1,583.70001,966.29999,101.7,37.46663019,66.5193348,257.825,613.54999,65559.102,131.14999,412.64999,933.70001,67.550003,182.819996,72.85,582.72002,64.98326835,87.900002,332.255005,47.049999,1369.4,330.85001,30.25,105.65,28.35006724,133.49994685,377.29999,3524.95,136.35527818,71.150002,177.0,14369.3,,43.835001,303.225005,219.949995,106.84,1666.25,20.105,205.875,385.07501,818.84998,150.5,1154.5279051,147.10001,208.14999,127.85,116.971875,76.349998,119.6,724.15002,143.2237154,527.70001,88.25,144.9375,65.550005,301.42308287,12.9,135.05000305,93.429998,41.299999,3.7,57.150002,1035.187885,24.414999,23.210001,288.29999,900.77998,134.2,57.60292722,18004.85,198.7533239,710.21357338,32.099998,763.090725,361.56494686,831.09998,55.85625,326.8,1576.9,384.10001,501.60001,798.0,1149.2,17.71662708,126.3,236.949995,36.150002,18.6625,269.27610697,453.47357225,147.59762852,667.125,65.990002,287.46231049,81.0,47.56348415,1273.30005,390.0,,1009.95,678.20001,110.7,474.89999,616.6,190.8,244.14999,8.02999994,137.45,78.199997,6.55,538.29999,801.04999,34.799999,4195.2002,155.5,104.02536708,550.76117316,18.049999,29.54562719,238.64999,181.85001,486.35001,259.4,86.349998,81.599998,1174.75,100.40624975,571.15808678,286.27,514.84998,173.180004,53.950001,5826.3501,464.10001
2017-06-01,13236.5,193.09183925,1301.2591617,4272.7002,57.07755798,479.3932,1568.05,67.900002,74.01215996,363.04999,5.9599998,1395.3,1029.93333333,1855.6,151.280004,,246.55,29.53843097,748.65002,154.91,506.20001,1274.55,240.7,244.89999,46.924999,1102.95,914.65002,309.1275045,2414.6499,684.59998,517.34998,2791.2,411.87002,2112.8501,137.31,831.55,151.0,161.64999,139.7,1783.2,537.25,4633.0498,880.95001,48.9544476,613.3,205.20825117,546.325,342.14472206,90.19990991,165.524995,48.3499975,4709.3501,299.75,23327.25,213.13312693,172.26648795,1845.025,67.63451373,65.729998,646.51,552.70001,202.350005,292.95001,1795.0,87.199997,294.25,2894.2,67.65440251,13.67814,82.099998,117.35,353.95000781,224.84,,555.59998,244.25,115.490002,1110.85,366.736,419.60001,1944.0,226.45,146.15674058,919.75,507.70001,292.10001,33.55634039,343.70001,260.7688201,161.39999,647.25,190.7,538.02,881.23245228,2703.94,309.45001,133.63141188,28.5249995,115.6,537.775,875.45001,153.7,645.15002,220.5,42.849998,112.85,456.29999,120.759998,162.0,34.099998,90.3625025,406.29999,5110.7998,1254.875,632.79999,17.76408665,268.25,419.8662468,645.39934165,637.79999,520.0,4.72750015,149.5,133.39999,164.14999,1012.247807,82.150002,176.55,148.609998,343.0,460.0,425.45001,413.0125,74.129998,3701.3501,11.9,190.95,64.0,226.82177285,1079.6,263.64999,11675.95,78.599998,290.14999,471.60001,53.5,51.491,54.700001,24.25,105.665,287.66520718,121.40143123,197.55,282.5,1166.55,1478.95,374.54999,467.774995,35.05708575,115.47280197,24.700001,128.40000333,246.225005,20.910001,305.5051608,90.25,85.150002,156.350005,52.429998,42.0,938.90002,160.85001,117.5,5.6,71.25,64.050003,1735.3,203.39999,94.640002,684.65002,371.70001,11.0,177.949995,665.34998,293.53303348,102.13788674,257.75,232.35001,251.8,400.04999,103.4,955.75,160.809998,781.95001,123.030004,742.20001,430.60001,1125.06554131,134.21530583,788.75,717.04999,1059.85,674.3,204.65986867,28.15,193.774995,97.949997,314.35001,7217.6001,275.5,1088.3,631.09998,988.59998,109.25,37.86662846,68.20981769,286.6,599.5,68325.898,118.25,455.14999,1001.7,64.75,206.83,66.875,607.09,67.4999325,87.300003,336.83999,52.049999,1416.8,314.25,31.35,100.0,27.73515389,132.4582806,357.70001,3609.45,115.37755128,57.150002,157.3,16736.75,,61.059998,341.07501,216.024995,98.16,1806.9,28.785001,225.025,402.79999,837.5,137.3,1321.56580883,143.2,219.60001,162.3,118.434375,75.199997,121.45,694.95001,149.51631588,507.75,75.900002,128.9625,65.475,310.25871139,12.55,137.8500061,104.130004,42.549999,4.2,58.349998,959.863383,24.989999,28.254999,273.64999,889.60996,127.6,66.52459271,16953.301,194.81722671,693.51702379,31.950001,748.674744,358.64438986,824.65002,57.337496,308.13,1608.05,429.64999,555.70001,816.40002,1227.8,17.21175,128.8,235.225005,33.400002,17.1824995,260.12595642,448.84789953,148.83254852,792.35,74.015002,261.1400234,80.550003,51.43208036,1181.17505,382.0,,936.40002,668.40002,116.7,524.45001,610.275,177.64999,237.0,7.35499997,140.95,73.050003,6.85,549.20001,781.65002,33.349998,3959.1001,147.39999,106.18945128,537.39661711,18.799999,31.72232947,249.05,172.55,457.25,227.96,107.65,82.699997,1138.35,96.88125393,556.69021357,292.7,491.35001,162.7,50.0,5516.8999,525.15002
2017-07-03,13378.25,204.72831857,1274.662578,4444.8501,56.78131095,517.831818,1733.2,70.099998,76.97040233,395.89999,6.7,1450.3,931.43333333,1832.0,162.5,,263.14999,32.53842951,784.75,159.155,530.40002,1259.0,266.5,293.20001,54.75,1161.7,922.25,281.1150045,2198.8501,718.59998,519.79999,2808.55,499.18501,2420.8999,170.31,812.85,165.39999,166.05,166.0,1480.5,588.15002,4694.7998,876.20001,54.16655839,690.46,206.49991732,574.35,377.51259139,96.73324338,192.350005,50.5625,4263.2002,350.32501,24178.1,235.574995,186.53314037,1960.80005,70.49968254,73.620002,617.77998,680.90002,200.324995,283.54999,1877.15,90.550003,295.20001,2942.6499,73.43410133,17.177475,84.849998,135.45,386.99999761,239.64,,560.09998,249.10001,103.1,1079.55,366.032,449.54999,1857.8,218.7,160.31803059,987.75,524.84998,310.0,38.45538994,369.04999,348.41894266,162.3,672.90002,193.35001,476.64,865.36580148,3008.1199,336.85001,136.08336439,31.625,118.5,554.05,904.5,158.85001,669.34998,217.5,39.450001,115.25,466.79999,121.430004,155.55,36.450001,94.1875,397.60001,5243.3999,1200.475,697.04999,16.9956647,300.04999,376.8662898,691.49930892,663.0,522.15002,5.755,147.10001,136.2,205.95,1065.989335,85.699997,194.75,151.75,394.60001,472.79999,446.45001,446.1,99.15,3655.75,18.15,219.64999,69.650002,255.46641787,1155.75,282.89999,12518.2,86.5,302.60001,458.95001,59.450001,55.83979819,59.450001,27.049999,117.91,282.67678735,113.09931542,203.95,313.35001,1290.75,1645.75,401.39999,505.6,33.89878485,110.15,24.950001,122.54999667,239.300005,22.53,269.25799416,98.75,83.25,154.949995,70.470002,51.35,1018.0,161.89999,120.15,7.4,88.400002,70.449997,1733.2,221.25,131.775,714.95001,378.54999,12.0,185.300005,676.65002,304.99969536,98.99681144,304.60001,231.25,246.2,403.70001,105.475,1021.65,158.6,834.0,116.140002,690.45001,438.64999,1193.95,162.76977492,764.29999,761.15002,1032.0,701.65,237.91449474,29.200001,201.475005,106.75,334.70001,7750.0498,302.25,1120.85,609.45001,999.29999,105.35,40.83329286,71.97471741,266.9125,604.59998,69198.75,124.25,474.14999,972.84998,69.849998,198.780004,68.75,702.29999,69.8332635,88.900002,338.357495,55.599998,1438.7,307.0,30.35,101.0,32.47511091,136.83327886,386.35001,3622.6499,127.77752202,71.550003,169.39999,16378.45,,58.334998,323.29999,203.95,99.52,1782.6,34.535001,243.7,397.92499,765.75,162.3,1243.32500634,142.14999,220.25,168.95,125.60625,76.949997,141.5,678.70001,163.34971915,534.75,87.199997,131.2875,74.525,363.13758742,18.15,148.3999939,105.340002,45.349998,5.75,63.25,1048.254836,29.695001,40.214999,312.5,931.27002,131.60001,64.23599389,18601.699,198.1687553,755.70712683,33.299999,743.941138,388.72612696,897.84998,62.53125,303.75,1677.2,414.5,531.65002,780.34998,1120.8,17.39534292,132.55,237.100005,39.0,17.1524995,265.67605722,416.6853065,167.5045488,876.575,88.959998,268.41488775,82.0,53.44412596,1245.9,385.85001,,870.25,719.95001,122.15,544.25,659.025,181.95,267.79999,8.25499993,142.64999,81.0,7.85,582.09998,820.59998,33.099998,4056.8999,158.05,131.25470962,560.89652811,22.549999,29.54859391,279.85001,178.14999,504.25,243.73,129.25,82.199997,1170.65,108.16875395,559.36264,361.9,541.75,160.05,57.0,5463.7002,543.65002
2017-08-01,14743.8,182.84542532,1202.2732254,4173.25,56.27110207,540.341508,1800.25,61.700001,73.98424632,392.95001,6.6699996,1311.1,795.96666667,1800.35,166.6,,280.35001,28.71792,777.79999,157.205,519.29999,1082.6,253.39999,372.64999,53.55,1168.55,904.09998,308.9025045,2183.8999,725.25,500.35001,2814.5,550.28501,2904.8,178.19,784.05,171.75,137.85001,144.2,1512.9,680.84998,3997.6001,1003.8,57.57564249,705.34,204.99991792,563.9,385.39714825,85.93324084,168.5,56.05,4254.9502,382.149995,21986.801,264.5,176.99982322,2115.4751,64.21835092,67.95,573.11,651.09998,194.399995,287.60001,1705.7,88.150002,252.60001,2879.2,79.11643248,17.248407,80.349998,146.0,448.35000722,232.57,,571.90002,237.39999,99.709998,1112.55,422.368,442.79999,1892.05,219.14999,144.45439191,912.59998,531.0,315.10001,31.99558128,402.20001,365.28964239,178.55,696.40002,185.05,404.18,842.69915747,3145.085,323.75,131.91504512,24.325001,112.75,543.4,997.29999,155.5,647.29999,196.85001,41.5,108.35,537.84998,122.219996,146.05,38.099998,94.5749975,398.75,5397.3999,1200.85,609.09998,15.54922688,300.75,340.8996591,619.53270751,612.34998,579.5,6.4574995,127.85,127.7,262.25,1190.441909,122.1,191.0,155.8,408.60001,488.35001,432.649995,444.1125,137.819996,3995.1001,17.950001,238.0,62.5,325.56634777,1219.75,294.54999,13203.05,105.1,298.04999,426.89999,55.099998,54.75260121,54.849998,23.9,127.56,294.64898524,107.83677206,178.0,286.39999,1228.3,1656.75,375.20001,457.475005,31.90256415,107.4,22.5,151.56667,208.699995,21.410001,266.42618353,100.35,79.25,137.699995,80.220002,48.5250015,1005.1,147.45,134.2,5.9,94.449997,67.449997,1897.8,254.39999,139.45,702.59998,391.29999,10.3,191.75,701.84998,339.06633467,100.44382366,312.60001,255.89999,252.45,371.64999,104.85,976.0,151.830004,810.70001,105.469996,673.84998,410.70001,1136.3,186.3016338,754.15002,768.95001,979.45001,672.4,253.63702369,26.549999,214.074995,99.300003,315.45001,7700.2998,306.04999,1051.5,601.54999,1043.85,109.0,38.1332962,68.23203432,305.9375,609.09998,64089.602,138.85001,476.25,719.0,72.25,192.45,60.775,659.20001,68.18326515,84.400002,356.0625,49.75,1270.35,297.85001,29.049999,93.599998,32.44948952,140.62494402,381.0,3421.3999,126.73307522,165.7,156.95,17748.35,,70.815002,311.20001,227.2,97.68,1818.75,31.920001,258.875,417.95001,721.70001,143.8,1352.82073257,137.5,206.25,173.8,123.328125,67.699997,165.2,690.79999,160.33752763,544.59998,95.650002,126.4125,74.1,358.48370675,17.1,150.19999695,111.609998,40.450001,5.75,60.799999,1084.155501,44.870001,44.379999,277.75,989.95,123.1,77.54090778,17591.051,191.9333569,667.34265057,32.25,721.062043,382.98236486,883.95001,59.34375,306.65,1600.85,405.79999,481.14999,696.45001,1201.55,14.96274708,142.8,222.850005,32.099998,16.3925005,250.31149146,404.76407053,195.611328,819.925,84.8,227.33158126,79.25,60.13053295,1248.17505,428.14999,,889.09998,719.65002,110.8,617.09998,601.75,210.14999,297.89999,9.91499975,132.60001,95.25,6.7,603.70001,788.04999,30.950001,4000.3999,136.3,140.10175464,529.49934892,20.549999,31.05805195,308.89999,186.14999,524.75,244.72,140.39999,77.550003,1182.1,112.16250396,553.32669322,350.61,519.5,158.880004,50.25,5489.3999,500.0
2017-09-01,14301.4,188.06867547,1254.8384802,4231.0498,53.65422426,532.758379,1656.9,66.199997,64.91412937,376.75,5.9099998,1328.7,756.53333333,1840.75,173.040004,,266.45001,28.2051,742.65002,169.42,506.14999,1005.0,245.75,381.64999,61.55,1131.7,912.29999,332.4375,2390.1001,691.65002,509.14999,3109.3999,515.44502,2796.45,183.805,852.875,160.89999,137.60001,137.55,1501.25,689.95001,3899.8999,1286.9,54.26661222,634.38,204.24992655,588.90002,350.93037113,83.949997,166.074995,61.7375,4137.75,387.399995,20545.1,235.649995,166.39984048,2172.125,66.64272453,61.6,530.91,690.79999,178.300005,308.04999,1714.6,74.650002,249.3,3269.1499,76.86530942,26.800644,78.75,140.75,402.95000751,218.45,563.84998,586.09998,270.85001,108.509998,1066.75,430.928,432.10001,1820.7,208.85001,147.545307,924.34998,510.85001,305.0,30.86836227,422.54999,358.30864948,194.05,855.75,164.3,465.75,831.69916847,3121.3301,343.10001,132.50352354,28.799999,107.0,547.075,992.70001,148.75,659.65002,205.95,39.099998,112.65,541.95001,126.959998,144.0,41.599998,104.7624975,385.89999,5607.3501,1253.35,598.29999,14.82600616,303.04999,336.0663306,612.7660676,588.25,619.75,5.805,133.60001,113.35,371.70001,1129.435745,131.10001,200.3,167.509998,389.89999,483.14999,437.399995,451.425,186.640002,3774.55,24.1,240.60001,58.299999,284.53304213,1173.9,295.89999,15730.0,139.75,276.60001,388.79999,52.349998,46.77979819,56.400002,23.1,147.19,288.8529211,105.52306766,172.3,261.25,1096.8,1682.2,398.39999,449.95001,26.4437631,119.15,22.200001,133.5,243.824995,21.285001,243.81888589,137.2,73.449997,139.550005,110.109998,56.2,954.0,146.7,138.14999,7.15,112.25,73.75,1839.1,248.45,139.095,659.25,372.0,11.0,202.274995,708.79999,322.73301765,101.78495694,306.95001,325.10001,237.05,364.79999,103.65,1002.25,150.65,797.45001,101.429998,627.34998,376.04999,1142.05,181.46505551,798.95001,781.95001,1014.0,627.125,244.64848949,25.1,209.574995,96.650002,310.75,7978.2002,284.89999,1039.15,590.90002,1094.8,125.05,37.39996159,74.49936682,321.675,618.70001,63005.301,126.9,474.89999,787.04999,78.150002,221.12,62.025,698.15002,70.86659913,82.949997,360.825,45.200001,981.79999,303.10001,27.049999,93.949997,30.16918588,139.54161111,423.79999,3634.75,157.17745873,176.25,170.95,18438.449,,80.534998,334.899995,231.2,97.52,1817.3,38.975,250.425,397.25,740.5,129.05,1227.01448984,137.25,230.60001,170.3,118.6875,68.199997,166.7,692.40002,167.55854458,506.95001,88.300003,114.6749925,78.074995,351.1319334,13.85,142.05000305,119.759998,41.099998,6.0,53.650002,1076.351009,41.545001,41.835001,253.85001,977.99004,118.9,69.51140961,18580.1,205.45637717,617.40880166,32.349998,725.962999,378.55287289,905.29999,55.274996,308.22,1686.35,439.85001,503.25,762.04999,1098.8,14.320176,138.55,247.774995,31.1,16.549999,275.64051622,425.50207851,203.3172288,813.29999,84.529999,242.39445571,77.800003,61.4970289,1217.975,457.85001,,950.75,772.20001,120.5,584.54999,615.475,210.60001,295.60001,9.76999926,129.7,85.300003,5.95,657.04999,821.45001,29.9,3854.2,126.65,137.34897442,497.81444129,24.5,30.28107993,314.25,182.3,506.04999,267.42,132.3,68.349998,1282.75,105.09375019,567.01124678,350.0,520.09998,149.95,49.599998,5989.5498,470.35001
2017-10-03,14190.3,200.77928712,1243.1323953,4231.2002,51.64630215,592.529995,1809.5,87.199997,73.84470606,430.35001,6.55,1376.6,813.36666667,1873.8,247.119996,,281.5,30.897405,767.04999,186.425,504.75,1038.55,246.0,391.54999,65.6,1180.85,1051.25,342.7650045,2397.75,760.0,523.15002,3257.1001,501.03501,2968.95,180.06,852.475,171.45,169.89999,191.10001,1739.3,811.09998,3854.6001,1677.85,61.53327493,685.44,221.70823623,698.20001,448.02305701,98.0,179.600005,63.875,4193.1499,405.725005,21012.199,270.79999,176.33315722,2319.75,81.68486078,81.120002,480.14999,671.04999,199.949995,320.85001,1671.9,81.75,282.35001,3253.6001,79.35011299,26.445982,82.900002,150.64999,468.79998709,230.24,588.20001,627.59998,286.45001,135.390002,1064.65,442.352,515.25,1799.45,221.14999,146.8634895,905.15002,540.54999,332.85001,32.94937731,523.79999,459.72682226,217.14999,882.5,201.35001,485.63,853.36581348,3223.34,371.85001,151.04027472,37.3499985,120.5,629.125,1158.6,185.55,760.15002,208.75,41.150002,121.75,615.20001,143.25,143.89999,43.849998,116.3000025,390.60001,5975.0498,1293.07495,617.70001,17.35727641,523.40002,335.8663308,622.59939111,593.04999,679.29999,7.3175005,141.75,139.5,496.89999,1222.214915,156.85001,204.5,182.490002,391.0,484.75,427.899995,452.125,342.19,3849.8999,29.5,267.39999,69.449997,298.09969523,1237.45,315.25,15829.75,173.45,300.10001,405.60001,62.650002,56.08139879,56.650002,24.25,158.515,300.22424943,109.791345,194.2,314.79999,1247.85,1627.15,442.14999,460.92499,36.38789709,140.55,25.25,138.5,266.649995,24.255,250.80403766,152.39999,82.800003,143.050005,107.740002,62.4,1002.4,145.64999,164.55,7.95,119.05,85.400002,1892.75,258.45001,163.265,640.34998,465.79999,11.25,196.699995,680.20001,342.09967164,96.13622905,292.79999,334.70001,252.3,356.0,124.9,1025.05,157.269996,772.54999,107.680004,598.70001,431.45001,1222.3,187.09222055,830.25,833.0,1028.05,672.4,256.09922512,27.799999,251.350005,100.8,315.25,8211.25,363.45001,1053.8,587.0,1202.2,142.35001,42.2666261,80.87743851,343.5375,693.5,66422.453,142.35001,493.29999,968.15002,95.699997,227.35,70.550005,742.25,86.69991663,108.85,361.95,51.299999,1102.6,307.0,28.549999,99.050003,32.8338078,151.04160654,474.75,3499.25,164.02188947,178.25,191.10001,19956.25,,92.425,325.899995,259.85001,111.4,1735.05,43.7,262.8,390.899995,820.79999,197.14999,1178.24852935,202.39999,266.0,175.7,119.16563063,79.150002,219.25,720.84998,184.09466721,525.40002,90.300003,129.9,78.85,423.05348195,14.4,159.80000305,152.130004,40.799999,8.7,78.0,1109.620445,50.279999,67.634998,305.79999,1031.57002,124.15,71.60606539,18930.4,227.59204148,660.72115734,35.450001,786.041541,495.47250479,1027.3,67.66875,337.81,1755.1,516.79999,552.90002,856.5,1131.0,15.55942292,155.85001,252.649995,33.0,15.2,314.10547083,424.97432677,224.2120752,839.65002,86.904999,258.63457635,84.900002,66.32688528,1312.0,482.04999,,990.15002,774.79999,143.60001,635.25,634.925,271.29999,295.64999,10.27999954,130.55,94.5,8.25,723.29999,1027.35,32.400002,4401.0498,176.45,136.00575202,511.1150648,25.9,29.84514743,331.85001,214.75,567.59998,257.94,146.5,67.0,1377.7,110.26874645,596.22344,314.25,541.90002,158.309998,87.099998,6362.1499,503.45001
2017-11-01,15441.15,191.99663909,1254.7487784,5274.25,55.1519342,571.741763,1667.9,137.5,81.82641457,398.0,7.1,1473.55,913.4,1987.1,236.060008,,262.5,31.58971097,785.5,197.985,517.65002,1106.3,250.7,373.79999,58.925,1146.75,1134.05,380.294991,2562.95,692.84998,535.40002,3305.5,521.41001,2853.6499,172.705,1073.07495,159.14999,169.10001,195.64999,1986.0,734.25,4037.6001,1527.7,61.9332712,667.88,215.45823873,693.15002,447.34723785,92.0,216.074995,59.2249975,4112.3501,369.79999,20333.75,251.925005,202.63313762,2407.80005,94.02712091,74.570002,483.54999,648.84998,199.850005,315.60001,1784.1,79.75,316.39999,3750.8999,78.91780404,29.519721,86.550003,142.8,424.99999737,255.75,565.15002,600.90002,275.79999,127.8,1036.65,418.56,518.75,1873.25,265.79999,152.2271205,867.65002,575.75,344.29999,32.60254003,562.54999,389.91699014,208.64999,1041.0,233.25,456.81,916.59908359,2994.4051,369.10001,147.2152386,40.0250015,134.025,655.625,1274.55,187.60001,718.25,205.05,43.299999,110.65,675.59998,129.919996,144.85001,42.650002,117.0999975,399.04999,6388.5,1241.25,564.09998,16.58885446,442.45001,334.5329988,640.99935939,577.79999,728.20001,8.3949995,144.14999,128.14999,597.09998,1165.242628,153.14999,210.14999,175.819996,425.20001,509.29999,424.0,463.425,349.84,3633.6499,28.65,240.45,94.900002,277.79972887,1272.45,299.39999,17128.699,164.39999,307.54999,375.95001,60.549999,57.04779819,54.900002,24.799999,163.300005,300.90812416,119.825256,173.85001,392.64999,1121.55,1661.95,383.70001,488.04999,35.51301516,139.85001,24.0,131.16666667,270.524995,22.975,241.69502792,141.8,73.900002,143.300005,103.840002,62.9,999.54999,143.60001,150.8,7.0,111.1,83.75,1791.2,254.85001,177.52,656.70001,530.15002,13.5,188.0,724.04999,331.13300926,86.28775798,322.20001,396.95001,255.45,350.0,137.524995,1000.3,143.4,889.79999,105.080004,581.59998,518.79999,1216.55,160.53751302,1013.35,1022.35,817.70001,703.275,260.10402023,26.9,242.800005,105.35,306.0,8599.0996,366.85001,957.79999,547.95001,1108.55,195.39999,49.8999492,80.87743851,324.0875,728.95001,68583.5,122.3,442.39999,940.59998,81.849998,253.9,69.5,692.45001,87.61658238,123.05,383.175,55.0,969.15002,298.95001,28.35,104.65,32.69289272,150.9582649,487.20001,3694.05,160.86634912,198.60001,180.64999,22349.4,,94.365002,327.125,251.60001,96.68,1924.7,40.145001,258.075,421.100005,952.34998,176.10001,1110.27424485,193.0,269.14999,173.2,115.903125,113.1,285.5,700.04999,199.13501807,516.75,92.0,115.5375,95.025,414.37523553,18.0,163.05000305,151.080004,38.0,9.5,76.800003,1075.548261,47.604999,86.059998,320.35001,1042.77002,128.35001,72.38186239,17197.449,258.68134817,621.97893032,33.25,799.357796,608.20599525,1158.4,90.524996,366.28,1829.05,499.10001,539.95001,869.59998,1155.05,12.805542,184.45,277.0,35.950001,16.4750005,311.46970214,428.32716275,283.63643548,942.79999,89.35,243.99431345,94.699997,65.41746149,1318.5,489.25,,1114.5,869.70001,183.5,818.90002,643.075,286.39999,342.45001,8.8999996,136.3,85.0,7.4,716.29999,1083.4,31.700001,4203.7998,164.10001,206.22660378,467.66420254,22.700001,30.1446659,295.45001,229.45,636.59998,261.77,128.14999,71.699997,1557.65,109.46249645,663.58653357,306.89999,568.15002,170.940002,107.35,7270.8999,428.75
2017-12-01,19126.449,238.81636007,1258.4265522,5524.9502,56.7648526,626.436169,1758.4,144.3,92.85009518,405.64999,8.3400002,1550.35,994.3,2201.8999,267.8,,272.04999,36.76919246,810.04999,198.375,530.59998,1204.8,268.25,368.54999,59.55,1158.5,1167.15,380.092509,2735.7,687.95001,563.95001,3333.6001,523.03999,2867.3501,175.67,1194.15,132.39999,160.64999,169.75,2141.8501,747.29999,4484.6499,1702.55,60.71660242,647.3,228.12490866,731.5,477.26350832,92.5,268.649995,65.8625025,4552.8501,408.95001,20165.551,258.850005,210.0331169,2354.625,99.59216584,72.079998,472.85001,631.45001,193.2,299.5,1950.85,72.150002,339.25,3728.3999,81.63239267,28.172005,92.800003,152.45,428.60000735,259.91,687.29999,608.5,262.95001,129.009998,1100.0,441.392,579.25,1874.55,275.5,163.454382,901.90002,583.25,349.70001,50.20444769,557.29999,413.67172468,231.5,1098.35,259.35001,482.84,1047.73228582,3034.085,371.10001,142.31133358,51.45,154.0,665.1,1363.3,199.3,787.45001,223.35001,52.650002,108.5,707.5,131.940002,160.45,40.849998,124.9124975,399.35001,6766.8999,1244.65,594.75,20.2953569,494.0,328.999671,666.29934077,606.45001,692.54999,17.1625,136.5,137.45,710.20001,1161.109149,159.2,227.5,168.109998,443.04999,562.45001,445.25,468.1,467.27002,3785.1499,28.65,273.54999,101.0,279.06639427,1367.85,308.85001,19433.6,153.75,314.0,383.60001,59.849998,65.3226,54.25,30.799999,167.899995,328.26341435,114.202388,183.45,376.70001,1205.5,1648.9,378.75,521.025,35.5623021,164.75,22.1,129.51666333,299.149995,23.8,248.49138287,137.5,78.550003,168.199995,109.880004,69.925005,1110.7,147.64999,157.2,9.45,104.3,92.400002,1784.85,269.79999,176.11,788.29999,522.20001,19.200001,191.100005,729.29999,383.23293722,94.84835206,383.39999,376.54999,331.45001,380.54999,162.175005,1010.2,160.469996,881.29999,108.580004,563.5,536.15002,1258.25,161.83966192,1118.85,1028.25,885.09998,751.09998,280.69164548,22.85,255.975005,123.4,322.5,9729.5498,375.29999,911.54999,592.5,1094.5,214.35001,48.86662023,83.9889587,373.375,725.65002,72357.047,128.85001,474.64999,961.70001,86.0,278.12,73.275,830.45001,82.29991437,133.75,393.544995,60.950001,892.84998,298.25,32.650002,109.6,35.30627443,147.49994128,481.20001,4098.0498,165.11078062,197.45,195.2,25541.551,,97.529999,359.0,254.75,97.4,2062.95,42.354999,313.475,451.100005,962.5,171.39999,1109.7360806,203.60001,279.25,160.55,112.69688063,111.85,293.89999,785.59998,218.16755354,510.10001,96.400002,116.8125,87.300005,414.15041037,16.35,166.44999695,172.059998,50.25,7.65,92.150002,1067.297797,50.185001,82.975,309.89999,1172.59004,126.35,73.39039461,18074.5,288.65997453,642.95997552,33.900002,923.196574,602.608261,1180.15,104.418754,396.24,1878.35,585.25,571.15002,990.15002,1294.5,14.274278,190.89999,270.67499,40.299999,20.875,313.52687649,423.17370726,312.58294052,977.15002,88.959998,260.71742995,93.5,69.02218357,1350.6,504.04999,,1223.75,879.95001,166.5,858.15002,709.275,283.25,337.14999,8.9399998,133.55,77.550003,7.05,770.70001,1079.0,29.299999,4320.6001,144.3,213.32414208,487.71108459,24.799999,38.74471815,329.89999,243.8,655.90002,275.77,135.75,71.400002,1592.7,117.84375022,858.25763357,315.14999,581.79999,178.109998,151.10001,7337.3501,433.5
2018-01-01,18796.15,222.56741204,1482.9501576,5625.0498,53.67068261,605.016009,1715.25,172.05,118.99993449,428.85001,7.3300004,1535.85,967.7,2198.75,281.819996,,261.79999,34.20509246,736.45001,214.33999,567.09998,1162.8,254.85001,344.45001,63.05,1128.3,1136.45,359.4375,2712.45,629.54999,593.59998,3337.1499,481.23501,2808.45,167.785,1141.85,122.15,156.8,157.2,2128.3501,705.95001,4551.25,1399.95,56.4499467,581.84,208.6249248,717.09998,396.34541863,100.2,307.45001,49.7125025,4681.8501,375.600005,19400.25,246.149995,190.26646997,2342.07495,116.59033631,68.270002,449.14999,589.84998,185.39999,294.85001,1820.85,73.050003,321.14999,3472.8501,82.15817383,26.174074,90.900002,160.35001,413.70000744,257.21,689.15002,592.15002,299.54999,171.230004,1121.35,444.896,554.59998,1938.55,249.14999,144.272583,903.90002,641.84998,355.60001,52.97912863,572.79999,386.42649853,278.10001,1039.4,250.10001,445.07,1006.19899401,2692.36,328.45001,187.62340619,45.0,158.0,562.375,1194.85,177.5,811.75,223.35001,63.349998,100.45,735.04999,129.319996,139.05,41.0,119.6500025,401.25,6554.75,1230.30005,606.20001,19.66253866,480.14999,307.56636243,702.26596482,607.5,799.59998,26.354999,144.10001,132.25,758.59998,1155.431841,166.05,202.85001,167.15,431.60001,522.34998,493.274995,501.425,543.02002,3691.45,29.200001,256.14999,85.0,265.13307487,1369.35,310.25,16903.551,176.39999,352.95001,406.70001,60.450001,56.23239879,56.799999,28.5,152.324995,356.69337177,133.979372,168.14999,362.60001,1214.95,1753.1,351.54999,575.125,31.9888206,177.89999,22.65,139.20000333,287.25,24.12,256.18445898,118.8,74.199997,153.649995,98.540002,74.525,1114.9,175.14999,163.14999,7.0,112.1,87.599998,1707.15,289.95001,204.32,913.34998,516.09998,17.4,182.550005,631.65002,340.06633367,84.01503389,351.54999,386.79999,347.20001,381.0,153.699995,1108.95,146.5,903.70001,103.319996,534.95001,537.15002,1416.5,160.53751302,1272.75,1209.4,883.75,763.04999,274.99593095,19.85,252.0,110.95,309.39999,9509.7002,479.64999,775.70001,534.25,1021.4,199.60001,40.89995812,81.01031049,321.425,894.84998,68113.352,128.95,415.25,946.90002,75.300003,270.31,78.725,794.84998,75.31659135,122.5,373.457495,55.849998,837.40002,285.39999,29.450001,103.8,35.94680916,141.87494352,528.79999,4182.6499,159.53301846,223.0,203.45,21459.75,,120.68,393.92499,254.75,93.44,2320.8501,40.5,326.8,448.149995,890.84998,171.35001,1073.96885661,180.8,249.95,158.5,109.0125,106.65,361.5,758.25,216.56861407,503.5,97.75,116.625,89.25,432.24883521,15.5,170.05000305,155.780004,45.75,6.3,88.900002,1240.646725,54.590002,71.7,313.25,1097.74004,119.1,62.87834914,17206.301,268.85284181,676.09340828,34.349998,841.386477,555.00316243,1069.15,113.043754,356.69,1882.2,525.09998,579.90002,1024.4,1303.25,13.402216,208.55,299.850005,34.049999,17.825001,308.14821581,382.07018724,287.14358852,1059.8,84.665002,241.18701135,89.0,70.504999,1556.17505,612.65002,,1238.5,893.79999,156.2,869.54999,681.2,285.45001,318.04999,7.86999935,128.3,64.25,6.9,696.79999,1146.55,31.5,4382.0,136.25,204.53513438,480.90089351,26.75,40.96590465,340.35001,233.55,605.0,259.48,159.95,69.050003,1476.85,114.26250396,741.68535357,354.39999,593.70001,190.690002,121.0,7423.0,425.79999
2018-02-01,20717.4,247.06193772,1374.0073215,5743.1001,50.13213715,531.799593,1623.05,188.0,113.61368042,408.35001,6.33,1439.6,931.83333333,2226.3,250.739992,,252.35001,28.64099597,797.25,205.28999,552.75,1203.05,274.54999,353.29999,70.75,1117.75,1024.25,407.9474955,2687.5,613.90002,528.75,3020.6001,505.17002,2723.55,164.025,1086.7,119.75,141.95,116.2,2037.0,729.95001,3798.7,1428.1,51.44995171,494.04,207.24991702,789.84998,386.16305861,89.900002,315.024995,42.8,4284.1499,371.95001,18687.301,214.774995,190.19980337,2497.125,119.06980932,59.85,541.45001,588.79999,201.95,296.39999,1602.45,65.300003,329.39999,3359.5,79.72010714,23.159444,83.5,168.75,364.70000774,293.99,670.40002,589.65002,309.14999,166.9,1041.1,417.328,558.75,1927.15,232.5,158.908932,795.95001,636.54999,325.04999,50.377862,565.75,329.80296803,260.75,1025.9,226.25,447.45,912.29908789,2743.775,316.54999,170.45973861,44.25,155.5,540.0,1378.95,173.10001,892.84998,207.39999,46.0,94.25,716.95001,130.619996,159.8,51.450001,114.375,365.60001,6651.6001,1192.07495,544.54999,17.13127022,433.60001,291.04971562,713.63262013,551.75,780.20001,25.5949995,142.0,118.4,674.45001,1148.111101,155.2,207.05,174.0,407.70001,507.64999,470.149995,471.05,565.52002,3596.7,29.950001,245.39999,73.0,253.43307323,1317.75,326.45001,17267.15,160.3,313.25,412.79999,74.550003,50.67560121,51.5,22.65,152.350005,371.25028785,132.96142931,159.25,331.10001,1335.7,1680.75,346.70001,586.3,30.59639505,193.95,19.6,126.43333,336.42499,22.860001,250.19045981,117.65,66.599998,157.574995,85.8,69.175005,1011.8,150.5,147.55,6.05,101.1,80.699997,1794.6,312.20001,203.4,877.5,451.89999,16.4,171.600005,574.70001,327.73301266,81.66655233,415.25,387.89999,343.39999,356.85001,154.0,1090.55,145.030004,911.59998,108.709998,507.79999,498.64999,1318.15,150.95733982,1440.1,1393.7,819.95001,728.34998,256.6925281,16.799999,232.550005,107.95,308.14999,8850.9502,517.90002,780.15002,495.45001,1043.35,187.25,34.69996494,73.08202075,284.0125,859.70001,73391.602,119.25,391.79999,798.70001,68.550003,256.42,78.15,810.09998,65.46659787,131.7,388.082495,50.650002,719.90002,300.25,27.299999,98.050003,33.14126959,136.04161251,519.15002,3941.6001,155.48858211,216.85001,188.3,21887.699,,119.97,427.625,247.3,84.08,2272.2,31.029999,288.3,450.475005,872.59998,101.4,1001.73065537,164.85001,252.45,160.35001,111.20625,90.75,346.79999,752.59998,196.91713429,490.20001,82.699997,108.225,72.025,429.21369564,15.65,167.3999939,150.4,44.700001,5.25,83.199997,1118.584462,49.410001,70.470001,268.0,1089.47998,110.05,55.58585657,16623.449,259.90894223,606.52877946,34.599998,851.116667,540.05966525,1026.95,120.450004,379.75,1757.15,564.40002,535.34998,927.79999,1189.05,11.749888,188.5,295.100005,34.799999,15.425,301.99811743,398.83446025,272.176368,1053.25,80.065002,223.31682875,84.5,67.159998,1517.525,612.65002,,1154.55,786.40002,126.95,816.15002,684.325,264.64999,316.04999,7.14499938,122.0,64.0,6.2,680.95001,1059.4,25.950001,4155.6001,105.55,187.14782382,466.0016366,22.450001,38.49857754,329.75,242.3,609.40002,269.59,175.7,64.5,1432.5,109.79999645,755.73853357,322.29999,565.34998,178.65,117.45,8092.0498,405.10001
2018-03-01,19412.85,241.53329371,1161.3243537,5452.9502,49.65484826,497.958791,1507.5,167.64999,87.29638163,354.10001,4.7400002,1441.4,926.9,1988.35,237.619996,,232.95,23.89741097,728.0,198.68,548.34998,1064.65,277.04999,332.0,72.725,1120.4,927.54999,401.917509,2613.3999,557.84998,510.5,2744.7,517.15498,2664.5,176.755,1068.65,75.650002,142.3,103.55,1923.35,729.95001,4229.1499,1170.8,47.1499527,417.64,213.91658935,699.65002,359.26547409,81.349998,296.95001,29.0125,3768.75,377.725005,18017.551,213.725005,163.76649644,2485.30005,119.31775111,52.779998,484.5,569.54999,204.89999,278.5,1506.3,72.349998,326.60001,3455.8501,75.26070479,20.85414,77.599998,164.64999,327.35000797,290.09,649.90002,545.45001,283.29999,173.0,1056.9,398.432,525.15002,1884.45,236.75,156.7725705,700.25,694.84998,328.39999,39.9294419,424.25,279.72411899,247.89999,1090.2,201.25,416.11,800.99919917,2837.265,273.70001,156.04226765,38.799999,126.5,534.425,1264.85,158.45,818.09998,222.85001,51.0,89.199997,674.84998,131.95,123.35,53.0,109.51666333,330.20001,6557.5498,1043.875,526.29999,15.23281731,363.95001,273.74972625,729.09927134,549.90002,722.90002,21.5524995,145.35001,103.25,726.09998,1046.716367,155.85001,189.5,166.640002,407.5,487.85001,484.29999,471.525,637.0,3542.8,25.85,214.55,62.900002,229.89977677,1333.35,300.54999,16942.1,146.14999,278.35001,388.60001,72.199997,45.84360121,47.349998,19.549999,139.725005,345.84895042,125.44811431,141.75,299.79999,1290.45,1796.75,336.14999,565.9,26.7394995,165.3,17.450001,117.73334,327.82501,22.3,241.17587207,113.25,60.349998,155.050005,75.690002,59.375,1015.05,162.95,128.8,4.75,78.550003,72.800003,1654.95,288.14999,232.58501,839.45001,443.04999,14.65,197.925005,572.54999,337.19965654,76.09837831,389.75,385.0,310.70001,325.20001,142.0,1047.8,126.509998,876.29999,100.570002,534.40002,437.25,1310.9,146.12076153,1340.7,1235.6,735.84998,738.90002,274.8476052,13.6,211.75,109.05,326.04999,8861.0996,530.5,667.34998,453.45001,958.04999,177.39999,37.03329596,68.86319722,250.5875,837.75,72513.25,109.85,407.45001,753.65002,66.449997,235.08,67.35,772.84998,63.46659987,117.55,410.17749,59.849998,710.70001,279.25,27.700001,83.75,30.37415699,141.41661037,510.25,3745.3501,144.23319577,182.35001,177.8,22684.551,,108.56,347.024995,230.95,68.5200016,2185.2,31.614999,295.7,458.899995,885.20001,95.300003,1070.07751511,175.39999,251.10001,151.5,108.703125,80.300003,332.25,723.75,185.21908477,479.85001,73.199997,93.525,73.4,396.90633011,15.35,159.30000305,140.530004,36.099998,5.55,70.199997,1103.55524,42.270001,65.565002,249.89999,1040.22998,111.4,49.76737908,16196.45,280.51498537,557.16619663,33.099998,838.278554,494.547652,1068.55,117.337496,391.03,1677.2,551.29999,495.10001,848.59998,1194.05,9.822172,178.25,298.600005,30.549999,13.425,290.21219819,385.05052728,255.62844,985.34998,73.565002,197.32660093,79.0,57.104999,1424.57495,638.70001,,1134.6,705.45001,109.7,942.29999,624.875,229.25,345.04999,5.92499973,100.5,40.650002,5.55,619.29999,947.84998,21.6,3950.0,94.0,176.8746346,466.96081664,18.299999,37.33015902,277.85001,222.2,620.90002,244.44,134.89999,58.049999,1510.25,105.43124644,669.48428,304.85001,575.5,180.25,114.3,7930.7998,377.85001
2018-04-02,20524.1,282.95073546,1218.598953,6179.6499,48.30526019,550.234441,1587.15,186.89999,90.93319967,407.29999,5.1400002,1443.85,903.5,1976.35,286.119996,,250.64999,24.20510451,807.34998,219.42,534.04999,1091.0,294.35001,363.29999,82.225,1201.7,1044.35,427.5900045,2945.3501,642.0,517.29999,2952.6001,548.26001,2705.6499,190.77,1275.2,70.0,148.95,104.05,2137.05,802.59998,4706.2998,1626.95,43.73328946,426.5,238.83324604,774.70001,369.04230658,87.800003,333.79999,37.0250025,3688.6499,400.79999,19404.801,193.675005,187.7998191,2756.6001,142.4870544,53.190002,421.5,599.09998,194.85001,312.85001,1590.4,70.25,325.95001,3166.1001,82.5865881,22.059993,83.849998,195.55,321.04998801,348.29,722.45001,607.40002,285.0,232.42,1123.2,417.248,475.5,1878.35,236.0,167.13620559,769.5,760.90002,369.39999,56.10064772,332.5,342.60145665,269.20001,1197.5,223.10001,421.97,889.53244398,3118.86,274.39999,172.71554473,41.875,142.025,557.6,1274.0,158.85001,1004.3,248.3,54.099998,98.300003,699.84998,131.1,152.39999,63.849998,108.36667,367.25,6549.25,1171.85,571.70001,18.5325077,476.45001,293.64970968,744.69925575,599.59998,805.25,28.5774995,148.3,108.65,697.54999,1089.34598,198.10001,178.45,176.819996,378.10001,547.25,526.375,486.075,557.75,3732.25,27.9,235.64999,73.349998,202.999797,1508.9,326.85001,18922.0,147.5,284.20001,426.29999,66.150002,41.76660121,48.349998,19.9,143.850005,374.42545381,143.431607,147.05,321.5,1402.8,1898.0,313.10001,599.75,26.60395365,199.10001,18.35,108.2,375.850005,28.164999,265.67104347,121.2,56.950001,160.024995,85.640002,61.95,1000.2,156.39999,142.5,3.75,92.25,84.75,1961.15,325.0,254.025,879.59998,446.04999,14.8,181.550005,546.09998,333.96633976,82.4998845,406.14999,436.54999,286.54999,333.5,160.675005,1211.1,139.630004,844.25,102.259998,546.79999,450.10001,1400.9,161.09557152,1568.95,1329.6,811.54999,873.29999,313.35298043,13.95,231.225005,122.25,332.54999,8814.9502,562.5,779.04999,515.70001,889.40002,184.3,43.36662568,78.10918015,245.449998,1036.35,79933.453,108.05,450.85001,807.84998,80.550003,248.17,74.875,772.0,69.9332634,133.55,469.82749,54.150002,710.29999,275.20001,28.450001,88.0,32.0267366,143.45826789,549.5,4310.1001,154.9665117,179.10001,180.55,24199.25,,130.399995,403.82501,226.8,70.3599976,2278.8501,27.364999,312.8,543.1,867.79999,95.400002,1159.70256135,164.35001,260.75,172.39999,116.91563063,94.050003,418.85001,823.70001,229.43233998,530.54999,80.5,95.625,69.199995,433.14813583,15.65,163.3999939,167.259998,37.0,5.15,77.650002,1165.768194,47.4,72.420001,246.39999,1073.67998,112.65,57.83566865,16943.801,313.78668151,582.89913696,33.299999,895.20136,535.53278243,1063.7,134.512504,478.49,1770.6,597.09998,528.40002,879.79999,1385.6,10.005764,170.89999,312.0,37.349998,13.45,327.32712076,387.31679,293.96034692,1237.8,86.570001,205.50702441,88.300003,59.495001,1766.05005,670.59998,,1137.65,688.15002,116.75,981.79999,709.25,247.05,351.75,6.89499939,99.650002,40.299999,5.65,667.40002,1200.55,19.75,4108.8501,95.400002,182.93573332,466.7050225,23.450001,38.79216612,298.39999,240.3,642.5,245.34,142.10001,57.25,1579.45,104.53125019,768.13298678,362.0,588.04999,256.04,120.3,8102.8999,412.35001
2018-05-02,19543.6,262.1103802,1104.9916233,6674.3501,48.81546907,412.779336,1354.6,162.05,78.53616256,392.14999,4.03,1542.25,641.56665333,1916.85,260.660008,,205.39999,21.410235,705.5,187.35,427.5,950.34998,269.29999,346.64999,74.025,1304.65,1190.7,465.795,2824.3501,556.29999,545.90002,2750.3,604.225,2769.95,210.98999,1134.6,71.449997,136.85001,98.599998,2027.2,779.5,4622.7002,1612.75,38.13329508,370.060008,248.49990883,650.70001,336.64805956,83.650002,332.70001,46.6624975,3449.8999,350.375,18367.5,201.975005,163.46650341,2961.9751,152.68044343,51.429998,378.85001,501.39999,170.89999,301.20001,1361.85,73.550003,279.35001,2806.6001,79.39684909,22.036347,61.5,169.0,283.39998825,305.74,671.34998,524.79999,296.25,223.42,1259.7,441.296,450.95001,1715.05,226.75,178.49983059,701.34998,736.79999,383.29999,42.70412717,283.54999,314.19271391,244.14999,1047.45,209.89999,387.32,881.09911908,3078.065,236.8,173.35304257,34.4000015,140.075,523.0,1309.5,131.5,932.45001,259.70001,47.200001,84.800003,685.09998,123.580004,147.14999,72.650002,116.96666333,328.79999,6572.3999,1273.44995,535.95001,16.4080495,477.35001,251.09974557,759.43257436,596.70001,731.04999,22.0975005,115.45,78.400002,888.45001,1035.660556,162.64999,179.35001,173.209998,309.70001,544.15002,455.17499,534.8625,708.24,3544.8999,25.75,234.2,70.449997,207.89979877,1611.45,296.35001,18456.4,134.39999,285.79999,422.5,65.300003,37.146,40.700001,17.700001,132.5,339.98710183,137.614847,129.95,340.85001,1219.25,1955.45,298.64999,615.9,22.98118275,207.35001,16.200001,116.06667333,335.20001,23.05,256.4204432,92.900002,59.049999,139.925005,79.75,51.575,940.09998,134.3,137.05,3.5,84.849998,82.25,1966.8,331.89999,250.86001,789.20001,585.65002,13.75,211.574995,549.15002,326.79968026,79.62110065,361.10001,482.25,279.60001,325.70001,146.675005,1334.6,121.640002,861.25,94.390002,475.14999,428.60001,1370.4,157.97970227,1740.7,1326.0,770.34998,922.95001,289.32419197,13.45,213.199995,107.7,321.85001,8537.2002,525.70001,856.29999,490.10001,818.95001,178.8,35.150002,68.68602426,229.225005,1101.1,75734.047,92.800003,389.64999,807.79999,70.449997,253.95,71.75,688.90002,61.39993727,119.95,482.7,46.049999,707.90002,232.95,26.5,85.949997,30.09232171,139.62494441,506.95001,3942.8999,143.89986277,158.35001,177.89999,25221.75,,117.324995,394.024995,219.64999,64.4400024,2491.05,23.875,347.75,578.8,846.95001,83.650002,997.75651937,175.95,231.8,176.35001,117.815625,95.550003,460.39999,773.54999,202.4773194,515.90002,71.550003,88.6125,59.55,414.28530097,16.0,182.75,155.75,36.400002,4.55,75.949997,1108.416323,42.010001,80.925,269.54999,1066.3,100.8,49.96132832,16880.6,283.37937151,542.91051121,30.85,853.053142,496.49469,1170.65,139.743746,386.44,1859.0,633.65002,480.35001,917.59998,1301.9,8.03215,170.5,299.82501,30.450001,12.0,317.74839133,383.31198525,265.95238108,1237.1,80.840002,170.55151616,81.300003,57.565002,1741.05,712.34998,,1110.4,713.54999,103.1,900.09998,705.75,262.29999,329.64999,5.83499954,110.0,43.799999,5.3,587.34998,1170.5,18.85,3744.8999,90.699997,211.86483514,452.47718523,23.1,45.26889572,248.3,220.8,539.95001,250.74,133.55,62.700001,1541.05,98.21249643,629.85892,346.20001,556.04999,260.8,101.9,7461.5498,361.29999
2018-06-01,19637.1,258.84584754,1057.135713,7238.2002,45.42504876,387.306124,1339.9,126.2,73.44104788,373.14999,3.23,1500.1,655.13334,1891.15,257.719996,,207.45,20.17946597,674.84998,165.65,502.60001,1047.45,254.0,333.14999,62.9,1264.45,1419.45,453.4875,2651.5,607.09998,510.79999,2810.3,582.11001,2882.3999,229.63501,1041.5,64.349998,112.65,87.5,1948.3,859.40002,4576.5498,1443.9,36.21663033,323.719996,234.16657291,612.70001,344.17217954,71.75,309.774995,39.575,3659.2,321.125,17509.949,186.649995,141.43318541,3106.875,149.73262001,50.31,339.95001,428.10001,163.7,270.14999,1258.15,69.199997,251.5,2779.5,71.04276996,18.619768,55.950001,154.64999,304.04998812,302.52,614.54999,616.65002,264.35001,219.58,1184.85,417.44,393.60001,1799.6,226.2,167.908923,647.65002,766.5,391.45001,36.33102566,296.14999,259.60531321,243.85001,1038.6,188.8,447.01,866.73246678,2859.0449,240.85001,166.53661459,28.799999,134.625,529.15002,1249.2,124.2,871.65002,258.29999,44.400002,81.849998,581.45001,115.569996,134.85001,70.5,113.41666667,281.89999,6420.0498,1398.225,583.04999,13.83157892,402.35001,242.08309125,817.13251669,623.70001,719.04999,22.8350005,105.5,80.550003,840.09998,1002.84173,155.05,179.95,145.819996,290.10001,543.34998,463.125,527.1125,662.1,3473.5,28.950001,230.5,62.400002,172.79983387,1641.15,274.5,18347.85,125.9,275.39999,377.29999,54.900002,35.84739879,38.849998,14.85,127.15,327.28643797,128.017193,105.7,343.70001,1088.5,1932.2,300.54999,653.6,20.66458046,193.5,14.05,104.0,349.79999,21.089999,251.2760061,79.849998,50.599998,128.925005,61.8,39.7249985,869.84998,121.85,115.75,2.9,67.550003,65.599998,1800.3,326.79999,277.29,699.15002,555.04999,12.95,234.64999,483.54999,294.79971222,78.56049608,334.95001,408.60001,288.39999,261.45001,108.199995,1342.95,127.769996,957.70001,92.379998,468.64999,425.0,1275.1,141.05162708,1671.4,1218.1,903.79999,897.70001,278.64473834,12.5,216.800005,98.5,331.64999,8825.5996,510.54999,731.04999,432.54999,829.54999,166.7,33.549999,63.04985466,194.050003,1084.2,74974.453,81.050003,379.5,805.70001,64.699997,237.27,64.925005,630.15002,49.9666147,96.050003,490.50498,43.0,640.40002,233.85001,23.450001,81.75,27.69672181,133.04160537,477.35001,4074.7,139.89986677,163.14999,158.39999,27814.25,,109.275,405.725005,219.2,61.8400024,2579.5,18.9,333.3,531.75,753.04999,76.150002,934.46012413,144.25,212.2,162.75,105.10313063,78.75,413.85001,702.40002,189.17001674,552.04999,70.900002,78.4875,54.725,437.26244512,12.9,170.69999695,133.980004,32.0,3.8,83.0,1019.043735,39.6,67.7,259.35001,1110.72002,87.550003,45.92718315,15554.2,253.20588896,509.12790205,29.15,818.746454,429.51659254,1128.1,117.393746,339.32,1599.8,625.29999,564.0,782.29999,1131.75,6.8847,155.35001,304.975005,30.9,10.0249995,299.08376389,368.03788226,266.10057148,1334.7,81.525,162.58237733,73.25,56.775,1847.75,655.45001,,1042.35,720.70001,94.400002,878.5,700.575,227.14999,302.25,5.63499955,115.3,37.75,4.55,552.84998,1151.4,18.4,3818.6001,81.949997,209.6592917,395.69373319,27.549999,44.69654623,236.2,196.10001,523.79999,243.99,118.4,54.150002,1532.55,98.06250018,590.69432,339.64999,543.95001,255.8,95.199997,7026.0,377.39999
2018-07-02,23420.9,257.89808,1092.8818803,7666.7998,46.13275456,399.225583,1529.75,147.95,126.8586196,399.75,6.27,1650.0,758.8,2119.05,253.5,,230.7,22.61536097,620.5,162.005,559.79999,951.90002,292.79999,340.0,56.4,1451.4,1530.65,502.245,2845.1001,591.54999,550.40002,2700.05,697.72998,2904.3999,269.78999,1207.85,73.300003,153.35001,94.400002,1937.75,908.90002,4473.8501,1559.05,38.78329442,359.139992,262.87490308,640.65002,351.96662717,74.050003,293.20001,44.2249975,3706.75,335.899995,18720.699,194.875,131.03320247,3271.1001,163.75542287,56.9,334.64999,454.20001,174.35001,265.0,1385.75,69.900002,250.39999,2694.95,73.57430885,19.813798,64.050003,146.5,315.04998804,286.13,628.09998,641.34998,261.10001,245.38,1145.25,428.3519936,425.10001,1789.1,243.10001,171.89999,673.5,704.34998,421.54999,30.73830154,329.85001,267.99217918,241.64999,1149.45,196.3,425.56,861.73247178,2779.8551,227.55,165.40870663,31.825001,144.95,591.20001,1387.35,135.95,928.04999,279.75,41.549999,89.0,619.5,114.709998,139.64999,72.099998,125.04999667,301.95001,6691.9502,1594.44995,581.75,16.0464396,417.39999,265.73307093,877.93245593,648.65002,714.75,21.1024995,115.95,102.85,1013.9,1021.118679,147.89999,198.0,157.640002,279.54999,634.40002,482.54999,544.875,859.35,3294.45,25.950001,213.39999,60.099998,189.86647013,1731.65,280.04999,19717.699,138.10001,304.25,418.54999,58.849998,33.12939879,40.049999,17.299999,151.975005,328.26341435,128.93818,117.05,357.70001,929.70001,1995.15,286.64999,682.55,22.7963475,205.60001,14.9,109.56667333,379.82501,20.089999,281.01001772,90.699997,58.450001,136.649995,67.790002,44.200001,768.20001,130.64999,118.1,2.65,58.150002,65.900002,1917.55,330.39999,280.98,738.90002,560.5,13.15,220.25,443.89999,317.23302314,75.79534843,332.75,447.5,273.95001,260.35001,115.475,1306.85,130.980004,940.0,90.940002,529.04999,431.64999,1302.3,163.69988792,1872.9,1466.75,824.40002,935.95001,304.86872409,13.2,240.550005,105.4,364.10001,9520.5498,549.84998,881.90002,497.20001,911.79999,164.14999,33.849998,71.33248368,229.9375,1151.75,79490.352,80.949997,404.54999,781.45001,61.549999,273.38,66.475,670.20001,47.0332883,92.550003,526.52,43.5,691.29999,259.79999,23.75,77.75,26.95370152,129.04162363,496.10001,3878.3,139.3665273,157.75,165.7,29053.301,,127.550005,417.725005,229.14999,69.8400024,2672.45,17.385001,314.225,561.725,806.40002,85.099998,1071.11244636,158.25,242.25,149.8,102.54375,79.199997,437.25,718.0,172.4894614,572.90002,71.099998,87.7125,54.0,533.2852636,12.4,210.0,130.159998,33.5,3.85,77.5,1156.893371,39.635001,62.809998,293.5,1052.12998,99.800003,49.2243204,17018.1,269.32049669,513.51626942,26.950001,802.441812,459.9877275,1194.05,129.337496,346.25,1497.9,656.40002,568.5,772.29999,1203.95,7.160088,160.2,297.774995,40.099998,10.3500005,295.24800005,359.25214899,243.92138852,1428.2,80.695001,159.44303407,74.550003,56.304999,1940.2,680.75,,1172.85,726.79999,91.5,912.34998,764.3,240.45,348.79999,5.59499985,114.9,39.450001,4.95,516.59998,1090.85,19.9,4193.7998,86.449997,201.33481486,411.83993055,27.0,44.63723553,222.2,214.39999,567.95001,242.23,125.1,56.900002,1738.7,103.64999644,542.03807322,367.95001,527.15002,247.16,84.849998,6661.5498,381.45001
2018-08-01,25945.0,289.59563903,1173.6583512,8330.75,65.33965347,426.289508,1638.75,135.5,146.2005836,383.14999,7.0800004,1758.75,847.16666667,2114.7,260.519996,,241.35001,25.46151403,616.29999,163.48,599.59998,1182.7,251.39999,341.04999,64.525,1372.45,1891.25,497.88,3232.3,712.75,649.25,2744.8501,674.77998,3117.25,285.66001,1360.1,76.449997,152.95,100.45,1963.25,1082.4,4403.4502,1866.3,37.83329538,336.160008,278.91656332,679.04999,345.88425474,80.599998,312.0,41.6500025,3469.8501,337.850005,21990.35,181.050005,140.09985341,3368.375,166.95118257,56.740002,319.89999,437.79999,158.8,285.20001,1386.4,68.650002,223.35001,2739.0,77.57414264,26.694245,59.0,165.14999,314.64999,295.23,586.59998,662.15002,285.95001,281.34,1169.0,417.1839872,420.29999,1765.25,250.45,202.55,768.15002,728.90002,478.75,25.10222384,384.5,244.81920293,261.25,1305.9,220.8,498.4,714.69928545,2805.975,216.3,176.14827824,32.125,144.775,564.65002,1517.6,128.25,869.75,285.10001,44.049999,81.099998,547.5,126.330004,146.60001,75.349998,124.06667,304.79999,6622.6001,1714.17505,665.65002,19.07492256,391.75,294.73304193,968.09903248,646.65002,687.70001,26.3149995,111.1,115.65,1013.0,1063.250282,147.3,192.5,154.890002,275.35001,725.25,523.225,515.3,848.09004,3253.8,25.700001,237.95,63.0,169.1998308,1780.1,299.54999,22461.25,128.45,342.60001,375.35001,62.700001,29.80739879,47.599998,17.299999,145.199995,358.35422288,133.058385,126.4,332.45001,928.84998,1906.6,286.89999,720.55,24.9157917,270.14999,15.6,103.7,385.79999,19.03,301.91821955,115.3,55.299999,170.425005,69.559998,46.549999,800.59998,128.64999,120.4,4.35,67.300003,72.900002,2350.8999,396.35001,309.87,722.20001,558.45001,12.95,217.8,468.85001,343.59967014,77.99996713,302.0,418.60001,272.04999,297.95001,120.5,1287.25,135.4,1046.2,87.690002,520.90002,404.04999,1369.55,168.72248881,1797.75,1761.65,931.45001,965.29999,290.21414644,13.15,244.25,100.1,369.45001,9096.4004,538.5,828.09998,448.04999,865.75,152.45,32.25,67.34619164,208.1875,1260.0,74026.75,80.849998,409.39999,779.70001,74.849998,327.6,64.75,688.79999,48.0332873,98.650002,579.1125,47.549999,779.75,252.3,25.35,77.300003,28.56784905,142.91660977,440.85001,4160.2002,142.39986427,233.7,180.05,34416.75,,120.9,413.79999,248.05,67.5200016,3621.3,17.175,313.6,584.325,771.59998,88.150002,1123.8939401,166.7,213.8,153.05,113.34375,82.199997,493.35001,689.34998,173.9749298,627.25,70.650002,89.85,52.525,558.30830316,11.75,275.5,123.490002,37.75,4.3,79.849998,1123.177964,42.345001,60.090002,309.60001,1089.47998,107.5,42.16456538,18925.801,260.28891182,529.58962484,28.450001,857.452049,447.38064671,1168.4,132.600004,404.48,1591.9,660.45001,652.84998,766.20001,1201.6,6.563414,159.75,297.45001,40.150002,10.0249995,325.56995592,335.28546001,231.4734048,1435.85,80.659998,161.49568344,76.699997,60.05,2078.3999,765.79999,,1030.45,692.65002,88.5,891.90002,906.4,263.60001,369.45001,6.56499991,122.05,37.799999,5.1,569.34998,1404.1,20.85,4475.5,89.75,213.94621442,457.4009825,30.1,48.59326015,227.7,224.10001,614.79999,220.02,166.89999,75.25,1773.6,112.96875021,611.79714643,343.5,499.95001,334.59,84.650002,7160.7002,402.75
2018-09-03,22568.051,244.77676486,1264.6159764,7773.5498,60.40214817,358.041349,1552.35,99.449997,126.67314196,328.89999,4.7599998,1778.1,709.16666667,2054.95,229.619996,,223.55,19.15382597,591.04999,126.6,629.0,1042.25,212.25,317.39999,59.55,1293.3,1563.85,443.069991,3165.45,744.45001,613.25,2687.45,600.62002,3093.55,216.8,1018.55,71.050003,99.5,76.900002,1868.1,970.29999,4356.0,1312.1,26.76664081,243.8,244.20822722,601.09998,305.0647595,68.5,345.67499,34.0125,2998.3,284.100005,19934.1,187.074995,126.63320686,2911.75,117.58211449,44.170002,237.60001,410.95001,142.85001,251.45,1141.05,41.150002,180.55,2567.1499,63.93888158,22.651096,44.799999,151.55,278.39999,233.35,551.90002,654.04999,266.25,219.42,1081.45,401.5680064,403.95001,1756.15,223.89999,177.75,673.09998,745.20001,426.89999,18.55570196,436.0,186.20803138,295.60001,1310.9,162.55,506.13,706.39929375,2418.54,198.95,145.10654964,26.799999,122.5,494.45001,1326.15,118.9,611.79999,265.45001,38.75,70.699997,530.25,105.040002,134.95,61.900002,126.33333333,287.70001,6690.1001,1449.3,632.15002,14.64520211,349.45001,250.46642287,768.65002,516.59998,590.90002,21.1,100.3,95.150002,843.29999,1017.433408,89.199997,174.45,125.859998,235.75,594.5,543.9,501.5125,669.15,2933.25,19.75,229.64999,51.0,167.6331657,1608.4,289.29999,20803.199,114.55,305.54999,333.75,50.200001,23.2841994,36.299999,11.9,121.475,244.80536675,132.71906431,101.2,227.39999,826.09998,1690.05,262.95001,730.04999,21.37927725,203.0,13.1,102.23334,339.725005,13.72,281.05720513,81.75,41.299999,146.399995,57.390002,36.674999,767.0,97.150002,86.5,2.4,53.75,61.25,2352.7,381.64999,245.95,732.70001,477.5,13.75,195.25,367.39999,306.66636037,64.7499716,296.0,359.0,228.05,201.35001,89.125,1141.6,121.2,958.54999,86.540002,417.39999,409.14999,1272.1,120.54265404,1917.0,1736.25,900.95001,860.95001,237.43985829,11.1,213.600005,72.400002,333.04999,7347.9502,468.60001,688.45001,408.29999,817.15002,134.05,27.299999,56.87109757,168.449998,1173.25,63598.551,71.800003,403.39999,751.5,60.599998,284.63,59.7,690.20001,38.999961,73.0,484.98252,43.349998,686.29999,244.95,22.6,66.849998,29.00341266,139.04161965,405.60001,3916.45,146.3665203,203.10001,177.2,32885.102,,102.5,394.20001,224.75,60.8799984,2986.5,12.715,274.375,522.925,711.90002,59.700001,734.05602034,137.05,213.8,115.05,105.97499438,87.599998,346.95001,643.15002,136.86922254,511.89999,59.700001,73.4250015,46.950001,565.63760316,11.9,232.8999939,120.15,26.1,4.0,68.25,764.260485,33.695001,51.870001,265.5,1075.17998,109.45,32.35073566,16892.25,224.26974327,490.8474082,27.4,805.334571,387.89865529,1060.1,138.581246,342.22,1514.45,580.79999,623.25,614.25,1006.3,5.002882,125.3,300.375,33.900002,7.775,296.74802613,310.75994951,230.93004,1156.0,72.545001,135.05265191,65.849998,58.125,2183.7,745.5,,946.70001,600.65002,70.699997,805.59998,826.3,220.39999,333.25,5.70999954,103.3,38.799999,4.3,560.04999,1357.35,16.799999,4059.95,65.75,175.71400262,424.78886111,30.450001,43.82171333,232.3,176.25,532.20001,203.13,124.25,58.549999,1349.5,121.50000022,499.27952678,183.64999,438.60001,282.54999,69.800003,6890.2002,385.95001
2018-10-01,19842.801,273.430937,1147.4205747,7568.7002,59.28298359,358.564323,1374.8,96.199997,164.888457,318.85001,9.2199996,1712.9,705.56666667,1906.85,243.919996,,197.14999,18.35895549,551.29999,120.98,596.90002,1141.05,218.8,279.79999,57.35,1230.4,1714.9,441.607491,3304.6499,791.54999,582.40002,2593.7,540.46499,2809.5,238.255,1095.2,107.3,110.65,86.0,1664.5,974.5,3901.05,1293.65,31.01663655,234.9,233.24989827,584.90002,263.4343173,68.75,329.5,33.1500025,2801.0,280.0,19746.5,137.550005,106.66656013,2822.05005,121.99006651,52.390002,275.79999,418.35001,148.7,253.14999,1146.95,31.85,175.05,2473.8999,69.495001,27.994674,35.450001,143.8,256.10001,254.1,487.14999,629.25,266.14999,245.51,1117.5,405.6,421.39999,1442.7,213.25,170.10001,746.84998,621.25,384.75,17.60190333,411.85001,190.95897829,248.5,1484.5,164.75,508.49,709.29929085,2186.46,223.5,158.78843484,27.174999,124.0,395.10001,1209.75,115.7,627.0,266.04999,36.75,82.75,499.89999,109.330004,140.35001,61.099998,124.75,313.25,6537.0,1420.25,621.5,15.23281731,332.5,257.39974593,724.84998,467.39999,599.20001,19.0774995,100.0,98.5,951.65002,830.231627,75.300003,179.0,125.540002,230.8,645.79999,527.8,477.9375,854.39004,2762.3501,21.1,220.39999,49.299999,149.43317723,1621.7,262.39999,19822.9,125.1,355.0,332.75,59.200001,23.34460121,34.599998,13.85,133.649995,224.72854916,124.866448,89.800003,252.7,888.90002,1425.1,269.25,686.40002,20.60296871,251.10001,15.0,92.3,340.92499,13.960001,264.39672869,78.5,42.200001,154.25,55.15,42.575001,672.65002,104.1,75.800003,1.9,52.549999,64.949997,2185.3999,339.39999,216.7,663.54999,503.79999,14.3,189.3,394.20001,253.46642017,66.45830675,284.14999,308.25,199.64999,217.95,88.725,1119.15,119.85,879.54999,68.170002,411.10001,440.39999,1297.5,118.82193569,1766.45,1700.8,885.45001,765.95001,242.66091857,13.5,235.875,79.900002,321.29999,6616.3999,453.60001,702.40002,377.20001,837.25,120.35,28.6,54.23023554,155.662505,986.95001,64498.602,81.699997,409.35001,754.15002,68.199997,315.79,57.85,651.09998,36.8332965,75.0,507.395,41.299999,569.59998,227.35001,24.35,81.099998,27.9657464,133.04160537,423.35001,3623.75,131.73320827,205.60001,153.25,29453.6,,113.275,283.20001,225.7,76.4,2918.2,10.755,276.7,479.42499,775.79999,73.650002,662.60437513,138.2,223.35001,106.5,104.596875,110.45,393.45001,599.65002,155.2621781,524.5,59.5,87.3,41.450001,477.19138785,12.9,225.94999695,106.840002,30.200001,3.1,64.449997,744.414775,29.995001,52.525,281.39999,1005.95,109.85,34.09627891,13917.4,226.96850164,483.86237682,28.049999,853.148771,435.74711414,1002.65,115.706246,386.2,1497.55,532.15002,580.25,650.75,984.90002,5.73725,97.800003,289.54999,34.0,7.0,293.897968,305.1097624,215.22186748,1034.95,67.565002,108.12664867,76.550003,55.384998,1938.15,743.90002,,999.59998,523.59998,67.349998,844.59998,833.8,257.75,321.70001,6.44499941,101.25,47.549999,4.0,544.65002,1219.9,19.1,3499.3999,76.650002,154.1228616,431.21536099,32.849998,48.37677786,211.14999,187.75,540.25,202.12,135.89999,58.950001,1396.75,124.20000398,455.55342122,188.10001,451.10001,256.5,68.449997,6301.7002,360.04999
2018-11-01,21634.0,302.42209316,1263.6292566,7420.1499,59.59568897,401.382852,1485.5,92.099998,160.0387965,365.64999,11.1,1699.85,779.03333333,1912.65,306.080004,,217.45,17.33331549,615.75,129.14,617.45001,1264.8,239.05,263.60001,56.175,1345.95,1392.7,467.2575,3469.3501,810.70001,625.75,2745.7,599.43501,3000.8,253.77,960.40002,101.15,105.05,84.849998,1588.4,1043.3,4300.1499,1380.25,27.74997216,301.139992,266.49988496,563.84998,282.49240859,68.150002,312.17499,28.7125,3097.1499,338.82501,18973.25,162.199995,131.2665289,3169.75,114.85469969,51.16,269.85001,400.70001,151.0,268.14999,1264.15,29.0,174.35001,2359.8501,69.95,30.571886,38.75,153.10001,274.29999,262.8,520.84998,540.84998,244.89999,217.96,1219.65,431.9680064,406.54999,1500.35,216.95,174.35001,807.0,598.59998,409.10001,18.33892974,356.95001,155.27838773,257.64999,1439.35,178.10001,544.44,675.86599094,2340.5301,209.3,191.25229591,28.825001,124.0,437.45001,1118.8,117.5,704.70001,262.79999,36.450001,85.300003,458.35001,110.769996,147.7,52.299999,114.34999667,284.14999,6543.3501,1360.5,653.15002,14.55479873,341.35001,308.79969787,750.34998,549.45001,663.20001,14.5024995,95.0,88.650002,934.84998,862.801459,72.050003,187.14999,128.580004,231.35001,684.70001,507.5,532.1125,836.17998,3055.2,18.1,226.2,48.099998,154.89985177,1754.0,266.70001,22178.35,132.14999,355.14999,325.25,59.5,21.3211994,38.450001,13.6,131.574995,230.41942421,139.844605,93.949997,229.8,1038.25,1631.8,256.75,667.45001,19.90059525,229.75,14.3,89.73334,398.225005,14.925,269.77715001,94.849998,36.799999,149.274995,59.720002,40.9000015,711.45001,98.650002,88.050003,1.95,37.099998,68.349998,2239.55,314.25,251.61,774.79999,498.29999,18.4,185.7,439.64999,306.39970063,65.833307,293.5,358.79999,172.60001,203.95,97.425005,1233.95,116.409998,862.45001,76.8,466.35001,679.75,1432.5,134.12229453,1569.75,1549.1,886.75,790.90002,266.54136349,13.0,237.100005,86.300003,356.75,7661.6001,430.75,734.09998,447.29999,832.29999,138.7,28.65,51.72219096,153.487503,1003.15,67332.047,73.900002,452.60001,714.59998,67.449997,309.12,59.525,705.34998,35.26663273,87.0,538.2425,38.650002,479.25,221.85001,25.950001,80.550003,24.55810111,116.91662012,446.29999,3438.8,124.1665425,212.8,140.3,27117.1,,106.949995,302.774995,214.2,69.1599976,2734.0,10.55,307.275,581.65,821.95001,69.900002,750.5321424,145.0,215.7,112.35,101.33436938,106.75,415.29999,603.20001,167.01180632,548.40002,58.25,74.9250015,45.5999985,524.98921544,11.6,243.55000305,109.8,29.15,3.4,55.299999,638.273677,26.610001,57.165002,284.64999,1055.74004,107.95,32.73863416,16487.35,225.15633898,493.70373861,27.0,911.76898,438.18091164,1028.3,114.899996,432.89,1461.15,508.64999,492.60001,591.54999,993.84998,4.727494,102.0,270.125,30.299999,6.7,298.9123452,334.07470075,216.01219652,1024.05,85.059998,103.81002904,76.099998,52.95,1968.25,705.95001,,1041.25,531.75,68.800003,927.09998,886.9,270.89999,335.04999,6.44999971,115.0,49.650002,4.05,557.40002,1239.9,18.25,3999.6499,78.550003,160.83899684,484.57775033,38.299999,45.9984168,195.85001,210.60001,553.95001,211.97,153.7,60.849998,1398.9,121.74374647,499.69422,169.8,488.60001,222.39999,60.200001,6769.0,365.29999
2018-12-03,20824.4,304.06489024,1199.0888115,7516.6499,66.65632155,402.232685,1508.1,91.199997,156.1590681,387.70001,10.1900002,1677.15,790.46666667,1949.2,321.3,,225.10001,18.64100597,660.25,116.515,599.70001,1258.3,235.95,255.5,51.25,1373.05,1451.6,507.375,3436.95,732.95001,619.90002,2720.1499,647.69502,2950.0,264.51499,923.90002,102.0,118.8,104.1,1539.45,1134.3,4219.2998,1324.1,29.31663625,362.080004,275.24988146,508.70001,281.59131637,73.099998,314.524995,29.9375,3371.45,311.45001,19611.199,181.375,145.29985488,3115.3999,120.17179732,55.009998,288.89999,382.0,151.25,269.39999,1306.4,36.650002,177.85001,2373.3,66.834998,30.110825,44.849998,148.2,296.5,251.94,526.20001,519.5,240.75,229.86,1343.55,440.1280064,450.25,1613.55,228.05,195.05,849.70001,620.0,430.64999,24.53861434,338.39999,144.12820621,221.10001,1482.65,177.55,523.3,716.23261725,2315.835,206.64999,194.14559987,35.049999,131.0,420.10001,1282.8,125.0,706.09998,267.95001,40.75,93.25,454.20001,108.909998,140.5,46.900002,120.09999667,315.75,6498.9502,1515.35,693.04999,14.82600616,341.10001,295.68303432,810.65002,546.45001,652.70001,14.6449995,102.65,89.75,755.34998,822.313266,76.550003,175.85001,134.009998,292.64999,691.5,482.17499,530.425,741.51,3104.25,21.200001,226.2,52.450001,168.8331645,1819.65,278.64999,21995.65,131.39999,360.14999,324.5,61.25,22.801,43.349998,14.95,133.625,246.73489195,143.189242,96.099998,243.55,1165.05,1599.3,259.0,658.95001,18.92713034,224.60001,14.95,91.36666667,401.04999,16.414999,265.85981197,93.800003,37.700001,152.949995,61.640002,42.424999,713.54999,103.7,93.849998,2.05,34.200001,68.650002,2305.6001,306.75,250.4,710.59998,501.79999,27.700001,213.7,493.10001,327.16633989,74.166637,301.45001,359.20001,152.64999,205.55,106.574995,1256.5,112.059998,910.29999,75.909998,488.70001,679.59998,1437.55,141.93525303,1731.2,1708.35,844.29999,803.84998,281.01795026,14.9,244.300005,93.0,373.39999,7465.5,454.60001,735.0,446.0,904.40002,147.7,30.9,55.42612767,167.537505,1018.45,66984.703,75.5,516.0,680.04999,65.800003,288.13,60.35,698.90002,38.4999615,88.150002,554.2425,40.799999,458.35001,195.10001,26.0,69.650002,24.814315,124.20828388,440.85001,3707.75,116.5332168,234.10001,149.89999,25238.85,,103.375,311.32501,224.14999,85.88,2854.3501,10.005,281.8,553.925,862.45001,78.099998,764.56581843,147.39999,222.2,110.0,111.74061938,109.7,400.45001,639.90002,174.28440196,575.59998,64.0,91.6125,44.325001,504.17040625,10.7,234.55000305,107.519996,28.65,3.5,56.349998,761.584659,26.560001,60.034998,295.89999,1139.55,101.35,37.35462708,17236.1,241.61194506,543.68951041,25.549999,911.93633,443.24319096,1088.5,113.493746,399.93,1438.7,534.90002,430.5,607.75,1174.75,4.956984,101.2,280.100005,30.5,6.675,302.87669985,325.5373395,216.75314852,1020.4,89.159998,104.26282068,76.800003,52.104999,1893.05,723.15002,264.29999,1120.25,581.0,81.449997,931.0,885.7,261.79999,362.29999,6.6399999,110.5,47.799999,4.0,571.25,1377.0,20.299999,3990.95,85.900002,160.76437312,484.86551074,36.150002,46.52331832,202.2,228.14999,553.5,222.8,139.3,59.799999,1390.55,124.06875398,482.18534,181.8,476.45001,232.14999,78.400002,6965.7998,348.45001
2019-01-01,20151.6,342.38629134,1141.2760014,8070.1001,68.96049069,345.860403,1423.35,87.900002,133.02617782,338.64999,9.1,1607.2,680.43333333,1883.2,300.639992,,209.89999,17.12818903,621.70001,111.03,593.65002,1325.65,204.35001,255.10001,40.6500015,1412.6,1601.7,509.04,3466.2,787.79999,722.70001,2554.55,609.18999,2847.05,257.48501,810.59998,101.9,112.45,102.8,1352.7,1118.6,4377.5498,1205.25,27.88330603,317.660008,265.62489364,493.0,276.09464487,64.699997,324.149995,26.1,3188.8501,297.70001,18851.699,172.725005,140.29985988,3197.7,114.3,50.029998,250.7,363.14999,158.64999,268.04999,1086.05,31.1,162.45,2430.0,69.390002,31.16299,37.599998,176.05,242.14999,234.46,444.29999,517.29999,224.64999,262.15,1280.1,419.52,449.85001,1648.65,213.95,191.0,788.20001,609.5,443.64999,22.15411993,335.60001,113.48945625,219.35001,1506.2,164.85001,544.16,716.23261725,1900.575,202.39999,197.9706556,32.9000015,120.0,410.89999,1147.95,112.6,659.59998,226.89999,39.700001,85.900002,415.20001,102.730004,135.2,49.049999,110.71666333,302.75,6500.0498,1409.25,651.65002,13.74117644,328.45001,309.76635357,709.29999,503.29999,741.90002,11.6225,84.949997,91.349998,565.54999,718.129699,60.099998,176.05,127.55,293.60001,713.45001,502.6,519.9875,478.61,2613.95,22.799999,208.5,46.349998,155.666511,1763.25,260.20001,21391.4,117.45,364.45001,285.85001,55.400002,18.1804,45.200001,13.6,141.774995,211.49054683,137.711793,84.25,225.39999,1187.8,1505.55,292.25,749.54999,16.758396,180.7,13.7,91.23334,384.725005,14.475,263.02800134,102.55,41.0,158.600005,54.940002,43.8499985,708.79999,90.800003,77.349998,1.8,27.4,66.849998,2715.55,274.60001,251.69,703.45001,476.95001,19.6,183.95,538.04999,297.56637612,73.29163485,244.95,360.60001,139.8,172.64999,102.875,1255.75,104.830004,1078.65,74.059998,448.85001,476.39999,1314.3,122.26335379,1760.85,1585.25,875.70001,680.04999,239.99105516,14.55,231.024995,92.199997,366.75,6641.1499,411.45001,703.79999,398.14999,919.95001,140.64999,26.75,46.70610511,158.949998,1002.65,61289.199,67.849998,499.45001,692.40002,59.599998,349.47,53.2,629.0,39.13329487,79.550003,574.8925,36.549999,532.5,189.45,25.0,64.349998,24.82712672,116.41662032,444.64999,3801.05,111.76654823,225.64999,141.25,23370.0,,87.550005,301.04999,227.64999,82.84,3037.1499,8.785,301.45,559.875,852.5,77.5,747.17897343,141.7,215.7,97.949997,106.08750563,131.3,409.64999,600.70001,155.63354262,568.65002,63.25,93.525,36.700001,551.78837371,10.25,208.8500061,97.229998,26.5,3.45,47.0,592.873856,23.739999,60.220001,293.64999,1053.42998,92.099998,31.61372773,15714.7,197.84724257,534.96471934,24.200001,918.056547,459.500968,1008.25,120.393746,402.27,1404.15,527.90002,423.45001,530.09998,994.5,4.314412,97.25,289.100005,39.25,5.9,288.99073552,307.93486527,201.3413568,874.0,85.420001,109.39445922,71.300003,47.670001,2014.1,731.90002,240.89999,1095.55,565.20001,68.550003,995.79999,909.4,247.3,354.04999,6.6749997,106.4,41.849998,3.6,500.0,1428.8,19.049999,3519.3501,82.75,139.22300114,502.93006818,32.700001,48.67629633,197.35001,196.64999,541.09998,215.46,104.05,60.200001,1509.7,138.450004,406.80501322,194.10001,380.20001,224.64999,75.550003,6228.3999,318.95001
2019-02-01,22896.25,292.77592569,1100.6859369,7437.6001,74.16132961,349.543015,1422.3,80.449997,124.97576078,325.85001,9.6300004,1715.4,652.60001333,1743.8,284.3,,212.05,16.102548,631.59998,119.895,554.95001,1140.9,217.45,256.5,43.25,1405.2,2028.4,486.27,3366.95,712.04999,709.54999,2900.6001,646.24502,3165.05,264.9,885.70001,131.0,101.0,83.099998,1319.2,1288.8,4345.8999,1192.35,27.49997241,334.119996,254.12490658,512.90002,286.59236914,64.449997,310.725005,24.70000075,3127.8,310.399995,19026.301,168.774995,131.39987543,3056.8999,108.7,46.29,266.20001,390.0,154.64999,280.25,1090.25,30.25,167.35001,2405.5,67.295001,30.205402,32.200001,158.14999,228.25,246.22,438.10001,554.54999,228.3,264.14,1256.45,378.2,441.85001,1458.0,210.0,183.45,699.79999,642.20001,438.04999,17.68861308,392.14999,122.70047577,232.55,1654.25,164.7,526.33,690.99930914,1986.91,185.14999,181.98391541,28.75,132.375,391.75,1298.1,107.2,657.59998,219.75,31.65,83.849998,403.60001,94.909998,134.75,43.299999,114.0,268.85001,6509.6001,1334.7,596.54999,14.64520211,259.75,295.19969813,672.84998,493.04999,709.45001,12.51,81.0,97.699997,412.04999,773.956554,66.75,157.25,119.05,289.10001,715.34998,526.95,519.3875,408.28,2628.1001,21.15,195.75,45.700001,148.89985777,1732.65,269.45001,21603.65,117.2,350.14999,319.60001,42.849998,18.0596,44.75,12.55,146.399995,157.29288706,134.464102,87.650002,224.60001,1125.35,1473.85,293.64999,734.29999,17.65792804,185.45,13.3,96.40000667,404.899995,13.425,260.57376546,91.199997,38.5,163.100005,52.890002,40.700001,725.40002,85.849998,77.599998,1.85,35.25,64.449997,2361.3999,281.10001,253.75,783.5,517.40002,19.950001,179.35001,541.95001,300.13304022,57.62497862,264.0,342.10001,159.10001,171.45,99.9,1213.1,106.4,1011.3,66.690002,475.5,494.0,1292.95,115.52003454,1719.55,1535.75,763.75,645.90002,235.15564182,12.75,234.675005,113.05,339.70001,6829.7002,371.89999,654.0,394.64999,899.09998,147.05,25.25,54.01431449,140.837495,1041.2,56839.551,65.150002,528.0,575.59998,50.549999,357.93,50.675,594.59998,35.23329677,85.599998,531.9875,31.950001,762.75,205.95,22.950001,60.75,25.800739,117.70828647,495.35001,3501.8501,116.39989027,227.85001,148.64999,22287.35,,77.725,327.600005,223.60001,89.72,3237.3999,8.48,311.75,576.225,922.29999,72.300003,741.8387199,127.55,204.89999,102.4,102.85313063,141.89999,362.5,670.90002,158.39816467,577.84998,52.599998,102.2625075,42.325001,553.54200991,10.55,215.3999939,95.829998,10.75,2.75,48.25,584.444996,25.945001,54.854999,269.04999,1079.9,96.550003,27.11410591,16592.801,222.57449433,515.15217814,22.5,925.826355,426.401322,941.90002,126.787504,459.02998,1637.0,518.95001,445.14999,608.25,1142.05,5.27827,117.45,295.100005,37.0,5.575,238.43985216,366.39248749,191.3632032,884.84998,82.454999,107.13050104,65.449997,50.045001,1983.45,830.15002,233.95,988.95001,570.5,63.849998,1025.2,900.975,242.95,324.95001,6.04499983,102.15,55.0,3.05,452.95001,1343.7,18.65,3826.5,71.650002,160.04302038,561.18425654,32.650002,47.98829037,169.39999,205.14999,566.54999,201.69,108.25,51.549999,1373.55,138.3374965,364.92192,231.14999,466.70001,201.7,69.949997,6805.8501,318.70001
2019-03-01,24260.85,332.27677085,1180.475688,7304.7998,72.53195615,406.656177,1666.3,114.6,142.33753568,378.14999,9.6400002,1796.1,690.13333333,1750.85,333.2,,235.3,17.23075097,671.90002,144.185,537.79999,1227.6,222.75,259.25,45.6500015,1492.7,1988.65,522.855,3585.8999,784.25,777.25,2911.1001,703.70498,3416.55,302.5,995.5,137.10001,128.64999,104.25,1480.55,1405.05,4402.9502,1299.3,31.08330215,405.02,269.79155864,512.40002,300.15382496,74.949997,305.274995,28.7375,3593.8501,338.95001,18184.85,198.774995,167.06650648,3085.5,98.650002,58.259998,348.85001,401.70001,166.39999,285.0,1119.9,35.650002,208.3,3085.3999,73.065002,41.24722,42.700001,167.05,273.29999,290.48,486.39999,528.90002,237.2,265.17,1258.15,420.239992,507.5,1461.5,227.2,204.85001,746.0,649.45001,408.79999,16.99494198,414.0,127.49990172,274.14999,1703.1,202.45,556.05,765.09923506,2054.7699,204.64999,201.99184791,31.5,123.675,400.0,1160.85,117.3,796.04999,218.7,36.599998,96.449997,475.45001,97.85,135.75,46.950001,115.88333,284.89999,6594.9502,1297.45,647.20001,17.89968946,305.95001,386.3662803,686.0,536.40002,813.15002,11.575,99.5,114.45,446.89999,854.534511,81.150002,190.7,148.10001,276.10001,772.5,543.725,579.725,418.7,2553.1499,22.549999,205.5,48.950001,189.23315077,1706.8,276.85001,22331.65,116.3,400.5,350.25,46.650002,18.25,55.5,13.8,152.725005,210.04950497,150.16934431,108.3,280.10001,1428.15,1780.0,313.39999,743.84998,16.42569304,203.35001,14.45,108.56667333,490.92499,14.485001,280.58523669,95.800003,53.700001,181.199995,53.25,43.200001,866.70001,91.849998,94.099998,1.85,40.599998,72.599998,2862.0,293.04999,288.8,664.79999,603.45001,19.950001,183.0,589.84998,305.66636136,59.4166454,299.75,425.45001,163.64999,175.45,130.675005,1334.5,115.209998,1044.3,79.909998,532.20001,486.5,1385.3,141.88873808,1702.6,1572.25,739.59998,673.90002,249.89922085,13.75,240.0,125.3,346.64999,6672.5498,443.45001,806.59998,435.20001,1055.05,135.75,28.0,49.72904294,150.524995,991.09998,57987.148,74.300003,615.59998,573.45001,55.450001,368.51,51.625,707.59998,44.1999578,112.85,548.0475,35.5,676.79999,212.64999,24.700001,69.400002,26.7615411,134.7,528.29999,3387.8,123.6332097,244.25,159.75,24972.25,,88.225,314.774995,251.55,98.48,3326.0,8.145,328.925,623.125,1031.95,95.5,715.96543866,153.2,219.5,117.8,111.31874438,155.10001,395.10001,735.90002,167.42443586,680.34998,58.349998,114.6749925,51.275,612.98578044,10.15,238.6000061,104.959998,11.35,2.7,53.75,765.509222,31.270001,58.979999,320.75,1100.77002,112.3,29.32512581,18667.65,248.90930975,586.2228669,24.200001,977.656947,502.91989593,1084.6,126.637504,480.6,1558.7,566.45001,478.85001,628.09998,1117.35,5.645454,107.5,297.649995,36.950001,6.625,252.34724115,380.45586226,201.4895472,963.09998,83.320001,105.19859006,73.800003,52.1,2001.65,775.90002,274.5,971.5,587.25,69.949997,1141.85,974.875,257.5,361.89999,7.16999938,107.8,61.150002,3.05,470.89999,1394.8,18.799999,3998.3501,95.599998,162.38122048,613.1398421,40.5,51.40162382,184.45,222.35001,629.45001,217.63,136.2,59.650002,1515.1,127.4,408.23336,275.10001,445.5,230.10001,73.050003,6662.0498,347.04999
2019-04-01,22926.699,341.75444631,1326.9587274,7421.3501,71.01778457,399.726766,1632.05,98.800003,123.22987331,392.79999,8.9800004,1814.7,660.26668,1718.35,338.039992,,220.5,15.512805,666.95001,158.89,557.25,1216.5,206.05,237.35001,43.4749985,1463.15,2358.0,554.6475,3426.6499,819.04999,766.84998,2984.1001,752.04502,3086.0,309.595,914.34998,150.60001,116.65,88.25,1363.5,1454.0,4111.8501,1246.65,29.04997152,349.680004,265.79156858,472.25,314.40102516,70.800003,296.75,30.925,3289.7,338.29999,18018.949,189.925005,147.96651889,2896.05,93.599998,52.090002,318.64999,362.85001,152.60001,258.89999,1054.0,31.5,173.35001,2799.95,70.125,39.237467,37.599998,155.2,253.55,277.76,516.15002,565.0,252.14999,258.7,1208.15,394.560008,434.35001,1433.55,237.64999,202.8,726.65002,589.59998,398.10001,12.70285204,434.95001,131.23279828,264.10001,1746.85,172.75,586.75,763.79923636,2036.8301,193.64999,185.22050253,29.049999,132.95,387.20001,1176.85,111.55,738.90002,214.14999,33.799999,92.75,440.25,92.759998,138.55,50.549999,118.65000333,288.79999,7539.4502,1284.45,638.40002,15.05201235,313.45001,368.48296485,651.79999,514.34998,829.90002,10.76,88.099998,112.15,382.75,897.612333,85.599998,199.89999,159.10001,255.05,774.65002,591.675,579.3625,326.52,2511.8501,22.15,206.05,46.049999,194.1664725,1757.7,276.85001,24049.35,110.55,407.5,369.29999,39.349998,15.45,49.950001,10.6,156.399995,210.5379883,149.63616069,107.1,252.3,1517.0,1606.5,262.54999,751.34998,15.80957554,227.3,14.1,105.36666667,476.25,12.2,284.45538732,90.650002,60.75,172.199995,50.570002,40.549999,903.34998,86.800003,88.5,2.85,37.400002,69.849998,2974.2,308.35001,265.7,660.84998,579.04999,18.200001,179.60001,595.04999,294.03303298,64.49997587,285.85001,407.95001,168.45,163.2,120.025,1386.55,119.95,1044.3,76.459998,496.75,477.85001,1348.55,121.93782354,1716.85,1737.3,872.04999,645.29999,237.70683276,18.1,237.625,117.95,359.39999,6666.3999,482.70001,859.0,417.64999,965.90002,127.05,26.299999,48.66603067,177.8125,969.40002,52905.0,71.849998,597.0,545.29999,51.799999,386.65,50.95,670.59998,38.63329537,99.199997,545.265,33.200001,706.70001,202.39999,23.35,65.599998,25.73668553,134.05,507.29999,3519.8,120.56655277,209.89999,169.2,23091.85,,78.275,318.125,241.14999,92.48,3142.8999,6.79,300.1,617.275,1044.15,84.900002,586.30926823,151.05,195.5,124.7,104.84999438,136.75,353.85001,774.40002,159.2027964,678.84998,57.049999,110.6625,50.875,626.272947,10.75,239.8999939,101.209998,6.05,2.6,55.799999,620.301073,27.935001,56.870001,309.95001,1078.35996,100.15,26.68741834,19789.5,216.47549528,609.04754355,24.049999,944.282636,467.53249975,1075.3,124.256254,513.52998,1444.0,551.95001,457.64999,574.25,1142.95,6.288026,108.7,306.850005,42.0,5.725,247.35431004,348.41748628,206.6762112,930.40002,85.529999,129.37766341,67.800003,55.720001,2260.3501,836.09998,236.95,974.65002,550.5,62.200001,1158.55,895.95,253.2,355.70001,6.55500001,105.1,66.0,2.9,492.25,1418.95,17.9,4616.7998,83.5,180.96253298,619.72623729,32.549999,51.94135005,166.85001,217.89999,602.70001,225.33,132.95,53.25,1392.7,149.274995,380.67992122,168.0,432.60001,234.64999,75.199997,6257.2998,325.45001
2019-05-02,22741.801,393.67104633,1407.6903474,7777.5498,69.43778287,447.404599,1686.0,106.8,150.09699248,416.39999,10.0699996,1788.4,697.03333333,1794.35,330.9,,230.60001,17.35895597,669.84998,162.085,518.09998,1238.8,194.5,240.75,44.424999,1407.3,1969.2,596.3625,4046.55,672.40002,808.29999,2925.8999,818.79502,3496.3999,346.71001,778.54999,154.0,133.25,94.650002,1383.3,1324.9,3832.55,1156.5,37.21662933,389.580004,275.24988146,467.35001,342.37614066,70.199997,270.95001,31.65,2710.55,403.274995,17722.85,204.675005,167.56650598,2921.95,95.5,53.559998,352.35001,403.64999,147.2,257.10001,979.79999,25.0,170.85001,3006.6499,74.484998,46.188849,35.450001,189.39999,220.85001,306.54,499.14999,558.84998,253.5,261.34,1152.35,424.039992,436.39999,1457.95,237.7,212.0,790.04999,561.20001,395.95001,12.87626982,555.0,135.30502879,315.14999,1592.3,191.2,535.67,622.2326979,1994.775,186.7,181.05218327,26.575001,140.475,348.29999,1203.5,121.6,597.95001,212.95,42.150002,107.35,455.60001,99.029998,125.3,54.650002,120.33333333,280.29999,7439.3501,1265.0,545.34998,14.01238387,292.89999,311.88302812,688.04999,491.75,887.09998,12.3574995,86.349998,110.6,418.5,882.572416,70.300003,193.5,183.89999,261.14999,747.95001,546.275,606.3375,346.97,2680.25,21.15,197.0,44.150002,216.1664505,1788.5,245.8,25734.6,100.7,423.70001,387.75,37.599998,13.95,45.400002,9.85,168.375,184.10517625,152.35062931,105.6,276.45001,1676.3,1605.35,269.0,737.75,17.55934875,257.0,12.05,110.36666667,469.07501,12.375,262.93360765,94.349998,59.400002,187.5,49.5,44.125,1043.0,82.599998,95.5,2.45,37.75,73.349998,2986.8999,271.70001,261.51,495.25,765.59998,19.450001,170.89999,636.09998,307.56636613,65.08330563,320.10001,525.70001,184.14999,196.0,140.125,1522.15,123.340002,1037.65,72.109998,558.59998,562.25,1557.55,124.68164759,1785.05,1758.8,745.54999,647.04999,250.16619533,15.65,225.574995,134.8,371.95001,6869.8501,474.54999,810.25,450.10001,892.09998,118.9,26.25,38.31827056,198.600005,993.84998,55265.102,63.299999,650.70001,531.29999,50.549999,410.66,47.4000015,738.45001,41.26662673,97.75,574.905,31.799999,598.54999,237.85001,25.049999,65.099998,25.95446734,133.25,561.54999,3418.25,119.99988,210.2,171.95,19757.301,,73.824995,290.975005,247.05,99.44,3179.55,6.985,325.7,644.825,1137.4,80.650002,695.47379991,195.60001,196.35001,131.10001,106.48125,145.2,336.54999,816.09998,170.82862956,687.34998,63.599998,108.4125,50.075,598.10235529,10.15,225.19999695,99.979998,7.45,2.2,50.150002,701.556971,26.825,54.945001,352.5,1029.89004,99.300003,25.36856266,21618.75,226.87107354,660.48745758,25.4,905.122806,530.22714282,1176.2,133.762504,569.37002,1702.6,544.09998,409.85001,549.15002,1078.7,5.002882,105.5,334.92499,53.099998,6.575,270.47612355,335.90635901,241.056384,871.59998,88.865002,104.2024545,68.800003,48.829999,2196.55,760.34998,249.39999,1020.0,678.95001,69.5,1235.75,782.425,245.95,392.10001,6.7649999,108.7,71.849998,4.1,479.29999,1344.6,17.450001,4760.1001,75.800003,170.66445396,638.78194105,30.799999,55.33688793,160.55,242.55,580.15002,217.87,142.3,55.099998,1466.9,143.199995,359.53101878,147.8,357.45001,250.0,73.349998,6283.6001,248.0
2019-06-03,23215.801,374.4840189,1437.4264941,8887.9502,70.88612105,413.542007,1562.15,95.25,145.97478105,410.20001,10.2699996,1793.55,637.19999333,1669.0,328.039992,,212.85001,15.256395,578.15002,150.115,508.75,1359.2,200.64999,218.35001,43.625,1358.15,2128.95,596.655,3980.5,608.04999,808.54999,2827.05,852.46504,3598.25,368.11001,755.79999,139.14999,121.6,90.150002,1345.35,1446.45,3474.3501,936.09998,37.49996238,364.760008,264.58322739,449.89999,340.26573721,73.150002,250.55,25.7125,2685.1001,387.850005,16338.65,196.225005,172.13316808,2743.7,86.300003,56.879998,356.45001,450.89999,132.55,254.60001,923.59998,20.6,167.39999,2981.8999,78.429999,41.093533,28.549999,175.10001,208.10001,285.64999,466.75,553.45001,253.8,269.02,1127.7,456.039992,418.14999,1487.75,232.0,218.05,764.04999,542.09998,400.5,11.31550984,562.29999,104.42387388,290.10001,1596.95,188.55,510.09,511.16615561,1913.8801,183.25,179.4338848,23.1499995,130.0,299.10001,1114.4,121.35,536.45001,201.3,39.150002,108.4,440.35001,101.390002,130.10001,49.349998,103.98333667,264.29999,7476.5,1199.95,443.35001,13.46996901,233.85001,276.94971638,663.09998,484.04999,1002.3,10.81,87.900002,96.800003,334.85001,910.460948,58.700001,196.25,172.35001,237.05,786.15002,532.325,610.9375,293.71,2581.5,19.5,207.05,39.950001,193.36646663,1787.6,244.10001,24924.4,105.0,437.10001,388.64999,35.5,12.15,43.25,9.2,157.324995,138.16386875,152.738423,99.800003,259.79999,1557.95,1410.5,267.04999,732.0,17.36219041,265.5,12.15,103.93332667,458.875,9.5900002,258.49712321,90.900002,40.25,183.399995,45.170002,41.625,1001.75,80.099998,76.800003,2.0,36.049999,66.949997,2943.3501,276.60001,246.59,512.09998,760.84998,17.950001,158.85001,581.84998,294.19969948,58.9166406,321.60001,480.10001,183.7,187.55,139.949995,1477.1,123.669996,1069.7,67.340002,555.25,520.65002,1553.2,107.10251189,1829.45,1745.65,754.75,655.34998,230.43887126,15.75,214.024995,138.2,370.54999,6534.6499,476.54999,831.84998,407.95001,849.75,110.5,24.85,40.51073338,174.287505,1004.1,56609.602,60.400002,644.79999,534.90002,49.400002,449.42998,47.049999,707.0,39.73329227,97.449997,595.63,27.200001,527.59998,242.75,24.799999,65.5,28.93935919,141.35001,607.59998,3170.6499,118.666548,200.45,167.75,20581.699,,58.125,308.70001,245.10001,107.36,3355.5,5.135,317.85,607.225,1173.15,79.550003,641.49177764,201.14999,191.25,129.95,116.38124438,140.64999,315.60001,783.95001,150.85736189,638.65002,60.549999,123.6,54.475,563.45679917,9.2,203.1499939,88.590002,4.15,1.85,50.75,542.033162,23.1,56.204999,361.25,977.62998,95.650002,24.28244531,21820.801,210.53238118,681.0270699,24.9,958.435639,527.84201154,1262.55,131.024996,608.52998,1671.95,510.89999,400.95001,504.89999,1146.05,4.81929,104.1,333.89999,74.25,5.3,268.54751859,301.10497627,266.44634908,884.90002,88.85,98.13504054,69.0,50.439999,2227.2,706.59998,269.10001,1058.3,734.15002,63.349998,1334.7,773.65,281.29999,440.95001,6.22499972,103.8,68.300003,3.7,428.20001,1339.0,18.35,4555.8501,81.050003,158.32666974,599.45555936,30.450001,56.15537506,174.35001,243.45,643.40002,212.07,140.45,57.400002,1590.05,140.25,345.47783878,108.75,338.64999,258.5,72.849998,6126.5,241.7
2019-07-01,21107.9,361.00579656,1222.7252358,8363.5996,61.96569152,388.482817,1560.4,77.599998,124.92725448,377.54999,12.2,1705.05,587.89998667,1741.95,285.3,,201.89999,13.87178049,487.14999,139.29,523.90002,1351.6,157.5,197.25,34.924999,1521.1,1930.15,560.25,3641.1001,571.25,674.09998,2516.5,709.78501,3400.5,325.205,702.34998,141.64999,106.7,72.199997,1022.75,1307.55,3068.1001,813.95001,34.23329899,336.760008,275.66654796,422.95001,331.38243069,58.900002,226.55,20.5,2400.6499,338.399995,14438.8,172.75,174.39983249,2605.0,74.5,47.279998,387.85001,427.25,121.3,246.0,817.70001,17.6,126.25,2567.45,74.409998,36.7903,18.25,149.85001,197.39999,259.64999,455.39999,521.09998,204.45,240.71,1189.75,409.439992,373.10001,1299.7,229.95,193.7,709.0,462.39999,426.45001,6.80664768,398.79999,83.67484336,277.79999,1633.75,178.14999,514.92,397.73292235,1634.805,143.2,162.46636361,15.5249995,127.0,320.10001,922.40002,100.1,469.95001,183.25,38.5,92.400002,374.79999,105.340002,120.0,49.200001,85.90000667,235.25,7155.8999,1207.35,426.04999,13.51517025,211.0,231.53309513,598.75,462.29999,952.95001,9.0824995,78.0,90.900002,307.75,785.211559,37.950001,211.95,172.35001,154.8,645.29999,517.275,562.9125,197.040002,2356.1001,19.549999,190.55,32.5,177.36648263,1726.65,216.95,23153.301,80.849998,424.60001,401.75,27.799999,6.85,41.950001,7.2,151.550005,114.65901375,138.923618,87.800003,186.60001,1557.2,1412.85,245.75,793.65002,13.57922921,225.39999,11.2,92.86666667,477.899995,9.3650002,255.0517536,75.699997,35.150002,185.375,32.770002,33.7249985,966.0,70.849998,66.949997,1.8,29.6,68.050003,2366.0,237.45,240.25,439.35001,696.5,15.3,153.5,474.0,284.76637557,52.41664737,308.85001,438.54999,179.85001,169.25,134.125,1519.55,114.530004,1087.8,67.179998,518.40002,488.45001,1387.3,92.12769539,1513.6,1441.05,764.79999,550.0,180.83874219,12.9,207.699995,113.55,366.79999,5469.7002,376.29999,813.29999,417.20001,808.20001,83.949997,19.950001,35.46142508,131.162505,938.90002,53548.75,59.849998,607.95001,515.04999,45.549999,448.97998,44.75,622.79999,28.4999715,73.150002,583.795,21.25,495.75,222.3,22.15,58.049999,27.85045015,126.55,549.59998,3394.6001,106.333227,190.7,138.85001,18173.1,,60.25,260.274995,236.45,87.8,3034.25,4.475,321.7,620.3,1099.65,69.199997,587.38558845,183.89999,175.0,79.5,118.575,105.55,298.04999,736.40002,135.74480498,403.89999,49.5,105.1875,53.85,524.40467004,7.85,178.80000305,91.059998,3.55,1.7,42.75,477.724117,16.8,53.075,332.20001,836.02998,77.699997,22.26537466,20164.25,188.86437175,594.50622509,24.6,881.909012,532.70960654,1117.75,120.393746,540.36,1517.45,438.79999,426.75,472.54999,1049.8,3.855432,104.4,301.75,58.5,4.45,247.18286991,291.32581702,248.56470748,636.84998,82.004999,81.86473379,60.549999,43.204999,2205.7,636.25,254.14999,1099.55,678.79999,35.299999,1056.35,835.425,305.29999,397.64999,5.30499966,102.0,54.549999,2.95,368.04999,1415.45,16.549999,4346.8999,67.599998,144.24766528,570.95249025,29.25,56.84047288,154.10001,232.8,583.0,182.119996,111.8,50.0,1554.45,132.649995,287.56030678,91.199997,361.60001,210.64999,53.599998,6075.2998,227.8
2019-08-01,20233.449,344.86238009,1200.6137421,9148.5996,62.39360864,371.115709,1519.85,57.549999,133.22018363,365.70001,11.6800004,1534.65,681.83333333,1817.7,304.680004,,202.35001,16.05126549,535.75,132.525,497.89999,1508.15,171.25,181.2,32.2249985,1616.2,1880.65,592.5825,3547.25,600.70001,663.90002,2788.3,711.95498,3252.05,333.25,744.45001,132.85001,92.599998,65.550003,1054.3,1541.85,3133.6001,901.40002,34.29996559,316.280004,307.62486849,384.35001,340.41297466,50.549999,235.60001,20.0375005,2246.7,360.82501,14476.85,177.625,199.7,2701.6499,65.949997,44.120002,412.95001,427.35001,122.85,235.7,907.29999,19.75,135.60001,2438.75,77.45,36.116439,10.5,154.89999,192.85001,268.70001,450.20001,472.45001,184.75,299.11,1274.55,406.639992,384.89999,1284.4,230.5,203.05,574.75,421.0,448.79999,5.2458877,382.45001,76.49994297,275.5,1625.4,168.14999,511.5,300.13303993,1625.845,154.05,157.80765384,14.95,123.025,297.0,925.90002,102.6,510.20001,178.55,35.0,82.900002,367.20001,100.720002,124.15,48.299999,86.53333333,239.89999,7299.1499,1215.2,384.29999,13.60557273,179.75,341.5663251,608.95001,420.04999,900.65002,6.71,78.300003,90.449997,268.60001,708.119718,41.700001,219.85001,178.14999,150.55,679.04999,550.175,556.9875,189.830004,2572.05,18.799999,184.45,31.6,173.43315323,1881.9,216.64999,24823.15,77.699997,409.64999,424.60001,26.799999,5.35,43.549999,7.05,167.824995,114.804705,134.75494,73.949997,199.89999,1690.45,1395.75,250.45,814.90002,8.132751,213.35001,10.45,81.63333333,479.524995,7.6300003,231.8780844,68.75,41.549999,191.375,29.96,34.700001,1029.2,58.400002,73.300003,1.5,31.15,66.75,2756.1499,217.45,237.84,439.20001,712.25,13.75,142.3,474.10001,307.06636663,48.41664563,244.89999,470.5,147.7,167.35001,106.025,1431.45,113.219996,1244.25,65.75,425.39999,502.70001,1328.25,87.75615964,1626.45,1621.2,741.0,528.79999,189.82729419,12.55,187.399995,118.85,391.10001,6123.75,341.29999,977.5,421.29999,845.25,99.25,20.1,32.55475089,143.949998,975.79999,58590.051,45.950001,607.29999,542.04999,41.650002,405.35,41.049999,730.40002,23.56664177,54.900002,643.76,22.65,460.60001,235.75,23.25,54.25,21.3041857,121.65,567.95001,3081.0,98.6332347,166.25,121.2,18660.949,,55.9,271.024995,266.85001,83.84,2925.3501,4.595,348.0,688.85,1141.4,64.900002,533.6519414,178.7,190.8,65.199997,112.78125,102.55,309.0,728.09998,117.54784021,327.20001,41.049999,108.1875,54.25,561.41089027,6.85,198.94999695,61.390002,3.25,1.4,31.200001,406.145799,15.4,33.310001,273.85001,812.55,76.849998,21.72231599,18573.801,188.26032143,624.3678612,24.6,885.686334,521.51413804,1110.6,115.462496,554.92002,1515.35,425.0,450.39999,438.45001,1105.4,3.396452,113.7,309.45001,50.200001,3.725,250.41863618,267.20389087,275.140176,632.25,77.109998,70.45437853,56.75,34.489999,2259.6001,693.65002,252.35001,994.40002,691.5,37.549999,1105.1,853.8,278.0,469.25,5.63499955,99.199997,53.450001,2.45,352.95001,1372.05,15.85,4052.25,58.849998,167.62976576,540.21074879,27.700001,57.49437228,139.14999,232.10001,640.0,174.440002,121.1,50.25,1547.4,127.199995,225.68023878,59.950001,373.10001,219.95,56.0,6122.0498,225.25
2019-09-03,20671.051,347.00761695,1359.2962263,10596.55,69.56945297,395.085369,1608.15,74.550003,141.46460648,413.95001,12.8600006,1784.05,673.73333333,1905.1,351.960008,,203.95,17.35895597,557.59998,136.235,509.39999,1395.5,181.64999,182.05,34.3499985,1762.15,2314.25,645.665625,3996.8,589.0,685.0,2941.8,851.3,3593.25,404.605,776.25,154.45,93.050003,62.950001,1001.9,1722.2,3351.25,1135.2,36.09996378,381.880004,362.33317992,446.35001,360.29003042,48.400002,222.95,20.0,2484.2,400.625,14063.7,235.050005,215.35001,2944.1499,69.25,36.479998,393.25,424.20001,136.05,239.3,957.09998,18.049999,159.2,2660.8999,74.604999,50.752166,14.15,153.8,173.8,307.79999,489.85001,425.5,199.85001,278.98,1503.95,483.8,415.39999,1370.0,250.3,218.64999,572.79999,465.35001,447.25,6.76329324,404.45001,94.72806096,298.85001,1665.5,155.60001,540.45,289.73305033,1776.5199,164.75,179.33581651,16.950001,152.175,318.60001,1012.25,117.35,580.34998,195.2,39.5,90.400002,388.29999,119.190002,135.14999,46.950001,89.66666667,280.20001,7099.2998,1389.45,325.04999,15.36842102,202.39999,320.29968637,687.29999,408.39999,1038.7,7.3675005,86.099998,104.7,290.95001,727.193452,42.25,216.95,177.3,190.10001,718.29999,540.3,613.725,190.640002,2704.75,18.0,191.35001,35.200001,201.13313887,1981.95,213.45,28677.5,81.0,433.70001,463.5,31.75,6.15,40.200001,7.05,174.850005,121.06942875,154.919708,79.050003,125.3,1889.65,1383.55,257.29999,805.65002,8.15739521,182.39999,9.4,98.26666,451.5,7.4400002,245.28200693,82.099998,33.450001,185.300005,37.520002,42.875,1050.35,70.099998,79.25,1.5,35.400002,65.050003,2800.0,229.95,271.88,505.14999,690.25,14.65,168.85001,549.15002,349.96632378,49.79164675,273.35001,543.40002,159.39999,185.85001,115.6,1644.45,109.969996,1392.75,74.870002,376.64999,511.70001,1474.25,78.82707671,1511.25,1522.9,715.70001,547.15002,194.60337724,11.05,189.175005,141.2,394.25,6715.7998,348.25,960.90002,426.79999,911.70001,95.150002,16.6,34.86348067,161.912505,957.0,63291.551,48.5,675.90002,581.95001,46.450001,404.23,41.049999,733.65002,23.26664473,55.049999,694.4825,21.299999,503.04999,224.10001,22.299999,57.099998,22.72617152,117.5,507.60001,3173.3999,96.8332365,194.60001,131.8,22517.85,,59.375,284.975005,259.89999,79.5200016,3351.05,4.94,348.725,721.875,1307.05,61.950001,483.31289369,190.95,228.05,51.700001,111.965625,112.1,315.0,751.90002,115.17522035,328.85001,48.150002,92.3625,58.725,599.04662093,6.6,210.8999939,62.440002,2.2,1.85,33.450001,228.247949,15.4,34.55,270.79999,874.77002,78.650002,33.55322023,18888.15,208.69099009,787.33449447,24.25,1028.674699,476.14815264,1112.1,124.106254,550.39,1631.5,474.5,389.45001,472.70001,1232.7,2.06541,109.85,310.04999,51.950001,3.975,252.41153655,375.10001,272.670336,677.25,82.029999,70.90717017,62.5,36.05,2099.3,714.5,265.0,1127.9,770.34998,50.549999,1273.05,833.7,287.5,483.89999,5.91499993,103.5,59.75,2.8,422.0,1347.15,13.0,4341.25,52.799999,169.49535888,579.29737454,27.049999,55.52377036,154.14999,224.85001,679.54999,188.980004,133.55,52.650002,1887.45,119.9,236.27771878,41.400002,265.5,219.3,63.599998,6286.25,233.3
2019-10-01,22488.199,379.85783996,1308.3904548,11774.4,69.84924164,422.4,1568.05,82.050003,193.64693407,395.79999,13.2100006,1733.25,700.46666667,1997.7,355.080004,,202.3,16.358958,534.5,145.295,550.04999,1484.8,190.3,208.7,38.375,1809.6,2725.1001,628.284375,4295.25,469.85001,736.34998,3247.3501,813.43501,3669.7,402.755,884.70001,162.95,97.199997,71.25,1004.0,1806.9,3593.8999,1190.45,39.38329382,414.26,439.12483251,453.85001,367.35743784,56.549999,246.10001,18.75,2406.7,420.92499,15305.35,263.29999,206.25,3266.6001,66.599998,40.71,394.79999,429.5,152.14999,207.0,1008.8,22.799999,163.2,2684.1499,79.829999,47.217368,14.45,170.35001,158.2,305.0,456.20001,466.85001,207.55,309.74,1549.2,470.679984,475.39999,1462.6,248.89999,211.89999,543.95001,406.75,461.95001,6.85000213,367.79999,103.21189763,341.20001,1755.05,183.3,556.64,301.16636556,2253.81,170.85001,164.32985733,16.875,138.0,327.14999,1090.45,119.6,659.34998,193.10001,40.950001,83.800003,383.29999,121.05,146.8,49.150002,91.56667333,299.89999,8093.75,1662.9,315.39999,18.75851389,216.55,364.24963575,740.34998,416.45001,997.29999,7.2324995,86.5,125.25,284.89999,765.689606,40.849998,209.25,196.14999,205.45,691.84998,581.375,615.175,198.569996,2704.2,17.75,187.89999,41.400002,216.8331165,2175.3501,212.64999,28082.65,75.400002,463.04999,510.45001,33.200001,3.9,44.650002,7.3,195.774995,110.72535,147.35792,83.849998,133.0,1456.85,1313.2,189.7,685.59998,8.55171115,190.85001,10.7,97.86666667,490.375,7.9150002,243.20532692,92.0,33.299999,170.574995,45.179998,44.3499985,1117.05,75.949997,78.0,1.15,34.650002,68.050003,2662.8999,228.0,320.18,552.34998,589.0,13.75,175.14999,558.29999,370.26631017,45.70831338,271.10001,590.45001,153.14999,169.8,115.75,1574.5,129.980004,1537.45,73.959998,412.39999,555.45001,1473.05,88.91880089,1721.85,1503.65,745.09998,606.45001,209.43595173,11.8,182.449995,169.35001,365.85001,7559.3999,344.14999,1138.45,406.14999,1019.75,99.599998,19.15,40.84292471,155.237503,950.25,65673.75,54.650002,707.65002,589.20001,45.400002,513.8,36.8499985,897.5,24.999975,57.799999,747.35,23.65,492.20001,265.85001,23.5,58.349998,28.84968433,122.4,506.89999,3140.5,114.43321223,193.5,141.7,25750.9,,63.125,309.79999,286.39999,87.32,4057.8501,4.13,360.0,700.8,1428.5,65.349998,444.06828413,170.05,205.7,53.549999,111.57188063,114.85,316.54999,784.79999,119.71414529,310.10001,55.650002,104.85,59.425,658.44542643,7.25,217.75,58.579998,3.35,1.3,36.599998,184.319805,17.535001,34.170001,312.39999,859.72998,76.699997,44.80227673,19903.051,221.87301201,860.06705339,24.5,1044.859806,412.33396271,1064.3,117.375,579.25,1611.25,489.25,433.39999,527.34998,1164.15,2.432594,103.85,331.39999,46.950001,3.85,268.63323865,352.14999,313.175712,818.95001,83.920001,107.28143158,59.299999,38.054999,2269.6499,739.0,269.60001,1128.85,891.0,41.849998,1331.2,888.15,280.14999,541.65002,6.17999962,100.8,64.449997,2.7,486.64999,1276.15,13.6,4143.2002,57.349998,183.27586346,572.10351704,28.65,55.17235763,148.35001,249.8,708.5,180.75,147.75,55.849998,2194.45,129.649995,264.61445878,70.400002,260.60001,178.39999,64.199997,6205.4502,251.75
2019-11-01,22241.75,365.62130551,1298.7026604,12578.4,74.14487126,462.95,1522.15,77.800003,208.43839859,382.04999,12.7199996,1644.25,664.60001333,2029.1,428.68,,204.64999,17.28203451,454.29999,156.595,551.90002,1441.2,168.05,205.5,39.575001,1706.15,2649.1499,637.846875,4046.3,449.89999,739.04999,3176.0,911.025,3564.3501,407.42,926.25,153.0,104.9,75.900002,1000.35,1629.05,3716.3501,1106.4,34.36663219,399.119996,413.79149265,464.39999,434.30140827,53.299999,281.64999,18.5625,2050.7,393.125,16142.6,255.774995,205.0,3057.7,69.849998,45.429998,398.29999,314.0,140.75,205.10001,941.84998,22.15,173.14999,2551.05,75.109998,44.722907,13.7,148.95,125.7,312.14999,496.14999,466.70001,205.25,298.19,1474.2,463.2,474.89999,1595.95,254.64999,224.8,542.25,404.10001,459.10001,10.01487652,340.75,91.62540466,336.89999,1786.2,219.7,582.77,353.76632631,2288.14,177.7,157.4643903,17.200001,129.35,315.14999,1111.5,105.75,637.20001,195.05,39.150002,88.900002,367.64999,116.130004,138.75,41.849998,84.03333333,321.54999,6863.4502,1677.0,337.29999,19.79814238,193.3,440.54955945,725.0,437.0,908.79999,8.26,90.0,127.75,326.10001,783.916744,40.400002,215.25,212.60001,159.5,667.45001,563.825,637.475,226.43,2433.55,17.1,200.14999,40.450001,188.39981827,2035.3,215.35001,27768.699,68.550003,512.59998,502.45001,37.75,6.85,46.849998,7.05,206.725005,163.70840125,144.83731431,80.699997,128.89999,1444.2,1569.1,276.29999,696.34998,9.15550654,149.85001,10.65,87.59999333,571.3,7.6150002,232.58603705,91.5,34.0,197.850005,48.06,40.299999,1157.1,70.199997,90.849998,1.15,38.650002,73.300003,2425.75,261.54999,323.64,510.20001,566.0,16.35,178.95,536.04999,349.96632378,52.62498062,281.85001,519.04999,135.85001,158.39999,115.300005,1615.2,131.640002,1567.9,70.05,464.10001,651.54999,1330.55,111.93909949,1689.65,1490.75,800.65002,530.54999,208.75365923,12.45,186.074995,154.39999,359.89999,7245.8501,386.70001,1176.4,504.89999,1043.65,90.800003,18.0,43.03538753,192.1875,878.34998,63397.051,47.650002,678.04999,593.75,44.400002,526.75,35.2249985,871.95001,25.8333075,59.450001,722.6975,29.049999,454.04999,296.20001,23.799999,55.0,26.27473471,116.35,516.90002,2931.25,102.6998973,177.10001,131.75,22049.1,,62.75,342.17499,271.5,91.6,4140.2998,3.635,376.3,651.5,1481.85,65.599998,441.12908766,194.89999,206.10001,52.25,108.73125,105.95,312.70001,800.70001,151.38346249,374.14999,49.900002,103.4249925,57.175,697.47507304,8.1,225.1499939,72.270002,3.65,1.8,39.349998,259.109151,18.45,41.504999,341.85001,869.57998,67.75,46.93571847,20996.551,219.64190853,763.5230855,24.700001,1019.040138,403.81567146,1057.95,116.512504,640.32998,1630.45,466.89999,449.85001,483.0,1140.05,2.111308,101.45,316.89999,69.050003,3.5,290.10505347,445.14999,319.25150852,806.95001,83.495001,97.50113225,57.349998,42.75,2053.25,761.45001,268.95001,1026.7,859.29999,46.400002,1159.7,949.3,280.10001,520.59998,6.56499991,93.800003,61.799999,2.75,477.25,1257.6,17.75,4259.1001,63.049999,172.53004708,549.85050825,29.85,64.34031816,144.60001,237.10001,700.59998,179.030004,139.2,52.799999,2142.3501,118.85,237.52178,68.300003,293.04999,186.60001,60.099998,6231.75,254.14999
2019-12-02,21304.699,360.03069087,1285.25,13075.5,76.26799853,477.35,1445.65,74.25,202.08536273,366.0,12.3599998,1649.5,649.69999333,2013.9,434.0,,196.25,17.43588,389.79999,187.77,571.29999,1442.0,163.89999,199.55,40.75,1784.95,2616.6001,662.00625,4050.8,456.85001,754.09998,3185.0,939.33496,3406.6001,423.475,990.54999,183.39999,101.9,70.400002,988.25,1751.55,3562.8,1038.95,33.34996654,393.6,429.62481965,483.14999,447.40552169,43.450001,293.70001,16.57500075,2184.0,420.42499,15374.6,245.774995,218.5,3027.8,70.699997,44.270002,393.04999,300.85001,129.3,201.3,988.84998,17.9,160.60001,2697.55,73.679999,47.926692,10.8,152.25,123.55,305.5,499.64999,478.20001,211.35001,317.97,1462.9,457.520016,532.09998,1907.6,239.85001,233.95,550.84998,410.29999,458.39999,9.4946232,394.89999,94.24327046,373.10001,1845.8,230.89999,574.91,378.66628808,2251.525,201.55,139.9084005,18.3500005,129.125,309.89999,1081.3,99.0,629.59998,186.5,39.650002,87.949997,371.10001,109.240002,131.89999,41.099998,80.7,298.95001,6576.5498,1610.3,347.45001,18.98452009,163.89999,423.9662427,684.54999,424.54999,988.29999,11.5975,88.25,123.1,303.25,740.689549,48.299999,219.5,237.55,147.2,647.15002,568.09998,636.05,213.19,2443.05,17.549999,216.14999,39.25,176.333157,1923.0,209.64999,27315.051,60.650002,538.90002,482.45001,37.0,6.15,45.150002,6.6,214.074995,136.02706375,140.5717,71.400002,100.95,1333.55,1510.0,252.5,731.15002,8.7611906,138.35001,11.3,83.7,568.125,7.45,224.37379566,92.5,29.85,212.824995,57.059998,36.5250015,1168.85,74.900002,94.199997,1.55,38.650002,69.349998,2189.1499,270.04999,330.46,537.0,571.34998,14.7,147.0,525.20001,347.76633265,50.20831325,302.04999,458.25,148.05,144.89999,124.75,1684.35,131.690002,1493.95,71.95,434.14999,661.45001,1298.2,110.26489609,1750.5,1468.45,763.45001,531.54999,191.31055164,12.9,189.074995,177.39999,341.60001,7368.6001,418.29999,1168.05,534.45001,1065.2,100.35,18.75,48.68264023,189.862503,922.25,66330.297,44.950001,761.45001,593.45001,43.650002,506.01,37.25,1006.95,23.23330877,56.0,739.2675,24.15,418.14999,307.29999,23.950001,57.150002,33.02596822,119.05,530.65002,2739.6499,102.0332313,175.0,128.8,23393.1,,59.225,337.07501,267.95001,94.32,4224.7002,5.685,416.35,693.45,1445.9,64.349998,359.49372723,191.64999,218.05,53.849998,107.015625,102.55,313.5,754.65002,138.00395378,344.85001,46.700001,107.3250075,58.9,680.79304667,8.45,236.5,76.179998,3.5,1.9,42.900002,279.356243,22.17,43.095001,333.75,940.35,66.349998,48.09941397,20363.949,228.1960957,777.28540475,25.450001,1040.174014,390.8678785,1060.35,115.950004,687.22002,1630.8,500.04999,432.54999,441.79999,1153.3,1.698226,108.1,320.14999,70.5,3.575,285.90496329,396.95001,317.47324348,825.95001,80.795001,111.77915579,56.5,47.204999,2161.7,762.29999,282.29999,1082.6,922.0,49.099998,1187.95,924.525,284.0,527.15002,6.7,94.050003,71.150002,2.2,468.45001,1270.05,16.700001,4046.05,54.799999,175.0423891,560.6412945,27.0,63.04140975,152.45,212.60001,659.29999,198.490002,144.25,48.0,2373.5,122.9,215.589604,46.950001,292.20001,174.60001,56.450001,6481.1499,254.3
2020-01-01,22981.25,426.92293274,1310.7,12498.8,76.90987093,644.2,1504.6,86.400002,222.55092034,369.39999,12.2099998,1776.2,738.93333333,2397.6499,525.1,,204.5,18.589725,388.95001,196.725,630.70001,1660.2,166.5,241.2,40.9749985,1795.65,2672.5,688.134375,4913.5,481.39999,729.29999,3180.05,944.14004,3454.3,436.58999,1069.85,166.2,92.699997,67.800003,989.40002,1801.85,4130.1001,1132.25,30.21663702,390.760008,466.79149643,490.64999,487.30689028,42.75,294.35001,16.61249925,2721.25,419.875,13885.7,228.475005,239.60001,3200.7,79.349998,40.529998,484.04999,287.85001,135.05,225.85001,1004.15,18.0,170.7,2709.25,71.025,45.846004,9.6,180.95,124.7,327.54999,547.04999,446.89999,181.7,388.49,1328.55,453.6,631.84998,1702.65,284.45001,231.25,574.54999,490.95001,495.75,8.67088877,371.04999,107.91436549,383.60001,1952.3,260.45001,622.9,421.43292532,2028.9301,230.2,137.40742856,20.0249995,125.5,294.70001,1089.5,91.5,803.65002,197.14999,48.200001,91.349998,397.35001,112.109998,153.45,43.900002,80.3,304.29999,6246.8501,1665.4,310.20001,20.6569659,193.85001,404.38292895,672.65002,414.35001,1080.3,10.1375,87.0,146.05,298.39999,775.799219,61.900002,253.60001,288.29999,166.85001,602.79999,591.40002,613.15,214.63,2501.8501,16.950001,189.35001,42.450001,154.9665117,2034.25,194.10001,28002.25,65.800003,525.65002,510.95001,33.799999,5.3,40.700001,6.35,253.75,162.83424404,137.954158,81.949997,103.45,1378.25,1258.85,248.3,775.95001,10.17826085,170.2,10.2,75.63333333,628.225,10.655,221.96674719,85.449997,27.299999,247.649995,50.61,45.0250015,1385.95,74.449997,105.5,2.3,40.299999,63.049999,2415.3,250.7,378.05,582.54999,562.29999,14.85,154.60001,580.45001,332.89967416,39.95831818,338.35001,566.84998,147.2,146.75,150.625,1691.75,136.180004,1771.2,86.070002,437.70001,747.5,1369.3,108.96273789,1940.25,1679.25,718.25,567.15002,219.13646137,13.05,193.625,188.05,315.35001,6913.5,441.79999,1246.45,506.39999,1173.55,103.0,20.299999,44.41398157,198.050003,929.84998,69674.75,46.049999,762.65002,633.84998,42.549999,569.52998,35.6500015,1144.5,22.46664487,54.75,767.9725,26.549999,426.14999,377.85001,24.5,58.700001,29.96421476,112.85,545.54999,2940.55,86.3665803,170.5,108.95,24437.75,6.84999282,62.525,350.475005,266.5,93.32,4146.75,7.07,439.1,756.025,1556.85,60.450001,361.02540892,198.39999,272.39999,58.0,105.10313063,112.85,396.35001,781.34998,132.74292714,318.29999,53.849998,107.775,57.45,634.74885528,7.75,253.19999695,70.929998,1.75,2.45,46.5,273.29102,21.335001,42.025,318.45001,914.85,83.099998,46.5090309,23006.9,198.86049481,779.1290362,25.35,989.945197,437.54812429,1267.2,125.8125,756.81,1641.85,512.79999,434.29999,474.54999,1394.3,2.203104,111.4,314.04999,76.599998,4.425,321.94846008,416.39999,378.77465252,949.20001,90.0,106.61734322,58.099998,43.870001,2079.05,796.59998,299.54999,1069.3,992.29999,51.75,1187.75,965.55,309.79999,590.79999,6.25,98.0,79.25,2.4,467.04999,1264.0,15.55,4416.1001,49.900002,195.04153744,505.05674596,25.5,68.24592933,137.89999,225.45,694.20001,207.36,171.64999,43.049999,2473.25,118.4,325.43477878,39.25,269.14999,171.2,57.75,6806.75,265.54999
2020-02-01,20575.25,423.00084529,1185.0,15718.95,82.75258554,506.75,1320.85,70.050003,212.07564397,342.20001,9.4599998,1788.65,923.43333333,2625.5,604.46,12.5,205.05,14.282037,353.60001,194.35,629.95001,1735.8,142.8,249.2,34.950001,1797.95,2578.2,643.725,5143.6499,505.5,697.29999,2890.0,905.075,3386.6499,446.58501,1096.4,142.8,76.300003,51.049999,1026.85,1650.65,4382.0498,1069.45,24.64997427,298.339992,472.12480263,435.39999,513.85870062,30.6,286.89999,15.5249995,2748.5,401.274995,12128.45,213.175005,231.55,2970.2,89.699997,28.74,500.04999,299.10001,146.7,234.39999,1021.2,15.6,156.8,2492.25,64.695001,48.766059,7.0,140.89999,101.2,306.5,513.0,402.10001,168.39999,337.95,1285.4,407.719992,615.5,1519.1,279.0,215.25,510.95001,424.54999,496.10001,6.58987546,328.5,83.19005286,461.89999,2106.95,201.7,585.42,361.76631831,1660.235,188.39999,129.31598527,14.3,110.0,256.54999,981.5,70.0,780.09998,164.35001,32.299999,85.900002,324.79999,108.619996,154.05,40.0,69.6,241.75,5796.2002,1306.0,277.54999,18.08049532,155.85001,383.01628365,560.5,392.04999,1003.05,8.4,71.650002,157.3,223.05,684.464267,54.049999,225.45,276.10001,120.5,613.04999,534.34998,588.825,175.269996,2051.75,14.55,155.89999,31.35,131.6998683,2174.75,172.25,33078.051,49.25,497.25,471.39999,30.6,3.85,36.799999,5.3,221.199995,158.22068779,130.8771,96.349998,74.050003,1300.05,1104.05,214.45,731.70001,8.2682966,115.65,8.7,70.5,680.675,8.4,186.47473005,71.400002,19.75,269.350005,39.670002,38.0,1387.55,63.0,105.7,1.25,39.0,57.299999,2393.0,235.7,351.37,506.29999,466.10001,13.6,123.15,524.45001,334.3329994,34.83331857,310.10001,490.5,141.5,126.45,132.649995,1620.35,118.3,1628.15,82.709998,320.25,651.70001,1187.55,92.96479151,1910.15,1620.85,640.0,457.04999,203.65124768,10.45,160.149995,162.75,298.75,6283.1001,405.5,1277.75,577.29999,1005.3,106.95,17.049999,34.43163194,186.137498,871.54999,66393.203,38.0,880.25,601.65002,33.5,518.67002,32.424999,1430.2,17.5999824,35.599998,788.9425,27.200001,412.85001,333.70001,20.6,59.950001,23.36670625,106.55,509.95001,2648.3999,71.999928,117.6,91.949997,22146.15,20.666646,53.05,348.20001,245.60001,87.56,4194.1001,7.065,428.225,756.55,1531.25,45.049999,297.97739718,171.45,297.29999,43.5,102.09375,95.050003,410.39999,770.09998,104.17864517,290.89999,38.400002,88.35,54.975,597.42787983,6.6,228.1000061,58.2,1.75,2.95,35.549999,249.609978,17.289999,34.35,303.0,873.15,93.75,34.91086498,22670.949,233.10647194,677.08014061,23.15,894.029912,289.135143,1158.0,125.606254,778.76,1578.85,415.25,372.89999,415.5,1319.2,2.478492,123.75,300.39999,68.900002,3.925,306.0053214,360.89999,341.97403652,882.75,90.934998,77.84997525,46.700001,38.175,2000.15,744.40002,298.39999,922.75,949.25,40.549999,1254.5,1075.15,302.95001,737.20001,5.55,95.099998,62.849998,2.65,435.70001,1245.65,12.35,4219.6001,37.150002,185.61408346,498.48637529,23.85,72.33837208,114.0,202.95,678.75,211.04,185.89999,41.299999,2179.05,110.725,283.22918122,34.599998,239.3,136.64999,55.150002,6771.2998,260.04999
2020-03-02,18827.949,332.29435116,935.40002,15451.1,50.32963407,296.1,968.5,34.25,133.46266666,251.3,5.55,1393.25,910.86666667,2325.8501,481.32,3.95,155.7,10.15383549,288.20001,124.665,534.25,1139.05,79.400002,156.14999,21.5249995,1666.5,2403.8501,526.97811375,3988.45,413.14999,379.0,2022.35,459.12002,1798.55,221.58,791.65002,104.05,53.549999,32.25,1125.25,1231.1,3455.95,732.5,24.81664077,180.659996,414.95817552,234.95,432.77993498,20.799999,270.54999,7.2875,2199.05,229.725005,9395.5498,158.449995,130.14999,2688.95,61.0,18.1,279.04999,282.39999,99.449997,177.39999,792.95001,12.25,110.95,2311.45,40.854999,40.384208,5.05,108.45,60.549999,152.85001,290.0,422.85001,140.05,229.55,1252.7,265.319992,546.20001,1254.3,208.8,129.05,326.70001,229.3,450.04999,4.37879883,215.2,72.86401422,385.04999,1989.05,137.45,624.15,243.59974978,1309.59,139.05,64.53539305,9.4750005,55.525,169.95,601.09998,60.049999,662.59998,131.60001,32.400002,41.049999,203.75,78.55,126.15,27.450001,51.03333533,205.8,5470.1001,1257.4,205.85001,14.78080492,114.7,313.4996865,520.84998,283.14999,603.25,5.2325,60.25,143.64999,127.25,474.204656,33.450001,172.45,230.85001,71.900002,480.45001,436.39999,430.95,96.8,1596.45,9.05,95.699997,21.299999,126.73321327,2298.5,155.39999,25890.6,29.450001,323.75,355.70001,19.299999,3.1,21.1,4.05,193.975005,72.06860209,72.7095,105.85,43.099998,1066.15,351.29999,160.0,641.5,4.5346248,54.400002,7.05,54.43333467,696.125,5.325,162.07396178,62.75,12.45,254.5,27.86,22.8999995,935.54999,40.599998,64.75,0.6,24.1,42.700001,1444.95,146.25,294.29,249.2,293.45001,7.95,92.199997,375.85001,258.29974867,16.83332743,185.5,268.35001,86.800003,86.900002,98.25,1296.05,67.629998,1401.7,64.959998,235.3,485.29999,808.5,47.71479595,1428.85,1161.25,589.65002,284.95001,87.33419857,8.9,96.800005,94.75,274.85001,4288.2998,189.75,1124.25,384.60001,818.45001,57.700001,12.3,20.28028071,124.262498,664.45001,58164.449,23.15,613.15002,505.54999,29.1,407.01,17.1000005,1221.65,10.86665513,18.75,815.03,18.35,282.95001,247.5,19.950001,43.900002,20.49711142,84.199997,331.75,2023.65,55.09994623,49.200001,68.300003,16963.5,57.34994265,31.3500005,275.475005,199.7,73.5599976,4023.0,2.7,285.15,678.2,1170.05,32.349998,134.25127345,94.0,233.05,17.0,89.49375563,55.049999,268.20001,512.84998,45.96693076,135.5,28.35,66.5625,34.299999,500.79802895,4.65,117.15000153,30.520002,1.25,2.05,23.049999,86.295389,11.75,19.525,196.85001,743.32998,65.699997,29.09238748,17546.35,128.73175236,578.22514175,20.75,702.677483,130.30552789,914.20001,61.575,556.66,1203.25,292.5,352.29999,285.95001,867.70001,1.790022,100.8,240.14999,48.450001,2.725,223.55,233.14999,291.29293948,629.09998,66.320001,42.89446278,32.849998,26.960001,1826.1,565.5,238.0,740.45001,767.20001,24.9,933.70001,985.9,279.04999,484.35001,4.25,58.5,36.400002,1.8,297.54999,918.84998,9.05,3244.8501,28.700001,119.59695152,313.1725965,16.0,47.10312724,64.699997,155.14999,476.89999,125.009998,62.049999,21.6,1818.9,98.35,159.10041878,22.450001,123.95,88.0,22.75,6141.2998,267.25
2020-04-01,19400.199,477.75845154,900.54999,17730.75,38.05170751,292.05,1179.1,46.950001,137.14838924,290.10001,6.33,1608.15,991.46666667,2599.3999,716.0,7.25,171.64999,8.641017,311.75,142.875,743.5,1394.35,96.300003,170.0,26.174999,1758.7,3036.45,528.80623875,4852.4502,625.84998,444.89999,2623.3,510.43501,2037.8,231.81001,934.79999,99.150002,49.200001,35.200001,1054.05,1365.15,4300.2998,904.09998,24.03330855,234.519996,423.6664887,309.20001,504.8281272,22.450001,353.95001,7.3375,2233.8501,266.524995,10612.45,185.0,119.55,3165.75,72.849998,17.5800004,320.10001,351.45001,129.7,194.05,804.04999,15.65,121.7,2200.75,65.6,35.67902,7.95,129.5,62.450001,159.45,297.0,589.59998,148.5,240.69,1459.1,298.439992,594.25,1465.8,222.2,144.35001,377.5,228.35001,489.29999,3.64177328,275.0,101.22425658,506.14999,2332.8999,146.85001,787.26,310.0330167,1470.795,145.35001,74.09800784,10.8999995,65.45,194.64999,677.15002,67.300003,713.34998,157.25,41.200001,48.799999,255.10001,80.329998,127.0,35.25,63.799998,234.85001,5332.8501,1444.25,337.04999,15.4588235,140.7,334.999665,543.20001,264.54999,677.59998,6.3425,57.700001,162.5,208.3,502.889983,36.799999,207.25,259.0,85.300003,563.5,543.54999,500.9,160.330004,2166.7,10.85,130.2,26.049999,146.8665198,2195.0,174.60001,28644.1,49.799999,380.14999,411.95001,21.450001,4.2,21.9,4.05,238.324995,74.93386819,77.45985594,103.8,51.900002,995.25,468.14999,174.39999,715.5,6.56781255,72.449997,7.7,56.13333133,809.35,6.95,171.84370846,86.949997,14.95,278.95001,34.11,27.8999995,1119.3,51.450001,65.800003,0.7,31.200001,44.599998,1693.65,180.64999,321.7,400.25,404.89999,8.25,116.05,374.64999,275.93305106,24.37499025,195.05,290.5,104.35,113.45,105.225,1357.2,92.0,1585.85,102.5,283.25,541.54999,897.54999,61.01541091,1592.95,1235.25,835.29999,366.64999,98.45862943,9.55,111.425005,134.14999,287.0,5358.7998,246.3,1067.6,469.79999,972.75,68.75,14.7,29.08335243,126.599998,728.65002,60510.648,32.450001,862.70001,610.70001,31.799999,509.52002,18.8999995,1573.2,13.19998613,26.0,896.2325,22.549999,445.0,279.60001,20.799999,45.25,20.63802983,95.050003,344.5,2346.8501,65.8666028,70.550003,79.900002,18194.35,137.84985882,39.8499985,237.25,243.0,76.3200016,4901.9502,3.905,271.0,763.5,1589.55,32.299999,163.80892651,127.65,227.0,18.75,91.153125,61.349998,294.10001,552.70001,49.77343826,132.14999,39.400002,71.66250225,37.125,659.18734944,5.35,148.0,37.229998,2.3,1.55,31.85,118.360703,14.17,27.05,190.5,688.86,83.5,33.97990781,19767.9,152.18269212,591.90956108,21.15,709.395378,195.28792114,885.5,79.425,743.75,1261.95,332.25,464.45001,384.10001,1094.55,2.386696,100.15,322.10001,67.25,3.475,282.70001,430.54999,347.35830748,802.84998,74.309998,56.29709339,31.700001,29.829999,2014.45,546.25,203.35001,725.04999,902.15002,35.049999,970.04999,1172.69995,330.29999,505.0,4.85,76.599998,37.200001,2.5,328.35001,938.59998,12.8,3534.3,27.25,148.57583138,402.90396946,15.65,59.56728261,89.550003,176.7,505.39999,129.209998,65.150002,26.299999,2059.25,95.475,235.67874,27.9,159.35001,84.800003,40.400002,6245.5,323.95001
2020-05-04,18299.15,423.04419632,744.25,16723.4,39.4671257,285.6,1270.2,45.299999,143.88943673,323.79999,7.2800004,1663.85,1015.96666667,2262.8999,801.46,17.65,191.55,7.6923,309.64999,151.78,871.15002,1356.95,97.099998,160.39999,21.2250005,1683.1,3053.0,493.64998875,4512.5498,745.65002,384.95001,2710.5,440.48999,2000.6,195.365,1078.9,99.75,38.950001,31.450001,1086.75,1325.6,5374.9502,908.09998,23.06664252,232.419996,409.79150259,326.04999,542.42274629,28.0,354.70001,7.80000025,2002.95,245.375,9721.1504,171.399995,100.3,3378.8501,74.5,16.7600006,277.25,320.20001,115.55,212.2,809.95001,13.4,101.7,2323.6001,55.234998,34.307664,6.0,129.8,54.75,141.7,245.35001,648.15002,141.3,290.34,1391.5,300.880008,644.29999,1386.25,224.35001,135.60001,376.35001,199.05,466.45001,5.6360777,278.64999,99.57596888,498.10001,2390.1001,150.64999,814.25,264.33306905,1654.8449,195.75,65.0748177,9.675,66.75,194.85001,726.04999,63.349998,903.25,162.89999,42.950001,44.900002,212.60001,85.0,115.65,31.6,61.56666533,196.55,4822.2002,1369.35,355.04999,17.13127022,130.64999,329.13301087,633.79999,318.64999,688.40002,5.8575,60.799999,171.25,182.3,586.854405,33.650002,197.5,240.55,59.150002,496.25,550.25,475.825,152.340002,2360.8501,9.5,138.85001,25.950001,129.6998703,2057.3501,171.55,27011.6,43.900002,331.95001,393.10001,20.4,6.55,22.1,4.75,236.050005,61.14176222,73.29117406,125.55,43.75,965.5,393.64999,229.95,691.0,6.46923375,66.699997,7.3,55.46666467,747.3,6.05,186.28595212,82.300003,11.7,341.07501,31.11,23.0249995,1168.3,52.349998,63.900002,0.85,27.0,40.049999,1600.4,184.2,331.32,442.14999,392.54999,8.4,105.95,342.0,242.39976456,19.29165895,196.7,279.10001,96.199997,102.4,100.35,1224.0,84.129998,1532.65,93.690002,239.55,503.85001,932.25,50.55163966,1798.85,1171.3,869.79999,436.35001,82.88442622,8.55,100.225,125.2,343.79999,5610.7998,265.39999,1328.05,480.35001,972.59998,58.599998,15.1,31.65783528,129.987503,860.95001,59113.102,28.700001,862.65002,579.75,29.4,536.76,18.799999,1565.6,11.53332113,22.950001,877.04005,24.049999,390.25,272.79999,19.6,41.75,20.79175791,97.849998,319.79999,2491.8,56.4999435,57.299999,83.199997,18866.4,190.999809,36.174999,262.774995,252.55,60.1599976,4038.6001,3.415,262.65,734.2,1539.2,26.75,145.71831998,105.9,292.29999,13.35,88.621875,58.099998,330.25,603.59998,46.24545363,120.5,39.900002,66.41250225,43.3499985,664.73435982,5.0,144.6499939,30.39,1.9,1.75,30.15,108.950715,15.055,27.045001,161.3,639.39,81.849998,36.57883008,20857.301,111.51620125,565.65728794,21.049999,690.293605,189.10606575,892.29999,76.087496,697.42998,1267.15,306.10001,474.25,384.95001,1019.65,2.570288,100.35,357.10001,68.650002,3.225,306.45001,476.70001,362.47370852,764.90002,72.595001,52.52382976,36.549999,29.520001,1972.35,530.45001,180.95,710.75,851.29999,29.85,890.0,1181.275,318.45001,468.85001,4.55,63.5,40.650002,2.7,335.89999,957.0,10.95,3904.8501,23.65,144.07354326,389.28361844,14.15,56.19546832,92.199997,177.05,480.14999,131.5,59.950001,31.15,1944.65,106.4,199.094396,26.85,183.55,86.849998,37.049999,6927.1001,344.60001
2020-06-01,18795.25,403.65042754,941.15002,15736.5,41.8502,294.5,1332.25,54.450001,151.55189063,343.89999,7.2,1606.95,944.76666667,2368.3,842.9,50.599998,193.60001,11.615373,321.85001,155.29,912.79999,1349.85,108.0,176.64999,23.4750005,1687.45,3547.7,536.93436937,4550.8501,771.70001,406.64999,2826.05,584.51499,2543.0,283.1,1261.1,134.05,48.599998,48.799999,1137.8,1306.2,5937.0,1051.65,29.54997102,255.460008,411.5831602,319.35001,549.53922305,35.700001,390.10001,16.2749995,2042.1,249.824995,11418.1,187.0,135.95,3603.8,89.449997,20.11,337.85001,312.39999,125.7,234.60001,914.40002,17.950001,118.1,2210.25,62.2,39.793104,8.55,141.95,77.599998,189.39999,295.29999,640.25,132.85001,281.84,1406.7,334.319992,755.75,1618.85,238.64999,121.3,392.35001,275.79999,465.95001,6.37310324,317.35001,114.94382775,475.04999,2278.8999,148.05,788.99,297.49970256,1833.4301,276.75,62.32863186,13.05,72.75,220.8,870.75,75.400002,1040.0,148.2,48.349998,51.0,285.39999,99.609998,121.95,35.700001,68.1,212.25,4982.6001,1481.6,450.29999,18.12569565,153.25,339.18299415,690.79999,417.5,867.09998,8.3975,75.849998,202.60001,182.95,617.232984,41.950001,220.75,318.25,75.199997,579.5,556.84998,532.925,165.380004,2546.95,15.9,146.2,31.700001,144.4998555,2180.0,195.95,30026.801,46.75,351.45001,425.79999,44.099998,10.6,25.700001,7.5,221.149995,71.72865681,77.45985594,128.25,62.0,988.84998,474.79999,221.5,735.95001,9.82091246,111.65,12.2,56.89999867,837.2,8.8550003,183.73730367,104.1,18.1,353.725005,43.870002,28.950001,1379.0,64.099998,70.0,1.95,40.599998,47.150002,1921.45,189.35001,345.45,655.45001,401.70001,12.75,117.5,392.39999,297.59969609,28.12498875,270.64999,348.79999,115.65,106.65,104.65,1360.45,96.8,1564.55,103.890002,265.04999,613.09998,943.65002,61.24793916,1957.9,1283.05,911.79999,510.70001,99.55623994,11.0,108.675005,151.35001,351.89999,5838.2998,399.0,1283.9,542.0,1052.1,73.300003,16.799999,31.44191058,147.949998,878.75,67274.5,36.650002,1086.05,631.15002,31.85,552.37002,25.549999,1622.0,15.4999845,29.15,858.72245,40.799999,576.45001,268.0,20.0,46.150002,20.79175791,95.800003,365.79999,2863.75,62.43327223,72.599998,81.349998,19914.6,457.18287615,44.2249985,317.54999,258.04999,67.2,3963.8,4.46,292.475,686.05,1503.95,34.75,171.83998473,143.14999,294.39999,27.1,98.35313063,63.200001,373.5,635.09998,57.26266235,173.5,46.400002,81.075,43.924999,773.54126097,11.15,175.25,32.579998,4.25,3.75,30.4,184.765776,16.525,42.679999,178.45,713.44,80.699997,44.29800712,23051.051,134.37283155,569.52631731,21.799999,798.090719,220.89145136,1020.2,89.475004,721.14,1452.05,374.29999,472.95001,403.35001,1127.7,4.635698,132.8,400.89999,71.699997,6.625,310.04999,611.75,382.77581308,897.29999,77.129999,59.31570429,44.849998,32.670001,2082.1499,543.40002,190.75,754.95001,950.15002,34.150002,949.84998,1186.05005,318.75,615.29999,6.95,68.599998,54.5,3.95,378.35001,1037.75,14.85,3893.55,31.799999,136.41217416,407.84377079,19.75,60.58149846,106.4,169.95,546.45001,130.25,79.75,37.099998,2074.8,109.824995,258.85495878,25.6,171.10001,123.85,50.049999,6880.1499,353.10001
2020-07-01,21078.0,429.21986571,894.95001,15536.35,41.6498,307.95,1425.45,56.349998,169.98060053,315.20001,7.0800004,1654.15,1086.13333333,2662.1001,899.68,34.799999,220.10001,10.974348,302.35001,184.1,985.04999,1674.6,108.25,171.85001,24.325001,1715.5,3336.95,542.53125,5053.9502,874.59998,431.64999,3004.95,620.58999,2656.1001,325.13,1322.05,125.5,46.799999,47.049999,1332.85,1268.05,5553.2998,1258.75,31.94996728,256.239992,438.74982433,381.95001,544.63130804,35.950001,409.60001,19.54999925,2066.3501,243.199995,13078.65,206.899995,140.45,3823.6001,120.3,20.37,365.39999,431.95001,113.45,234.35001,868.95001,17.950001,128.45,2228.8501,54.954999,48.234066,9.3,158.25,79.699997,202.5,331.60001,720.15002,129.25,385.24,1423.3,360.880008,780.09998,1673.8,244.10001,121.2,401.64999,330.0,513.54999,5.76614103,339.25,154.74513757,643.15002,2616.55,141.14999,904.21,320.0330067,2063.8699,290.5,63.60364619,12.325,79.525,239.85001,905.54999,64.25,1134.0,155.64999,47.099998,53.900002,269.75,92.090002,138.0,48.849998,64.43333467,226.35001,5017.5498,1437.3,452.35001,19.66253866,164.25,305.53302113,691.84998,354.5,926.59998,8.5324995,74.949997,273.29999,164.95,630.529818,45.950001,204.75,289.25,83.400002,583.15002,705.20001,516.4,146.65,2676.5,12.5,163.10001,35.450001,143.33319,2209.8999,210.05,26997.65,42.799999,346.79999,452.25,38.700001,8.4,26.6,6.2,201.850005,65.41536931,74.01826906,111.4,58.450001,979.84998,523.75,192.10001,966.0,8.52706571,159.85001,10.35,58.96666467,937.3,12.085,183.26533523,128.95,15.8,367.100005,37.7,27.3500005,1500.05,64.949997,74.699997,2.2,35.450001,45.900002,1770.45,220.25,344.09,795.0,366.75,11.95,123.2,405.39999,289.03303798,28.79165432,274.95001,348.14999,131.05,105.45,105.300005,1365.75,83.859998,1891.7,186.65,262.5,632.79999,913.45001,55.80677997,2416.8,1511.35,926.54999,606.45001,126.7277795,12.15,98.074995,158.5,363.45001,6262.75,572.34998,1686.4,558.40002,974.45001,66.800003,18.200001,31.52495841,170.375,1157.95,61048.551,36.400002,1273.8,782.65002,32.75,638.89,23.1000005,1760.9,15.3999846,29.0,826.10995,40.650002,781.04999,289.95001,20.299999,47.700001,21.47072498,87.0,349.89999,2937.8999,64.43327023,58.700001,78.300003,19818.25,214.64978868,48.0999985,459.04999,247.85001,64.6799984,4277.75,4.17,308.5,678.5,1760.55,31.950001,173.20609398,133.39999,390.20001,25.75,100.29375,59.849998,368.5,691.95001,49.32986357,169.55,46.700001,75.1125,45.25,938.31771487,8.75,170.8500061,28.99,3.3,5.85,34.0,169.46898,16.414999,48.154999,191.45,721.47998,73.650002,41.89303798,21711.15,138.259998,603.49068256,22.049999,702.86874,213.24933695,1016.0,98.962496,758.62998,1277.75,415.95001,531.70001,386.89999,1289.3,3.947228,132.85001,487.54999,118.65,5.1,305.70001,759.75,422.88599492,940.0,73.225,63.17952625,48.700001,36.629999,2281.3999,681.65002,178.5,744.90002,969.95001,39.049999,1043.25,1331.80005,325.45001,558.09998,6.7,62.450001,54.200001,3.35,387.5,951.65002,14.05,4117.2998,29.0,142.95418738,458.63238556,18.4,62.99692668,113.8,162.85001,598.40002,133.05,87.800003,39.200001,2073.0,140.475005,254.33952,11.95,138.75,159.95,58.799999,6959.6499,388.39999
2020-08-03,20264.449,454.05254869,950.75,16377.1,46.72659666,333.4,1321.8,61.75,271.14450886,355.75,7.45,1801.65,989.73333333,2722.7,1241.58,31.700001,210.55,15.769215,321.45001,240.31001,942.09998,1634.55,123.55,207.85001,33.825001,1899.1,3549.75,631.153125,5780.4502,808.90002,496.75,2967.0,619.03501,2678.8,348.78,1321.9,147.45,48.950001,54.349998,1477.05,1299.05,5815.0498,1348.45,35.36663118,267.2,448.08316225,491.20001,503.65021779,38.549999,376.14999,24.6000005,2188.7,317.899995,12814.0,203.899995,174.64999,3726.05,160.55,21.5,371.20001,510.45001,119.9,246.5,878.20001,17.700001,149.14999,2459.3501,60.045001,51.697932,22.4,148.39999,80.349998,232.2,436.64999,713.54999,134.35001,384.8,1363.25,314.4,760.04999,1750.65,271.79999,135.0,462.25,388.29999,474.60001,6.11297658,361.04999,162.88960829,683.45001,3122.8,158.35001,852.94,469.43287733,2092.0,286.64999,86.01449116,14.95,110.85,356.95001,1099.2,66.849998,1087.6,164.05,46.849998,55.299999,277.20001,101.070002,132.8,61.799999,63.766668,254.35001,5429.0,1566.3,469.60001,21.28978234,202.7,321.333012,651.29999,439.45001,913.25,15.0899995,79.949997,313.75,189.55,672.163402,50.400002,203.55,325.45001,104.2,615.54999,694.40002,557.925,171.219996,3006.05,15.4,185.25,36.349998,134.3665323,2117.3501,226.60001,32623.5,51.349998,394.60001,422.64999,39.25,10.2,32.0,6.9,197.225005,79.30460569,100.533002,114.6,64.849998,1199.15,630.20001,198.55,928.59998,10.41238575,191.7,10.6,57.200002,943.8,11.885,180.38634663,133.85001,17.950001,385.125,46.35,31.1499995,1489.6,59.849998,81.650002,2.65,43.049999,54.75,2381.1499,269.79999,419.4,783.25,371.70001,16.25,142.14999,436.14999,318.53300851,31.87498725,322.10001,396.5,126.65,123.05,126.525,1401.35,109.65,1774.85,226.66,301.29999,725.5,944.95001,62.36407941,2458.3501,1565.15,927.54999,606.90002,131.0574426,13.5,114.75,148.0,368.89999,6839.9502,679.15002,1598.4,589.25,952.0,73.550003,18.65,36.44138952,170.987503,1103.6,57987.449,31.9,1146.75,751.70001,35.849998,652.72998,30.7250005,1951.95,17.8333155,34.049999,797.4775,38.0,899.09998,323.5,21.65,52.299999,24.8911802,96.400002,389.89999,3032.55,63.1666035,67.949997,81.949997,18987.699,209.73312693,57.875,479.125,240.35001,75.2400024,4596.2002,4.79,322.425,701.4,1838.5,35.049999,236.254114,169.64999,400.85001,37.400002,100.659375,68.449997,401.79999,693.04999,59.35676139,195.95,47.400002,79.6125,53.9,944.49111067,9.8,194.3500061,46.979998,3.4,9.35,38.5,185.702324,25.055,51.245001,212.0,793.32002,80.300003,45.57807373,20283.0,140.490002,602.3481504,23.35,777.195914,254.91595989,1122.7,114.225004,810.77998,1611.1,450.75,520.25,452.60001,1336.85,3.44235,128.35001,474.20001,228.95,5.05,312.5,870.65002,525.92770984,1074.8,81.095001,86.45301633,58.75,41.3,2257.25,741.0,203.8,764.65002,1109.85,44.150002,1100.5,1330.80005,332.89999,639.20001,6.5,75.5,70.25,3.55,432.85001,1010.65,13.65,3903.8501,30.200001,170.0,485.29763654,28.0,65.47908395,128.64999,167.3,634.75,169.369996,107.55,54.450001,2121.3501,135.649995,288.25144678,14.35,203.55,172.3,82.900002,6973.3999,371.25
2020-09-01,18307.15,439.8593436,859.5,16486.949,44.62240334,331.55,1393.45,67.050003,288.16683661,341.75,7.3800004,1848.55,1075.73333333,2777.95,1283.58,19.549999,217.0,15.89742,292.79999,291.68999,938.04999,2148.05,130.85001,208.75,37.200001,1986.4,4303.75,688.95,6112.2998,796.5,424.64999,2881.1001,585.23501,2413.95,327.86001,1477.0,155.2,41.049999,40.650002,1511.55,1318.35,5891.2002,1304.0,31.91663465,244.180004,486.41648024,447.54999,413.19737376,29.25,447.70001,22.07500075,3173.3501,320.57501,13730.05,176.524995,162.89999,3798.1499,195.2,17.7699996,415.75,553.65002,109.35,265.60001,999.20001,14.3,162.3,2325.3999,61.4,55.717437,23.950001,157.8,68.949997,249.14999,393.70001,774.70001,116.0,464.44,1433.5,291.960008,772.84998,1780.3,292.35001,139.75,445.20001,383.5,510.54999,5.67943214,363.5,152.45,821.20001,3047.95,152.64999,1037.56,467.39951936,2202.8,282.95001,80.599998,12.75,121.0,351.29999,1152.3,64.349998,1318.45,164.89999,45.049999,48.599998,275.70001,100.409998,135.3,72.75,57.86666867,234.89999,5340.2002,1575.15,482.64999,20.83776995,208.05,307.74969225,724.95001,411.45001,860.45001,14.9824995,82.25,383.79999,195.25,741.23735,50.650002,208.55,308.39999,90.099998,677.84998,811.59998,539.3,145.440002,3147.3,15.85,175.25,33.200001,120.43320623,2068.25,209.95,32590.85,53.849998,354.75,420.89999,34.75,9.55,29.950001,6.0,193.399995,77.26492916,92.0987,117.05,56.299999,1249.1,527.40002,175.3,1008.25,9.611433,223.25,9.2,49.266668,1083.225,11.31,162.07396178,124.85,14.85,494.149995,46.920002,31.450001,1506.85,59.150002,77.25,2.4,44.349998,56.400002,2257.45,277.75,468.87002,730.95001,380.10001,15.45,147.05,553.5,333.8329999,27.16665413,344.5,348.79999,114.85,107.75,128.125,1268.2,130.019996,1879.75,287.14999,275.79999,777.09998,901.59998,57.76001541,2543.55,1618.05,1007.4,607.90002,119.7711298,11.15,110.25,157.14999,363.0,6743.4502,864.29999,1722.8,612.20001,830.04999,73.199997,16.200001,38.1521749,162.550003,1383.45,59572.199,25.700001,1132.1,949.90002,32.25,726.94,28.3999995,2202.3501,15.7333176,35.599998,795.9325,33.049999,1147.7,358.0,20.200001,49.5,21.07359268,85.099998,394.20001,3072.55,59.5332758,63.150002,69.25,21335.949,172.1664945,65.875,670.625,220.64999,68.9599976,4899.6499,8.4,291.35,717.125,1971.5,28.549999,279.96959343,156.2,458.54999,32.599998,91.378125,72.050003,406.29999,753.5,59.9757057,169.89999,42.599998,74.3249985,59.125,1014.23742374,8.95,198.5,66.470002,2.75,5.95,33.75,140.168676,22.960001,56.009998,185.39999,708.26,82.900002,40.65176433,20256.949,123.869996,656.69632813,21.950001,698.804533,216.6079775,1034.6,117.806246,826.02002,1300.6,400.0,500.45001,465.64999,1400.65,2.662084,124.95,552.95001,291.14999,4.55,299.5,847.40002,493.91861308,1287.0,84.275,80.47616674,53.299999,35.975,2492.3,791.75,201.55,718.54999,1106.4,47.549999,1201.35,1399.975,313.35001,671.90002,6.7,68.599998,74.5,2.95,468.29999,956.29999,12.15,4049.55,24.35,165.399995,482.37211531,25.15,62.12505933,136.89999,170.45,680.34998,160.159998,113.7,67.0,2196.75,156.774995,271.47980122,13.15,208.89999,192.39999,80.849998,5800.0,395.04999
2020-10-01,18675.35,433.61866717,893.70001,15298.15,51.2022,305.7,1649.0,71.050003,329.48594407,359.85001,7.15,1699.2,1048.76666667,2634.3,1187.05996,21.85,259.70001,18.1,287.54999,314.43,964.59998,2119.45,139.89999,224.25,39.4749985,2211.5,4300.2002,632.165625,6008.6001,772.65002,492.5,2886.8999,557.35,2306.7,330.9,1347.55,160.39999,41.700001,38.599998,1362.8,1312.0,5448.3999,1211.15,28.99997091,246.260008,519.20811711,451.29999,425.76162635,28.0,403.60001,20.6499995,3696.3,313.82501,11610.15,177.225005,179.25,3473.25,178.75,17.2399994,457.25,497.45001,114.0,240.89999,1093.1,11.0,172.60001,2651.25,56.3,58.68478,31.4,162.60001,77.0,273.25,387.25,754.5,114.2,441.12998,1516.7,312.719992,726.54999,2064.8,299.29999,147.7,434.10001,394.29999,511.45001,5.85284992,339.64999,147.35001,742.25,3142.05,158.3,977.73,462.06619136,2085.6001,275.70001,75.099998,11.3,104.6,361.95001,1058.2,65.050003,1200.95,159.05,45.950001,50.450001,276.95001,104.490002,125.6,70.0,56.5,224.7,5286.4502,1464.75,474.79999,21.15417952,205.8,298.98303768,664.79999,366.10001,1034.45,17.5375,88.550003,383.75,176.2,775.251369,42.400002,193.2,296.60001,81.099998,727.90002,841.95001,591.775,135.159998,2799.8,17.25,170.64999,32.950001,125.09986823,2071.3,203.3,28451.65,47.150002,392.60001,403.35001,36.450001,8.75,30.6,5.8,201.125,72.60280625,92.48648594,118.35,57.900002,1309.5,585.70001,185.55,1060.6,9.42659775,238.7,9.15,53.03333533,1156.55005,11.375,155.98556892,118.35,14.2,504.35,48.11,30.125,1851.4,66.849998,79.400002,2.3,62.599998,60.0,2412.8999,309.0,434.95,728.45001,652.29999,13.55,135.8,569.40002,343.09967064,27.04165668,325.04999,341.35001,102.75,102.0,125.175005,1547.4,147.8,2296.8501,319.39999,282.95001,834.84998,929.5,59.89927903,2918.5,1667.35,909.25,594.0,118.9927634,11.05,110.824995,155.39999,356.64999,6965.1499,860.75,1701.0,590.54999,814.90002,67.650002,15.8,35.07940504,140.837495,1378.7,65303.25,28.9,1230.8,900.40002,30.35,709.79,26.3999995,2241.55,15.19998413,33.900002,858.08,34.700001,1197.2,341.95001,19.85,48.799999,21.12483469,87.599998,443.14999,3143.6001,57.2999407,58.900002,64.900002,20071.9,170.54982612,70.625,579.325,230.95,69.6799984,4984.9502,10.575,288.1,785.2,2197.2,26.75,292.09898768,171.14999,481.35001,36.75,96.1875,76.800003,437.0,796.95001,56.20014128,174.35001,42.349998,77.1375,64.775,932.59815777,9.9,186.8500061,74.920002,3.5,6.8,34.349998,124.87188,24.439999,66.115002,189.25,752.94,69.949997,39.68201808,21694.551,138.690002,658.38415974,21.9,705.83322,283.63477039,1009.85,118.856254,883.35996,1447.65,426.95001,465.75,422.0,1446.7,3.350554,144.3,534.95001,325.04999,4.475,322.35001,933.29999,486.90426748,1534.1,84.534998,80.08374129,52.150002,41.054999,2664.8501,813.29999,191.7,759.09998,1078.75,40.799999,1165.75,1283.42505,312.20001,659.54999,7.3,69.900002,71.599998,7.45,455.5,926.20001,11.6,4574.0498,24.049999,159.824995,434.74878825,21.35,58.26393123,95.75,169.75,705.54999,153.0,107.45,69.849998,2120.5,170.350005,268.43876678,12.4,187.89999,177.85001,73.949997,4881.3501,417.70001
2020-11-02,21866.9,500.68426983,1073.75,15399.05,54.32509666,351.85,1705.05,113.3,386.42093894,411.54999,7.7,1856.35,1024.06666667,2841.6499,1606.0,21.950001,261.04999,26.4,349.0,337.88999,998.09998,2347.8999,184.45,254.8,46.075001,2215.3,4538.8999,826.565625,6310.3501,868.54999,601.59998,3173.55,875.87998,3063.75,490.87998,1659.4,164.60001,51.349998,45.049999,1656.15,1572.9,5046.7998,1319.75,37.03329618,289.639992,539.79145054,508.35001,454.71832486,32.849998,429.35001,20.07500075,3995.3501,405.92499,12816.1,186.5,218.7,3637.95,197.60001,20.76,481.95001,489.64999,125.4,266.25,1148.35,12.7,200.25,3124.5,58.140002,68.922697,41.200001,203.85001,85.5,388.70001,541.20001,745.59998,125.55,480.12998,1513.7,324.839992,828.34998,1975.2,305.29999,186.05,586.0,489.14999,499.79999,12.18259872,370.75,144.64999,865.09998,3605.1001,187.2,965.79,483.09953033,2534.6499,346.79999,89.849998,17.924999,135.0,440.35001,1157.0,74.199997,1403.85,184.85001,51.25,62.799999,308.79999,126.169996,150.89999,79.099998,68.43333333,252.5,5812.7998,1553.45,471.39999,24.22786282,210.14999,302.41636425,699.75,405.70001,1165.45,20.9100005,96.699997,412.54999,244.45,872.263639,51.200001,219.55,348.85001,99.25,801.40002,822.09998,720.425,160.940002,3108.8501,18.450001,226.35001,41.450001,139.56653377,2138.2,229.7,31957.0,41.0,473.35001,441.70001,38.099998,9.8,36.75,6.4,248.199995,97.321755,114.590172,158.60001,67.449997,1514.15,857.65002,218.60001,1100.0,12.4578956,272.75,10.95,56.39999867,1083.375,11.86,182.79336679,124.2,23.9,497.350005,54.15,34.875,2029.95,80.5,82.400002,2.35,63.75,61.900002,3453.8,350.20001,500.16,723.0,606.84998,14.7,140.89999,647.90002,361.2996458,31.2499875,359.5,424.89999,138.64999,114.5,142.550005,1907.1,161.1,2290.5,316.85001,329.0,911.40002,1122.4,80.78031215,3200.45,1723.2,891.79999,722.0,166.375818,12.2,129.649995,179.85001,367.70001,7035.7998,964.15002,1614.95,648.65002,1063.9,81.449997,18.700001,49.18092724,152.324998,1315.7,77738.648,29.5,1152.0,922.04999,39.200001,861.27002,26.950001,2687.1001,17.333316,43.599998,894.44745,34.099998,1031.3,386.45001,21.450001,51.200001,24.69901978,94.699997,463.39999,3040.1499,64.09993723,67.949997,78.5,22754.949,237.11642288,83.425005,596.675,251.25,86.56,5104.5,14.455,341.275,771.275,2208.3999,33.450001,313.33579349,170.7,489.60001,46.799999,108.22499438,86.800003,454.5,892.15002,66.44366962,223.8,47.099998,91.0875,65.699995,875.99314912,9.95,217.1000061,90.529998,3.1,5.55,48.450001,166.837751,31.345001,78.2,244.25,796.82998,90.75,43.44463198,24306.35,214.04,785.98422919,24.200001,750.706847,302.71574279,1043.15,128.043754,1026.72998,1746.8,521.54999,511.64999,439.95001,1630.95,3.166962,139.25,577.95001,612.65002,5.5,392.10001,1061.55,531.509568,1588.25,94.115002,108.8813014,64.900002,57.734998,2679.6499,876.84998,215.75,893.40002,1201.45,46.299999,1361.2,1307.55005,316.0,720.29999,7.9,74.550003,71.699997,7.3,499.64999,1038.95,12.35,4802.0,28.0,193.300005,400.64991329,25.1,77.52510198,120.75,184.95,806.59998,163.030004,118.1,68.650002,2183.3,175.25,417.31034122,14.7,192.75,227.7,79.349998,5517.0498,450.10001
2020-12-01,20830.551,535.13800432,1212.05,15769.1,55.31040334,410.9,1617.65,135.95,465.13092886,483.75,9.9599998,1974.35,1088.8,2926.2,1531.98,23.299999,248.85001,27.1,349.0,441.5,1033.75,2412.8,178.0,276.70001,47.7249985,2764.5,4619.2002,1002.853125,6430.1001,921.29999,620.45001,3444.05,890.63496,3076.55,529.52002,1646.3,172.0,61.450001,48.700001,1628.1,1579.65,5442.0498,1298.05,39.98329322,387.580004,632.87475518,525.29999,500.31286503,35.900002,465.39999,21.3500005,4097.25,400.54999,12785.4,190.550005,249.10001,3576.3501,246.89999,25.79,499.39999,506.39999,123.05,267.70001,1080.95,13.85,233.05,3391.95,61.429999,75.129287,44.849998,227.75,106.65,387.64999,536.20001,819.95001,135.45,541.02998,1565.25,319.439992,814.59998,1921.55,380.54999,180.10001,574.54999,513.04999,534.0,12.35601649,394.79999,157.35001,941.84998,3841.8999,232.85001,1041.02,588.86607126,2530.8999,343.64999,90.050003,21.299999,152.6,423.75,1348.35,78.349998,1260.4,191.25,61.400002,66.699997,344.64999,129.209998,155.2,101.5,82.16666667,263.20001,5788.7002,1623.95,493.5,23.9566563,224.0,324.04968262,740.15002,422.20001,1432.15,23.7350005,96.75,352.14999,303.20001,924.156209,77.0,221.60001,376.39999,117.2,916.15002,946.15002,718.15,185.180004,3110.0,25.799999,240.55,61.150002,145.26651473,2395.3999,239.05,37105.102,43.75,535.04999,498.85001,31.1,10.65,37.049999,9.15,251.175005,110.48253125,116.432146,169.2,85.699997,1723.3,894.95001,229.89999,1255.8,15.1441684,315.04999,10.7,60.63333133,1094.4,11.855,197.28280729,126.55,23.15,508.55,55.609998,37.924999,1916.8,75.0,84.449997,3.2,75.699997,67.800003,3851.6499,387.20001,558.22998,844.90002,633.0,20.200001,146.35001,703.59998,405.1662615,38.12498475,363.95001,476.75,129.0,126.95,162.199995,1995.6,174.990002,2305.25,353.14999,361.25,972.5,1287.6,87.15158526,3659.5,2339.6001,976.84998,720.59998,170.17034447,13.05,159.350005,165.5,402.64999,7649.6001,1132.45,1730.7,675.04999,1061.2,89.699997,26.450001,54.87800864,150.287505,1539.95,75750.453,35.450001,1210.55,961.95001,43.099998,951.57998,31.674999,2612.2,19.4333139,57.650002,919.5125,35.900002,1095.3,448.14999,22.65,55.049999,29.32368003,99.349998,583.40002,3212.5,71.5999284,135.75,93.050003,27610.25,224.74977525,87.050005,758.575,247.60001,91.44,5106.7998,14.035001,387.275,882.825,2195.05,33.049999,301.70314968,176.7,506.20001,40.099998,106.79063063,115.5,457.29999,796.40002,69.72407858,231.05,53.599998,100.4249925,66.1,901.18623635,12.15,252.0,95.829998,3.4,6.75,74.099998,196.494823,33.55,83.545001,274.95001,907.25,84.349998,68.54166336,24013.199,209.3,818.23479619,24.85,815.39946,403.66964361,1093.95,147.956246,1114.77998,1804.25,520.20001,592.34998,480.75,1629.9,5.874944,134.75,639.59998,673.90002,10.1000005,477.39999,1100.7,582.78346616,1835.3,100.025,110.99432903,75.650002,64.365002,2862.75,973.20001,215.2,907.95001,1329.65,58.200001,1567.15,1401.35,317.39999,687.59998,9.9,81.199997,71.349998,7.95,485.0,1186.35,12.7,5288.1499,31.549999,199.675005,447.31406894,36.799999,81.49743776,161.39999,186.2,825.65002,217.02,133.10001,67.900002,2629.0,193.125,503.65674678,17.85,223.5,237.39999,90.0,5536.8999,476.75
