Ticker,TECHM.NS,TECHM.NS,TECHM.NS,TECHM.NS,TECHM.NS,TECHM.NS,MARUTI.NS,MARUTI.NS,MARUTI.NS,MARUTI.NS,MARUTI.NS,MARUTI.NS,HINDALCO.NS,HINDALCO.NS,HINDALCO.NS,HINDALCO.NS,HINDALCO.NS,HINDALCO.NS,HEROMOTOCO.NS,HEROMOTOCO.NS,HEROMOTOCO.NS,HEROMOTOCO.NS,HEROMOTOCO.NS,HEROMOTOCO.NS,BHARTIARTL.NS,BHARTIARTL.NS,BHARTIARTL.NS,BHARTIARTL.NS,BHARTIARTL.NS,BHARTIARTL.NS,JSWSTEEL.NS,JSWSTEEL.NS,JSWSTEEL.NS,JSWSTEEL.NS,JSWSTEEL.NS,JSWSTEEL.NS,NTPC.NS,NTPC.NS,NTPC.NS,NTPC.NS,NTPC.NS,NTPC.NS,BAJAJ-AUTO.NS,BAJAJ-AUTO.NS,BAJAJ-AUTO.NS,BAJAJ-AUTO.NS,BAJAJ-AUTO.NS,BAJAJ-AUTO.NS,ULTRACEMCO.NS,ULTRACEMCO.NS,ULTRACEMCO.NS,ULTRACEMCO.NS,ULTRACEMCO.NS,ULTRACEMCO.NS,POWERGRID.NS,POWERGRID.NS,POWERGRID.NS,POWERGRID.NS,POWERGRID.NS,POWERGRID.NS,ICICIBANK.NS,ICICIBANK.NS,ICICIBANK.NS,ICICIBANK.NS,ICICIBANK.NS,ICICIBANK.NS,GRASIM.NS,GRASIM.NS,GRASIM.NS,GRASIM.NS,GRASIM.NS,GRASIM.NS,ITC.NS,ITC.NS,ITC.NS,ITC.NS,ITC.NS,ITC.NS,ONGC.NS,ONGC.NS,ONGC.NS,ONGC.NS,ONGC.NS,ONGC.NS,INDUSINDBK.NS,INDUSINDBK.NS,INDUSINDBK.NS,INDUSINDBK.NS,INDUSINDBK.NS,INDUSINDBK.NS,ADANIPORTS.NS,ADANIPORTS.NS,ADANIPORTS.NS,ADANIPORTS.NS,ADANIPORTS.NS,ADANIPORTS.NS,HDFCBANK.NS,HDFCBANK.NS,HDFCBANK.NS,HDFCBANK.NS,HDFCBANK.NS,HDFCBANK.NS,TATAMOTORS.NS,TATAMOTORS.NS,TATAMOTORS.NS,TATAMOTORS.NS,TATAMOTORS.NS,TATAMOTORS.NS,ASIANPAINT.NS,ASIANPAINT.NS,ASIANPAINT.NS,ASIANPAINT.NS,ASIANPAINT.NS,ASIANPAINT.NS,RELIANCE.NS,RELIANCE.NS,RELIANCE.NS,RELIANCE.NS,RELIANCE.NS,RELIANCE.NS,HCLTECH.NS,HCLTECH.NS,HCLTECH.NS,HCLTECH.NS,HCLTECH.NS,HCLTECH.NS,SBIN.NS,SBIN.NS,SBIN.NS,SBIN.NS,SBIN.NS,SBIN.NS,BAJFINANCE.NS,BAJFINANCE.NS,BAJFINANCE.NS,BAJFINANCE.NS,BAJFINANCE.NS,BAJFINANCE.NS,TCS.NS,TCS.NS,TCS.NS,TCS.NS,TCS.NS,TCS.NS,NESTLEIND.NS,NESTLEIND.NS,NESTLEIND.NS,NESTLEIND.NS,NESTLEIND.NS,NESTLEIND.NS,BEL.NS,BEL.NS,BEL.NS,BEL.NS,BEL.NS,BEL.NS,WIPRO.NS,WIPRO.NS,WIPRO.NS,WIPRO.NS,WIPRO.NS,WIPRO.NS,M&M.NS,M&M.NS,M&M.NS,M&M.NS,M&M.NS,M&M.NS,INFY.NS,INFY.NS,INFY.NS,INFY.NS,INFY.NS,INFY.NS,SHRIRAMFIN.NS,SHRIRAMFIN.NS,SHRIRAMFIN.NS,SHRIRAMFIN.NS,SHRIRAMFIN.NS,SHRIRAMFIN.NS,TATASTEEL.NS,TATASTEEL.NS,TATASTEEL.NS,TATASTEEL.NS,TATASTEEL.NS,TATASTEEL.NS,CIPLA.NS,CIPLA.NS,CIPLA.NS,CIPLA.NS,CIPLA.NS,CIPLA.NS,SUNPHARMA.NS,SUNPHARMA.NS,SUNPHARMA.NS,SUNPHARMA.NS,SUNPHARMA.NS,SUNPHARMA.NS,LT.NS,LT.NS,LT.NS,LT.NS,LT.NS,LT.NS,EICHERMOT.NS,EICHERMOT.NS,EICHERMOT.NS,EICHERMOT.NS,EICHERMOT.NS,EICHERMOT.NS,TRENT.NS,TRENT.NS,TRENT.NS,TRENT.NS,TRENT.NS,TRENT.NS,DRREDDY.NS,DRREDDY.NS,DRREDDY.NS,DRREDDY.NS,DRREDDY.NS,DRREDDY.NS,AXISBANK.NS,AXISBANK.NS,AXISBANK.NS,AXISBANK.NS,AXISBANK.NS,AXISBANK.NS,HINDUNILVR.NS,HINDUNILVR.NS,HINDUNILVR.NS,HINDUNILVR.NS,HINDUNILVR.NS,HINDUNILVR.NS,TITAN.NS,TITAN.NS,TITAN.NS,TITAN.NS,TITAN.NS,TITAN.NS,ADANIENT.NS,ADANIENT.NS,ADANIENT.NS,ADANIENT.NS,ADANIENT.NS,ADANIENT.NS,APOLLOHOSP.NS,APOLLOHOSP.NS,APOLLOHOSP.NS,APOLLOHOSP.NS,APOLLOHOSP.NS,APOLLOHOSP.NS,COALINDIA.NS,COALINDIA.NS,COALINDIA.NS,COALINDIA.NS,COALINDIA.NS,COALINDIA.NS,BAJAJFINSV.NS,BAJAJFINSV.NS,BAJAJFINSV.NS,BAJAJFINSV.NS,BAJAJFINSV.NS,BAJAJFINSV.NS,KOTAKBANK.NS,KOTAKBANK.NS,KOTAKBANK.NS,KOTAKBANK.NS,KOTAKBANK.NS,KOTAKBANK.NS,TATACONSUM.NS,TATACONSUM.NS,TATACONSUM.NS,TATACONSUM.NS,TATACONSUM.NS,TATACONSUM.NS
Price,Open,High,Low,Close,Adj Close,Volume,Open,High,Low,Close,Adj Close,Volume,Open,High,Low,Close,Adj Close,Volume,Open,High,Low,Close,Adj Close,Volume,Open,High,Low,Close,Adj Close,Volume,Open,High,Low,Close,Adj Close,Volume,Open,High,Low,Close,Adj Close,Volume,Open,High,Low,Close,Adj Close,Volume,Open,High,Low,Close,Adj Close,Volume,Open,High,Low,Close,Adj Close,Volume,Open,High,Low,Close,Adj Close,Volume,Open,High,Low,Close,Adj Close,Volume,Open,High,Low,Close,Adj Close,Volume,Open,High,Low,Close,Adj Close,Volume,Open,High,Low,Close,Adj Close,Volume,Open,High,Low,Close,Adj Close,Volume,Open,High,Low,Close,Adj Close,Volume,Open,High,Low,Close,Adj Close,Volume,Open,High,Low,Close,Adj Close,Volume,Open,High,Low,Close,Adj Close,Volume,Open,High,Low,Close,Adj Close,Volume,Open,High,Low,Close,Adj Close,Volume,Open,High,Low,Close,Adj Close,Volume,Open,High,Low,Close,Adj Close,Volume,Open,High,Low,Close,Adj Close,Volume,Open,High,Low,Close,Adj Close,Volume,Open,High,Low,Close,Adj Close,Volume,Open,High,Low,Close,Adj Close,Volume,Open,High,Low,Close,Adj Close,Volume,Open,High,Low,Close,Adj Close,Volume,Open,High,Low,Close,Adj Close,Volume,Open,High,Low,Close,Adj Close,Volume,Open,High,Low,Close,Adj Close,Volume,Open,High,Low,Close,Adj Close,Volume,Open,High,Low,Close,Adj Close,Volume,Open,High,Low,Close,Adj Close,Volume,Open,High,Low,Close,Adj Close,Volume,Open,High,Low,Close,Adj Close,Volume,Open,High,Low,Close,Adj Close,Volume,Open,High,Low,Close,Adj Close,Volume,Open,High,Low,Close,Adj Close,Volume,Open,High,Low,Close,Adj Close,Volume,Open,High,Low,Close,Adj Close,Volume,Open,High,Low,Close,Adj Close,Volume,Open,High,Low,Close,Adj Close,Volume,Open,High,Low,Close,Adj Close,Volume
Date,,,,,,,,,,,,,,,,,,,,,,,,,,,,,,,,,,,,,,,,,,,,,,,,,,,,,,,,,,,,,,,,,,,,,,,,,,,,,,,,,,,,,,,,,,,,,,,,,,,,,,,,,,,,,,,,,,,,,,,,,,,,,,,,,,,,,,,,,,,,,,,,,,,,,,,,,,,,,,,,,,,,,,,,,,,,,,,,,,,,,,,,,,,,,,,,,,,,,,,,,,,,,,,,,,,,,,,,,,,,,,,,,,,,,,,,,,,,,,,,,,,,,,,,,,,,,,,,,,,,,,,,,,,,,,,,,,,,
2015-01-01,647.25,747.875,628.2999877929688,717.125,548.3993530273438,46372828,3320.25,3758.5,3320.25,3647.35009765625,3346.131103515625,8771122,157.39999389648438,161.9499969482422,137.75,139.6999969482422,130.26364135742188,147324534,3111.0,3146.89990234375,2797.199951171875,2865.5,2154.882568359375,9273353,319.40557861328125,356.62750244140625,305.6163330078125,336.7998352050781,319.89404296875,91459291,104.88999938964844,108.69999694824219,95.66500091552734,97.74500274658203,86.89749145507812,103866740,120.16666412353516,122.83333587646484,114.33333587646484,119.70833587646484,82.42398071289062,151826751,2431.0,2491.25,2313.800048828125,2391.699951171875,1799.8677978515625,11250021,2678.89990234375,3199.89990234375,2612.25,3140.35009765625,3024.3837890625,6454970,77.62501525878906,85.33126831054688,75.09376525878906,83.2500228881836,54.293190002441406,100017157,320.6363525390625,357.6363525390625,302.7272644042969,327.9090881347656,303.3571472167969,289127758,523.7046508789062,613.3547973632812,515.6654663085938,599.3209228515625,567.8511352539062,11446033,245.06666564941406,248.63333129882812,230.73333740234375,245.6999969482422,179.6371612548828,296543325,226.8333282470703,238.6666717529297,218.73333740234375,234.23333740234375,139.8482666015625,141388066,803.4000244140625,884.7999877929688,786.5499877929688,870.2000122070312,819.4359130859375,20711275,319.0,352.75,315.6000061035156,341.04998779296875,322.0768737792969,59235956,475.5,550.2999877929688,468.125,538.6749877929688,492.8752136230469,83993886,489.2522888183594,601.2509765625,484.0085144042969,578.9403076171875,570.2302856445312,119431553,751.0999755859375,922.5,747.0,857.75,786.8216552734375,42351677,202.59327697753906,213.61097717285156,189.9983367919922,209.21075439453125,196.6345977783203,341195325,399.75,455.0,373.17498779296875,447.9375,344.2060546875,95149552,312.45001220703125,336.0,295.1499938964844,308.95001220703125,275.3792724609375,309069932,34.839500427246094,44.92399978637695,33.922000885009766,40.50550079345703,39.693824768066406,122938300,1283.5,1299.949951171875,1203.7249755859375,1241.0250244140625,1015.7528076171875,54205486,638.5,743.0,622.0,711.3049926757812,627.7035522460938,6635820,29.7979793548584,36.101009368896484,26.393938064575195,33.71666717529297,27.95194435119629,613617939,103.6031494140625,115.21878051757812,100.9406509399414,113.7281494140625,109.46271514892578,244536775,619.0,687.8250122070312,600.5,632.5499877929688,572.121337890625,41217400,492.23748779296875,556.25,478.26251220703125,535.4749755859375,410.6684265136719,232487756,217.47560119628906,229.3822021484375,198.7680206298828,222.61044311523438,210.03793334960938,64383074,37.83317184448242,40.15308380126953,35.45132827758789,37.19960021972656,27.89771842956543,978089938,626.5,711.9000244140625,604.5,695.75,660.5772705078125,29556580,826.5,939.9500122070312,800.0,917.75,848.6844482421875,37664551,995.8666381835938,1166.6666259765625,990.3666381835938,1133.699951171875,968.6051025390625,51699414,1501.0999755859375,1665.02001953125,1455.0,1627.5899658203125,1523.5025634765625,9650590,148.10000610351562,152.0,137.1699981689453,145.8800048828125,142.20880126953125,3169740,646.0,677.9500122070312,602.0,646.6500244140625,618.8402099609375,42108855,502.6499938964844,604.0499877929688,487.0,588.0999755859375,569.2930908203125,100634097,759.2999877929688,968.8499755859375,752.6500244140625,932.5499877929688,787.78271484375,66362851,381.29998779296875,444.0,368.75,430.6000061035156,412.47735595703125,24464619,74.39971160888672,99.01568603515625,73.66399383544922,96.14944458007812,90.41780090332031,315043187,1131.0,1439.9000244140625,1079.75,1313.550048828125,1266.4947509765625,4999743,383.0,400.0,356.0,360.8500061035156,155.01524353027344,65276005,130.99000549316406,149.89999389648438,120.81999969482422,144.7550048828125,143.90408325195312,17806670,631.9000244140625,722.0,616.7750244140625,661.0999755859375,657.1240234375,63546618,150.9499969482422,162.39999389648438,146.0,158.6999969482422,139.69561767578125,43035433
2015-02-01,743.0,748.7750244140625,685.0,708.9375,542.13818359375,48995068,3647.35009765625,3725.0,3360.0,3604.39990234375,3306.727783203125,5422937,140.0,161.8000030517578,139.5,155.14999389648438,144.67007446289062,130888162,2877.949951171875,2888.800048828125,2600.0,2672.60009765625,2009.8199462890625,25136870,333.4651794433594,340.04437255859375,306.5176086425781,320.1265869140625,304.0577392578125,80481007,97.82499694824219,105.80999755859375,92.19999694824219,100.96499633789062,89.76013946533203,109583000,120.375,132.9166717529297,113.95833587646484,132.0416717529297,90.91596221923828,125062802,2390.0,2421.25,2020.9000244140625,2150.5,1618.3533935546875,9156176,3149.800048828125,3188.0,2941.0,3125.800048828125,3010.37158203125,3833414,82.8281478881836,88.7343978881836,78.75001525878906,88.3687744140625,57.63147735595703,79418600,327.5454406738281,327.9090881347656,287.6363525390625,304.7727355957031,281.9531555175781,325423660,590.6876220703125,607.552978515625,552.50537109375,577.9036254882812,547.5584106445312,11027228,244.6666717529297,268.0,239.60000610351562,262.4666748046875,191.89569091796875,188618401,236.6666717529297,249.1999969482422,208.43333435058594,216.5,129.26065063476562,126595038,865.0999755859375,889.7999877929688,815.7000122070312,864.5,814.0684814453125,14063914,339.5,349.6499938964844,292.5,346.25,326.9875183105469,44106318,534.25,546.5,515.0,527.0,482.19287109375,65614418,581.5621337890625,605.901123046875,535.5556030273438,569.04638671875,560.4852905273438,95075490,850.0,851.0999755859375,783.4000244140625,807.1500244140625,740.406005859375,32712255,209.39361572265625,215.73680114746094,191.23268127441406,195.5643310546875,183.80848693847656,260067933,450.0,513.75,449.51251220703125,505.5,388.4384765625,89950884,309.5,313.1499938964844,275.70001220703125,299.8999938964844,267.3126220703125,388866504,40.9900016784668,43.98849868774414,39.650001525878906,41.07099914550781,40.24799346923828,52125600,1241.0,1365.0,1216.5,1331.175048828125,1091.71923828125,50414346,711.3800048828125,727.2000122070312,676.0050048828125,702.0900268554688,619.5717163085938,5870200,33.838382720947266,41.86767578125,32.97323226928711,38.0621223449707,31.610137939453125,674564418,114.75003051757812,125.81253051757812,114.18753051757812,122.68128204345703,118.08007049560547,177746367,632.6500244140625,644.0,551.0,640.25,579.0855712890625,61448112,535.375,584.0,525.5,566.4375,434.4143371582031,134577268,222.15249633789062,250.3015594482422,220.21353149414062,225.5237579345703,212.78668212890625,48920891,37.14720153808594,37.61404037475586,32.79795837402344,33.407711029052734,25.053998947143555,875313383,698.0,706.5,623.4500122070312,669.8499755859375,635.9866333007812,31765565,925.0,965.9500122070312,860.2000122070312,878.9000244140625,812.7581176757812,35110363,1130.6666259765625,1176.6666259765625,1021.433349609375,1172.63330078125,1001.8685913085938,67965962,1639.699951171875,1720.0,1475.5050048828125,1580.6400146484375,1479.5550537109375,9030530,145.8699951171875,152.6999969482422,141.0050048828125,149.1649932861328,145.4111328125,2295060,635.9500122070312,684.989990234375,601.4000244140625,655.6099853515625,627.4147338867188,30171265,586.0,625.5999755859375,540.5,567.1500244140625,549.0130615234375,119925926,926.3499755859375,930.8499755859375,880.4000244140625,887.1500244140625,749.4307250976562,25128662,430.0,448.3999938964844,409.1000061035156,435.3500061035156,417.0274658203125,20568019,99.78206634521484,110.27374267578125,91.97269439697266,109.03221130371094,102.5325927734375,295555950,1350.0,1383.25,1211.0,1302.1500244140625,1255.503173828125,3258324,354.25,398.0,350.1499938964844,395.25,169.79293823242188,188223071,144.3000030517578,154.60499572753906,139.10000610351562,142.21499633789062,141.37899780273438,13974240,660.0,683.0,618.125,668.875,664.8522338867188,45257304,157.89999389648438,167.75,148.0,156.0500030517578,137.36294555664062,35480099
2015-03-01,719.7000122070312,735.9375,618.6500244140625,629.7000122070312,481.5437927246094,83807976,3648.10009765625,3789.699951171875,3537.949951171875,3697.35009765625,3392.002197265625,5123634,154.1999969482422,160.0,123.0999984741211,129.0,120.28640747070312,152303122,2702.0,2705.5,2552.0,2639.800048828125,1985.1539306640625,10155882,321.1179504394531,364.5585632324219,305.6163330078125,354.4644775390625,336.6720275878906,178939806,101.69999694824219,102.30000305175781,88.0199966430664,90.65499877929688,80.5943374633789,131844270,130.0,137.2916717529297,118.91666412353516,122.375,84.70123291015625,238337421,2168.0,2209.35009765625,1980.0,2016.5999755859375,1517.5872802734375,10627428,3159.0,3398.0,2734.699951171875,2877.89990234375,2771.625732421875,7303591,88.7343978881836,89.4375228881836,80.55001831054688,81.7031478881836,53.28434753417969,88187761,318.9545593261719,329.0909118652344,275.0909118652344,286.81817626953125,265.3428955078125,337871610,586.3517456054688,621.0467529296875,544.4815673828125,558.9397583007812,529.59033203125,10405224,238.6666717529297,238.6666717529297,210.06666564941406,217.23333740234375,158.8245086669922,386483784,219.1999969482422,219.73333740234375,199.1999969482422,204.23333740234375,121.93685150146484,140334202,925.0,962.5499877929688,850.9000244140625,886.0,834.3141479492188,18613412,334.5,343.29998779296875,295.3999938964844,308.20001220703125,291.0543212890625,55957757,540.1749877929688,554.6500244140625,501.04998779296875,511.3500061035156,467.8734130859375,92009894,591.060302734375,594.6220703125,512.6513061523438,544.3612060546875,536.1714477539062,95777055,823.7999877929688,848.2000122070312,768.0999755859375,811.2999877929688,744.2127075195312,23720629,198.63877868652344,207.93069458007812,182.05506896972656,188.80970764160156,177.45986938476562,306852638,510.2250061035156,529.2249755859375,477.45001220703125,490.20001220703125,378.2741394042969,136941044,305.8999938964844,315.0,255.1999969482422,267.04998779296875,238.03216552734375,333266917,43.904998779296875,44.77000045776367,39.01150131225586,41.08449935913086,40.261226654052734,58495900,1339.8499755859375,1406.050048828125,1250.5,1276.9749755859375,1047.2686767578125,47499206,704.989990234375,750.5,676.5,694.7349853515625,613.0811157226562,6217990,37.969696044921875,37.97979736328125,31.13131332397461,33.84343338012695,28.1065673828125,472576896,123.76878356933594,127.05003356933594,114.1031494140625,117.9094009399414,113.48715209960938,186996769,647.5499877929688,654.4000244140625,577.2000122070312,593.9000244140625,537.1636962890625,46708930,575.75,578.4749755859375,533.0,554.5875244140625,425.3262939453125,141997388,240.6652069091797,250.9348907470703,203.63978576660156,217.15406799316406,204.88970947265625,52548479,34.05080795288086,34.2223014831543,29.6491641998291,30.177932739257812,22.6318416595459,953707563,683.5499877929688,752.8499755859375,681.3499755859375,712.4500122070312,676.4329833984375,37380515,912.0999755859375,1075.0,909.4000244140625,1023.9000244140625,946.8460693359375,53180826,1188.0,1262.5333251953125,1075.63330078125,1146.433349609375,979.4840698242188,66711933,1655.0,1670.0,1511.0999755859375,1590.81494140625,1489.0794677734375,13048800,146.6999969482422,155.0,141.1999969482422,146.97999572753906,143.28111267089844,2894780,672.5999755859375,715.0,660.030029296875,697.75,667.7424926757812,31749830,630.0,654.9000244140625,526.0999755859375,560.2000122070312,542.2852783203125,148303878,914.0,981.0,848.9500122070312,873.5499877929688,737.9417724609375,36890881,420.70001220703125,424.70001220703125,385.0,391.6000061035156,375.1188049316406,13200146,107.59909057617188,111.68386840820312,89.12944793701172,94.31781005859375,88.69535064697266,192521012,1313.0,1478.699951171875,1312.0,1369.199951171875,1320.1512451171875,4590282,394.79998779296875,398.20001220703125,346.3999938964844,362.8999938964844,155.89590454101562,69941201,141.1999969482422,157.39500427246094,131.13499450683594,141.4550018310547,140.62347412109375,32591850,702.0,728.875,637.8499755859375,656.625,652.6759033203125,39899788,155.5,164.89999389648438,142.6999969482422,148.8000030517578,130.9811248779297,37031677
2015-04-01,630.5,680.5999755859375,565.0999755859375,621.3499755859375,475.1584167480469,53815421,3699.949951171875,3873.0,3386.10009765625,3725.85009765625,3418.147705078125,8594110,129.0,141.6999969482422,127.05000305175781,128.60000610351562,119.91343688964844,126523486,2639.949951171875,2678.0,2293.5,2328.89990234375,1751.35400390625,18430790,354.4644775390625,384.83685302734375,335.08746337890625,343.4691467285156,326.2285461425781,121466788,90.88999938964844,99.33000183105469,89.2300033569336,93.22000122070312,82.87467193603516,138047280,122.5,133.3333282470703,122.41666412353516,125.25,86.69113159179688,74404721,2027.050048828125,2128.0,1912.5,1948.6500244140625,1466.4517822265625,5475292,2888.949951171875,3029.89990234375,2625.60009765625,2672.10009765625,2573.425537109375,6378583,81.61876678466797,87.7500228881836,78.97502136230469,79.98751831054688,52.39850997924805,57124255,286.3636474609375,304.3636474609375,269.7272644042969,301.0454406738281,278.5048828125,267976244,561.6632080078125,590.5025024414062,545.4691162109375,553.840087890625,524.7584228515625,7359008,217.23333740234375,239.06666564941406,214.13333129882812,214.89999389648438,157.11856079101562,220769822,204.6666717529297,221.93333435058594,202.06666564941406,202.6666717529297,122.56078338623047,112662948,884.0999755859375,967.0,806.0999755859375,823.7999877929688,775.74267578125,25490956,308.45001220703125,333.6000061035156,298.5,317.54998779296875,299.8841247558594,34794555,513.0499877929688,529.5,489.5249938964844,494.3999938964844,452.36456298828125,63577874,543.2728271484375,573.5,506.75,508.25,500.603515625,81568538,810.0,865.5499877929688,730.0,762.4500122070312,699.4022216796875,22431745,188.55825805664062,215.85108947753906,185.86097717285156,197.1186981201172,185.26942443847656,385228070,473.5,489.25,417.54998779296875,440.2749938964844,339.7483825683594,100409720,266.6499938964844,294.8999938964844,263.1499938964844,269.75,240.43878173828125,265529226,41.58000183105469,46.9900016784668,39.1349983215332,40.44300079345703,39.63257598876953,68986000,1279.0,1356.949951171875,1200.5,1231.8499755859375,1010.2610473632812,57822976,705.0999755859375,717.4949951171875,652.5,657.260009765625,580.0106201171875,4725500,33.88888931274414,37.929290771484375,29.53535270690918,31.15707015991211,25.87557601928711,350832240,116.88752746582031,119.33440399169922,96.0937728881836,100.9875259399414,97.19993591308594,235636666,594.0,645.0,568.8499755859375,572.5,517.8079223632812,36020066,549.7249755859375,561.25,483.07501220703125,485.5625,372.3893127441406,218636380,219.2099609375,235.2185821533203,184.32810974121094,188.99526977539062,178.32125854492188,59352575,30.201751708984375,36.137298583984375,30.106477737426758,34.33186340332031,25.747072219848633,1114500395,714.0,746.0999755859375,618.75,636.0,603.8478393554688,36939572,1023.9000244140625,1200.800048828125,912.25,938.8499755859375,868.1964111328125,369476538,1147.7667236328125,1213.300048828125,1083.7332763671875,1087.5333251953125,929.161376953125,43850814,1592.9000244140625,1670.0,1390.010009765625,1519.1600341796875,1426.4793701171875,12776020,147.7949981689453,151.3000030517578,109.5,113.87000274658203,111.00437927246094,2315910,708.2000122070312,761.5599975585938,655.2999877929688,662.0499877929688,633.5777587890625,31077315,557.7000122070312,582.4000244140625,507.0,567.7999877929688,549.6422729492188,135635991,873.5,950.9500122070312,832.2000122070312,850.3499755859375,718.3433227539062,26180777,391.3999938964844,422.6000061035156,379.95001220703125,382.79998779296875,366.6890869140625,16375750,93.31385803222656,105.60651397705078,92.42485809326172,103.33804321289062,97.1778564453125,150512861,1351.0,1429.800048828125,1130.0,1137.1500244140625,1096.413818359375,5601735,362.8999938964844,395.70001220703125,356.3999938964844,362.75,164.45518493652344,55586302,141.1999969482422,146.9949951171875,125.8550033569336,143.49000549316406,142.64651489257812,6734450,661.4500122070312,737.6500244140625,648.6500244140625,666.4500122070312,662.4417114257812,38710406,148.8000030517578,163.5,140.39999389648438,142.10000610351562,125.08348083496094,43570829
2015-05-01,621.3499755859375,669.0,541.0,554.4000244140625,423.96044921875,76444299,3725.85009765625,3840.0,3520.0,3785.699951171875,3473.054931640625,6067403,128.60000610351562,145.10000610351562,128.5500030517578,129.25,120.51951599121094,110164819,2328.89990234375,2705.0,2251.300048828125,2696.85009765625,2028.056640625,17293925,343.4691467285156,392.0469055175781,336.709716796875,383.5751037597656,364.32135009765625,190707192,93.22000122070312,98.68499755859375,86.30999755859375,91.62999725341797,81.46112060546875,146338840,125.25,127.54166412353516,109.41666412353516,113.79166412353516,78.76031494140625,158504226,1948.6500244140625,2340.89990234375,1932.949951171875,2316.10009765625,1742.9752197265625,10373431,2672.10009765625,3109.85009765625,2531.0,2975.300048828125,2865.428466796875,7109172,79.98751831054688,82.49064636230469,77.28752136230469,80.83126831054688,52.951236724853516,99446408,301.0454406738281,307.2727355957031,273.2727355957031,288.4090881347656,266.814697265625,237615398,553.840087890625,570.61279296875,531.2655029296875,561.7635498046875,532.2658081054688,8157419,214.89999389648438,223.93333435058594,208.5,218.06666564941406,159.43374633789062,234535005,202.6666717529297,228.8000030517578,202.6666717529297,219.89999389648438,132.98248291015625,139714928,823.7999877929688,880.0,786.0,873.9500122070312,822.9671020507812,18971769,317.54998779296875,354.79998779296875,315.3999938964844,323.8500061035156,305.8336486816406,50612884,494.3999938964844,527.0,472.1000061035156,525.2750244140625,480.614501953125,65540780,508.25,530.9500122070312,463.54998779296875,481.6499938964844,474.40374755859375,120861738,762.4500122070312,818.0,734.8499755859375,787.0499877929688,721.9679565429688,34710852,197.1186981201172,209.2450408935547,195.94149780273438,200.4674530029297,188.4168701171875,289630758,440.2749938964844,522.4749755859375,432.8999938964844,505.375,391.7349548339844,70276230,269.75,305.0,259.6499938964844,278.1499938964844,247.92605590820312,323311496,40.44300079345703,46.0,39.19599914550781,42.16550064086914,41.32056427001953,73668900,1231.8499755859375,1324.300048828125,1226.8499755859375,1305.1500244140625,1070.37548828125,48810590,657.260009765625,734.9000244140625,653.510009765625,675.155029296875,595.8024291992188,7025810,31.15707015991211,36.64646530151367,29.919191360473633,36.154544830322266,30.02591323852539,351714132,100.9875259399414,106.1437759399414,98.4562759399414,105.31877899169922,101.36875915527344,184795613,572.5,638.5,572.0,629.0499877929688,568.9556884765625,35352456,485.5625,515.4749755859375,477.0,505.7875061035156,387.9004211425781,164070368,188.99526977539062,188.99526977539062,148.3062744140625,160.4954376220703,151.4310302734375,149594300,34.33186340332031,36.63272476196289,30.69240951538086,31.29739761352539,23.47138023376465,974032004,636.0,695.9500122070312,620.4000244140625,650.4500122070312,617.5672607421875,39476666,938.8499755859375,1010.0,920.0499877929688,966.0999755859375,893.395751953125,81207333,1087.5333251953125,1113.1666259765625,1029.066650390625,1102.9666748046875,942.3470458984375,53082264,1519.1600341796875,1954.5,1449.4949951171875,1889.64501953125,1774.3616943359375,38962100,113.87000274658203,132.7949981689453,110.50499725341797,119.12999725341797,116.13199615478516,2624200,662.0499877929688,738.530029296875,650.010009765625,707.0499877929688,676.6424560546875,35876700,567.7999877929688,587.2999877929688,523.2999877929688,585.4000244140625,566.679443359375,110519790,850.3499755859375,907.0499877929688,827.0999755859375,859.5499877929688,726.1151123046875,32234793,382.79998779296875,394.25,334.3500061035156,378.29998779296875,362.37847900390625,19792628,103.33804321289062,123.2254867553711,97.09974670410156,108.25817108154297,101.80469512939453,337763561,1137.1500244140625,1333.0,1137.1500244140625,1212.550048828125,1169.113037109375,4615940,362.75,393.75,352.1499938964844,391.04998779296875,177.2852325439453,56984361,143.49000549316406,157.5,135.6750030517578,152.7100067138672,151.81228637695312,7030230,666.4500122070312,717.4500122070312,646.0,699.6500244140625,695.4420776367188,39070076,142.10000610351562,150.4499969482422,136.60000610351562,146.25,128.7364959716797,35679619
2015-06-01,559.0,564.2999877929688,467.1000061035156,477.79998779296875,365.3829040527344,72103282,3785.89990234375,4077.39990234375,3675.800048828125,4023.35009765625,3691.0791015625,6103049,128.75,129.8000030517578,111.0,111.9000015258789,104.34146118164062,103122521,2678.0,2737.89990234375,2482.0,2523.5,1897.6951904296875,8925852,374.8779602050781,394.11981201171875,363.0715026855469,378.5731201171875,359.5704345703125,89224033,91.51000213623047,91.9000015258789,83.1500015258789,87.2249984741211,77.54498291015625,133344350,113.83333587646484,117.375,112.16666412353516,114.70833587646484,79.39478302001953,107666710,2318.550048828125,2584.0,2177.39990234375,2541.949951171875,1912.9378662109375,8977012,2995.0,3024.0,2680.0,2993.449951171875,2882.908447265625,4787485,82.49064636230469,83.36251831054688,77.42814636230469,78.24376678466797,51.25619125366211,111741179,288.18182373046875,291.2727355957031,254.86363220214844,280.0,259.0352783203125,365357755,561.7635498046875,567.8353271484375,509.3544921875,531.1806640625,503.2887878417969,7656498,217.0,222.5,196.0,210.10000610351562,153.6091766357422,222421215,219.3333282470703,219.93333435058594,198.1999969482422,206.39999389648438,124.81847381591797,99652424,870.0,885.4500122070312,784.0,872.7000122070312,821.7900390625,21424436,325.79998779296875,325.79998779296875,288.0,307.8999938964844,291.69195556640625,95889363,524.4749755859375,536.0,495.07501220703125,533.5750122070312,488.2088928222656,73703282,482.8999938964844,482.8999938964844,417.25,434.1499938964844,427.61834716796875,164831363,787.7999877929688,794.7000122070312,693.0,755.3499755859375,692.8892822265625,29767673,201.1531982421875,231.8061981201172,199.70169067382812,228.6060333251953,217.5710906982422,447646552,496.3999938964844,499.25,441.375,459.875,356.4661865234375,63543478,278.6499938964844,282.0,248.85000610351562,262.75,237.1559295654297,323218125,42.79999923706055,54.9900016784668,41.70000076293945,54.433998107910156,53.34321212768555,119821000,1304.7249755859375,1323.550048828125,1238.4000244140625,1275.4749755859375,1046.038818359375,43641462,670.0,699.989990234375,550.0999755859375,635.219970703125,562.6678466796875,45903840,36.212120056152344,36.91868591308594,31.94444465637207,34.003028869628906,28.239110946655273,259903215,105.0000228881836,108.32815551757812,99.1875228881836,102.50627136230469,98.66172790527344,191730644,629.0499877929688,670.9500122070312,588.0,641.1749877929688,579.9223022460938,34436126,508.20001220703125,516.0,484.0,492.17498779296875,377.4606628417969,139774544,161.9862060546875,179.9824981689453,151.15139770507812,166.3123321533203,156.91941833496094,112439036,31.435544967651367,31.73565673828125,27.381650924682617,29.020357131958008,21.763721466064453,866962531,645.5,672.75,571.25,615.4000244140625,584.2892456054688,39078369,915.5499877929688,917.7999877929688,807.25,874.5999755859375,808.7817993164062,97142504,1116.0,1211.3333740234375,1095.3333740234375,1188.5333251953125,1015.4532470703125,58778864,1849.9000244140625,2004.989990234375,1664.9749755859375,1958.6700439453125,1839.1754150390625,25018480,119.5,123.0,109.5,112.69000244140625,109.85408020019531,1464360,705.5999755859375,714.4000244140625,653.3099975585938,711.8900146484375,681.2744140625,27028460,586.9000244140625,588.9000244140625,538.5499877929688,558.9500122070312,541.0752563476562,131963430,859.5499877929688,923.0999755859375,806.0999755859375,916.7000122070312,774.3934326171875,26551182,375.1000061035156,379.6000061035156,337.5,366.29998779296875,350.883544921875,13259198,108.67201232910156,312.3918762207031,48.904884338378906,49.504276275634766,46.55323791503906,522293134,1212.699951171875,1326.0,1150.0,1315.949951171875,1268.80859375,4668332,392.0,422.6000061035156,381.3999938964844,421.25,190.97662353515625,98696644,154.0,160.6649932861328,143.51499938964844,153.2100067138672,152.30935668945312,22954720,700.0,707.0999755859375,629.0,692.9000244140625,688.7327270507812,30557554,145.3000030517578,146.39999389648438,125.69999694824219,132.1999969482422,116.3689956665039,37639763
2015-07-01,476.6499938964844,532.7999877929688,458.5,530.7000122070312,405.8365478515625,70781490,4034.89990234375,4359.0,3907.0,4331.4501953125,3973.734619140625,7555315,112.30000305175781,114.5999984741211,99.05000305175781,105.19999694824219,98.09402465820312,110018198,2525.10009765625,2749.449951171875,2500.39990234375,2682.699951171875,2040.1094970703125,8368702,381.8627014160156,407.7738342285156,364.19805908203125,377.446533203125,358.5004577636719,76793353,87.5,90.30999755859375,80.0,83.1449966430664,73.91776275634766,134607040,114.45833587646484,116.41666412353516,106.79166412353516,112.54166412353516,77.8951416015625,82869010,2541.949951171875,2656.0,2439.60009765625,2525.300048828125,1900.407958984375,7959387,2992.0,3369.0,2980.10009765625,3149.14990234375,3032.858642578125,6759616,78.27189636230469,80.60626983642578,76.72502136230469,79.87501525878906,52.324806213378906,47485095,280.6363525390625,291.81817626953125,257.0,274.9090881347656,258.6991271972656,298063791,531.2732543945312,583.7285766601562,528.97412109375,573.4288330078125,543.318603515625,6928419,210.1666717529297,218.26666259765625,200.0,217.3333282470703,162.07655334472656,170962200,206.0,211.39999389648438,175.63333129882812,181.8000030517578,109.9418716430664,120179131,872.5999755859375,989.2999877929688,858.0,977.7000122070312,920.6647338867188,22821483,308.79998779296875,334.70001220703125,306.5,325.0,307.891845703125,75588488,530.6749877929688,564.0,527.0250244140625,555.8250122070312,508.5670471191406,61430932,436.75,447.3999938964844,366.1000061035156,383.8500061035156,378.0751037597656,187176328,757.4500122070312,885.0,755.0999755859375,882.7999877929688,814.4295654296875,31910485,228.811767578125,244.09254455566406,224.73155212402344,229.0060577392578,217.95181274414062,314003363,458.625,503.0,456.125,499.125,386.89031982421875,54523096,263.1000061035156,274.6499938964844,252.3000030517578,270.04998779296875,243.7448272705078,214330493,54.5,56.599998474121094,49.512001037597656,55.112998962402344,54.00860595703125,168875400,1281.949951171875,1323.449951171875,1227.5,1255.375,1039.125,47457494,640.0,649.4000244140625,589.5,635.739990234375,563.1284790039062,17002930,34.13131332397461,40.5555534362793,32.22222137451172,40.2540397644043,33.430503845214844,296254431,102.0093994140625,111.3375244140625,101.4843978881836,106.8469009399414,102.83956146240234,139624623,640.0,691.0,622.6749877929688,681.7999877929688,616.6663818359375,36481464,494.5,574.5,466.32501220703125,538.5250244140625,419.2699890136719,177091334,169.5374298095703,187.99168395996094,163.69131469726562,173.70767211914062,163.89706420898438,71535728,29.058467864990234,29.577709197998047,23.3420467376709,23.523067474365234,17.641048431396484,1208530553,619.0,724.0,616.75,709.0499877929688,673.2047119140625,29702566,881.4500122070312,957.0,795.25,822.4000244140625,760.510009765625,96876260,1188.63330078125,1258.6666259765625,1158.566650390625,1194.1666259765625,1020.2659301757812,48799042,1974.199951171875,2162.0,1869.5,1907.1199951171875,1790.7705078125,18610860,114.0,124.80000305175781,111.01000213623047,122.40499877929688,119.32456970214844,3584640,709.5999755859375,818.7000122070312,707.0800170898438,815.219970703125,780.1605834960938,39342830,558.7999877929688,613.4500122070312,550.4500122070312,573.5,555.1600341796875,151381278,916.7000122070312,944.0,871.0999755859375,921.6500244140625,786.7838134765625,30309704,365.0,366.95001220703125,320.3500061035156,323.6499938964844,310.028564453125,18605482,49.749481201171875,50.948265075683594,43.483116149902344,47.48814010620117,44.65727996826172,154743848,1314.800048828125,1404.4000244140625,1280.5999755859375,1359.8499755859375,1311.1361083984375,5006824,422.54998779296875,442.79998779296875,413.70001220703125,439.04998779296875,199.0463409423828,99185359,152.76499938964844,187.0,152.76499938964844,184.57000732421875,183.48501586914062,13206760,689.7999877929688,744.7999877929688,683.7999877929688,695.4000244140625,691.6983032226562,38416168,132.5,142.8000030517578,131.3000030517578,140.1999969482422,123.4109878540039,39399318
2015-08-01,529.0,575.75,492.70001220703125,515.0,398.5176086425781,44634797,4380.0,4692.39990234375,4062.10009765625,4167.2001953125,3823.049072265625,7183725,105.25,112.25,75.25,80.05000305175781,74.64283752441406,159858829,2656.0,2793.800048828125,2364.25,2397.199951171875,1822.9957275390625,10846502,378.5280456542969,385.4677429199219,299.66802978515625,319.3154602050781,303.28729248046875,109422277,83.0999984741211,101.30000305175781,81.9000015258789,92.00499725341797,82.84321594238281,190904370,112.58333587646484,115.0,89.25,101.20833587646484,70.05082702636719,135668923,2525.0,2608.0,2133.64990234375,2232.699951171875,1713.531005859375,7507742,3149.14990234375,3256.0,2791.0,2889.800048828125,2783.085693359375,6258858,79.34064483642578,80.38127136230469,70.39688873291016,73.49064636230469,48.14250564575195,62329786,276.7727355957031,290.7272644042969,242.86363220214844,252.63636779785156,237.7397003173828,315693282,573.5445556640625,592.9713134765625,518.8672485351562,531.8132934570312,503.8883056640625,10730493,217.3333282470703,222.3333282470703,202.0,216.76666259765625,161.6540069580078,229874330,181.93333435058594,189.8000030517578,148.6666717529297,159.53334045410156,96.47630310058594,158477458,978.0,986.0,830.25,858.0499877929688,807.99462890625,18616749,326.0,374.79998779296875,324.0,355.45001220703125,336.7389221191406,126748009,556.375,558.75,502.8500061035156,513.7249755859375,473.57952880859375,57113004,386.3500061035156,396.0,301.6000061035156,340.1499938964844,335.0325622558594,200367782,880.0,926.7999877929688,811.75,848.5999755859375,782.87841796875,23535606,228.811767578125,231.74905395507812,186.9810333251953,195.64434814453125,186.20046997070312,331333855,476.2250061035156,498.8500061035156,442.0,485.5249938964844,376.3486328125,71203482,270.0,291.79998779296875,240.0,247.35000610351562,223.25604248046875,438049369,55.249000549316406,57.20199966430664,47.51250076293945,50.21200180053711,49.20581817626953,154518600,1251.699951171875,1376.425048828125,1243.0,1282.0250244140625,1063.4654541015625,52523858,638.5,699.7999877929688,595.0,596.5399780273438,528.4056396484375,22245520,40.26262664794922,42.02020263671875,29.818180084228516,34.03080749511719,28.262176513671875,302746059,107.0625228881836,110.15628051757812,99.0562744140625,107.2125244140625,104.47825622558594,149181792,677.0,721.0250244140625,602.5499877929688,610.4500122070312,557.3250122070312,41364046,539.0,593.0999755859375,522.25,547.2000122070312,426.02386474609375,175816384,175.38356018066406,179.86558532714844,153.94778442382812,158.43955993652344,149.4912567138672,51240384,23.523067474365234,25.580978393554688,19.064260482788086,21.47468376159668,16.57784652709961,1866378665,713.7999877929688,745.0,605.7000122070312,682.1500244140625,647.664794921875,55935660,822.0,966.0,820.0,898.9500122070312,831.2992553710938,90503055,1140.0333251953125,1229.4666748046875,1050.0,1068.5999755859375,912.9851684570312,62260717,1950.0,2159.60009765625,1782.0999755859375,1901.47998046875,1785.4744873046875,15422160,121.06500244140625,135.1999969482422,119.00499725341797,123.63500213623047,120.77249145507812,2947140,818.02001953125,867.5900268554688,786.4000244140625,860.530029296875,827.9590454101562,40409505,576.0,589.5,475.1000061035156,507.75,495.4649963378906,140108503,921.0,924.7999877929688,844.9500122070312,860.9000244140625,734.9235229492188,31149936,323.0,353.1000061035156,314.5,337.79998779296875,325.719482421875,22346735,47.84232711791992,56.15207290649414,36.671852111816406,40.94932556152344,39.657623291015625,244486839,1386.0,1476.199951171875,1195.0,1340.199951171875,1297.823974609375,5114001,441.0,447.1000061035156,332.45001220703125,366.3500061035156,166.08729553222656,129161396,185.89999389648438,216.0,166.1999969482422,180.97999572753906,180.09527587890625,17552230,694.9500122070312,724.75,621.9000244140625,651.7000122070312,648.23095703125,23837404,141.39999389648438,147.3000030517578,108.55000305175781,119.5999984741211,106.99280548095703,46147232
2015-09-01,510.0,582.0,506.1000061035156,557.3499755859375,431.2888488769531,28962662,4170.0,4763.4501953125,4010.0,4685.60009765625,4324.38330078125,11883676,79.44999694824219,79.5999984741211,67.5,70.80000305175781,66.01766204833984,169319786,2370.0,2449.85009765625,2257.199951171875,2394.5,1820.9423828125,6795082,316.34130859375,329.58978271484375,284.4367980957031,304.4897766113281,290.8251037597656,95554236,90.31500244140625,100.58000183105469,83.01000213623047,88.92500305175781,80.0699234008789,167316620,100.08333587646484,108.33333587646484,93.66666412353516,103.125,71.37744140625,104542082,2212.85009765625,2378.550048828125,2175.550048828125,2312.10009765625,1774.468505859375,5852348,2839.0,3022.0,2622.050048828125,2673.39990234375,2582.24755859375,5970820,72.75939178466797,77.06251525878906,67.80938720703125,74.44689178466797,48.768924713134766,70505236,250.0,259.4090881347656,225.18182373046875,245.77272033691406,231.28074645996094,331117692,527.716552734375,547.6216430664062,512.780029296875,542.8151245117188,514.3124389648438,7159180,215.0,219.89999389648438,204.6666717529297,219.1999969482422,163.4686279296875,194147896,161.86666870117188,162.23333740234375,145.13333129882812,152.89999389648438,92.46485900878906,126920730,852.9500122070312,958.0999755859375,809.25,942.4500122070312,891.21728515625,31302047,344.95001220703125,354.75,293.0,299.0,283.2604675292969,78352913,510.6499938964844,536.9500122070312,488.5,534.4000244140625,492.63897705078125,67817782,334.95001220703125,358.8999938964844,279.1000061035156,298.6000061035156,294.107666015625,176541896,844.0,849.9000244140625,778.0,841.5999755859375,776.4204711914062,22517829,195.1871795654297,205.61056518554688,188.60397338867188,197.10726928710938,187.59278869628906,316049233,483.5,494.8500061035156,453.2250061035156,491.07501220703125,382.6732177734375,51059312,244.85000610351562,248.4499969482422,220.14999389648438,237.14999389648438,214.0496063232422,303647862,50.21200180053711,52.7400016784668,46.77050018310547,51.3125,50.28426742553711,163590200,1278.0,1321.8499755859375,1245.0,1294.0250244140625,1073.419921875,44310638,593.5,639.7999877929688,585.0,636.7650146484375,564.0365600585938,6355820,33.74797821044922,36.560604095458984,31.616666793823242,34.40757369995117,28.743255615234375,364465992,107.1187744140625,113.41877746582031,102.02815246582031,112.0969009399414,109.23806762695312,158639407,603.75,639.5499877929688,546.0750122070312,631.9000244140625,576.9083251953125,60968428,545.0,584.4749755859375,526.1500244140625,580.9749755859375,452.3194885253906,165212106,158.70262145996094,184.1429901123047,156.0621337890625,180.2650604248047,170.0841064453125,60006704,21.150753021240234,23.23248291015625,19.02614974975586,20.25518035888672,15.636425018310547,1536556030,682.0,688.4000244140625,623.5,636.0499877929688,605.5886840820312,38471585,883.7000122070312,920.7999877929688,815.0,868.4000244140625,803.04833984375,66855692,1053.3333740234375,1086.4000244140625,941.566650390625,977.5,835.1514892578125,68579121,1889.0,1908.800048828125,1671.1099853515625,1779.1600341796875,1670.6171875,15393430,123.62999725341797,133.9949951171875,116.0999984741211,130.33999633789062,127.32225036621094,4400900,860.969970703125,861.8900146484375,770.3300170898438,832.469970703125,800.9609985351562,43061340,500.0,534.7000122070312,446.75,495.6499938964844,483.65771484375,196879676,855.0,862.4000244140625,776.25,814.75,695.5266723632812,33533679,335.75,339.29998779296875,311.20001220703125,317.8500061035156,306.48297119140625,12614187,40.322689056396484,45.77170181274414,35.881744384765625,44.05526351928711,42.66558837890625,152530205,1331.0,1455.0,1242.050048828125,1441.5999755859375,1396.0179443359375,3532403,362.0,365.5,300.79998779296875,327.6000061035156,148.51974487304688,95458034,180.0,191.50999450683594,167.7050018310547,172.9499969482422,172.1045379638672,16713160,646.7999877929688,670.0,594.5,648.0999755859375,644.6502075195312,27191056,118.75,129.39999389648438,114.05000305175781,127.80000305175781,114.32843780517578,28851329
2015-10-01,558.7000122070312,578.8499755859375,534.0999755859375,539.1500244140625,417.2053527832031,28503832,4720.0,4721.89990234375,4216.5,4449.0,4106.0224609375,17219844,71.6500015258789,92.4000015258789,70.25,84.05000305175781,79.4477310180664,217145241,2400.0,2667.60009765625,2400.0,2581.39990234375,1963.07373046875,5250127,305.88671875,337.70111083984375,302.4619445800781,314.5838623046875,300.4662170410156,86610470,88.80000305175781,94.0999984741211,87.19999694824219,91.03500366210938,81.96980285644531,176175320,104.33333587646484,114.70833587646484,102.58333587646484,110.66666412353516,77.76551055908203,110246682,2311.0,2600.0,2284.10009765625,2550.449951171875,1957.39453125,6084429,2670.0,2996.0,2669.0,2886.10009765625,2787.6953125,6271783,74.81251525878906,77.37189483642578,70.98751831054688,72.42189025878906,47.95060348510742,49162862,248.59091186523438,266.0909118652344,241.86363220214844,251.81817626953125,236.96971130371094,185098903,545.6311645507812,580.0253295898438,540.292236328125,572.78076171875,546.4235229492188,5609034,218.03334045410156,239.86666870117188,217.86666870117188,223.10000610351562,166.3770751953125,193878412,152.89999389648438,178.5,152.0,164.63333129882812,99.78165435791016,109191135,950.0,973.3499755859375,902.3499755859375,911.9000244140625,862.3279418945312,22750473,302.95001220703125,331.0,294.3500061035156,296.25,280.6553039550781,57281187,537.5999755859375,562.0,529.6749877929688,549.7999877929688,506.83538818359375,49865370,301.45001220703125,396.79998779296875,291.5,384.95001220703125,379.1585693359375,223720096,845.7999877929688,892.4000244140625,811.2000122070312,830.6500244140625,766.318603515625,24014631,199.770263671875,222.8228759765625,196.2615203857422,216.62828063964844,206.1715087890625,252579931,445.0,457.3999938964844,405.54998779296875,435.8500061035156,339.6387939453125,144424272,241.1999969482422,257.1499938964844,234.39999389648438,237.0500030517578,213.95933532714844,211657989,51.400001525878906,54.277000427246094,49.130001068115234,52.2234992980957,51.17700958251953,137492600,1299.5,1385.0,1227.925048828125,1247.5999755859375,1034.9095458984375,59754614,636.4000244140625,666.9949951171875,610.5150146484375,617.3900146484375,546.8743286132812,10106530,34.54545211791992,38.448482513427734,34.27121353149414,37.69091033935547,31.48607635498047,194191470,112.1343994140625,114.9937744140625,105.87190246582031,107.4094009399414,104.67011260986328,150624106,638.5,650.7000122070312,586.6500244140625,591.7999877929688,540.298095703125,46518176,584.9500122070312,609.9000244140625,542.5999755859375,567.7249755859375,442.0036315917969,178869960,180.2650604248047,198.5536651611328,175.77330017089844,183.83119201660156,173.44883728027344,55087856,20.483837127685547,24.95693588256836,20.031286239624023,23.49448585510254,18.137075424194336,1356200512,642.9000244140625,704.9000244140625,631.4500122070312,690.4500122070312,657.3834228515625,41566487,875.0,933.9500122070312,873.25,889.5499877929688,822.6066284179688,42449974,988.6666870117188,1073.3333740234375,933.3333129882812,940.5,811.7692260742188,58296005,1800.0999755859375,1900.5250244140625,1727.3800048828125,1774.2449951171875,1666.0018310546875,11196520,130.9949951171875,144.89999389648438,128.10499572753906,139.5050048828125,136.27503967285156,1967650,842.75,877.3200073242188,816.02001953125,855.97998046875,823.5812377929688,53769865,500.0,532.7000122070312,465.0,475.3999938964844,463.8976745605469,207277962,817.7999877929688,832.0,769.0,800.6500244140625,683.4898681640625,29113854,314.0,357.95001220703125,302.75,349.95001220703125,337.4349670410156,13526587,44.518428802490234,55.579925537109375,43.29240036010742,50.348873138427734,48.76067352294922,176688803,1443.1500244140625,1515.9000244140625,1301.550048828125,1312.75,1271.2421875,3767655,329.54998779296875,348.8999938964844,318.75,319.8999938964844,145.02890014648438,67284854,174.89500427246094,200.88999938964844,171.6199951171875,196.8000030517578,195.83792114257812,15602760,646.0,693.7999877929688,637.4500122070312,687.6500244140625,683.9896240234375,22486396,128.9499969482422,141.89999389648438,127.4000015258789,133.4499969482422,119.38284301757812,19051919
2015-11-01,541.0,568.5,508.0,533.4500122070312,412.79449462890625,27793199,4470.0,4790.0,4425.2001953125,4555.0,4203.85107421875,24491645,83.9000015258789,84.4000015258789,73.19999694824219,77.05000305175781,72.83102416992188,186734278,2575.199951171875,2734.300048828125,2532.699951171875,2699.14990234375,2052.61865234375,7344072,313.1868896484375,318.86480712890625,285.7886657714844,301.3353576660156,287.812255859375,55996585,91.08999633789062,93.45999908447266,85.61000061035156,90.55000305175781,81.5331039428711,104045120,110.375,116.08333587646484,108.08333587646484,109.08333587646484,76.65290832519531,93249090,2542.0,2575.0,2336.5,2479.25,1902.7509765625,5509874,2905.89990234375,3044.89990234375,2650.0,2801.050048828125,2705.545166015625,4565193,72.42189025878906,77.00627136230469,71.24063873291016,76.61251831054688,50.72522735595703,57085649,251.81817626953125,257.0,232.72726440429688,248.68182373046875,234.01832580566406,205469262,572.78076171875,578.9451904296875,548.6632080078125,577.3558349609375,550.7880859375,5128690,222.0,235.3333282470703,218.06666564941406,230.76666259765625,172.09451293945312,178460720,164.63333129882812,171.06666564941406,147.5,156.10000610351562,94.60975646972656,85835026,911.9000244140625,939.0,880.0,935.25,884.4086303710938,16145773,293.1000061035156,302.70001220703125,261.6000061035156,268.0,253.89231872558594,64574740,547.5250244140625,549.0499877929688,520.5,538.875,496.76416015625,41850572,386.1000061035156,431.8999938964844,373.04998779296875,423.5,417.1285705566406,175007744,831.0,865.9500122070312,784.25,838.5,775.6235961914062,17873190,216.92543029785156,226.86880493164062,207.999267578125,221.0627899169922,210.39195251464844,238557631,437.5,444.75,411.6000061035156,435.4750061035156,341.3238830566406,47016638,238.0,253.0,232.6999969482422,248.64999389648438,224.42938232421875,225414546,52.33000183105469,56.45000076293945,51.750999450683594,55.40999984741211,54.29965591430664,78450800,1250.0,1273.9000244140625,1166.25,1186.7750244140625,986.5985107421875,32573672,616.0,647.4000244140625,585.0,586.0050048828125,519.0740356445312,11463760,37.69696807861328,39.39393997192383,36.51515197753906,37.995452880859375,31.74048614501953,117776175,107.5312728881836,108.68440246582031,101.6718978881836,106.86565399169922,104.1402359008789,131682300,600.0250244140625,686.0,600.0250244140625,682.75,623.3330688476562,42215200,565.0,578.7999877929688,505.625,543.9500122070312,427.3883361816406,111847740,185.02964782714844,188.05014038085938,161.74261474609375,171.33998107910156,161.66310119628906,53112622,23.48495864868164,23.49448585510254,20.259944915771484,21.817668914794922,16.842620849609375,1007576398,688.9500122070312,688.9500122070312,613.1500244140625,643.6500244140625,612.82470703125,22360547,875.0499877929688,878.1500244140625,704.0,729.5,676.85107421875,90458433,933.3333129882812,936.0,884.0,916.4000244140625,790.9680786132812,62322675,1801.18994140625,1818.6650390625,1502.0,1672.8900146484375,1570.8304443359375,11456050,138.90499877929688,165.0,137.3699951171875,161.5749969482422,157.8340606689453,1599330,850.5999755859375,875.8400268554688,609.4099731445312,622.0,598.4573364257812,123321885,477.79998779296875,487.20001220703125,445.8999938964844,468.6499938964844,457.31097412109375,170653879,799.25,826.0,780.0999755859375,812.0,698.9666748046875,17622775,335.0,392.3999938964844,329.3500061035156,381.5,367.8567199707031,17291193,50.40336227416992,50.539588928222656,40.48616027832031,44.89986038208008,43.483543395996094,102577105,1316.5,1374.0,1213.0,1325.050048828125,1283.1534423828125,3984877,320.0,345.0,316.54998779296875,330.54998779296875,149.85716247558594,62405515,197.0,199.52499389648438,188.4600067138672,192.21499633789062,191.2753448486328,7625210,688.0,702.9500122070312,634.6500244140625,692.3499755859375,688.66455078125,14026354,134.0,138.39999389648438,123.0,137.5500030517578,123.05066680908203,15577252
2015-12-01,533.0,548.0,512.4000244140625,521.6500244140625,403.6634826660156,22757619,4609.0,4702.0,4406.0498046875,4621.9501953125,4265.6396484375,11129376,77.5999984741211,86.0,73.0,84.75,80.1093978881836,178729971,2716.0,2738.0,2500.449951171875,2694.10009765625,2048.779296875,7204450,302.7773742675781,308.0046691894531,274.1174011230469,306.7879638671875,293.0201721191406,84932747,89.19999694824219,107.19999694824219,89.11499786376953,103.22000122070312,92.94143676757812,205018690,109.25,124.04166412353516,106.66666412353516,121.875,85.64163208007812,97316661,2490.0,2546.10009765625,2375.10009765625,2532.0,1943.23486328125,4699710,2810.10009765625,2905.14990234375,2741.14990234375,2780.550048828125,2685.744384765625,4873598,76.55626678466797,80.2968978881836,71.29689025878906,79.39689636230469,52.56877136230469,100907920,250.0454559326172,251.59091186523438,220.9545440673828,237.59091186523438,223.58139038085938,257514856,578.9451904296875,584.8087158203125,553.3617553710938,579.3849487304688,552.7236938476562,5870627,230.13333129882812,233.1666717529297,207.03334045410156,218.53334045410156,162.9714813232422,233775218,156.36666870117188,162.53334045410156,140.8333282470703,161.1666717529297,99.47618865966797,125208501,940.0,971.9500122070312,903.75,968.9500122070312,916.2766723632812,20445007,269.0,269.3500061035156,238.75,260.8999938964844,247.16604614257812,68928502,538.5250244140625,546.3499755859375,520.0499877929688,541.0750122070312,498.79229736328125,48843402,427.0,427.0,360.5,391.29998779296875,385.41302490234375,153232921,843.0,887.0,829.4500122070312,883.5499877929688,817.2954711914062,16842265,220.35418701171875,233.08627319335938,208.6621551513672,231.9204864501953,220.72555541992188,290231058,435.4750061035156,442.8500061035156,413.0,427.54998779296875,335.1123046875,45626582,250.85000610351562,251.89999389648438,224.0,224.4499969482422,202.58668518066406,228912040,55.150001525878906,60.400001525878906,53.80699920654297,60.0994987487793,58.89518356323242,79184900,1181.449951171875,1233.199951171875,1157.625,1218.425048828125,1012.9100952148438,41130386,585.8900146484375,595.0,563.0,582.7999877929688,516.2352294921875,8187550,38.03787612915039,41.89393997192383,35.09090805053711,41.548484802246094,34.70859146118164,223314564,108.60002899169922,110.14690399169922,102.8437728881836,104.98127746582031,102.30390930175781,134278206,685.0,690.75,597.75,636.1749877929688,580.8112182617188,42839304,544.0,555.0,511.2749938964844,552.7000122070312,434.2633056640625,116644966,171.5348663330078,173.98048400878906,152.06729125976562,167.3354034423828,157.88467407226562,71503269,21.989160537719727,25.380903244018555,21.427047729492188,24.75209617614746,19.107919692993164,1501377033,645.5,661.4000244140625,620.0,649.75,618.6325073242188,19495129,732.0,826.0,721.5,820.1500244140625,760.9588012695312,111994680,916.6666870117188,921.933349609375,843.0,850.2999877929688,733.9154052734375,57536172,1687.699951171875,1692.0,1510.0,1685.5550537109375,1582.7227783203125,9245870,161.6999969482422,177.89999389648438,147.1999969482422,175.01499938964844,170.962890625,4213090,626.4000244140625,653.0,590.2000122070312,621.719970703125,598.1879272460938,58545805,471.0,471.3500061035156,429.5,449.1000061035156,438.2340393066406,177418271,811.8499755859375,875.5999755859375,805.0,862.75,742.6519165039062,24837930,382.1499938964844,383.95001220703125,339.79998779296875,347.1499938964844,334.735107421875,24906130,45.090576171875,46.507320404052734,39.232887268066406,45.44476318359375,44.011260986328125,111378470,1311.0,1471.1500244140625,1311.0,1466.449951171875,1420.0823974609375,4117695,331.1000061035156,346.54998779296875,305.0,329.79998779296875,149.51708984375,58326699,193.59500122070312,206.60499572753906,185.5,198.7899932861328,197.8181915283203,7795760,693.5,723.8499755859375,661.0,720.0499877929688,716.2171020507812,17083334,138.0500030517578,148.0,130.39999389648438,146.1999969482422,130.7888641357422,21670256
2016-01-01,524.9000244140625,529.9500122070312,492.95001220703125,501.3999938964844,387.9936218261719,31617893,4621.0,4668.0,3870.0,4095.85009765625,3780.09765625,15890302,84.69999694824219,85.9000015258789,66.3499984741211,70.5,66.6396713256836,144001922,2689.0,2695.0,2377.14990234375,2565.64990234375,1951.0965576171875,5596802,306.3824157714844,310.0325012207031,254.4249267578125,261.27447509765625,249.5491943359375,80175199,102.88999938964844,112.69999694824219,95.30000305175781,105.70500183105469,95.1789779663086,187175820,121.91666412353516,122.5,109.0,118.70833587646484,83.41639709472656,99859433,2530.10009765625,2547.60009765625,2230.0,2341.949951171875,1797.3773193359375,4137897,2774.0,2852.300048828125,2579.0,2840.10009765625,2743.263916015625,6711538,79.53752136230469,83.47502136230469,73.43439483642578,83.16564178466797,55.06404495239258,183257502,237.5454559326172,239.63636779785156,198.0,209.22726440429688,196.8901824951172,348652909,577.5873413085938,584.8240966796875,512.4482421875,523.6506958007812,499.5541687011719,8476235,218.39999389648438,219.3333282470703,201.73333740234375,213.46665954589844,159.1929931640625,190589651,159.93333435058594,163.1999969482422,137.3000030517578,150.8333282470703,93.09819793701172,120749169,968.0,972.2999877929688,866.7999877929688,928.7999877929688,878.309326171875,28713208,261.0,268.29998779296875,207.14999389648438,212.25,201.0770263671875,79768159,541.2000122070312,554.0,503.95001220703125,524.9249877929688,483.9042663574219,55754414,392.5,403.0,323.0,336.8999938964844,331.8314514160156,184037689,882.0,911.9000244140625,826.0,869.9000244140625,804.6689453125,27682819,230.8232879638672,249.09852600097656,223.25718688964844,236.67501831054688,225.2505645751953,521041301,427.54998779296875,435.0,399.0249938964844,432.875,339.2861633300781,66509506,225.0,228.89999389648438,171.5,179.89999389648438,162.376220703125,403912638,60.1609992980957,63.88999938964844,53.490501403808594,59.284000396728516,58.096031188964844,124375200,1219.5,1219.5,1121.5,1195.6500244140625,993.9765014648438,47374642,582.0050048828125,585.0,537.5,548.7999877929688,487.4698791503906,7647660,41.727272033691406,42.93484878540039,35.1136360168457,37.31969451904297,31.175981521606445,225701553,104.9625244140625,106.06877899169922,99.5156478881836,105.5250244140625,102.83379364013672,126640866,635.9749755859375,639.7249755859375,550.5,616.625,562.9627075195312,33114826,550.0,585.0,515.4249877929688,582.4500122070312,457.6382751464844,156537572,167.39385986328125,173.72715759277344,143.60989379882812,164.51951599121094,155.2278594970703,52637311,24.675878524780273,26.33363914489746,21.455629348754883,23.789833068847656,18.36507797241211,1467464564,653.2000122070312,658.4500122070312,572.2999877929688,585.0999755859375,557.0787353515625,21609947,810.0499877929688,878.0,764.0,872.9500122070312,809.9481201171875,57259844,852.6666870117188,860.6666870117188,712.7333374023438,734.433349609375,633.907958984375,79874066,1687.9000244140625,1797.489990234375,1480.0,1654.6600341796875,1553.712646484375,9109040,177.5,177.55999755859375,152.44500732421875,155.78500366210938,152.1781005859375,1830650,623.760009765625,624.5999755859375,550.010009765625,621.0800170898438,597.5721435546875,39972250,449.75,452.8999938964844,366.75,408.3999938964844,398.51873779296875,238979496,860.0,868.7000122070312,766.4000244140625,816.9000244140625,703.1845703125,28844751,347.1499938964844,366.70001220703125,326.95001220703125,363.70001220703125,350.6933288574219,24028653,45.553741455078125,50.15815734863281,36.75358581542969,39.69605255126953,38.44388198852539,143318461,1458.5,1497.699951171875,1330.800048828125,1473.0,1426.42529296875,4187765,330.0,337.1000061035156,286.5,319.95001220703125,145.0515594482422,68823449,199.0,204.5,180.39999389648438,186.1649932861328,185.2549285888672,7776380,720.0,729.8499755859375,651.0,683.5999755859375,679.9610595703125,18631076,146.0500030517578,149.8000030517578,119.5,126.5,113.16547393798828,25002971
2016-02-01,504.95001220703125,518.4000244140625,407.3999938964844,415.54998779296875,321.5611267089844,37815050,4100.89990234375,4119.0,3193.25,3236.5,2986.9951171875,21176681,70.8499984741211,72.19999694824219,58.79999923706055,68.75,64.98550415039062,222847294,2560.0,2728.800048828125,2438.0,2499.89990234375,1901.095703125,6612106,263.3473815917969,301.8310546875,262.44610595703125,284.3466796875,271.58599853515625,100232995,104.16000366210938,114.5,95.0,112.6449966430664,101.42790222167969,241218060,118.33333587646484,120.125,97.41666412353516,99.58333587646484,69.97724914550781,153470701,2360.0,2485.0,2171.949951171875,2201.199951171875,1689.355712890625,7016821,2860.0,2936.449951171875,2680.0,2768.60009765625,2674.201904296875,5266790,83.19377136230469,84.5718994140625,72.67501831054688,73.15314483642578,48.43476867675781,198832820,206.36363220214844,206.68182373046875,164.31817626953125,172.77272033691406,162.585205078125,597935323,541.9124145507812,550.8543090820312,498.86187744140625,513.4666748046875,489.8388366699219,8213648,212.43333435058594,217.3000030517578,178.6666717529297,197.10000610351562,146.98756408691406,274324648,151.86666870117188,151.86666870117188,125.16666412353516,129.39999389648438,79.86898803710938,138431809,928.75,939.5999755859375,799.0,830.0,784.880126953125,36739425,213.25,223.9499969482422,169.14999389648438,196.6999969482422,186.3455810546875,89682732,529.0,533.5,464.0,485.92498779296875,447.9519958496094,71472338,338.75,344.70001220703125,265.79998779296875,299.70001220703125,295.191162109375,251270913,874.2000122070312,907.5,827.0999755859375,846.0999755859375,782.6537475585938,20615734,237.71507263183594,238.13795471191406,203.0047149658203,220.95993041992188,210.2940673828125,358157727,432.8999938964844,444.95001220703125,392.4750061035156,406.625,321.0078430175781,48286114,181.9499969482422,181.9499969482422,148.25,158.75,143.2864227294922,640117323,60.66999816894531,68.37950134277344,56.0099983215332,59.320499420166016,58.13179397583008,228218500,1195.550048828125,1220.0,1057.5,1088.4000244140625,907.004638671875,34424190,557.5,557.5,498.1000061035156,500.79998779296875,444.8340759277344,7991220,37.727272033691406,38.04545211791992,31.060606002807617,31.21060562133789,26.072589874267578,167444541,106.0500259399414,107.60627746582031,95.23126983642578,97.5468978881836,95.05913543701172,119516969,613.0,634.5,545.625,614.0499877929688,560.6118774414062,33059574,585.0,597.4749755859375,533.5,542.0250244140625,425.8758544921875,107695046,165.24053955078125,169.5374298095703,145.76321411132812,156.97802734375,148.1122589111328,52082458,23.713613510131836,25.118900299072266,20.117034912109375,23.732669830322266,18.320945739746094,1943944980,591.9000244140625,606.0499877929688,505.0,514.1500244140625,489.5267028808594,41564583,880.7999877929688,898.4500122070312,802.4500122070312,853.9000244140625,792.2728271484375,55267503,750.0,783.2999877929688,677.3666381835938,717.3333129882812,619.1485595703125,81882122,1680.0,1942.0,1660.0250244140625,1890.06005859375,1774.75146484375,15099210,157.4499969482422,157.58999633789062,134.90499877929688,143.03500366210938,139.7233123779297,5548250,617.0,630.8800048828125,562.6099853515625,607.25,584.265625,53925405,410.0,422.5,373.29998779296875,375.75,366.6587219238281,316959771,816.0,866.0,789.75,830.4000244140625,714.8054809570312,24415057,364.5,376.0,301.70001220703125,316.79998779296875,305.47052001953125,26554981,40.077484130859375,43.428627014160156,31.7132511138916,32.01294708251953,31.003137588500977,144103852,1482.0,1525.0,1340.0,1463.8499755859375,1417.5643310546875,3767498,321.70001220703125,337.20001220703125,292.70001220703125,311.0,140.99398803710938,90392112,189.39999389648438,193.89999389648438,155.125,161.19000244140625,160.40199279785156,11964130,683.1500244140625,697.2999877929688,585.75,630.4000244140625,627.0443725585938,19974582,126.80000305175781,128.3000030517578,100.0,103.55000305175781,92.6346664428711,38529711
2016-03-01,417.0,498.3999938964844,416.0,474.95001220703125,367.52606201171875,50950724,3200.89990234375,3777.800048828125,3200.89990234375,3716.300048828125,3429.80712890625,17101559,69.0,92.5,68.5999984741211,87.94999694824219,83.13416290283203,298483120,2513.0,2985.949951171875,2506.199951171875,2945.699951171875,2240.1123046875,10491047,284.3917236328125,325.7143859863281,279.61505126953125,316.1610412597656,301.97259521484375,77860021,113.0,129.39999389648438,112.5999984741211,128.3249969482422,115.54649353027344,155677170,100.0,109.875,99.41666412353516,107.375,76.42369079589844,100709123,2205.10009765625,2457.0,2205.10009765625,2405.949951171875,1846.4954833984375,6624939,2780.0,3265.0,2772.949951171875,3228.75,3118.662109375,8416308,73.68751525878906,79.31251525878906,73.26564025878906,78.24376678466797,52.090206146240234,203418078,177.5,219.40908813476562,177.5,215.13636779785156,202.4508819580078,416479132,516.9153442382812,596.1962890625,510.89752197265625,593.1641845703125,565.868896484375,11075329,203.3333282470703,224.13333129882812,203.3333282470703,218.8333282470703,163.1951904296875,352997959,129.26666259765625,146.10000610351562,125.69999694824219,142.73333740234375,88.0986557006836,213783944,837.0,970.0,834.0,967.5999755859375,915.0,35599979,198.0,250.0,196.35000610351562,247.6999969482422,234.6609344482422,62970988,487.4750061035156,539.4500122070312,485.92498779296875,535.5750122070312,493.7220458984375,62697206,301.1000061035156,393.6000061035156,301.1000061035156,386.6000061035156,380.7837219238281,180650695,852.5999755859375,906.5,842.7000122070312,868.4000244140625,803.2815551757812,23861230,220.51419067382812,241.3838348388672,220.5027618408203,238.91513061523438,227.38255310058594,310902578,406.95001220703125,433.17498779296875,399.95001220703125,407.04998779296875,321.34332275390625,92243840,160.5,198.75,158.5500030517578,194.25,175.32839965820312,485872509,59.60200119018555,69.9000015258789,59.60200119018555,69.24150085449219,67.85399627685547,134785900,1096.5,1275.0,1081.0,1260.1500244140625,1050.1302490234375,42997674,505.0,584.9000244140625,500.05499267578125,575.7349853515625,511.3949279785156,10810190,31.060606002807617,37.84848403930664,30.545454025268555,37.099998474121094,31.056289672851562,256186227,98.4375228881836,106.8750228881836,98.14689636230469,105.7968978881836,103.0987319946289,180298225,608.625,639.8499755859375,592.0,605.3499755859375,552.668701171875,41810708,547.4000244140625,618.5,547.4000244140625,609.1500244140625,478.6168212890625,157601064,156.8903350830078,188.05014038085938,156.31546020507812,185.7409210205078,175.25070190429688,48041281,23.818416595458984,31.035396575927734,23.489721298217773,30.4589900970459,23.51347541809082,1787249685,515.0,549.7000122070312,494.54998779296875,511.95001220703125,487.4320068359375,59126789,861.7000122070312,877.0999755859375,770.0,820.0,760.8195190429688,62145474,724.6666870117188,832.6666870117188,720.6666870117188,811.1333618164062,700.1097412109375,65912958,1895.0,2027.25,1789.5,1918.06005859375,1801.0430908203125,14305990,145.99000549316406,168.0,138.3000030517578,159.1750030517578,155.48960876464844,3714290,608.0,656.5999755859375,577.4299926757812,607.0399780273438,584.0635986328125,42911490,380.1000061035156,449.0,380.1000061035156,444.1499938964844,433.4037780761719,182395017,829.8499755859375,883.0,818.0999755859375,869.5,748.46240234375,31001658,312.5,361.0,310.0,339.1000061035156,326.9729919433594,28410643,32.149173736572266,40.81310272216797,31.931211471557617,40.21371078491211,38.94521713256836,144284904,1479.0,1544.9000244140625,1292.0,1329.300048828125,1287.2689208984375,5612507,311.70001220703125,333.0,291.0,291.95001220703125,132.35752868652344,113340317,161.8000030517578,175.0,161.3000030517578,171.11000061035156,170.27354431152344,14251910,620.0,694.9000244140625,620.0,680.6500244140625,677.0269165039062,46094640,104.19999694824219,125.0,104.19999694824219,121.25,108.46887969970703,30096610
2016-04-01,476.0,489.0,442.8999938964844,486.1499938964844,376.1928405761719,31892490,3700.449951171875,3932.75,3418.5,3794.64990234375,3502.116943359375,22614210,87.5,104.4000015258789,84.3499984741211,96.3499984741211,91.07421875,255389370,2931.10009765625,3172.0,2852.0,2897.39990234375,2234.96044921875,7945159,315.62030029296875,346.9840393066406,293.4493713378906,327.6971435546875,312.9909973144531,75083378,127.13500213623047,138.0,124.0,137.32000732421875,123.64579772949219,124983930,107.25,120.0,104.20833587646484,116.08333587646484,82.62181091308594,96789225,2410.0,2614.5,2350.5,2491.949951171875,1955.4090576171875,3915427,3249.0,3454.89990234375,3092.5,3161.449951171875,3053.656982421875,5769501,78.63751983642578,84.31877136230469,77.68126678466797,80.66252136230469,53.70048522949219,131030156,214.5454559326172,234.36363220214844,199.18182373046875,215.40908813476562,202.70750427246094,469113844,588.049072265625,639.8948974609375,588.049072265625,630.59814453125,601.5802612304688,8361971,217.39999389648438,225.56666564941406,208.3333282470703,216.63333129882812,161.5545196533203,185905765,143.0,150.26666259765625,136.0,144.8333282470703,89.71928405761719,106902997,966.6500244140625,1053.5,935.0,1048.8499755859375,991.8331298828125,29755682,248.0,249.4499969482422,214.6999969482422,238.1999969482422,226.68359375,66031440,534.4000244140625,568.3499755859375,521.4249877929688,566.1749877929688,521.9308471679688,49578794,386.3999938964844,425.25,369.0,408.3500061035156,402.2065124511719,124230334,871.0,895.0,842.75,866.25,801.2925415039062,12068422,237.52078247070312,244.56114196777344,223.74864196777344,224.62869262695312,216.19277954101562,349334205,410.0,431.25,373.6000061035156,375.1499938964844,296.16009521484375,84861542,193.6999969482422,202.5500030517578,180.1999969482422,189.0,170.58981323242188,390063790,69.38999938964844,75.31700134277344,67.9520034790039,68.29100036621094,66.92253112792969,173556700,1252.5,1276.75,1201.1500244140625,1267.75,1056.463623046875,49196874,569.0,624.6749877929688,555.8049926757812,572.5449829101562,508.5613708496094,7094660,36.60606002807617,37.34848403930664,34.31969451904297,35.813636779785156,29.979482650756836,143730510,106.3125228881836,113.81253051757812,101.66252136230469,103.9406509399414,101.28982543945312,176203993,603.3499755859375,698.5,593.3499755859375,665.4749755859375,607.5613403320312,42219778,608.0,633.9500122070312,575.5499877929688,604.0499877929688,474.6096496582031,130358762,186.1209259033203,196.5659942626953,176.64047241210938,183.7337646484375,173.35690307617188,40036677,30.26367950439453,34.68437576293945,29.37286949157715,33.450584411621094,25.822900772094727,1706558445,513.7999877929688,544.2999877929688,497.0,537.0,511.2822570800781,39446705,821.0,841.1500244140625,797.0,811.2999877929688,752.7474365234375,42156971,808.0,859.1666870117188,785.2000122070312,836.4000244140625,721.91796875,43553243,1908.06005859375,2069.97998046875,1863.550048828125,2003.5,1891.5753173828125,7798020,159.7050018310547,172.39999389648438,156.5,169.8800048828125,166.9841766357422,1586950,604.0399780273438,633.780029296875,593.030029296875,617.739990234375,594.3585205078125,26103940,440.8999938964844,484.8999938964844,417.5,472.3999938964844,460.97027587890625,180425584,867.0999755859375,906.9000244140625,845.0999755859375,867.9000244140625,747.0851440429688,21340028,339.0,384.6000061035156,333.79998779296875,355.8999938964844,345.39337158203125,22028996,40.077484130859375,48.387229919433594,39.66880798339844,47.24293518066406,46.247596740722656,150150471,1337.0,1401.449951171875,1295.0,1312.1500244140625,1276.125244140625,4006995,292.0,293.75,271.6499938964844,288.04998779296875,142.86439514160156,94419433,171.1999969482422,193.10000610351562,171.1999969482422,187.53500366210938,186.81500244140625,14189530,682.0,719.7999877929688,655.5,717.1500244140625,713.3326416015625,31440960,122.0,124.19999694824219,115.0,120.05000305175781,107.3953857421875,20592954
2016-05-01,485.0,564.0,459.70001220703125,540.3499755859375,418.1339111328125,44820189,3799.89990234375,4180.0,3751.60009765625,4161.60009765625,3840.778564453125,16442894,96.4000015258789,107.6500015258789,83.5,105.25,99.48689270019531,310667732,2893.0,3129.0,2820.35009765625,3098.89990234375,2390.390869140625,9500161,327.1563720703125,340.1795654296875,305.7966003417969,316.7018127441406,302.48907470703125,87977066,137.0,140.3000030517578,125.3550033569336,138.9149932861328,125.08193969726562,135801480,116.08333587646484,123.29166412353516,111.16666412353516,119.29166412353516,84.90533447265625,166625148,2484.0,2642.0,2364.35009765625,2618.35009765625,2054.593994140625,5998963,3170.60009765625,3269.5,3062.050048828125,3226.699951171875,3116.682373046875,4634505,80.4375228881836,86.03439331054688,78.46876525878906,84.3750228881836,56.17205047607422,118922949,206.63636779785156,226.36363220214844,193.81817626953125,222.40908813476562,209.2947540283203,503330739,628.7850952148438,679.6047973632812,624.927490234375,672.2908325195312,641.3544921875,7868770,215.5,242.6666717529297,204.0,234.03334045410156,174.53062438964844,269413517,145.3333282470703,147.43333435058594,133.3333282470703,140.5,87.03491973876953,145506680,1043.0,1113.550048828125,1025.25,1102.8499755859375,1042.8974609375,25339253,237.0,242.4499969482422,169.6999969482422,192.14999389648438,182.8599853515625,198503146,563.875,597.5,556.5750122070312,590.9500122070312,544.7697143554688,54884412,407.95001220703125,464.8999938964844,376.1000061035156,459.6499938964844,452.73468017578125,310845164,864.0,1004.25,860.6500244140625,984.8499755859375,910.9992065429688,27049487,223.78292846679688,227.4288330078125,211.5880126953125,218.94839477539062,210.72579956054688,298363064,375.0,381.8500061035156,353.20001220703125,369.8999938964844,292.0155029296875,138287286,187.60000610351562,205.6999969482422,166.39999389648438,204.9499969482422,184.9861602783203,535804201,68.73999786376953,78.58049774169922,67.5,75.88800048828125,74.3673095703125,400555500,1264.5,1323.5,1215.5,1284.699951171875,1070.5882568359375,33659726,573.9949951171875,635.9000244140625,548.2050170898438,609.7349853515625,541.59521484375,10034260,35.45909118652344,36.51515197753906,32.78787612915039,35.70454406738281,29.88816261291504,172629699,103.3125228881836,103.67814636230469,99.6562728881836,102.27189636230469,99.66362762451172,137127981,659.5,681.5999755859375,629.625,661.1500244140625,603.61279296875,38239184,605.0,636.0,585.3250122070312,624.3250122070312,490.5398864746094,110289612,187.6409149169922,237.7031707763672,187.6409149169922,230.0252685546875,217.03395080566406,109189962,33.25050735473633,33.88407897949219,29.653926849365234,31.85474967956543,24.590961456298828,1450669396,536.9500122070312,547.0,457.45001220703125,472.6499938964844,450.01409912109375,44420438,813.75,842.0,756.0,762.75,707.7013549804688,70084277,830.6666870117188,997.6333618164062,815.5333251953125,982.3666381835938,847.9055786132812,77240355,1998.4949951171875,2050.0,1801.0,1848.5849609375,1745.3145751953125,24818960,171.39999389648438,187.89999389648438,160.2899932861328,163.4550018310547,160.66873168945312,6703820,616.1900024414062,639.739990234375,564.4000244140625,636.6199951171875,612.5239868164062,43242165,474.3500061035156,525.0,458.45001220703125,515.2000122070312,502.7347412109375,185275967,867.0,869.7000122070312,806.1500244140625,848.2000122070312,730.12744140625,40775944,357.70001220703125,384.8500061035156,353.20001220703125,360.5,349.8575439453125,62677943,47.02497482299805,48.30549240112305,37.32573318481445,39.69605255126953,38.859718322753906,118346092,1303.0,1406.4000244140625,1280.0,1369.0999755859375,1331.51171875,4871439,288.70001220703125,295.95001220703125,272.3999938964844,291.3999938964844,144.52589416503906,89915445,188.0,199.0,172.55499267578125,182.06500244140625,181.365966796875,13562850,714.2000122070312,754.5,692.5,746.5499877929688,742.5760498046875,37368485,119.3499984741211,124.0999984741211,115.30000305175781,117.75,105.33782196044922,20406501
2016-06-01,541.0,557.5499877929688,493.54998779296875,505.75,391.35968017578125,29737381,4170.7001953125,4235.0,3866.60009765625,4187.2001953125,3864.4052734375,13500622,105.3499984741211,124.6500015258789,102.19999694824219,122.8499984741211,116.12317657470703,294411988,3123.699951171875,3226.0,2954.550048828125,3178.25,2451.598876953125,7855363,318.6394958496094,333.4651794433594,304.03912353515625,330.5811767578125,315.7456359863281,66337318,139.60000610351562,147.5,133.00999450683594,146.43499755859375,131.85311889648438,128751540,119.08333587646484,130.8333282470703,117.95833587646484,130.25,92.70484924316406,90766767,2635.0,2703.0,2550.0,2689.949951171875,2110.777587890625,5084484,3226.699951171875,3438.0,3183.300048828125,3411.0,3294.698486328125,4878801,84.7125244140625,92.1656494140625,83.30626678466797,91.7437744140625,61.077735900878906,131526076,221.72726440429688,237.4545440673828,201.0,218.68182373046875,205.78729248046875,341558269,672.31396484375,724.885009765625,654.2373657226562,719.9241943359375,686.7959594726562,11204665,235.3333282470703,247.8000030517578,230.43333435058594,245.60000610351562,184.1816864013672,229838404,140.93333435058594,148.46665954589844,138.0,144.1999969482422,89.32695770263672,101928866,1103.0,1132.5,1045.75,1111.5999755859375,1051.1717529296875,20969331,192.85000610351562,211.89999389648438,192.5,206.85000610351562,196.8492889404297,96614344,591.4749755859375,595.9249877929688,572.125,588.2249755859375,542.257568359375,58951816,455.75,489.8999938964844,421.25,459.25,452.3407287597656,242209799,989.0499877929688,1037.449951171875,963.5999755859375,1003.2999877929688,928.0657958984375,22021502,218.97125244140625,227.2459716796875,213.3595428466797,221.53138732910156,213.2117919921875,261190948,372.0,390.7250061035156,354.0,365.2250061035156,290.6910705566406,104578732,205.9499969482422,221.89999389648438,195.39999389648438,218.8000030517578,197.48704528808594,671633313,75.27999877929688,80.94999694824219,74.16400146484375,79.96700286865234,78.36457061767578,167964600,1285.5999755859375,1338.8499755859375,1229.199951171875,1276.550048828125,1063.797119140625,43850532,611.5999755859375,670.5,610.905029296875,649.2349853515625,579.52294921875,8268090,35.878787994384766,39.81666564941406,34.54545211791992,38.396968841552734,32.14198684692383,264243837,102.3000259399414,105.9094009399414,100.01252746582031,104.61565399169922,101.9476089477539,149110511,664.5,718.5,657.5,714.9749755859375,652.7536010742188,48775530,623.0250244140625,639.6500244140625,577.5499877929688,585.4000244140625,459.9561767578125,134138100,230.0447540283203,238.7165069580078,213.5879364013672,234.604736328125,221.3548126220703,73931972,32.00242233276367,33.18381881713867,28.229585647583008,30.673355102539062,23.6789608001709,1390797913,474.70001220703125,506.79998779296875,459.0,501.0,477.0063781738281,32521726,767.0499877929688,779.3499755859375,710.1500244140625,763.0999755859375,708.02587890625,89321547,980.0333251953125,1011.3333129882812,934.0,997.6666870117188,861.1112060546875,58085438,1850.0,1934.93505859375,1800.0,1922.239990234375,1814.854736328125,6417500,163.4550018310547,184.44000244140625,158.0,181.64999389648438,178.55352783203125,3325470,638.0,678.6199951171875,599.9600219726562,676.3400268554688,650.7406005859375,44281235,524.8499755859375,549.1500244140625,492.79998779296875,533.5,520.5919799804688,169208561,852.1500244140625,908.0,835.0,898.5499877929688,773.4686279296875,28074289,359.0,410.1499938964844,351.70001220703125,406.25,394.2569580078125,24681258,39.77779006958008,47.81508255004883,38.197574615478516,47.270179748535156,46.274269104003906,134487289,1376.0,1418.0,1267.8499755859375,1315.5,1279.38330078125,4304078,292.04998779296875,318.8999938964844,289.04998779296875,313.0,155.23887634277344,68416364,183.59500122070312,239.0,176.2100067138672,232.16000366210938,231.26864624023438,40800460,749.75,778.8499755859375,710.75,763.3499755859375,759.2865600585938,30755361,118.19999694824219,131.9499969482422,117.0999984741211,131.1999969482422,117.37004852294922,41904256
2016-07-01,508.20001220703125,524.0,482.1000061035156,487.95001220703125,377.5856628417969,23171863,4188.60009765625,4824.0,4125.0,4757.60009765625,4390.83203125,13166479,124.0,141.4499969482422,123.1500015258789,133.5500030517578,126.2373046875,234376477,3188.699951171875,3306.949951171875,3095.0,3203.14990234375,2470.8056640625,5617180,329.6799011230469,344.10003662109375,318.143798828125,326.3002014160156,311.65673828125,53418772,147.50999450683594,176.1300048828125,145.0,167.52000427246094,150.83848571777344,145755530,129.4166717529297,133.6666717529297,119.04166412353516,131.9583282470703,93.92076873779297,96590472,2697.5,2801.85009765625,2590.0,2700.800048828125,2119.2919921875,6025920,3410.0,3739.39990234375,3346.35009765625,3718.199951171875,3591.42431640625,5325468,92.2500228881836,100.6031494140625,90.11251831054688,99.0000228881836,65.90852355957031,173662622,219.72726440429688,249.09091186523438,217.77272033691406,239.0,229.5360565185547,275956385,718.4351806640625,763.7848510742188,697.449951171875,755.2364501953125,720.4832763671875,14656419,243.3000030517578,259.75,242.1999969482422,252.4499969482422,189.31869506835938,196407128,144.60000610351562,161.03334045410156,144.3000030517578,146.73333740234375,90.8962631225586,160195019,1125.0,1192.0,1095.5,1175.6500244140625,1116.3453369140625,30291765,205.10000610351562,233.5,203.8000030517578,232.39999389648438,221.1639862060547,93620903,590.0,625.625,580.4500122070312,623.0999755859375,579.121826171875,58237936,463.6000061035156,513.3499755859375,454.1000061035156,503.20001220703125,495.6295471191406,130370299,1002.7999877929688,1153.800048828125,983.3499755859375,1114.1500244140625,1036.1038818359375,21816856,222.3542938232422,237.44078063964844,221.72567749023438,231.98907470703125,223.2767333984375,232305291,367.5,379.4750061035156,355.125,376.4750061035156,299.645263671875,66534532,220.8000030517578,235.14999389648438,216.5,229.39999389648438,209.7740936279297,333949518,80.5,104.78399658203125,79.94999694824219,103.72650146484375,101.64796447753906,392177700,1281.0,1317.449951171875,1201.75,1309.6500244140625,1102.702880859375,52253628,651.489990234375,736.9000244140625,639.0,718.8350219726562,641.6495361328125,7627210,38.48484802246094,39.14393997192383,36.70000076293945,37.451515197753906,31.35054588317871,158717691,104.9531478881836,108.3375244140625,97.1250228881836,102.1968994140625,99.59054565429688,184144083,716.5,742.5999755859375,714.5250244140625,733.375,669.5523071289062,37119602,590.0,598.0250244140625,526.0,536.9249877929688,426.78076171875,206636530,236.70933532714844,257.61895751953125,225.0755615234375,249.47335815429688,235.38369750976562,74822410,31.10685157775879,36.146827697753906,29.734909057617188,33.8269157409668,26.113418579101562,1675863868,502.0,535.5,499.8500061035156,527.4000244140625,502.1420593261719,29463580,769.0,839.7999877929688,762.0499877929688,829.9500122070312,770.0513916015625,65874944,1003.2000122070312,1076.6666259765625,1000.4666748046875,1039.2332763671875,896.9884643554688,45999099,1922.199951171875,2252.0,1905.0150146484375,2246.0849609375,2120.608642578125,8108700,182.49000549316406,185.0,173.24000549316406,183.11000061035156,179.98867797851562,2914460,686.0,737.969970703125,585.02001953125,587.0700073242188,564.8494262695312,65846870,535.7999877929688,576.7999877929688,518.5,546.1500244140625,532.9359130859375,143979135,898.5999755859375,951.4500122070312,886.0999755859375,922.5499877929688,802.8925170898438,24837369,413.79998779296875,435.0,391.5,421.3999938964844,408.9596862792969,15984734,47.433650970458984,47.542633056640625,43.31964874267578,43.946285247802734,43.0203971862793,161020891,1316.0,1396.0,1312.0999755859375,1361.9000244140625,1324.509521484375,3270756,313.0,335.79998779296875,309.54998779296875,328.0,162.67845153808594,56494805,232.10000610351562,278.489990234375,229.2050018310547,272.3900146484375,271.34417724609375,42134960,764.0,787.5,737.5999755859375,763.5,759.4358520507812,36153342,132.0,144.6999969482422,128.8000030517578,142.14999389648438,127.165771484375,43465907
2016-08-01,485.20001220703125,509.70001220703125,448.54998779296875,468.79998779296875,367.13555908203125,36905519,4798.9501953125,5103.89990234375,4772.25,5053.64990234375,4664.05908203125,15033481,134.5,164.6999969482422,133.60000610351562,159.25,150.53004455566406,239298941,3220.699951171875,3582.699951171875,3195.60009765625,3541.35009765625,2731.682373046875,10622198,327.56195068359375,334.81707763671875,296.288330078125,298.9019775390625,285.4880676269531,69878692,168.5,179.89999389648438,164.3249969482422,175.30999755859375,158.66600036621094,114326660,132.1666717529297,141.6666717529297,130.5833282470703,132.7083282470703,94.45457458496094,104353378,2710.10009765625,3037.75,2705.0,2978.5,2341.606201171875,5103931,3730.0,4063.89990234375,3636.75,4028.699951171875,3902.16357421875,5068103,99.0000228881836,104.0625228881836,97.0031509399414,103.3312759399414,68.79202270507812,206037627,232.63636779785156,237.5454559326172,215.13636779785156,234.5454559326172,225.2579345703125,344061087,757.936767578125,827.2265625,641.2141723632812,720.5568237304688,687.3994750976562,43112795,252.0,262.0,245.8000030517578,260.04998779296875,195.0181121826172,178062475,148.1999969482422,162.60000610351562,145.06666564941406,157.53334045410156,97.58650970458984,126301844,1173.0,1211.9000244140625,1145.449951171875,1186.199951171875,1126.3629150390625,20951107,234.4499969482422,279.70001220703125,221.5,262.95001220703125,250.23696899414062,134998949,624.5,647.5,606.9000244140625,645.5999755859375,600.0338134765625,58470838,506.79998779296875,548.7999877929688,475.5,537.7000122070312,529.8250122070312,158425947,1119.5999755859375,1173.9000244140625,1091.050048828125,1157.9000244140625,1076.7889404296875,17575481,232.6976776123047,245.4983367919922,224.7886962890625,242.2981719970703,233.1986541748047,270476979,376.5,429.25,375.54998779296875,389.2749938964844,309.83306884765625,98897412,230.8000030517578,260.3999938964844,223.1999969482422,252.5,230.89781188964844,472055972,104.5999984741211,117.69999694824219,97.2344970703125,110.11100006103516,107.99267578125,377267500,1316.0,1372.4000244140625,1233.375,1255.6500244140625,1059.9754638671875,46041780,717.2000122070312,721.5150146484375,647.0,652.5549926757812,582.486328125,6157560,37.45454406738281,38.39393997192383,36.39393997192383,36.983333587646484,30.95863151550293,138719229,102.1968994140625,105.3281478881836,89.45626831054688,92.18439483642578,89.99362182617188,203221017,736.4500122070312,754.4749755859375,704.0,718.2999877929688,661.2186889648438,47467214,535.75,547.5,504.54998779296875,517.9249877929688,411.6783447265625,156232044,249.62925720214844,258.0866394042969,239.19393920898438,241.064697265625,227.44993591308594,50423604,33.93171310424805,37.59975051879883,33.750694274902344,35.26078414916992,27.833654403686523,1431763932,528.7999877929688,587.5,510.20001220703125,572.9500122070312,545.5106201171875,43040300,837.9000244140625,854.9500122070312,746.5999755859375,775.6500244140625,719.6704711914062,71092470,1039.36669921875,1057.3333740234375,946.1333618164062,1008.6333618164062,870.576904296875,53858243,2274.97998046875,2342.925048828125,2100.5,2275.094970703125,2147.997802734375,9726800,184.0,220.0,181.5,217.5749969482422,213.8661651611328,3976530,590.5999755859375,626.030029296875,586.0,617.969970703125,597.9127197265625,33112405,546.25,603.8499755859375,540.8499755859375,596.8499755859375,587.8552856445312,307455114,930.0,947.0,900.0,917.0499877929688,798.1057739257812,22334367,423.1000061035156,429.0,392.0,418.5,406.14532470703125,24085222,44.191490173339844,44.54567337036133,38.442779541015625,39.66880798339844,38.83304977416992,152542414,1363.5,1443.0,1328.0999755859375,1349.949951171875,1312.8873291015625,3650483,329.29998779296875,349.95001220703125,320.6499938964844,333.5,165.4062957763672,76746003,273.9800109863281,299.70001220703125,257.614990234375,296.7300109863281,295.5906982421875,36754930,766.0,814.9500122070312,748.0,806.9000244140625,803.1229248046875,28940614,143.0,147.0,135.10000610351562,140.25,125.46605682373047,46299580
2016-09-01,470.0,483.5,418.70001220703125,419.8500061035156,328.8008728027344,34881971,5074.0,5634.10009765625,5019.2998046875,5477.2998046875,5090.20556640625,14057489,159.0,163.4499969482422,138.5500030517578,152.6999969482422,144.33868408203125,200905467,3560.0,3740.0,3388.10009765625,3413.699951171875,2633.217529296875,7465393,297.4148864746094,299.5328369140625,271.72906494140625,282.9947814941406,271.3599853515625,118674281,175.21499633789062,188.59500122070312,165.22500610351562,172.93499755859375,156.51649475097656,116989120,133.0833282470703,136.6666717529297,122.75,123.33333587646484,87.78197479248047,81165352,2978.5,3120.0,2816.800048828125,2827.60009765625,2222.973388671875,5621465,3960.0,4129.7001953125,3833.60009765625,3851.550048828125,3730.578125,5272115,103.2187728881836,105.5812759399414,96.49690246582031,99.30940246582031,66.11449432373047,144870744,235.22726440429688,257.9545593261719,221.18182373046875,229.22726440429688,220.15032958984375,383196883,717.6636352539062,767.8121337890625,700.080810546875,746.2946166992188,711.952880859375,18169614,261.0,265.8999938964844,240.5,241.35000610351562,180.99452209472656,178163132,158.0,175.56666564941406,156.73333740234375,171.10000610351562,107.43518829345703,195151524,1191.75,1256.050048828125,1161.9000244140625,1195.949951171875,1135.62109375,22884027,263.1499938964844,277.70001220703125,249.10000610351562,256.75,244.3367462158203,88897430,644.0,659.2249755859375,632.7000122070312,636.4249877929688,591.5064086914062,52030484,540.5,598.4000244140625,516.6500244140625,534.8499755859375,527.0166015625,164094093,1159.8499755859375,1213.9000244140625,1137.0,1160.699951171875,1079.3927001953125,15176879,240.69808959960938,258.1961364746094,229.10891723632812,247.71559143066406,238.4126434326172,449513618,390.6499938964844,403.5,375.25,399.95001220703125,320.6850891113281,70208506,251.9499969482422,271.6000061035156,243.5,251.25,229.7547607421875,302189008,110.30500030517578,118.38999938964844,101.12000274658203,105.58999633789062,103.55865478515625,212814390,1262.449951171875,1267.4749755859375,1142.375,1215.4000244140625,1025.9974365234375,51842742,652.5,662.5,620.0,643.2849731445312,575.2260131835938,7235980,37.02424240112305,39.3636360168457,35.79090881347656,37.719696044921875,31.948495864868164,285119274,91.81877136230469,91.8281478881836,88.1250228881836,89.80314636230469,87.6689682006836,212424614,719.5,750.0,675.0,702.8499755859375,646.9964599609375,40052706,519.0,534.4500122070312,512.0,518.0250244140625,411.7579650878906,118830420,240.69444274902344,242.029296875,214.77664184570312,226.56631469726562,213.77035522460938,66874698,35.3751106262207,38.92881774902344,33.850730895996094,35.65616989135742,28.145755767822266,1352145499,575.0,617.7999877929688,562.25,580.0499877929688,552.2705688476562,36395120,775.5999755859375,818.5,732.0,742.7000122070312,689.0983276367188,45905328,1008.6666870117188,1030.63330078125,941.0,955.433349609375,834.7984008789062,41460716,2275.10009765625,2664.1298828125,2226.60498046875,2482.780029296875,2344.080322265625,11476070,217.5749969482422,249.8000030517578,205.0,213.4499969482422,209.8114776611328,2951134,614.010009765625,645.5399780273438,611.6599731445312,621.47998046875,601.308837890625,21010565,597.0499877929688,638.2999877929688,523.4500122070312,541.3499755859375,533.1917724609375,215611228,917.0999755859375,954.0,865.0,867.8499755859375,755.2870483398438,26186308,419.0,444.5,383.20001220703125,395.1000061035156,383.4361572265625,20844563,39.723297119140625,40.81310272216797,34.49224853515625,35.800010681152344,35.04576110839844,94035392,1352.0,1414.949951171875,1273.0,1313.4000244140625,1277.3409423828125,4700366,334.1000061035156,339.0,316.8999938964844,322.29998779296875,159.85142517089844,65389798,296.20001220703125,342.4800109863281,286.2099914550781,306.9549865722656,305.77642822265625,40312360,813.0,825.4000244140625,766.0999755859375,777.0,773.3629150390625,89904501,140.25,149.14999389648438,134.35000610351562,139.60000610351562,126.91223907470703,46292886
2016-10-01,420.0,444.0,405.5,435.6499938964844,341.17449951171875,63453040,5661.0,5948.0,5574.60009765625,5876.14990234375,5460.86865234375,9628696,154.5,162.8000030517578,147.39999389648438,149.64999389648438,142.36105346679688,150794699,3436.39990234375,3594.0,3301.199951171875,3351.85009765625,2608.76123046875,7293716,282.9947814941406,293.945068359375,266.9974670410156,287.3658752441406,275.5513610839844,62338527,174.49000549316406,182.5,161.64999389648438,165.88499450683594,150.1357879638672,136058660,123.95833587646484,129.125,119.41666412353516,126.875,91.29351043701172,83544046,2830.0,2917.0,2743.64990234375,2848.10009765625,2239.090087890625,4219720,3874.89990234375,4074.699951171875,3853.60009765625,3982.699951171875,3857.608642578125,4472207,99.64689636230469,103.16252136230469,96.77815246582031,98.94377136230469,66.4139175415039,113076933,228.18182373046875,265.0909118652344,217.36363220214844,251.68182373046875,241.7156982421875,421840208,750.6845092773438,799.8300170898438,734.6755981445312,744.7438354492188,714.8900146484375,13585927,244.1999969482422,246.5500030517578,233.5,243.10000610351562,182.306884765625,163467242,171.3333282470703,198.26666259765625,168.26666259765625,191.26666259765625,120.0980453491211,185994517,1201.0,1245.5999755859375,1171.0999755859375,1199.800048828125,1139.2769775390625,17166267,260.70001220703125,317.0,248.10000610351562,307.0,292.1572570800781,103956760,640.5,650.0250244140625,612.0750122070312,629.5250244140625,585.0934448242188,39439216,539.4000244140625,571.0999755859375,510.75,537.0,529.1351928710938,107519886,1170.0,1227.300048828125,1066.050048828125,1069.9000244140625,994.9531860351562,19693764,248.46990966796875,257.4418029785156,238.50369262695312,241.14382934570312,232.0876922607422,268973307,402.5,424.3500061035156,380.0,381.57501220703125,305.95172119140625,64053566,253.0,264.8999938964844,245.85000610351562,258.0,235.92726135253906,244910301,106.9000015258789,116.33000183105469,104.01000213623047,107.25499725341797,105.19161987304688,152440960,1225.0,1228.824951171875,1145.5,1199.3499755859375,1012.4486694335938,41500766,643.2899780273438,700.0,643.2899780273438,698.5750122070312,624.66650390625,4563300,37.72121047973633,40.227272033691406,37.5772705078125,39.430301666259766,33.397377014160156,165941556,90.0000228881836,93.96564483642578,85.14376831054688,86.64376831054688,84.58467102050781,160903968,706.5,727.375,645.0,655.9000244140625,603.7774047851562,33500990,517.75,541.3499755859375,496.57501220703125,498.75,396.4368896484375,119388948,228.71963500976562,244.5626220703125,208.31668090820312,210.42129516601562,198.53720092773438,53138798,35.90864181518555,41.14869689941406,35.851478576660156,38.62870788574219,30.492177963256836,1410273768,584.7000122070312,603.8499755859375,566.5,575.1500244140625,549.4985961914062,23000704,750.0,773.0,732.0,743.4000244140625,690.6340942382812,33362226,958.7000122070312,1013.3333129882812,954.2000122070312,987.1333618164062,862.4959106445312,31746045,2532.0,2650.5,2367.6298828125,2402.0,2267.813232421875,7047350,213.4499969482422,228.0,195.0,199.39999389648438,196.00096130371094,1353977,622.9199829101562,679.97998046875,602.4000244140625,672.6900024414062,650.8566284179688,30594480,542.9500122070312,553.3499755859375,477.29998779296875,486.8999938964844,479.5622863769531,187522095,878.0,889.7000122070312,818.4000244140625,836.5,728.0032958984375,28309572,398.0,408.8999938964844,361.1000061035156,373.54998779296875,362.5223083496094,28198624,35.96348190307617,39.66880798339844,35.96348190307617,36.45389175415039,35.68586349487305,87485445,1333.0999755859375,1393.4000244140625,1311.6500244140625,1340.0,1303.2103271484375,2687704,323.1000061035156,329.0,309.6499938964844,324.79998779296875,161.09136962890625,56463619,310.8999938964844,344.5,308.8999938964844,338.32000732421875,337.0211181640625,34719610,788.9500122070312,822.0,764.0,819.3499755859375,815.5146484375,28002925,140.9499969482422,157.6999969482422,135.64999389648438,139.9499969482422,127.23040771484375,71326930
2016-11-01,436.0,495.8500061035156,409.0,485.20001220703125,379.97900390625,81613474,5919.0,5974.0,4765.2998046875,5266.0,4893.83935546875,20804104,150.5,184.8000030517578,149.6999969482422,175.75,167.18978881835938,336194611,3380.0,3401.0,2849.5,3166.050048828125,2464.15185546875,10965244,286.5998229980469,294.5308837890625,255.1008758544922,292.548095703125,280.5205078125,66261298,166.10000610351562,177.8699951171875,154.5399932861328,172.89999389648438,156.48480224609375,128842960,126.41666412353516,137.6666717529297,121.33333587646484,135.9583282470703,97.82946014404297,133463848,2830.39990234375,2875.25,2510.0,2685.14990234375,2110.9833984375,7022784,3984.0,3990.0,3275.0,3603.449951171875,3490.2705078125,15273051,98.5781478881836,110.47502899169922,93.9094009399414,107.94377899169922,72.45494842529297,213722278,254.0454559326172,271.2727355957031,222.72726440429688,241.40908813476562,231.84976196289062,499721588,753.6934204101562,755.1978759765625,603.2479248046875,671.4498901367188,644.5341186523438,25518297,242.8000030517578,259.6499938964844,222.10000610351562,232.5,174.357666015625,286821262,193.53334045410156,194.13333129882812,166.6666717529297,192.60000610351562,120.93523406982422,164615620,1197.0,1236.449951171875,1036.699951171875,1086.6500244140625,1031.834716796875,33035858,307.0,308.0,245.14999389648438,277.8999938964844,264.4642028808594,97722875,628.0,644.5,579.0,599.7999877929688,557.4664306640625,76076534,534.4000244140625,549.3499755859375,443.1499938964844,459.29998779296875,452.57318115234375,169878493,1077.0999755859375,1088.199951171875,869.0,969.9000244140625,901.9583740234375,41301700,240.3094940185547,241.37240600585938,212.5823516845703,226.30877685546875,217.8097686767578,286209310,385.8999938964844,413.75,368.0,401.8999938964844,324.71209716796875,77136840,257.0,288.79998779296875,235.0,258.3500061035156,236.24732971191406,486405242,108.69999694824219,108.99500274658203,76.2300033569336,91.9800033569336,90.2104721069336,445629930,1199.8499755859375,1199.8499755859375,1025.949951171875,1138.0250244140625,963.2584228515625,54418020,692.5,696.0750122070312,565.60498046875,628.969970703125,562.4256591796875,10826790,40.30302810668945,43.78787612915039,36.490909576416016,43.607574462890625,36.93553161621094,233905584,87.1968994140625,88.30314636230469,76.51876831054688,87.2343978881836,85.16126251220703,190509308,660.4500122070312,696.6749877929688,576.625,592.5499877929688,545.4617919921875,50163204,503.3999938964844,503.3999938964844,450.5,487.7749938964844,391.87152099609375,166172762,210.703857421875,214.0751190185547,154.92213439941406,176.250732421875,166.29649353027344,121817821,38.57154083251953,42.06332015991211,34.89874267578125,39.5433349609375,31.21415901184082,1431750971,579.4500122070312,579.4500122070312,486.54998779296875,566.5999755859375,541.3297119140625,29840502,749.0,749.0,571.9000244140625,709.7999877929688,659.4190063476562,134430006,987.3333129882812,987.3666381835938,863.4000244140625,921.8333129882812,805.4407348632812,74641213,2435.0,2552.090087890625,1953.0,2161.97998046875,2041.20166015625,15316830,201.5,209.60000610351562,179.10000610351562,180.25,177.1774139404297,1421666,665.5999755859375,672.3499755859375,592.010009765625,639.3800048828125,618.6278076171875,34371335,488.04998779296875,513.5999755859375,458.04998779296875,469.8500061035156,462.76922607421875,183295478,835.0,866.4000244140625,783.25,844.0,734.5305786132812,30211072,379.5,384.29998779296875,296.1499938964844,323.5,313.9498596191406,56028081,36.671852111816406,37.38022232055664,31.794986724853516,37.080528259277344,36.29930114746094,81935736,1344.949951171875,1351.0999755859375,1142.3499755859375,1195.300048828125,1162.4833984375,4721539,326.5,337.29998779296875,289.29998779296875,308.6000061035156,153.05661010742188,65936283,344.0,348.0,248.0,299.0,297.8520202636719,101560550,819.9000244140625,833.4500122070312,736.2000122070312,755.4500122070312,751.913818359375,42365163,139.39999389648438,140.75,114.25,123.8499984741211,112.59370422363281,52438124
2016-12-01,480.04998779296875,493.0,453.75,488.8999938964844,382.87664794921875,34821614,5266.0,5377.89990234375,5035.0498046875,5319.5498046875,4943.6044921875,13016816,176.8000030517578,183.4499969482422,147.85000610351562,155.0500030517578,147.4980010986328,184197556,3161.0,3333.0,2958.0,3043.64990234375,2368.886962890625,6050583,292.0073547363281,304.1292724609375,260.1929626464844,275.4692687988281,264.1438293457031,62237780,172.89999389648438,173.08999633789062,151.1649932861328,162.75,147.29843139648438,106295440,135.9583282470703,140.0,131.5833282470703,137.2916717529297,98.78887176513672,79317929,2684.0,2789.25,2551.0,2632.199951171875,2069.355712890625,4383675,3619.699951171875,3668.0,3050.0,3250.199951171875,3148.115234375,6431225,108.28128051757812,108.28128051757812,99.30940246582031,103.2187728881836,69.2834243774414,153357070,242.0454559326172,245.27272033691406,224.27272033691406,232.09091186523438,222.9005584716797,253998739,675.0759887695312,693.5923461914062,617.2509155273438,665.6249389648438,638.9427490234375,18499315,232.8000030517578,242.39999389648438,222.0,241.64999389648438,181.219482421875,186837191,196.6666717529297,209.73333740234375,187.6999969482422,191.35000610351562,122.13267517089844,156711459,1084.0,1116.949951171875,1037.0,1107.9000244140625,1052.0128173828125,23437818,280.0,291.6499938964844,257.25,268.45001220703125,255.4711151123047,72455318,601.1500244140625,606.0,581.7999877929688,603.0999755859375,560.533447265625,46954944,457.0,486.25,428.29998779296875,472.0,465.0871887207031,181549238,967.0,968.0,851.0999755859375,891.0499877929688,830.6893920898438,29141019,228.5831756591797,248.01275634765625,225.49729919433594,247.41842651367188,238.12664794921875,288656351,401.95001220703125,420.0,385.54998779296875,413.9750061035156,334.4679260253906,51589842,259.6499938964844,269.3500061035156,243.10000610351562,250.1999969482422,228.79458618164062,258918951,92.5999984741211,92.98999786376953,76.05000305175781,84.22000122070312,82.59977722167969,350750370,1138.5,1189.300048828125,1072.824951171875,1182.7750244140625,1001.136474609375,41661230,624.2999877929688,639.27001953125,574.5999755859375,602.8350219726562,539.0557861328125,6530740,43.60908889770508,46.212120056152344,40.30908966064453,41.668182373046875,35.29286193847656,248798418,88.06877136230469,89.4375228881836,84.6562728881836,88.95939636230469,86.84526824951172,106161002,595.0,609.5,570.7000122070312,592.3499755859375,545.2775268554688,34377352,488.0,511.0,479.0,505.29998779296875,405.9508972167969,124829654,176.74765014648438,181.01531982421875,151.61907958984375,166.3123321533203,157.5121612548828,96184573,39.7624626159668,41.47739028930664,35.951515197753906,37.275821685791016,29.424253463745117,876559031,567.0,589.1500244140625,548.0999755859375,568.7999877929688,543.431640625,22727120,709.7999877929688,730.9500122070312,608.0,630.0,585.2830810546875,108430165,924.2666625976562,935.0,868.3333129882812,899.4000244140625,785.8399658203125,31783043,2175.0,2370.0048828125,2022.800048828125,2180.304931640625,2058.503173828125,13448700,183.89999389648438,211.0,175.0,200.39999389648438,196.98394775390625,4630868,641.0,649.4500122070312,595.8200073242188,612.0800170898438,592.2139282226562,20132235,474.0,480.70001220703125,427.0,449.95001220703125,443.1691589355469,167335769,844.0,855.7000122070312,781.9500122070312,826.3499755859375,725.23876953125,16214478,323.0,335.5,307.1000061035156,326.79998779296875,317.1524353027344,27208630,37.21675109863281,42.039127349853516,36.235931396484375,41.712188720703125,40.833377838134766,82607897,1193.0,1252.0,1111.5999755859375,1179.9000244140625,1147.506103515625,3237559,309.20001220703125,313.6499938964844,282.5,300.0,148.791259765625,70395794,300.8999938964844,309.5,254.1300048828125,289.4849853515625,288.3735656738281,30056570,755.0,756.4500122070312,704.0999755859375,719.7000122070312,716.3311157226562,26148343,124.6500015258789,126.8499984741211,116.30000305175781,122.0,110.91183471679688,21671549
2017-01-01,494.5,507.0,425.5,452.20001220703125,354.1354064941406,45539583,5320.0498046875,5939.0,5267.7998046875,5894.25,5477.68896484375,10702685,155.85000610351562,195.3000030517578,154.1999969482422,189.9499969482422,180.69813537597656,266861171,3042.0,3275.949951171875,2962.550048828125,3172.35009765625,2469.05517578125,8039519,273.17108154296875,333.4201354980469,269.6111145019531,313.8177795410156,300.915771484375,99957367,162.8000030517578,201.39999389648438,160.60000610351562,198.14999389648438,179.33755493164062,121348856,137.5416717529297,148.5416717529297,134.25,143.625,103.34603881835938,125050669,2642.699951171875,2919.0,2552.0,2833.449951171875,2227.572509765625,5528379,3300.0,3764.0,3261.0,3694.449951171875,3578.412109375,5039963,103.2187728881836,117.70315551757812,102.7125244140625,116.5500259399414,78.23171997070312,221287939,233.0,250.5454559326172,225.5454559326172,244.5,234.8182830810547,397302584,669.6754150390625,775.79736328125,645.4884033203125,702.5033569335938,674.3427734375,28845626,242.0,266.95001220703125,238.60000610351562,258.1000061035156,193.5557403564453,189740541,191.8000030517578,211.8000030517578,191.14999389648438,202.5500030517578,129.28126525878906,166933129,1109.949951171875,1269.0,1082.050048828125,1252.050048828125,1188.89111328125,31076214,269.79998779296875,308.95001220703125,267.0,293.3500061035156,279.16717529296875,68379565,604.7249755859375,650.0,591.5499877929688,643.3250122070312,597.9194946289062,65706704,472.0,552.0,469.04998779296875,523.5499877929688,515.8822021484375,110527645,893.0,989.5999755859375,882.25,970.7000122070312,904.9439697265625,27961030,247.78416442871094,250.8700408935547,231.50904846191406,238.91513061523438,229.94268798828125,270999618,411.5,434.875,393.54998779296875,405.57501220703125,327.68121337890625,75834624,252.5,268.20001220703125,241.10000610351562,260.3500061035156,238.07623291015625,266397653,85.19999694824219,107.19999694824219,84.19999694824219,103.69000244140625,101.69519805908203,328503510,1183.300048828125,1194.9749755859375,1100.0250244140625,1114.9000244140625,943.6847534179688,59700074,603.0,608.10498046875,582.7999877929688,585.1849975585938,524.598876953125,9911880,41.969696044921875,49.24242401123047,41.0,46.666664123535156,39.526554107666016,433869084,89.0718994140625,91.44377136230469,83.50314331054688,85.8750228881836,83.83419036865234,119412202,592.25,634.9249877929688,585.125,620.0499877929688,570.7764282226562,30964872,505.54998779296875,520.0,450.57501220703125,464.29998779296875,373.0120544433594,229338128,166.9359130859375,194.21780395507812,166.6143798828125,186.05271911621094,176.2080078125,71835364,37.48542404174805,45.42171859741211,37.05192565917969,44.11647033691406,34.82402801513672,1129407607,569.75,593.4000244140625,562.0,575.3499755859375,549.6895141601562,15186141,633.0,657.4000244140625,627.0,631.5,586.6768798828125,58057306,904.0333251953125,980.1666870117188,899.433349609375,964.1666870117188,842.42919921875,38318858,2240.0,2371.06494140625,2208.885009765625,2302.844970703125,2174.19775390625,8825850,205.0,261.3999938964844,196.10000610351562,238.75,234.68020629882812,8551705,613.2000122070312,640.77001953125,580.7999877929688,603.760009765625,584.1639404296875,25217820,451.3999938964844,491.70001220703125,424.3999938964844,466.0,458.9772644042969,184584877,828.0,875.9500122070312,816.5499877929688,855.4000244140625,750.7343139648438,20656698,328.95001220703125,378.45001220703125,325.5,362.04998779296875,351.3617858886719,22912972,42.393314361572266,51.16622543334961,41.30351257324219,47.48814010620117,46.48763656616211,138905475,1180.0,1250.0,1137.550048828125,1230.050048828125,1196.2794189453125,3442658,300.04998779296875,320.3999938964844,297.0,309.20001220703125,153.3542022705078,73805728,289.79998779296875,333.79998779296875,285.8800048828125,324.5849914550781,323.3387756347656,19085700,720.0,802.0999755859375,692.5,774.1500244140625,770.5263061523438,44099173,122.80000305175781,132.0,121.3499984741211,128.85000610351562,117.1392822265625,21910303
2017-02-01,452.25,515.25,436.45001220703125,499.3999938964844,391.0995788574219,86040793,5900.0,6233.89990234375,5842.2001953125,5922.5,5503.9423828125,9241170,190.89999389648438,200.0,179.10000610351562,184.35000610351562,175.3708953857422,220636838,3175.0,3319.199951171875,3049.199951171875,3138.10009765625,2442.39794921875,7798023,311.83502197265625,361.4041748046875,306.5626525878906,329.0940856933594,315.5639953613281,128920375,199.5,199.64999389648438,178.3000030517578,186.9499969482422,169.2008819580078,78028240,143.875,146.6666717529297,135.2083282470703,135.7916717529297,97.70953369140625,132753871,2838.300048828125,2872.0,2751.0,2755.89990234375,2166.604736328125,5384931,3710.10009765625,3805.0,3634.10009765625,3774.550048828125,3655.996337890625,4085621,117.33753204345703,117.50627899169922,107.74690246582031,108.08440399169922,72.54934692382812,190511083,241.68182373046875,266.0909118652344,238.90908813476562,251.22726440429688,241.2791748046875,378983049,709.794189453125,831.230712890625,709.794189453125,763.95458984375,733.3307495117188,76924202,260.0,292.1499938964844,257.8500061035156,262.20001220703125,196.63046264648438,221202730,203.0,205.0,190.8000030517578,193.5500030517578,123.53687286376953,141877838,1261.0,1365.8499755859375,1246.0,1312.5999755859375,1246.3868408203125,24945773,295.54998779296875,315.8999938964844,293.6499938964844,301.75,287.1611633300781,60673961,643.0999755859375,727.0,640.25,695.0499877929688,645.9935913085938,264106476,527.5,544.5,434.3500061035156,456.75,450.060546875,163811534,970.7000122070312,1030.0,953.8499755859375,1024.199951171875,954.8197021484375,18956838,239.12086486816406,287.2833251953125,233.6120147705078,282.9974060058594,272.36944580078125,503632823,402.5,432.5,389.32501220703125,420.04998779296875,339.3761901855469,59659128,262.0,282.79998779296875,261.6000061035156,269.20001220703125,246.1690673828125,301070852,103.9000015258789,111.9000015258789,102.5,110.81999969482422,108.68803405761719,186050060,1110.0,1277.5,1076.5,1233.125,1046.73095703125,67284244,589.7999877929688,645.0,583.4749755859375,625.4249877929688,560.6727294921875,6250950,46.96060562133789,48.12272644042969,45.400001525878906,45.92727279663086,38.90029525756836,401851593,86.4375228881836,92.3625259399414,83.64376831054688,91.6500244140625,89.4719467163086,110766171,621.0,664.9249877929688,606.9000244140625,656.0750122070312,603.9386596679688,39569474,460.54998779296875,515.5,452.57501220703125,506.20001220703125,406.6739501953125,165933242,184.87374877929688,191.9475555419922,180.2553253173828,181.0737762451172,171.49249267578125,63149323,44.21174240112305,47.24620819091797,43.41144561767578,45.98859786987305,36.30181884765625,1110019396,573.0,621.25,566.2999877929688,583.7000122070312,557.6671142578125,26912172,631.0,689.5499877929688,618.4000244140625,679.0,630.80517578125,77452472,965.2999877929688,1007.3333129882812,964.2000122070312,979.4666748046875,855.7972412109375,31812156,2319.800048828125,2555.0,2305.0,2413.010009765625,2278.2080078125,8861120,239.0,269.3999938964844,232.10000610351562,244.60000610351562,240.4304962158203,5165045,604.219970703125,635.4000244140625,559.7899780273438,569.989990234375,551.489990234375,52288780,467.75,530.0,460.0,506.6499938964844,499.0146179199219,165968858,857.0,872.0,837.5,865.9000244140625,759.9495239257812,21550956,363.75,458.5,359.0,437.20001220703125,424.2933044433594,40796493,47.95130920410156,54.898799896240234,47.51538848876953,53.67277145385742,52.541969299316406,200447846,1231.5,1343.949951171875,1189.699951171875,1301.6500244140625,1265.91357421875,3958570,310.0,332.29998779296875,306.29998779296875,321.8999938964844,159.6530303955078,71343299,327.0,398.0,316.6000061035156,391.4150085449219,389.9122009277344,24173360,777.5,814.4000244140625,739.1500244140625,802.0999755859375,798.3453979492188,40821525,129.0500030517578,147.14999389648438,127.3499984741211,138.0500030517578,125.50311279296875,36211108
2017-03-01,488.95001220703125,507.25,451.20001220703125,459.1499938964844,359.5782470703125,70931136,5960.0,6226.7998046875,5800.0,6015.7001953125,5590.556640625,11337637,185.14999389648438,202.3000030517578,184.60000610351562,195.0500030517578,185.54974365234375,327281978,3156.89990234375,3412.0,3150.0,3221.949951171875,2507.6591796875,9856739,332.1583557128906,333.2849426269531,293.6296081542969,315.485107421875,302.5145263671875,99751225,188.0500030517578,195.89999389648438,175.14999389648438,188.1999969482422,170.3321990966797,111922200,136.2083282470703,138.9583282470703,128.9166717529297,138.3333282470703,101.08259582519531,123415478,2756.0,2948.699951171875,2752.050048828125,2805.449951171875,2205.5595703125,6283706,3781.0,4093.949951171875,3720.0,3984.75,3859.593994140625,6475663,108.84378051757812,112.44377899169922,105.7500228881836,110.98127746582031,74.8654556274414,203347218,252.36363220214844,262.0,240.4545440673828,251.68182373046875,241.7156982421875,370807375,761.8714599609375,847.2011108398438,752.8447265625,809.3197021484375,776.8773193359375,38884789,262.3999938964844,288.8999938964844,258.1499938964844,280.29998779296875,210.20411682128906,280922906,196.6999969482422,197.1999969482422,183.0,185.0,119.42999267578125,159689852,1320.5,1431.0,1287.550048828125,1425.1500244140625,1353.25927734375,26542826,302.95001220703125,342.70001220703125,291.0,339.6000061035156,323.18115234375,84663638,698.2249755859375,739.9749755859375,684.5,721.2750244140625,670.3677368164062,72430454,455.8999938964844,484.20001220703125,448.0,465.8500061035156,459.02728271484375,134165992,1030.0,1092.199951171875,1006.0,1073.5,1000.7800903320312,18901215,283.46600341796875,305.7642822265625,280.4830017089844,301.9355163574219,290.5963439941406,655477271,421.5,445.07501220703125,417.57501220703125,437.375,356.0072326660156,62310928,270.0,295.0,264.25,293.3999938964844,268.2986755371094,320559666,112.0,120.5999984741211,101.91000366210938,117.11000061035156,114.8570327758789,250763000,1239.949951171875,1293.574951171875,1203.0,1215.9000244140625,1032.110107421875,47388540,623.5150146484375,672.0,608.9000244140625,668.0650024414062,598.8980102539062,7693580,45.969696044921875,50.45454406738281,45.03939437866211,47.5,40.30949020385742,352695526,91.5000228881836,97.25627136230469,90.62814331054688,96.69377136230469,94.39583587646484,149962041,658.0,680.5,628.8250122070312,643.4500122070312,592.31689453125,57803124,506.0,522.0,499.5,511.125,410.63055419921875,135683968,181.42454528808594,212.40896606445312,173.08407592773438,210.07052612304688,198.95494079589844,98764643,46.207725524902344,48.47047424316406,44.03548812866211,45.98859786987305,36.30181884765625,1174312556,585.7000122070312,605.9000244140625,582.2000122070312,592.9500122070312,566.5045776367188,25299278,681.0999755859375,729.0499877929688,671.0999755859375,688.1500244140625,639.3057250976562,68468651,981.3333129882812,1062.433349609375,973.3333129882812,1049.933349609375,917.3666381835938,47900117,2430.0,2581.489990234375,2299.75,2558.75,2415.806640625,9339670,246.6999969482422,270.0,235.10000610351562,266.70001220703125,262.15374755859375,13657888,571.0,589.760009765625,511.0400085449219,526.469970703125,509.3824157714844,59255280,511.0,525.6500244140625,483.0,490.79998779296875,483.4035339355469,180304291,868.4000244140625,923.7999877929688,862.2000122070312,911.75,800.1892700195312,26799345,438.1000061035156,470.6000061035156,428.0,462.75,449.0890197753906,22557729,53.945220947265625,60.04811477661133,50.539588928222656,59.14902877807617,57.90284729003906,169360380,1319.75,1338.75,1146.1500244140625,1165.1500244140625,1133.1612548828125,18449273,323.0,327.8999938964844,288.04998779296875,292.6499938964844,145.1458740234375,136332443,396.8999938964844,421.70001220703125,374.0,409.8399963378906,408.2664489746094,19653760,802.0999755859375,886.4000244140625,802.0499877929688,872.2000122070312,868.1173095703125,58586851,138.5,153.89999389648438,136.75,150.5500030517578,136.86703491210938,52809065
2017-04-01,457.0,459.0,412.45001220703125,416.95001220703125,326.52978515625,41573794,6095.0,6589.7998046875,6021.0,6524.85009765625,6063.7236328125,9235144,195.10000610351562,203.6999969482422,179.35000610351562,199.35000610351562,189.64027404785156,227834079,3222.800048828125,3364.0,3175.0,3318.60009765625,2625.337646484375,5799175,311.83502197265625,326.2100524902344,299.8933410644531,320.3969421386719,307.22442626953125,65839419,187.89999389648438,207.0,185.1999969482422,199.0,180.1068572998047,112552188,138.3333282470703,141.0833282470703,132.0,137.0833282470703,100.16919708251953,105297281,2808.39990234375,2915.0,2754.75,2864.0,2251.58984375,4451046,4028.89990234375,4275.0,3926.0,4248.9501953125,4115.49609375,4271246,112.16252899169922,120.09378051757812,108.6187744140625,117.00003051757812,78.92558288574219,169231218,253.4545440673828,265.0909118652344,241.09091186523438,253.18182373046875,243.1563262939453,294766478,812.521484375,924.9698486328125,806.310791015625,891.138916015625,855.4166259765625,25383994,282.79998779296875,292.8999938964844,270.8999938964844,278.0,208.47927856445312,161631488,185.1999969482422,188.6999969482422,178.3000030517578,186.5500030517578,120.43061828613281,103219648,1425.75,1483.449951171875,1393.050048828125,1444.949951171875,1372.0604248046875,21175550,340.6000061035156,359.25,317.6000061035156,327.70001220703125,311.8564758300781,85427717,723.0,786.9749755859375,712.5250244140625,773.25,718.6743774414062,66808784,468.25,480.54998779296875,437.6000061035156,458.8999938964844,452.1790466308594,105624063,1074.699951171875,1124.949951171875,1033.699951171875,1120.449951171875,1044.5494384765625,13578528,306.7586364746094,335.5029602050781,305.62713623046875,318.91925048828125,306.94232177734375,452397983,437.04998779296875,439.125,398.1000061035156,407.04998779296875,331.32379150390625,40163994,294.79998779296875,298.75,279.25,289.75,264.9609375,245342314,117.00499725341797,134.99000549316406,116.19999694824219,127.62000274658203,125.16484069824219,163568660,1217.5,1224.5,1126.4000244140625,1136.574951171875,964.7752075195312,43460404,661.2050170898438,678.5900268554688,626.7750244140625,669.7750244140625,600.4310302734375,4752060,48.24242401123047,55.909088134765625,47.93939208984375,55.43939208984375,47.31587219238281,331218274,96.83439636230469,97.0875244140625,90.5625228881836,92.6718978881836,90.46954345703125,213097585,648.7999877929688,681.8499755859375,626.5,667.7750244140625,614.7088012695312,44267042,516.0750122070312,516.2249755859375,455.1000061035156,459.4750061035156,369.1357116699219,141615584,211.4346160888672,218.15765380859375,197.94956970214844,202.40235900878906,191.6925048828125,58957670,46.303001403808594,48.241817474365234,42.11572265625,42.801692962646484,33.786190032958984,965712615,595.2999877929688,603.9000244140625,545.4000244140625,557.4500122070312,532.587890625,24986879,688.75,699.8499755859375,632.0499877929688,641.9500122070312,596.3849487304688,47528438,1054.5999755859375,1182.6666259765625,1051.066650390625,1166.5333251953125,1019.2444458007812,47446184,2575.0,2650.0,2532.110107421875,2606.800048828125,2461.17236328125,5369790,269.5,276.6000061035156,248.0,251.39999389648438,247.11459350585938,2687745,528.9600219726562,554.0,516.7100219726562,519.8300170898438,502.95806884765625,27439890,495.70001220703125,525.0,481.0,509.6499938964844,501.9694519042969,159366051,914.0,951.0,898.5499877929688,934.9500122070312,820.55078125,22709237,459.5,495.54998779296875,455.79998779296875,470.25,456.36761474609375,24211295,59.312496185302734,87.56562805175781,58.467899322509766,59.36698913574219,58.116214752197266,682488721,1170.0,1270.0,1131.199951171875,1233.25,1199.3914794921875,7257982,292.6499938964844,296.79998779296875,273.1000061035156,276.6499938964844,145.85659790039062,81419596,409.8399963378906,475.0,406.5,457.56500244140625,455.8082580566406,20036680,877.0,921.0,867.2000122070312,901.9500122070312,897.72802734375,34535210,150.64999389648438,156.60000610351562,147.5,153.10000610351562,139.18527221679688,29670893
2017-05-01,416.95001220703125,446.8999938964844,356.6499938964844,390.0,305.4241943359375,68504612,6524.85009765625,7248.0,6524.85009765625,7211.0,6701.38134765625,9660749,199.35000610351562,210.35000610351562,181.60000610351562,200.6999969482422,190.92453002929688,314368678,3318.60009765625,3762.0,3265.0,3745.449951171875,2963.017578125,7120072,320.3969421386719,343.9197692871094,303.2730712890625,334.8621520996094,321.09490966796875,137164952,199.0,209.4499969482422,184.10000610351562,193.85000610351562,175.44581604003906,158880473,137.0833282470703,138.0,127.625,133.5,97.55079650878906,94428907,2864.0,3047.5,2750.0,2845.949951171875,2237.399169921875,5696767,4248.9501953125,4533.10009765625,4045.0,4195.2001953125,4063.434814453125,5167151,117.00003051757812,120.26252746582031,110.05315399169922,116.9719009399414,78.9065933227539,167355364,253.18182373046875,297.6363525390625,246.59091186523438,296.7727355957031,285.0211181640625,686787964,891.138916015625,939.705810546875,835.8983764648438,891.138916015625,855.4166259765625,44518505,278.0,319.8500061035156,271.0,311.79998779296875,233.8267822265625,279574996,186.5500030517578,194.75,171.1999969482422,177.0,114.26544952392578,152435961,1444.949951171875,1504.699951171875,1375.199951171875,1480.699951171875,1406.0069580078125,20080762,327.70001220703125,362.54998779296875,323.8999938964844,339.0,322.610107421875,94271017,773.25,824.0,761.2999877929688,818.0999755859375,760.3587646484375,50151330,458.8999938964844,488.25,417.25,476.1499938964844,469.1763916015625,152316124,1120.449951171875,1182.0,1080.5,1151.199951171875,1073.2164306640625,23014457,318.91925048828125,320.4736022949219,296.0380859375,306.4614562988281,294.9523620605469,321091939,407.04998779296875,436.125,404.07501220703125,432.125,351.73388671875,80855302,289.75,315.29998779296875,281.04998779296875,288.29998779296875,263.635009765625,379508946,127.62000274658203,137.39999389648438,119.05500030517578,132.69500732421875,130.1422119140625,201595620,1136.574951171875,1318.7750244140625,1134.25,1273.300048828125,1080.8336181640625,51544820,669.7750244140625,700.0,645.0,664.510009765625,595.7111206054688,9992510,55.43939208984375,56.6363639831543,50.15151596069336,52.318180084228516,44.652015686035156,205095072,92.6718978881836,102.16877746582031,92.5500259399414,100.4062728881836,98.02011108398438,157572604,667.7750244140625,724.25,650.0,708.4749755859375,652.1744995117188,48287624,459.4750061035156,500.0,457.54998779296875,488.5249938964844,392.4740295410156,122586584,202.40235900878906,203.92234802246094,181.97018432617188,198.7680206298828,188.25045776367188,65143318,42.801692962646484,49.60423278808594,40.77712631225586,48.084617614746094,37.95635223388672,2100580929,557.4500122070312,572.4500122070312,480.20001220703125,516.3499755859375,493.3209228515625,33086481,641.9500122070312,656.9500122070312,492.6499938964844,501.6000061035156,465.9968566894531,134391745,1166.5333251953125,1222.63330078125,1118.4000244140625,1173.800048828125,1025.5936279296875,51443539,2606.800048828125,3005.10009765625,2533.679931640625,2843.5,2684.649169921875,10507770,251.39999389648438,259.95001220703125,236.10000610351562,244.14999389648438,239.98817443847656,1578597,519.8300170898438,552.0,476.07000732421875,504.7699890136719,488.3868103027344,45380910,509.6499938964844,534.5999755859375,490.25,514.0499877929688,506.3030700683594,175409774,934.9500122070312,1077.0,922.5999755859375,1067.0,936.4432983398438,35469354,470.25,506.1499938964844,460.1000061035156,474.8999938964844,460.8802795410156,33195773,59.36698913574219,69.09347534179688,58.05922317504883,63.64446258544922,62.3035774230957,453347261,1233.25,1330.0,1183.0,1211.0999755859375,1177.8494873046875,15411551,276.6499938964844,284.45001220703125,259.5,262.54998779296875,138.4227294921875,63213938,457.56500244140625,467.17498779296875,380.1000061035156,419.20001220703125,417.590576171875,33423110,901.9500122070312,981.4500122070312,900.0,966.0499877929688,961.5278930664062,44835075,153.10000610351562,161.4499969482422,140.1999969482422,149.39999389648438,135.82154846191406,36994187
2017-06-01,390.0,414.8500061035156,377.3999938964844,382.0,299.1590576171875,47352857,7242.0,7480.89990234375,7085.0498046875,7217.60009765625,6707.515625,10219606,200.5,204.3000030517578,185.10000610351562,190.9499969482422,181.64944458007812,175671392,3742.0,3880.550048828125,3636.60009765625,3701.35009765625,2928.1298828125,6230715,333.4651794433594,348.20074462890625,324.9933776855469,342.2073974609375,328.1381530761719,76531061,194.5,208.8000030517578,189.3000030517578,203.39999389648438,184.089111328125,110320197,133.5,136.1666717529297,129.1666717529297,132.4583282470703,96.78962707519531,98700296,2848.0,2930.449951171875,2761.0,2791.199951171875,2194.356689453125,4922944,4228.7001953125,4261.89990234375,3840.550048828125,3959.10009765625,3834.750244140625,5218645,116.74690246582031,120.93753051757812,112.50003051757812,118.43440246582031,79.89315795898438,195103654,295.9090881347656,297.2727355957031,283.45001220703125,290.1499938964844,278.6606140136719,316970249,879.527587890625,977.5100708007812,842.1862182617188,958.29931640625,919.8848876953125,33424124,312.0,324.70001220703125,299.1499938964844,323.6499938964844,242.71334838867188,204109228,176.89999389648438,178.5,155.1999969482422,157.3000030517578,101.54776763916016,141504492,1470.300048828125,1538.0,1462.300048828125,1478.949951171875,1404.345458984375,15707702,337.6000061035156,377.70001220703125,337.6000061035156,363.04998779296875,345.4973449707031,87298310,819.5,858.0,810.2750244140625,826.0250244140625,767.7245483398438,46752192,476.95001220703125,485.95001220703125,428.04998779296875,432.54998779296875,426.2149658203125,113984752,1150.0,1176.4000244140625,1083.300048828125,1102.949951171875,1028.2349853515625,15054330,304.6328125,330.3941345214844,299.21539306640625,315.4447937011719,303.5982971191406,370298458,431.5,454.79998779296875,415.1499938964844,425.45001220703125,348.71990966796875,66682208,287.95001220703125,295.8999938964844,269.70001220703125,273.6499938964844,252.5013885498047,309261090,133.39999389648438,143.2899932861328,131.38999938964844,137.30999755859375,134.6684112548828,137449220,1265.0,1354.4749755859375,1161.550048828125,1181.175048828125,1002.6339111328125,51191716,664.2000122070312,685.0,653.0,673.6799926757812,607.467041015625,6440460,52.54545211791992,53.621212005615234,47.75757598876953,48.95454406738281,41.78124237060547,238879810,100.39689636230469,106.5000228881836,94.5000228881836,96.88127136230469,94.5788803100586,163204264,715.0,729.4749755859375,672.5499877929688,674.2999877929688,620.7152709960938,52222982,484.6499938964844,494.45001220703125,460.5,467.7749938964844,375.8038024902344,157335112,197.22854614257812,202.37313842773438,184.15272521972656,194.83163452148438,184.52236938476562,51687291,48.084617614746094,52.200439453125,46.39827346801758,51.995601654052734,41.04354476928711,1265499844,519.7000122070312,558.9000244140625,513.0499877929688,555.5999755859375,530.8203735351562,21484707,502.1000061035156,560.9500122070312,502.1000061035156,555.7000122070312,516.2568969726562,125526414,1173.3333740234375,1206.2667236328125,1107.5333251953125,1125.066650390625,983.013671875,43573547,2858.0,3005.10009765625,2640.0,2703.93994140625,2552.885498046875,9010960,245.0,257.0,227.39999389648438,237.0,232.9600372314453,2326606,508.0,544.1900024414062,502.7799987792969,538.02001953125,520.5575561523438,32955210,512.1500244140625,525.3499755859375,484.45001220703125,517.3499755859375,509.5533447265625,115116059,1067.0,1129.0,1046.0999755859375,1079.5999755859375,947.5012817382812,27985760,475.95001220703125,569.2000122070312,465.29998779296875,524.4500122070312,508.9675598144531,68634406,63.862422943115234,74.48799896240234,63.34476852416992,72.25389862060547,70.73161315917969,321210770,1203.0,1358.0,1201.0999755859375,1274.550048828125,1239.5574951171875,7649874,263.0,270.25,243.10000610351562,244.25,128.77452087402344,49019083,414.1000061035156,434.3450012207031,395.0,411.8699951171875,410.2886657714844,23142090,963.3499755859375,1004.6500244140625,936.0,955.75,951.2761840820312,29205378,148.35000610351562,162.75,145.75,150.64999389648438,136.9579315185547,46848705
2017-07-01,382.04998779296875,400.95001220703125,373.1000061035156,385.8500061035156,302.1741943359375,29606453,7238.89990234375,7765.0,6700.0,7750.0498046875,7202.3349609375,8255403,191.1999969482422,223.75,191.1999969482422,219.64999389648438,208.9515380859375,198100149,3688.0,3804.050048828125,3605.0,3655.75,2915.59228515625,6173476,343.7845764160156,388.9826354980469,336.4844055175781,377.58172607421875,362.05816650390625,95460236,203.64999389648438,221.9499969482422,203.5,221.25,202.50001525878906,91412353,132.4166717529297,143.2083282470703,129.4166717529297,136.8333282470703,99.98652648925781,113642143,2769.0,2869.10009765625,2694.5,2808.550048828125,2207.996826171875,5723026,3970.0,4454.10009765625,3935.449951171875,4056.89990234375,3929.477783203125,4781334,118.12503051757812,126.11253356933594,117.1125259399414,125.60627746582031,84.73115539550781,175066537,291.3999938964844,314.45001220703125,288.5,302.6000061035156,292.90167236328125,273531020,958.22216796875,1082.6949462890625,949.5426025390625,1066.0113525390625,1023.2791748046875,49399578,346.0,354.79998779296875,276.3999938964844,285.25,217.1476287841797,469185003,157.39999389648438,170.0,155.89999389648438,169.39999389648438,109.35914611816406,176135677,1482.9000244140625,1650.800048828125,1472.75,1645.75,1562.7313232421875,21649864,364.8999938964844,398.45001220703125,359.5,395.8999938964844,376.7591247558594,67028478,826.2999877929688,899.4000244140625,822.5,892.2000122070312,834.7388916015625,62678678,431.5,468.3500061035156,426.0,444.6000061035156,438.0884704589844,105794675,1107.0,1172.5,1104.199951171875,1161.699951171875,1088.3543701171875,21016892,317.31915283203125,372.9334411621094,313.3875427246094,369.2075500488281,355.3420104980469,485506057,426.0,464.0,414.3999938964844,446.45001220703125,365.932373046875,54498174,274.1000061035156,313.8500061035156,272.04998779296875,312.5,288.3489685058594,252255178,138.0,173.97999572753906,136.64999389648438,170.30999755859375,167.0335693359375,197055360,1178.699951171875,1292.4000244140625,1162.75,1245.9000244140625,1069.3985595703125,45807876,674.6500244140625,698.9000244140625,667.4949951171875,676.7150268554688,610.2037963867188,7705610,49.318180084228516,54.39393997192383,48.80302810668945,54.166664123535156,46.22962951660156,244087055,97.5000228881836,110.06253051757812,94.5000228881836,108.16877746582031,105.59813690185547,201676413,678.0,711.875,671.5,701.6500244140625,645.8919067382812,39707668,470.54998779296875,510.8500061035156,466.5249938964844,505.6000061035156,412.41796875,168735660,194.9290771484375,221.56788635253906,185.85784912109375,198.18341064453125,188.83834838867188,154593264,51.97178268432617,54.52988052368164,51.643089294433594,54.029693603515625,42.64918518066406,899413442,559.0,579.4000244140625,536.0499877929688,560.0999755859375,535.1197509765625,17977189,556.0,591.5,528.9000244140625,531.6500244140625,493.91400146484375,57472080,1125.3333740234375,1207.5,1114.0,1193.949951171875,1043.19970703125,42062604,2729.89990234375,3020.0,2711.89990234375,3008.1201171875,2840.07275390625,8531100,241.0,271.8999938964844,235.14999389648438,267.79998779296875,263.2349548339844,5313682,540.0,557.4000244140625,475.0,476.6400146484375,461.16986083984375,45245895,517.0999755859375,547.5,501.25,519.7999877929688,511.9665222167969,147994575,1093.0,1195.050048828125,1081.0999755859375,1155.75,1023.443603515625,29888356,536.0499877929688,546.9500122070312,523.2000122070312,544.25,528.1829223632812,23026774,72.1449203491211,78.656494140625,71.92696380615234,75.14187622070312,73.55876159667969,164770773,1266.0,1319.949951171875,1226.0,1259.0,1224.434326171875,4279339,245.35000610351562,265.25,242.60000610351562,249.10000610351562,131.33155822753906,61551658,412.5,509.79998779296875,408.0,499.18499755859375,497.2684631347656,42594750,953.0999755859375,1031.699951171875,940.2000122070312,1021.6500244140625,1016.86767578125,49065927,152.5,179.3000030517578,149.75,169.5500030517578,154.1401824951172,99803219
2017-08-01,405.0,444.25,392.79998779296875,428.1499938964844,343.2349548339844,71831507,7759.89990234375,7920.0,7380.0,7700.2998046875,7156.1005859375,8657533,221.10000610351562,244.89999389648438,218.0,238.0,226.40777587890625,236191630,3675.0,4044.0,3668.050048828125,3995.10009765625,3186.2353515625,8606628,378.6632385253906,394.8858642578125,363.88262939453125,385.4677429199219,370.5531311035156,60346558,222.10000610351562,260.29998779296875,215.1999969482422,254.39999389648438,232.8406524658203,97345345,137.1666717529297,149.2916717529297,135.9166717529297,140.625,102.75715637207031,272739912,2812.0,2981.0,2704.0,2814.5,2257.47802734375,5253141,4078.0,4138.7001953125,3842.300048828125,4000.39990234375,3884.233642578125,4264390,125.88752746582031,127.46253204345703,119.25003051757812,123.32815551757812,83.19438171386719,151510733,303.8999938964844,305.20001220703125,261.54998779296875,298.04998779296875,288.4974670410156,230083469,1060.7821044921875,1195.2474365234375,1035.383056640625,1190.4664306640625,1142.74560546875,21785969,285.29998779296875,289.8999938964844,270.1000061035156,282.25,214.86386108398438,235842675,170.25,170.3000030517578,156.0500030517578,156.9499969482422,101.32183074951172,133772237,1654.5999755859375,1684.0,1594.300048828125,1656.75,1579.16943359375,16414984,397.45001220703125,421.5,369.6499938964844,392.95001220703125,375.1842956542969,64604166,890.9249877929688,904.5750122070312,865.5750122070312,888.2249755859375,831.0199584960938,51268730,446.54998779296875,452.3500061035156,358.5,376.54998779296875,371.0351257324219,153203697,1162.0,1174.0,1114.0,1168.550048828125,1094.771728515625,14131271,370.933349609375,380.5681457519531,349.7322692871094,364.47589111328125,353.5766296386719,281289135,444.5,449.0,420.1000061035156,432.6499938964844,354.6213073730469,42452212,314.0,314.79998779296875,271.20001220703125,277.75,256.2845153808594,337859310,170.99000549316406,183.74000549316406,159.0,178.19000244140625,174.761962890625,266645350,1250.0,1274.949951171875,1230.050048828125,1248.175048828125,1074.370361328125,32619012,673.2000122070312,714.0,653.2000122070312,712.125,642.1334228515625,11047920,56.04545211791992,59.0,48.818180084228516,57.57575607299805,49.13919448852539,279088205,108.37503051757812,112.68753051757812,106.8375244140625,112.16252899169922,109.4969711303711,160563785,707.5,716.8250122070312,666.5,672.4000244140625,624.8668212890625,39520456,505.5,514.625,430.0,457.4750061035156,373.162353515625,582373864,199.9567413330078,203.05517578125,178.832763671875,191.9475555419922,182.8965301513672,70303437,54.27740478515625,61.260963439941406,53.11983108520508,60.78936004638672,48.8400764465332,1310798395,560.0999755859375,594.0,525.4500122070312,571.9000244140625,548.3365478515625,30715979,531.6500244140625,541.9000244140625,432.70001220703125,481.1499938964844,446.9983825683594,124132571,1198.25,1198.25,1113.050048828125,1136.300048828125,1004.9603881835938,33647976,3022.330078125,3244.93505859375,2913.5400390625,3145.0849609375,2979.524658203125,9801080,283.0,305.54998779296875,259.8999938964844,297.8999938964844,293.98089599609375,7075950,475.79998779296875,491.6000061035156,380.2300109863281,404.17999267578125,393.97674560546875,92198965,518.2000122070312,524.0499877929688,480.0,500.3500061035156,497.6515197753906,126971719,1154.0,1222.800048828125,1143.550048828125,1219.75,1080.1173095703125,19734055,546.5,638.2999877929688,538.0999755859375,617.0999755859375,601.7626342773438,51793689,75.14187622070312,78.38404083251953,57.105648040771484,72.22665405273438,71.08114624023438,241131449,1260.0,1290.0,1049.9000244140625,1082.5999755859375,1052.8773193359375,10055605,249.89999389648438,253.5,233.6999969482422,237.39999389648438,125.16305541992188,109557645,502.5,563.0,491.29998779296875,550.2849731445312,548.4034423828125,41979750,1024.0,1024.0,962.0,976.0,972.0396728515625,31459591,171.0,203.0,152.0500030517578,198.0,182.77093505859375,142622276
2017-09-01,429.0,464.25,410.54998779296875,457.8500061035156,367.04461669921875,38682184,7747.5,8200.0,7651.0,7978.2001953125,7488.52392578125,8406387,239.25,255.4499969482422,223.3000030517578,240.60000610351562,228.88113403320312,184227209,4006.0,4091.949951171875,3674.5,3774.550048828125,3010.339111328125,7647278,387.5406188964844,387.9461975097656,334.366455078125,350.99462890625,337.413818359375,87856901,255.5,271.79998779296875,229.5,248.4499969482422,227.3948974609375,91147312,139.5416717529297,143.2083282470703,136.75,139.5416717529297,101.9655532836914,110112774,2827.89990234375,3155.050048828125,2827.89990234375,3109.39990234375,2494.013671875,6567154,4000.0,4244.0,3773.300048828125,3854.199951171875,3742.27880859375,4354130,123.01878356933594,123.32815551757812,115.31253051757812,118.68753051757812,80.06391906738281,152344669,299.70001220703125,300.0,269.1499938964844,276.6000061035156,267.7349853515625,265346113,1205.2078857421875,1271.3946533203125,1096.7391357421875,1129.458984375,1084.1834716796875,31617091,282.20001220703125,284.3500061035156,256.79998779296875,258.29998779296875,196.63185119628906,266493554,158.0,174.35000610351562,157.3000030517578,170.9499969482422,110.3597640991211,210192374,1661.0,1804.0,1641.199951171875,1682.199951171875,1603.4276123046875,27277170,394.95001220703125,414.70001220703125,363.70001220703125,376.75,359.7166748046875,68583352,890.5,934.0,869.0,902.8499755859375,844.7030639648438,78112874,379.3500061035156,427.70001220703125,374.04998779296875,401.5,395.61968994140625,172230315,1174.199951171875,1262.0,1123.0,1131.699951171875,1060.248291015625,18101033,365.69879150390625,398.8776550292969,356.1783142089844,357.001220703125,346.325439453125,381864368,431.79998779296875,449.25,423.1000061035156,437.3999938964844,359.32940673828125,55802606,277.6499938964844,280.3999938964844,249.5,253.85000610351562,234.23162841796875,251103632,179.0,198.58999633789062,175.89999389648438,183.80499267578125,180.26893615722656,297310140,1240.0,1270.5,1210.75,1217.9749755859375,1048.3758544921875,33580344,710.0,741.0,685.1099853515625,721.6500244140625,652.1818237304688,10574470,57.818180084228516,60.34848403930664,52.75757598876953,54.266666412353516,46.60087966918945,235458913,111.75003051757812,113.7750244140625,104.70002746582031,105.0937728881836,102.59620666503906,193804171,672.4000244140625,675.8250122070312,612.0,627.125,582.7924194335938,42627418,457.9750061035156,462.95001220703125,436.82501220703125,449.95001220703125,367.0242004394531,212424430,194.47113037109375,217.28073120117188,188.72244262695312,205.47157287597656,195.7828369140625,96503872,60.97038269042969,66.33428955078125,59.365020751953125,62.17082977294922,49.94999313354492,980572510,573.0,600.0,543.3499755859375,586.0999755859375,561.9513549804688,28470457,481.0,529.4000244140625,466.20001220703125,503.25,467.52978515625,122692381,1134.949951171875,1250.5,1115.9000244140625,1142.050048828125,1022.4099731445312,47138983,3152.875,3348.0,2991.0048828125,3121.330078125,2957.019775390625,7948680,299.5,326.0,281.29998779296875,295.6000061035156,291.71124267578125,5545620,423.0,505.3500061035156,413.2300109863281,465.75,453.9924621582031,133584530,502.0,526.0,488.29998779296875,509.1499938964844,506.4040222167969,130335638,1216.25,1287.5999755859375,1169.0,1173.9000244140625,1039.5157470703125,24654473,618.9000244140625,654.2000122070312,563.6500244140625,584.5499877929688,570.021728515625,30295413,72.33563995361328,75.65953826904297,61.655574798583984,63.372013092041016,62.366943359375,183800095,1095.0,1122.199951171875,985.9000244140625,1005.0,977.407958984375,7617732,238.0500030517578,272.3999938964844,238.0500030517578,270.8500061035156,142.79872131347656,118409095,553.0,579.0,500.17498779296875,515.4450073242188,513.6827392578125,40120910,979.0,1045.4000244140625,968.0,1002.25,998.1831665039062,40089825,198.25,220.1999969482422,190.5,205.8000030517578,192.6543426513672,99469196
2017-10-01,457.8500061035156,488.5,447.0,482.04998779296875,386.4449768066406,30667535,7978.2001953125,8279.0,7690.0,8211.25,7707.2705078125,8808690,240.60000610351562,278.54998779296875,238.1999969482422,267.3999938964844,255.53517150878906,167974566,3774.550048828125,3870.050048828125,3661.199951171875,3849.89990234375,3070.433349609375,6285161,350.99462890625,468.0679626464844,336.30413818359375,448.1051025390625,430.766845703125,218652397,248.4499969482422,269.6499938964844,244.25,258.45001220703125,236.54747009277344,67014803,139.5416717529297,156.6666717529297,139.3333282470703,151.0416717529297,111.79629516601562,188625126,3109.39990234375,3344.89990234375,3105.64990234375,3257.10009765625,2612.482177734375,5183070,3854.199951171875,4510.0,3854.199951171875,4401.0498046875,4273.24853515625,5441898,118.68753051757812,123.18753051757812,112.30315399169922,119.16565704345703,81.67031860351562,247033150,276.6000061035156,314.6499938964844,255.0,300.1000061035156,290.4818115234375,484037908,1129.458984375,1231.3040771484375,1117.357177734375,1222.2401123046875,1178.593017578125,11280845,258.29998779296875,276.0,258.29998779296875,265.70001220703125,202.26510620117188,187815640,170.9499969482422,192.0,167.75,191.10000610351562,123.95930480957031,135474336,1682.199951171875,1758.0,1572.4000244140625,1627.1500244140625,1550.9554443359375,29613406,376.75,439.0,375.1000061035156,430.3500061035156,410.8933410644531,65064056,902.8499755859375,939.7999877929688,878.9249877929688,904.25,846.0128173828125,67360708,401.5,440.95001220703125,401.5,428.3999938964844,422.125732421875,115680473,1131.699951171875,1234.0,1131.699951171875,1180.8499755859375,1106.29541015625,12535879,357.001220703125,437.8739318847656,357.001220703125,430.1249694824219,417.26251220703125,327625010,437.3999938964844,471.8999938964844,416.0,427.8999938964844,351.5250549316406,67471760,253.85000610351562,351.29998779296875,241.14999389648438,305.79998779296875,282.1667175292969,635028553,183.80499267578125,197.3699951171875,170.00999450683594,180.05999755859375,176.5959930419922,219997690,1217.9749755859375,1320.0,1212.199951171875,1312.0,1129.3082275390625,35633200,721.6500244140625,748.2999877929688,711.0050048828125,723.9000244140625,654.2152709960938,8111130,54.266666412353516,64.13333129882812,53.416664123535156,61.53333282470703,52.84104919433594,234947208,105.0937728881836,113.98127746582031,105.0937728881836,110.2687759399414,107.64822387695312,97167782,627.125,696.9749755859375,626.375,672.4000244140625,624.8668212890625,37029488,449.95001220703125,478.8500061035156,448.57501220703125,460.92498779296875,375.9765625,183699102,205.47157287597656,234.48780822753906,202.68492126464844,227.60887145996094,216.8762969970703,72454283,62.17082977294922,70.0261459350586,62.17082977294922,67.05360412597656,53.87297439575195,977351924,586.0999755859375,635.9000244140625,575.5,627.5999755859375,601.7415161132812,22793184,503.25,558.7000122070312,500.1499938964844,552.9000244140625,517.107666015625,84390911,1142.050048828125,1243.5,1123.199951171875,1222.300048828125,1094.2530517578125,38047250,3121.330078125,3276.659912109375,3071.22998046875,3223.340087890625,3053.66015625,5100910,295.6000061035156,328.95001220703125,290.0,295.6499938964844,291.76055908203125,3872268,465.75,500.79998779296875,463.0,485.6300048828125,473.37060546875,56099535,509.1499938964844,534.6500244140625,447.5,523.1500244140625,520.32861328125,286776172,1173.9000244140625,1288.6500244140625,1171.0,1237.449951171875,1095.790771484375,22535108,584.5499877929688,639.5,582.0999755859375,635.25,619.461669921875,24110459,63.372013092041016,74.32452392578125,60.12984848022461,72.0904312133789,70.94707489013672,161414210,1005.0,1097.25,1005.0,1038.550048828125,1015.5852661132812,5383003,270.8500061035156,295.0,268.70001220703125,286.45001220703125,151.02340698242188,108938944,515.4450073242188,544.8800048828125,482.7099914550781,501.0350036621094,499.3218688964844,32591330,1002.25,1115.050048828125,985.1500244140625,1025.050048828125,1020.8908081054688,41899920,205.8000030517578,230.25,202.60000610351562,226.9499969482422,212.45338439941406,79751417
2017-11-01,484.95001220703125,502.79998779296875,458.1000061035156,489.25,392.2169494628906,49338871,8251.0,8696.0,8080.0,8599.099609375,8071.3154296875,7574999,269.5,277.6000061035156,239.5,240.4499969482422,229.7809600830078,166853623,3875.0,3882.89990234375,3560.75,3633.64990234375,2897.96630859375,6806408,467.3018798828125,509.03009033203125,433.6399230957031,447.4291687011719,430.1170349121094,254518022,265.0,274.5,253.10000610351562,254.85000610351562,233.25254821777344,54088347,151.0,155.7083282470703,144.625,150.9583282470703,111.73458862304688,210746297,3270.0,3373.800048828125,3146.050048828125,3305.5,2651.30322265625,5520223,4424.0,4490.89990234375,4128.0498046875,4203.7998046875,4081.7265625,4150523,119.72815704345703,124.03128051757812,114.97502899169922,115.90315246582031,79.43435668945312,262651235,303.0,332.3500061035156,302.3999938964844,307.54998779296875,297.6930236816406,338858264,1227.0709228515625,1294.8514404296875,1150.4754638671875,1165.2666015625,1123.654296875,16873826,267.0,271.20001220703125,250.39999389648438,256.04998779296875,194.91900634765625,238310417,192.0,205.5,175.8000030517578,180.64999389648438,117.1807632446289,158382306,1641.0,1692.0,1592.5,1661.949951171875,1584.125732421875,28459537,432.0,443.29998779296875,395.0,398.0,380.0059509277344,86772591,907.5499877929688,937.75,894.0,926.8499755859375,867.1572875976562,50919926,430.95001220703125,468.0,402.25,404.1499938964844,398.23089599609375,247198902,1185.0,1198.449951171875,1132.5,1146.75,1076.76123046875,12235704,433.2794189453125,438.651123046875,399.1062316894531,421.3016662597656,408.7030944824219,286215448,430.0,444.2250061035156,417.20001220703125,424.0,348.3210754394531,64990626,309.3999938964844,346.70001220703125,306.6499938964844,320.3500061035156,295.59228515625,523180524,180.9600067138672,184.8000030517578,170.7050018310547,172.7050018310547,169.38247680664062,153357290,1312.0,1388.699951171875,1289.425048828125,1318.5,1137.9921875,39628200,726.4000244140625,797.4149780273438,716.0,766.3499755859375,692.5787963867188,13099700,61.983333587646484,64.46666717529297,58.04999923706055,61.93333435058594,53.18454360961914,259740588,111.00003051757812,115.78128051757812,108.50627899169922,109.4625244140625,106.86113739013672,108963168,673.625,722.0,660.0499877929688,703.2750244140625,653.5592041015625,62404416,462.5,509.6499938964844,458.4750061035156,488.04998779296875,403.66064453125,170098888,227.60887145996094,265.9204406738281,227.4627227783203,258.7004699707031,246.50180053710938,132529478,67.9825210571289,68.4541244506836,63.761898040771484,66.13421630859375,53.134300231933594,770052833,628.25,663.4000244140625,590.0,600.9000244140625,576.1416625976562,43614259,553.0499877929688,572.2999877929688,498.20001220703125,539.9500122070312,504.9960021972656,106037065,1226.0999755859375,1274.949951171875,1203.0999755859375,1216.550048828125,1089.1053466796875,53796844,3249.89990234375,3253.919921875,2961.199951171875,2994.405029296875,2836.7763671875,7138000,295.75,361.0,291.5,342.45001220703125,337.94488525390625,4706571,482.3999938964844,498.79998779296875,452.0299987792969,456.80999755859375,445.27813720703125,64798905,524.9500122070312,565.9000244140625,523.0,535.4000244140625,532.5125122070312,221425370,1238.699951171875,1315.0,1226.3499755859375,1272.449951171875,1126.7841796875,23065722,640.0,838.9000244140625,634.5,818.9000244140625,798.5472412109375,76087328,72.36288452148438,88.27400207519531,71.84523010253906,79.88252258300781,78.61560821533203,231324742,1044.8499755859375,1167.1500244140625,957.1500244140625,1106.300048828125,1081.8372802734375,18865017,286.5,292.3500061035156,266.1499938964844,275.79998779296875,145.40846252441406,89508121,505.0,534.9000244140625,485.0,521.4099731445312,519.627197265625,25659690,1032.0,1050.0,982.5499877929688,1000.2999877929688,996.2410888671875,37039986,226.9499969482422,292.20001220703125,221.3000030517578,287.1000061035156,268.7612609863281,165389012
2017-12-01,490.0,518.1500244140625,462.6499938964844,504.04998779296875,404.0816650390625,55617113,8660.0,9996.400390625,8450.0498046875,9729.5498046875,9132.3818359375,12825209,240.5,278.79998779296875,229.39999389648438,273.54998779296875,261.4122619628906,171605184,3642.0,3848.800048828125,3410.0,3785.14990234375,3018.79296875,7451095,449.6372375488281,493.4383544921875,429.7645263671875,477.3509216308594,458.8810729980469,146473802,257.70001220703125,275.6000061035156,237.60000610351562,269.79998779296875,246.9355926513672,50550274,152.3333282470703,153.0833282470703,144.625,147.5,109.17484283447266,180419062,3338.0,3385.0,3038.89990234375,3333.60009765625,2673.842041015625,5509565,4228.0,4383.39990234375,4016.35009765625,4320.60009765625,4195.1357421875,3169839,116.43753051757812,116.63440704345703,108.78752899169922,112.6968994140625,77.23696899414062,234696115,309.70001220703125,319.20001220703125,287.0,314.0,303.936279296875,223570224,1172.3385009765625,1172.3385009765625,1085.68310546875,1161.133056640625,1119.668212890625,13473638,256.95001220703125,267.5,250.0,263.25,200.4000244140625,177780089,182.0,197.14999389648438,175.35000610351562,195.1999969482422,128.6720733642578,129703481,1660.8499755859375,1697.300048828125,1630.199951171875,1648.9000244140625,1571.6868896484375,23034204,400.8999938964844,414.5,374.04998779296875,405.6499938964844,387.3100891113281,85848826,927.4500122070312,951.5499877929688,899.5,936.2000122070312,875.9051513671875,59433142,407.8999938964844,433.45001220703125,389.29998779296875,431.8500061035156,425.5252380371094,135153789,1147.199951171875,1172.5,1099.0,1158.5,1087.7939453125,12871051,422.62744140625,429.2334899902344,394.37457275390625,421.07305908203125,408.4812927246094,264400846,423.5,450.875,412.42498779296875,445.25,366.6351318359375,59877038,321.5,323.8500061035156,300.3999938964844,309.8999938964844,285.94989013671875,308352494,173.6999969482422,179.75999450683594,162.7050018310547,175.6699981689453,172.29043579101562,176987870,1317.5,1354.449951171875,1247.175048828125,1350.5999755859375,1165.697998046875,40300720,765.9949951171875,803.905029296875,763.0050048828125,787.0900268554688,711.322265625,7468540,62.266666412353516,63.150001525878906,57.33333206176758,60.71666717529297,52.13974380493164,177337194,109.50003051757812,118.65003204345703,105.0000228881836,117.84378051757812,115.04320526123047,119425512,707.0,785.7000122070312,681.7249755859375,751.0999755859375,698.0033569335938,90210729,489.70001220703125,524.4000244140625,478.5249938964844,521.0250244140625,430.93402099609375,161246954,260.3471374511719,291.6238708496094,249.82412719726562,288.68133544921875,275.0689392089844,72288214,66.2056655883789,70.96458435058594,62.94730758666992,69.77843475341797,56.06218338012695,925700989,604.5,623.75,571.6500244140625,608.5,583.428466796875,25217640,544.0,585.5999755859375,499.5,571.1500244140625,534.17626953125,97142150,1216.1500244140625,1275.949951171875,1175.0,1258.25,1126.436767578125,46587330,3028.800048828125,3099.89990234375,2811.10009765625,3034.0849609375,2874.367431640625,8108870,345.79998779296875,345.8500061035156,318.3500061035156,337.1499938964844,332.7145690917969,2817008,456.0,489.67999267578125,434.20001220703125,482.8399963378906,470.6510314941406,49005240,539.4000244140625,567.8499755859375,529.0999755859375,563.9500122070312,560.9085083007812,102435138,1272.449951171875,1382.800048828125,1241.199951171875,1367.8499755859375,1219.1448974609375,20357621,821.0,872.0,770.0,858.1500244140625,836.8217163085938,35759926,80.10047912597656,92.27902221679688,71.79073333740234,90.64431762695312,89.20671081542969,265030731,1117.949951171875,1242.0,1116.0999755859375,1204.800048828125,1178.1590576171875,9411102,275.20001220703125,276.3500061035156,261.0,262.95001220703125,138.63365173339844,66908686,521.375,544.489990234375,490.5,523.0399780273438,521.251708984375,23312930,1003.0,1038.0,992.5,1010.2000122070312,1006.1008911132812,40949954,288.45001220703125,318.0,273.6000061035156,316.3999938964844,296.1896667480469,105358339
2018-01-01,501.1000061035156,626.2000122070312,500.04998779296875,612.6500244140625,491.14300537109375,71894045,9749.0,9789.0,9250.0,9509.7001953125,8926.025390625,12245555,273.0,284.0,251.10000610351562,256.1499938964844,244.78433227539062,179047924,3810.0,3810.0,3526.300048828125,3691.449951171875,2944.0634765625,7236235,478.5675964355469,488.93206787109375,392.09197998046875,396.4179992675781,381.07965087890625,207055152,269.5,300.45001220703125,261.70001220703125,289.95001220703125,265.37799072265625,93336937,147.5416717529297,150.25,140.625,141.875,105.01139068603516,192826313,3340.0,3404.949951171875,3140.050048828125,3337.14990234375,2676.689208984375,5675028,4302.2001953125,4599.89990234375,4243.0498046875,4382.0,4254.75244140625,4906931,111.96565246582031,114.32815551757812,107.2687759399414,109.01252746582031,74.71187591552734,244933092,314.0,365.70001220703125,307.5,352.95001220703125,341.637939453125,364937739,1160.4359130859375,1256.10546875,1119.6480712890625,1155.4556884765625,1114.193603515625,16663216,263.25,283.29998779296875,259.54998779296875,271.3999938964844,206.60423278808594,312417822,195.1999969482422,212.85000610351562,192.0,203.4499969482422,134.1103057861328,198601264,1652.0,1761.0,1618.0999755859375,1753.0999755859375,1671.0076904296875,28755497,406.70001220703125,452.3500061035156,395.0,428.8500061035156,409.461181640625,91364370,936.3499755859375,1006.75,925.25,1002.8499755859375,938.2626342773438,71520872,430.95001220703125,443.5,395.0,399.5,393.64898681640625,170430791,1163.0,1208.199951171875,1123.449951171875,1128.300048828125,1059.4375,19565625,421.827392578125,453.02899169921875,414.3755798339844,439.4740295410156,426.33203125,289004323,444.5,520.3499755859375,437.9750061035156,493.2749938964844,406.1806335449219,80530910,310.6000061035156,332.75,292.6000061035156,313.25,289.0409851074219,467226485,175.9499969482422,184.3000030517578,163.25999450683594,167.78500366210938,164.55714416503906,186185270,1341.1500244140625,1629.5250244140625,1310.0999755859375,1556.175048828125,1343.1290283203125,58090866,790.0,796.885009765625,740.5050048828125,746.9149780273438,677.8386840820312,7288730,61.0,61.733333587646484,55.666664123535156,56.45000076293945,48.47578811645508,300275964,116.81253051757812,125.25003051757812,113.0812759399414,114.26252746582031,111.54706573486328,192111819,751.0,775.6500244140625,738.8499755859375,763.0499877929688,709.1085205078125,44989149,518.8499755859375,610.5250244140625,503.0,575.125,475.6794128417969,264683322,290.6300354003906,301.25048828125,263.2799377441406,268.87274169921875,256.1944274902344,65860975,69.78795623779297,75.55201721191406,68.14448547363281,70.50499725341797,56.645931243896484,1077612127,608.0,631.0,590.0,592.1500244140625,567.7522583007812,24662963,571.5,604.5999755859375,560.0999755859375,579.9000244140625,542.3597412109375,104473476,1261.0,1441.6500244140625,1242.8499755859375,1416.5,1268.108642578125,61645357,3039.9951171875,3042.0,2620.804931640625,2692.360107421875,2550.631591796875,16353490,340.0,354.3999938964844,310.0,318.04998779296875,313.8658447265625,3995450,482.0,523.0,440.7099914550781,445.07000732421875,433.83453369140625,71931050,563.7999877929688,627.5999755859375,552.5,593.5999755859375,590.3986206054688,144183325,1367.0,1410.0,1328.550048828125,1369.3499755859375,1220.481689453125,25476315,857.7000122070312,938.5,840.5999755859375,869.5499877929688,847.9383544921875,42978877,90.34461975097656,120.15071868896484,88.3557357788086,116.17294311523438,114.33045196533203,346774960,1216.0,1216.0,1105.9000244140625,1162.800048828125,1137.0880126953125,5624022,263.0,311.0,262.6000061035156,299.54998779296875,157.93003845214844,132164474,520.7999877929688,530.875,473.6449890136719,481.2349853515625,479.58966064453125,31496440,1011.8499755859375,1119.5,992.5,1108.949951171875,1104.4500732421875,47457152,317.75,328.75,286.1000061035156,290.6499938964844,272.0845031738281,78639912
2018-02-01,612.5499877929688,631.2000122070312,563.6500244140625,612.6500244140625,491.14300537109375,60909952,9545.0,9563.7001953125,8601.5,8850.9501953125,8307.70703125,10882897,257.79998779296875,261.6499938964844,232.5,245.39999389648438,234.51133728027344,173730240,3695.14990234375,3752.449951171875,3442.0,3596.699951171875,2868.49658203125,6460853,396.5982666015625,405.0250244140625,363.3869323730469,386.2337951660156,373.6982727050781,157833946,296.0,320.45001220703125,265.6000061035156,312.20001220703125,285.742431640625,128691745,141.0416717529297,141.5,132.375,136.0416717529297,100.69375610351562,117774576,3340.0,3468.35009765625,2960.10009765625,3020.60009765625,2422.788330078125,6499487,4382.0,4425.0,3948.60009765625,4155.60009765625,4034.927001953125,3453509,109.40628051757812,111.96565246582031,106.3125228881836,111.2062759399414,76.21534729003906,268993521,347.54998779296875,355.8999938964844,311.1000061035156,313.25,303.2103271484375,291549305,1155.5054931640625,1196.890869140625,1023.1318359375,1148.134765625,1107.13427734375,14625417,272.0,290.29998779296875,262.1499938964844,265.04998779296875,201.77027893066406,283590574,204.0500030517578,207.0500030517578,180.10000610351562,188.3000030517578,124.12372589111328,128667366,1754.0,1817.800048828125,1586.199951171875,1680.75,1602.04541015625,25095144,431.0,433.0,387.0,408.3500061035156,389.8879699707031,48736456,1003.0,1007.5,918.1500244140625,942.0999755859375,881.4251708984375,55205576,399.8999938964844,403.79998779296875,356.5,369.8999938964844,364.4825134277344,181509302,1126.0,1157.3499755859375,1090.0999755859375,1117.75,1049.531005859375,16858744,440.3655090332031,444.6399841308594,398.19189453125,436.3881530761719,423.3384094238281,317032383,491.04998779296875,507.4750061035156,450.04998779296875,470.1499938964844,387.9071350097656,71069814,316.8999938964844,317.3999938964844,256.6499938964844,268.0,247.2880401611328,506361276,168.17999267578125,176.0,151.1199951171875,164.02499389648438,160.86947631835938,218801980,1562.0,1595.0,1446.25,1517.5250244140625,1312.875732421875,46273616,749.9000244140625,787.4000244140625,688.7249755859375,776.1649780273438,704.3834838867188,16774860,56.666664123535156,57.06666564941406,46.666664123535156,51.45000076293945,44.18210220336914,429696675,114.3937759399414,115.91252899169922,106.5000228881836,109.8000259399414,107.19060516357422,169088537,768.9000244140625,802.5499877929688,700.4000244140625,728.3499755859375,676.8615112304688,48239357,571.0999755859375,594.75,545.0999755859375,586.2999877929688,484.9221496582031,181417514,267.57684326171875,277.10601806640625,244.5626220703125,259.92816162109375,247.6715850830078,64972134,70.80000305175781,72.05000305175781,63.255001068115234,67.16000366210938,53.95846176147461,1662651690,591.9000244140625,635.0,554.2000122070312,589.6500244140625,565.3551635742188,36259850,580.0,608.9500122070312,511.29998779296875,535.3499755859375,500.6936950683594,182173464,1458.9000244140625,1470.0,1276.0,1318.1500244140625,1180.0618896484375,53180834,2698.39990234375,2852.14990234375,2650.0,2743.77490234375,2599.33984375,11595500,318.5,329.8999938964844,282.0,316.04998779296875,311.8921203613281,1580813,445.0,453.3900146484375,401.1099853515625,447.45001220703125,436.1544189453125,68250600,593.5999755859375,610.0,520.0,528.75,525.8982543945312,123434817,1373.0,1384.800048828125,1299.0,1317.75,1174.4913330078125,23815135,877.5,879.0999755859375,752.7000122070312,816.1500244140625,795.8655395507812,54522250,116.06395721435547,121.7854232788086,99.55345153808594,110.91464233398438,109.15554809570312,193456639,1165.0,1263.4000244140625,1086.3499755859375,1203.050048828125,1176.4476318359375,10630369,300.1000061035156,316.95001220703125,280.1000061035156,309.1499938964844,162.99136352539062,97545573,481.1050109863281,535.0,450.0,505.1700134277344,503.4428405761719,32722440,1105.0999755859375,1131.0,1018.2000122070312,1090.550048828125,1086.125,40391566,290.25,294.8999938964844,253.25,275.5,257.9021911621094,84982228
2018-03-01,612.0499877929688,651.9500122070312,603.0,638.7000122070312,512.0265502929688,55863686,8874.0,9084.0,8542.099609375,8861.099609375,8317.2333984375,9984215,243.39999389648438,247.0,202.60000610351562,214.5500030517578,205.03016662597656,192233039,3575.0,3729.75,3361.050048828125,3542.800048828125,2869.396240234375,6266573,386.6844177246094,393.4889221191406,352.6169128417969,359.3312683105469,347.6689147949219,127359206,315.0,317.79998779296875,276.3500061035156,288.1499938964844,263.7304992675781,104887606,136.4166717529297,143.9583282470703,133.375,141.4166717529297,106.42989349365234,109561142,3067.10009765625,3080.0,2732.050048828125,2744.699951171875,2201.491943359375,5612557,4155.64990234375,4244.0,3813.10009765625,3950.0,3835.29736328125,3942352,110.8687744140625,111.65628051757812,107.4375228881836,108.70315551757812,75.44532775878906,194708450,312.6499938964844,314.0,273.54998779296875,278.3500061035156,269.4288635253906,369766992,1148.134765625,1182.2989501953125,1036.528564453125,1046.7379150390625,1009.3582153320312,23521077,264.20001220703125,272.0,252.5,255.5,194.5003204345703,198313240,187.89999389648438,190.1999969482422,173.60000610351562,177.8000030517578,117.2023696899414,88384909,1674.75,1807.0,1673.5,1796.75,1712.6134033203125,24175375,408.3500061035156,413.75,350.45001220703125,354.1000061035156,338.0906982421875,76399301,939.6500244140625,950.0,914.25,943.0499877929688,882.3140258789062,56704418,369.75,376.29998779296875,324.29998779296875,326.8500061035156,322.0630187988281,161929567,1120.0,1163.75,1092.1500244140625,1120.4000244140625,1052.019287109375,15587301,434.1937561035156,438.833984375,402.306396484375,403.5407409667969,391.4732360839844,290499715,471.8999938964844,490.79998779296875,451.7749938964844,484.29998779296875,399.58184814453125,72839620,266.29998779296875,270.0,232.35000610351562,249.89999389648438,230.58688354492188,491062494,163.5,179.8000030517578,159.4199981689453,176.7550048828125,173.35458374023438,184735350,1524.5,1563.5,1390.7750244140625,1424.574951171875,1232.46044921875,145325896,777.7000122070312,825.0,756.5999755859375,820.35498046875,744.4867553710938,15514810,51.61666488647461,52.650001525878906,46.016666412353516,47.150001525878906,40.904136657714844,215886051,109.8000259399414,113.25003051757812,102.13127136230469,105.4312744140625,102.9256820678711,172313706,728.0,752.0,702.4500122070312,738.9000244140625,686.665771484375,41923678,584.7999877929688,598.5,563.125,565.9000244140625,468.04962158203125,150685258,261.1266174316406,292.0818176269531,254.42308044433594,280.5357360839844,267.3074035644531,78345511,67.13500213623047,68.5,55.349998474121094,57.10499954223633,45.879947662353516,2136413950,593.9000244140625,593.9000244140625,522.9000244140625,545.4500122070312,522.9762573242188,36097300,537.9500122070312,563.0,492.0,495.1000061035156,463.0493469238281,109356715,1319.0,1332.9000244140625,1259.25,1310.9000244140625,1173.5712890625,48017902,2731.14501953125,2905.9951171875,2725.114990234375,2837.264892578125,2687.908447265625,7720590,316.0,358.0,310.0,345.04998779296875,340.5105895996094,3287540,440.010009765625,447.9800109863281,410.05999755859375,416.1099853515625,405.6055603027344,42773295,524.0,539.2000122070312,495.20001220703125,510.5,507.7467956542969,165942618,1320.0,1340.0,1281.0999755859375,1333.3499755859375,1188.3953857421875,21794188,814.0,964.0,799.0499877929688,942.2999877929688,918.8801879882812,52105184,110.91464233398438,112.6310806274414,81.02680969238281,85.22254943847656,83.87091827392578,420346169,1200.5,1210.0,993.4000244140625,1064.6500244140625,1041.108154296875,6254558,310.79998779296875,314.1499938964844,265.0,283.29998779296875,149.36264038085938,78650416,505.20001220703125,529.9000244140625,480.0,517.155029296875,515.3869018554688,32172960,1088.0999755859375,1108.5,1028.4000244140625,1047.800048828125,1043.5484619140625,44822656,275.0,284.3999938964844,250.0,258.75,242.22213745117188,55461632
2018-04-01,638.7000122070312,729.5,603.25,670.5999755859375,537.5997924804688,66378131,8990.0,9350.0,8715.099609375,8814.9501953125,8273.9169921875,9472508,216.5500030517578,267.79998779296875,200.0,235.64999389648438,225.19393920898438,372516227,3544.0,3825.0,3512.199951171875,3732.25,3022.836181640625,6047863,360.0522766113281,385.1973571777344,337.2054138183594,369.10992431640625,357.13018798828125,164856266,290.0,331.20001220703125,288.25,325.0,297.4576110839844,83747509,141.5833282470703,150.0,137.9166717529297,143.4583282470703,107.96643829345703,92495113,2755.0,2977.5,2746.25,2952.60009765625,2368.24609375,7083621,4123.0,4175.0,3862.5,4108.85009765625,3989.53466796875,4822165,108.50627899169922,118.12503051757812,108.50627899169922,116.91565704345703,81.14520263671875,156942501,273.0,294.8999938964844,258.79998779296875,284.20001220703125,275.0913391113281,505069489,1049.82568359375,1110.5841064453125,1040.861328125,1089.368408203125,1050.46630859375,16199517,257.0,283.8500061035156,255.4499969482422,281.45001220703125,214.25485229492188,202890294,179.10000610351562,186.25,174.6999969482422,180.5500030517578,120.48967742919922,87649198,1801.5999755859375,1903.199951171875,1787.5,1898.0,1809.1221923828125,19051974,356.0,411.29998779296875,356.0,407.29998779296875,388.88543701171875,72262375,945.25,989.5,930.1500244140625,972.1500244140625,909.539794921875,52637954,335.0,372.3500061035156,326.0,340.3999938964844,335.4145812988281,242721771,1120.4000244140625,1207.0,1111.5,1201.699951171875,1128.3572998046875,12409882,408.2495422363281,462.1951904296875,404.7065124511719,440.38836669921875,427.2190246582031,275394270,483.1499938964844,554.0,471.7749938964844,526.375,434.2969665527344,84260254,251.8000030517578,265.0,232.5,246.39999389648438,227.3573760986328,387131760,176.89999389648438,196.77499389648438,176.89999389648438,190.77000427246094,187.09996032714844,193393310,1420.0,1780.0,1420.0,1766.050048828125,1527.88525390625,116302252,819.9849853515625,944.7999877929688,816.9949951171875,939.655029296875,852.7536010742188,13532330,47.599998474121094,49.71666717529297,43.5,43.733333587646484,37.940067291259766,262462896,106.3125228881836,112.87503051757812,102.7500228881836,104.5312728881836,102.04707336425781,158112225,748.9000244140625,878.9500122070312,737.2000122070312,873.2999877929688,811.564697265625,52373136,570.5,607.2000122070312,551.0,599.75,496.0465087890625,238890178,280.8085632324219,325.1903381347656,272.3511657714844,313.8099060058594,299.0126647949219,102584707,57.310001373291016,62.45000076293945,55.755001068115234,59.494998931884766,47.800148010253906,1589736950,548.0,609.0,545.9000244140625,607.4000244140625,582.373779296875,45765524,500.8999938964844,530.9500122070312,496.04998779296875,528.4000244140625,494.19366455078125,61956054,1313.0,1405.0,1290.199951171875,1400.9000244140625,1254.14306640625,33426715,2851.0,3223.669921875,2780.0,3118.860107421875,2954.68017578125,7865620,345.0,376.3999938964844,338.1000061035156,351.75,347.1225891113281,2206226,416.0,436.0,410.8599853515625,421.9700012207031,411.3176574707031,43516510,506.75,555.5499877929688,481.25,517.2999877929688,514.5101318359375,226350640,1315.0,1513.550048828125,1315.0,1508.9000244140625,1344.8607177734375,16271965,943.0999755859375,999.7000122070312,902.0,981.7999877929688,957.3984985351562,56361140,85.71295928955078,99.22671508789062,80.15496826171875,89.89112854003906,88.46546936035156,286283745,1066.0,1148.0,1051.5999755859375,1091.0,1066.8753662109375,6870098,283.3500061035156,294.95001220703125,273.20001220703125,285.0,159.1452178955078,41696120,507.5,558.594970703125,507.114990234375,548.260009765625,546.3854370117188,28734830,1049.050048828125,1218.800048828125,1049.050048828125,1211.0999755859375,1206.185546875,34175127,259.3500061035156,298.5,259.3500061035156,297.54998779296875,278.5437927246094,67154348
2018-05-01,670.5999755859375,718.7000122070312,636.4500122070312,712.3499755859375,571.0695190429688,72937805,8814.9501953125,8998.0,8255.5,8537.2001953125,8013.21484375,10176732,235.64999389648438,248.35000610351562,224.35000610351562,234.1999969482422,223.8082733154297,213140304,3732.25,3774.0,3445.949951171875,3544.89990234375,2871.09716796875,7228900,369.10992431640625,377.0409851074219,316.8820495605469,336.709716796875,325.7815246582031,181734213,325.0,342.75,307.3999938964844,331.8999938964844,303.7728576660156,95051364,143.4583282470703,146.8333282470703,135.5833282470703,139.625,105.08148193359375,159733174,2952.60009765625,3043.39990234375,2703.5,2750.300048828125,2205.983642578125,7778695,4108.85009765625,4155.0,3631.75,3744.89990234375,3636.15283203125,7051667,116.91565704345703,121.50003051757812,113.4000244140625,117.8156509399414,81.76983642578125,657570532,284.20001220703125,317.5,275.54998779296875,285.79998779296875,276.6400451660156,437411078,1089.368408203125,1110.4844970703125,991.557373046875,1035.681884765625,998.6969604492188,21200668,281.45001220703125,289.70001220703125,268.75,271.6499938964844,206.79454040527344,195457676,180.5500030517578,192.0,155.14999389648438,177.89999389648438,118.72120666503906,183057839,1898.0,1995.0,1836.0,1955.449951171875,1863.8819580078125,25656570,407.29998779296875,415.6499938964844,364.70001220703125,392.1499938964844,374.42041015625,66024227,972.1500244140625,1080.0,972.1500244140625,1069.7249755859375,1000.8306884765625,79037818,340.3999938964844,351.6499938964844,281.6000061035156,282.5,278.362548828125,307237590,1201.699951171875,1332.0,1178.0999755859375,1304.6500244140625,1225.02392578125,24223535,440.38836669921875,457.1663513183594,414.4670104980469,421.2102355957031,408.61431884765625,277602018,526.375,526.375,443.5,455.17498779296875,375.5517883300781,99873588,246.39999389648438,274.79998779296875,237.85000610351562,269.54998779296875,248.71823120117188,493103116,190.77000427246094,217.7899932861328,181.8000030517578,210.99000549316406,206.93096923828125,337333800,1766.050048828125,1837.4000244140625,1698.3499755859375,1741.050048828125,1506.2567138671875,65337535,939.655029296875,988.9949951171875,893.4650268554688,965.4000244140625,876.1175537109375,14082860,43.733333587646484,44.28333282470703,37.46666717529297,38.133331298828125,33.081886291503906,314877939,104.5312728881836,105.3000259399414,96.7500228881836,98.2125244140625,95.87849426269531,148352902,873.2999877929688,933.5,812.25,922.9500122070312,857.7049560546875,54428674,599.75,624.3250122070312,577.5,615.9000244140625,509.4040222167969,152659266,313.8099060058594,316.2652587890625,269.7691345214844,283.40032958984375,270.03692626953125,83409717,59.494998931884766,63.68000030517578,53.654998779296875,57.564998626708984,46.24952697753906,1632196160,607.4000244140625,621.9000244140625,507.20001220703125,524.7999877929688,503.1771240234375,47821869,528.4000244140625,539.2999877929688,435.0,480.3500061035156,449.2542419433594,146171089,1400.9000244140625,1424.949951171875,1311.0,1370.4000244140625,1226.838134765625,44046407,3118.860107421875,3149.89990234375,2910.0048828125,3078.06494140625,2916.032470703125,7952270,351.75,359.54998779296875,322.20001220703125,329.6499938964844,325.3132019042969,1094221,421.9700012207031,429.0,377.3999938964844,387.32000732421875,377.5423889160156,62192965,517.2999877929688,563.5,515.4000244140625,545.9000244140625,542.955810546875,181830072,1508.9000244140625,1619.4000244140625,1441.5999755859375,1611.449951171875,1436.26171875,29555788,981.7999877929688,995.5999755859375,890.1500244140625,900.0999755859375,877.7291259765625,52312595,89.89112854003906,90.78939819335938,74.2034912109375,77.63616180419922,76.40485382080078,192412252,1091.0,1111.0,943.7999877929688,950.3499755859375,929.3355712890625,6603388,285.0,303.45001220703125,257.29998779296875,296.25,165.42724609375,86123108,548.260009765625,615.6900024414062,522.5,604.2249755859375,602.1591796875,38021260,1211.0999755859375,1400.0,1211.0999755859375,1334.5999755859375,1329.1846923828125,54299524,297.54998779296875,300.0,237.25,269.20001220703125,252.00462341308594,85638181
2018-06-01,712.0,721.9000244140625,634.1500244140625,655.4500122070312,525.4544677734375,76318710,8610.0,9094.9501953125,8590.0498046875,8825.599609375,8283.9130859375,8077955,233.8000030517578,255.5,216.14999389648438,230.5,220.2724609375,161940161,3563.5,3712.199951171875,3456.35009765625,3473.5,2813.2685546875,5911212,337.56591796875,354.5545959472656,322.2445373535156,344.2351989746094,333.062744140625,98877545,332.1000061035156,346.5,313.8999938964844,326.79998779296875,299.1050720214844,72131977,139.5833282470703,139.5833282470703,124.58333587646484,133.0416717529297,100.12687683105469,124931740,2780.0,2939.39990234375,2705.39990234375,2810.300048828125,2254.108642578125,10412410,3749.89990234375,3863.949951171875,3563.0,3818.60009765625,3707.712646484375,6585112,116.38127899169922,116.94377899169922,103.02189636230469,105.1031494140625,72.94673919677734,236096710,295.0,302.70001220703125,269.6000061035156,275.3999938964844,266.57342529296875,438940061,1040.76171875,1055.8018798828125,985.2822875976562,1002.8624267578125,967.049560546875,15674516,271.1499938964844,274.6000061035156,259.0,266.20001220703125,206.5153350830078,192470283,176.0,176.0,151.8000030517578,158.39999389648438,105.70792388916016,134883633,1948.0,1995.0,1880.0,1932.199951171875,1841.7208251953125,20765007,394.1000061035156,395.3999938964844,355.1499938964844,373.1499938964844,356.2794189453125,67266667,1058.0,1078.5,1004.5499877929688,1054.2249755859375,992.6287231445312,171382202,284.5,315.54998779296875,261.8500061035156,269.29998779296875,265.3558654785156,286077793,1307.0,1310.0,1240.199951171875,1264.449951171875,1187.277587890625,14889236,420.5930480957031,473.6243591308594,419.8844299316406,444.5714111328125,431.2769470214844,353434708,455.0,478.67498779296875,440.0249938964844,463.125,382.9434509277344,80271844,269.25,289.6499938964844,255.6999969482422,259.3500061035156,239.30654907226562,370271032,212.0,241.9149932861328,205.5,229.63499450683594,225.21726989746094,307645570,1754.0,1885.1500244140625,1711.1500244140625,1847.75,1611.869384765625,74257498,966.9000244140625,1019.7999877929688,949.0,981.010009765625,894.30419921875,12560680,38.0,40.75,33.766666412353516,36.21666717529297,31.419118881225586,356524836,98.60627746582031,101.2500228881836,95.0625228881836,98.0625228881836,95.7320556640625,143495743,922.5,927.9500122070312,874.0999755859375,897.7000122070312,834.2398681640625,52907964,615.2000122070312,657.5,606.0,653.5999755859375,540.5852661132812,148892806,284.31622314453125,297.9571838378906,247.94363403320312,253.22462463378906,241.28414916992188,72394568,57.0,60.81999969482422,53.82500076293945,56.775001525878906,45.61482238769531,1605197350,526.9500122070312,622.75,517.1500244140625,616.6500244140625,591.2427368164062,71219407,485.0,592.0,470.1499938964844,564.0,527.4890747070312,185424597,1375.800048828125,1396.0,1206.0,1275.0999755859375,1141.521728515625,43587440,3065.0,3065.0,2775.159912109375,2859.044921875,2708.541748046875,7906780,331.8999938964844,334.0,294.75,302.25,298.273681640625,4624467,388.0,485.9200134277344,386.4700012207031,447.010009765625,435.72552490234375,150118020,543.0,551.7999877929688,498.75,510.79998779296875,508.0451354980469,108401249,1613.0,1656.6500244140625,1547.050048828125,1641.1500244140625,1462.733154296875,26843623,907.5,926.7999877929688,826.0499877929688,878.5,856.666015625,52328686,77.63616180419922,88.03042602539062,69.74422454833984,72.59944152832031,71.4480209350586,204014415,950.5499877929688,1076.4000244140625,915.2000122070312,1047.449951171875,1024.288330078125,11875855,293.0,299.70001220703125,257.3999938964844,264.3500061035156,147.61415100097656,67145834,606.9000244140625,629.3599853515625,568.260009765625,582.1099853515625,580.1197509765625,32720650,1317.0,1360.0,1293.0,1342.949951171875,1337.500732421875,35173718,269.70001220703125,281.0,253.5,269.3500061035156,252.14508056640625,55840454
2018-07-01,657.9500122070312,684.9000244140625,612.4000244140625,680.75,545.7366943359375,77726579,8878.0,9929.0,8750.0,9520.5498046875,8936.208984375,10939292,231.0,231.10000610351562,192.35000610351562,213.39999389648438,203.9311981201172,266904622,3480.0,3670.0,3033.75,3294.449951171875,2668.251953125,13600888,343.4691467285156,353.7885437011719,298.316162109375,352.0310974121094,340.6056823730469,109934787,327.0,332.8500061035156,293.54998779296875,330.3999938964844,302.3999938964844,101468969,132.5,133.0,124.875,129.0416717529297,97.11649322509766,155035362,2815.0,3194.949951171875,2605.0,2700.050048828125,2165.6787109375,26916291,3798.0,4250.0,3730.35009765625,4193.7998046875,4072.017333984375,7450840,105.1875228881836,106.4531478881836,97.9312744140625,102.54377746582031,71.17041015625,216231748,274.0,308.5,256.5,304.25,294.498779296875,494208829,1000.023681640625,1036.379150390625,910.579345703125,1021.1397094726562,984.6741943359375,21322354,267.0,307.1499938964844,260.04998779296875,297.70001220703125,230.95269775390625,348466313,157.85000610351562,166.75,152.4499969482422,165.6999969482422,110.57958221435547,144365334,1938.0,2001.75,1877.5,1995.1500244140625,1909.0478515625,24682443,371.0,402.45001220703125,355.6000061035156,399.75,381.6767883300781,46442874,1054.175048828125,1110.0,1031.625,1089.75,1026.078125,102000326,276.0,277.0,247.3000030517578,264.1000061035156,260.2320251464844,225617657,1266.5,1490.5999755859375,1261.0,1451.4000244140625,1369.25732421875,29137687,444.52569580078125,544.2108154296875,437.5082092285156,542.1992797851562,529.50146484375,435898808,463.5,509.8999938964844,458.57501220703125,482.54998779296875,399.0053405761719,112728908,258.95001220703125,302.3999938964844,250.4499969482422,293.5,270.81732177734375,401092649,230.0,279.70001220703125,228.11000061035156,269.7900085449219,264.5997619628906,373307660,1852.0,2015.0,1841.0999755859375,1940.199951171875,1692.5169677734375,86782242,989.0,1058.0,972.7650146484375,1053.0400390625,959.9677734375,8671190,36.28333282470703,39.883331298828125,32.233333587646484,38.78333282470703,33.645782470703125,575533158,97.76252746582031,108.97502899169922,96.78752136230469,103.6500244140625,101.186767578125,238053692,907.0,941.7999877929688,878.6500244140625,935.9500122070312,869.7859497070312,43623492,657.0,696.9000244140625,634.0499877929688,682.5499877929688,573.7560424804688,222750566,255.06614685058594,282.1531677246094,204.2244110107422,269.3404235839844,256.6400146484375,360455594,57.595001220703125,58.650001525878906,49.29999923706055,56.30500030517578,45.237205505371094,1937123760,620.0,648.0,602.1500244140625,641.3499755859375,614.9249877929688,48579471,566.2999877929688,588.8499755859375,530.7000122070312,568.5,531.6978149414062,88363021,1277.9000244140625,1346.9000244140625,1242.9000244140625,1302.300048828125,1165.8721923828125,52930533,2865.5,2912.4951171875,2676.110107421875,2779.85498046875,2633.520751953125,11686770,303.95001220703125,378.0,302.3500061035156,348.79998779296875,344.2113342285156,3776140,446.0,477.5299987792969,404.0,425.55999755859375,414.8169860839844,116786515,510.75,584.4500122070312,503.0,550.4000244140625,547.4315795898438,137171112,1640.9000244140625,1780.0,1625.050048828125,1731.6500244140625,1555.0399169921875,36306461,883.0999755859375,914.0,799.6500244140625,912.3499755859375,889.6746215820312,66250707,72.37487030029297,132.65518188476562,64.7074966430664,125.40486145019531,123.41596984863281,687765190,1063.0,1089.5,910.0999755859375,951.9000244140625,930.8512573242188,13095234,263.1499938964844,279.70001220703125,258.6000061035156,261.1000061035156,145.7993621826172,63154956,586.0,710.0,575.0449829101562,697.72998046875,695.3444213867188,52667140,1348.8499755859375,1417.0,1285.5,1306.8499755859375,1301.547119140625,45776405,271.0,284.5,228.60000610351562,246.89999389648438,233.28614807128906,64856996
2018-08-01,684.4000244140625,768.75,634.0999755859375,765.7999877929688,627.8410034179688,87014900,9535.0,9587.75,9012.2001953125,9096.400390625,8538.0927734375,10756010,214.5,243.0,203.25,237.9499969482422,227.3918914794922,242929819,3296.0,3349.89990234375,3188.699951171875,3253.800048828125,2665.076416015625,6661974,351.4903259277344,359.6016540527344,327.1563720703125,345.9476013183594,334.7196350097656,104641280,330.95001220703125,408.79998779296875,321.8500061035156,396.3500061035156,366.5391540527344,161178218,129.0,145.4583282470703,127.29166412353516,142.9166717529297,107.55879211425781,102890842,2717.0,2770.0,2606.0,2744.85009765625,2246.86572265625,9942396,4205.5,4493.64990234375,4137.0498046875,4475.5,4357.2705078125,5519262,102.9375228881836,113.76565551757812,101.33439636230469,113.34378051757812,78.6661376953125,155705741,302.6000061035156,346.79998779296875,294.1000061035156,342.6000061035156,331.61962890625,484866786,1020.9405517578125,1088.6712646484375,953.7576293945312,1063.272216796875,1025.302001953125,28740974,298.04998779296875,322.6000061035156,296.1000061035156,319.8500061035156,248.136474609375,263506401,165.25,181.89999389648438,162.5,180.0500030517578,120.1559829711914,134219251,2005.0,2038.0,1862.0,1906.5999755859375,1831.5299072265625,19855685,402.95001220703125,406.3999938964844,367.29998779296875,383.1499938964844,367.6714172363281,57426791,1081.4000244140625,1087.5,1029.125,1030.5999755859375,970.3839721679688,102832700,250.0,274.70001220703125,243.10000610351562,267.5,263.582275390625,308332043,1458.0,1459.949951171875,1364.199951171875,1372.449951171875,1294.775390625,21277137,544.2108154296875,607.5740966796875,533.0331420898438,567.640625,554.3469848632812,325490111,484.0,527.5,476.5,523.2249755859375,432.6382141113281,79483924,294.5,326.3999938964844,288.3500061035156,309.6000061035156,285.6730651855469,621551040,271.5,299.3999938964844,266.0249938964844,285.6600036621094,280.1644592285156,248575520,1949.949951171875,2092.0,1945.0,2078.39990234375,1816.7283935546875,42262316,1060.0,1170.5,1021.0,1158.2249755859375,1055.856201171875,15281050,39.56666564941406,41.46666717529297,37.68333435058594,37.83333206176758,32.821624755859375,489895920,103.5000228881836,114.93753051757812,102.63752746582031,112.96878051757812,110.28406524658203,145877992,939.5,993.0,910.0499877929688,965.2999877929688,904.346435546875,45983811,681.9000244140625,727.1500244140625,673.75,720.5499877929688,605.6990966796875,153220648,270.96759033203125,287.87261962890625,251.38308715820312,260.30816650390625,248.03369140625,111953047,56.28499984741211,61.45000076293945,54.060001373291016,60.04999923706055,49.10590362548828,1834798130,641.0,677.5,614.5,662.1500244140625,634.8680419921875,63765207,570.0,659.4000244140625,548.8499755859375,652.8499755859375,610.5872802734375,174017332,1306.0,1374.0,1226.0,1369.550048828125,1226.0771484375,56664272,2784.60009765625,2947.0,2660.10009765625,2805.97509765625,2658.265869140625,10613760,355.25,392.45001220703125,346.45001220703125,369.45001220703125,365.8090515136719,2886177,426.0,504.0,426.0,498.3999938964844,490.0429992675781,80014120,550.5,667.6500244140625,538.25,649.25,645.7484741210938,268507563,1732.949951171875,1808.6500244140625,1715.050048828125,1780.0999755859375,1598.5484619140625,21918525,915.0,945.0,871.5499877929688,891.9000244140625,873.5401000976562,55626954,125.75775146484375,151.83966064453125,114.8501968383789,144.52517700195312,142.68284606933594,530802132,958.0,1234.4000244140625,938.0,1182.699951171875,1156.5477294921875,32694238,262.0,299.75,261.6000061035156,285.95001220703125,159.6757049560547,95510502,703.969970703125,720.0,672.5,674.780029296875,672.6680297851562,32754230,1304.8499755859375,1326.0999755859375,1238.0,1287.25,1282.68115234375,44300762,248.6999969482422,254.9499969482422,230.1999969482422,234.3000030517578,221.38092041015625,60437617
2018-09-01,768.0,780.0,693.0,745.5,611.197998046875,60598603,9100.0,9118.9501953125,7292.64990234375,7347.9501953125,6958.2578125,16116408,237.5,250.8000030517578,224.0,229.64999389648438,219.4601593017578,183290491,3280.0,3345.0,2877.85009765625,2933.25,2402.525390625,8009101,348.78656005859375,358.249755859375,302.0563659667969,305.1206359863281,297.1497497558594,91883236,399.29998779296875,427.54998779296875,374.20001220703125,381.6499938964844,352.9447937011719,148293946,143.75,146.1666717529297,137.0,139.0416717529297,104.64247131347656,101319065,2765.0,2949.0,2636.0,2687.449951171875,2199.879638671875,10553099,4470.0,4470.0,3910.5,4059.949951171875,3952.6982421875,6105928,114.1031494140625,115.31253051757812,104.7375259399414,105.97502899169922,73.5518798828125,172749450,343.6000061035156,344.0,300.04998779296875,305.54998779296875,297.0785827636719,327737124,1073.7305908203125,1077.7147216796875,989.8640747070312,1017.4544067382812,986.8171997070312,17308402,322.95001220703125,322.95001220703125,289.5,297.75,230.99147033691406,233947297,180.75,185.39999389648438,166.1999969482422,177.1999969482422,118.25408935546875,121619289,1906.0,1918.8499755859375,1649.0,1690.050048828125,1623.50634765625,34473091,384.0,392.95001220703125,316.54998779296875,328.8999938964844,315.6130065917969,54768118,1034.699951171875,1039.4749755859375,955.0999755859375,1003.0250244140625,944.4202270507812,110860266,271.3999938964844,282.0,219.5,223.6999969482422,220.42372131347656,255084345,1384.0,1387.5,1211.9000244140625,1293.300048828125,1220.10498046875,23470522,569.172119140625,585.7901000976562,541.056396484375,575.0924072265625,561.624267578125,393581276,526.5,562.5250244140625,522.2999877929688,543.9000244140625,450.65478515625,94161800,312.5,312.5,253.39999389648438,265.5,244.98126220703125,478016576,288.0,288.0,211.6999969482422,216.8000030517578,212.6291961669922,519116730,2084.800048828125,2211.89990234375,2018.1500244140625,2183.699951171875,1908.7703857421875,44640172,1167.9949951171875,1167.9949951171875,919.9949951171875,969.9650268554688,885.8636474609375,14022170,38.08333206176758,38.5,24.75,26.766666412353516,23.30022621154785,1223544015,122.62503051757812,126.75003051757812,114.8625259399414,121.50003051757812,118.61256408691406,380489487,974.9000244140625,977.6500244140625,839.5499877929688,860.9500122070312,806.5855712890625,52216208,724.5,748.5,692.0,730.0499877929688,613.6848754882812,151520717,262.8804626464844,266.49530029296875,189.05372619628906,224.2863311767578,213.7104034423828,133179494,60.29999923706055,64.76000213623047,57.5,58.125,47.53173065185547,1647095540,665.5,678.4500122070312,637.2000122070312,654.0499877929688,630.1456909179688,45547571,658.7999877929688,679.2999877929688,614.5,623.25,582.903564453125,153544601,1375.0,1390.0,1250.1500244140625,1272.0999755859375,1153.377685546875,36495203,2810.0,2980.0,2352.3701171875,2418.5400390625,2300.49560546875,12162090,369.04998779296875,384.8999938964844,316.8500061035156,333.25,329.96575927734375,1754918,502.0,534.1599731445312,488.2200012207031,506.1300048828125,497.6434020996094,104200060,655.4500122070312,677.9500122070312,563.4000244140625,613.25,609.9425659179688,235996746,1791.5,1791.5,1564.0999755859375,1608.4000244140625,1444.360107421875,35179141,896.8499755859375,928.4000244140625,773.3499755859375,805.5999755859375,789.0166015625,69166779,145.0063934326172,170.64999389648438,125.5999984741211,130.60000610351562,128.93516540527344,389756228,1191.8499755859375,1201.300048828125,996.75,1042.25,1019.2034912109375,14902308,287.5,289.79998779296875,264.3999938964844,266.25,148.67515563964844,69298035,677.0,684.0,536.5999755859375,600.6199951171875,598.7401733398438,49267180,1292.0,1295.0,1120.1500244140625,1141.5999755859375,1137.5479736328125,47303888,236.0,243.5500030517578,212.64999389648438,233.75,220.8612518310547,65473707
2018-10-01,749.0,780.7999877929688,640.4000244140625,743.9000244140625,609.88623046875,76776814,7354.0,7485.0,6500.0,6616.39990234375,6265.50439453125,21329875,229.10000610351562,259.75,210.6999969482422,220.39999389648438,211.7176055908203,228222448,2910.0,2995.0,2648.0,2762.35009765625,2262.547119140625,14295194,305.5262145996094,306.4274597167969,249.51307678222656,263.4825744628906,256.59942626953125,169509312,375.0,387.5,326.5,339.3999938964844,313.87255859375,119220405,139.5833282470703,141.9166717529297,129.0,133.0416717529297,101.5722885131836,216673990,2687.0,2769.89990234375,2420.0,2593.699951171875,2123.137939453125,11420760,4050.0,4050.0,3260.449951171875,3499.39990234375,3406.9560546875,8230328,105.91877746582031,109.06877899169922,100.57502746582031,104.5969009399414,73.64912414550781,141482403,306.29998779296875,356.54998779296875,294.79998779296875,355.0,345.1576232910156,603713714,1016.9563598632812,1018.9484252929688,753.005859375,830.248779296875,805.2486572265625,30693851,300.8500061035156,302.95001220703125,263.6499938964844,280.1000061035156,217.2987823486328,252722016,179.3000030517578,183.5,144.6999969482422,153.25,103.07123565673828,215180326,1660.0,1695.949951171875,1333.1500244140625,1425.0999755859375,1368.9884033203125,87450386,328.0,339.29998779296875,294.1000061035156,318.8500061035156,305.9690246582031,94145410,1004.9000244140625,1026.0999755859375,942.5,955.875,900.0250854492188,165463186,225.0,232.8000030517578,164.60000610351562,179.10000610351562,176.47694396972656,434206704,1299.0,1307.9000244140625,1118.0,1230.4000244140625,1160.7646484375,33643916,574.9781494140625,574.9781494140625,464.66387939453125,485.16778564453125,473.8055419921875,602597522,542.5999755859375,550.8499755859375,472.8999938964844,527.7999877929688,437.3147888183594,92561840,265.5,282.75,247.39999389648438,281.3999938964844,259.6524658203125,574314551,216.8000030517578,242.38999938964844,191.22000122070312,238.2550048828125,233.6714324951172,974328020,2190.89990234375,2275.949951171875,1784.3499755859375,1938.1500244140625,1694.1357421875,68060513,972.39501953125,1019.8300170898438,904.7050170898438,1014.7849731445312,926.7974243164062,19006280,26.850000381469727,31.133333206176758,24.933332443237305,31.016666412353516,26.999826431274414,609130980,121.50003051757812,125.49378204345703,111.00003051757812,124.20002746582031,121.24839782714844,224884417,860.5,864.4500122070312,715.0,765.9500122070312,717.5843505859375,82382490,737.5,754.9000244140625,629.9000244140625,686.4000244140625,576.9923706054688,186538368,224.10121154785156,227.99862670898438,175.83175659179688,226.98529052734375,216.28208923339844,210389678,58.0,59.439998626708984,52.935001373291016,55.3849983215332,45.29109573364258,1407296810,653.0499877929688,663.9500122070312,598.6500244140625,629.25,606.2520141601562,40656561,624.0,640.75,550.0,580.25,544.323486328125,98377734,1274.0,1304.0,1182.5,1297.5,1176.406982421875,63694590,2428.0,2499.89990234375,2000.114990234375,2186.4599609375,2079.742919921875,29723330,333.0,355.29998779296875,316.5,321.70001220703125,318.5295715332031,2008642,506.20001220703125,522.0,466.3999938964844,508.489990234375,499.96380615234375,93026355,615.0999755859375,617.5,534.5499877929688,582.4000244140625,579.2589111328125,250595376,1606.5,1652.4000244140625,1477.199951171875,1621.699951171875,1456.3035888671875,33033309,800.0,847.9000244140625,732.2999877929688,844.5999755859375,827.2137451171875,75644140,127.0,176.6999969482422,121.3499984741211,170.0,167.83291625976562,175616032,1032.4000244140625,1176.0,1025.25,1141.050048828125,1120.875,11082882,266.25,289.20001220703125,261.29998779296875,266.1499938964844,148.61927795410156,79308286,600.0,604.0,495.5,540.4650268554688,538.7733764648438,70105800,1090.0,1219.199951171875,1002.2000122070312,1119.1500244140625,1115.1778564453125,79830676,234.5500030517578,240.8000030517578,205.0,217.85000610351562,205.83798217773438,52246606
2018-11-01,747.0,747.0,671.0,705.9500122070312,578.7731323242188,61476353,6648.9501953125,7727.0,6600.0,7661.60009765625,7255.2734375,16273924,222.60000610351562,245.3000030517578,213.25,226.1999969482422,217.2891082763672,183964922,2778.0,3104.699951171875,2749.0,3055.199951171875,2502.41015625,7173677,264.0683898925781,306.2472229003906,258.9762878417969,282.5441589355469,275.1630554199219,158401389,340.6000061035156,359.8999938964844,299.5,314.25,290.61419677734375,89324084,133.125,133.8333282470703,114.625,116.91666412353516,89.2614517211914,185239210,2613.10009765625,2769.699951171875,2568.050048828125,2745.699951171875,2247.5615234375,7115498,3522.0,4081.0,3470.0,3999.64990234375,3893.990966796875,6006791,104.6812744140625,108.50627899169922,100.01252746582031,101.33439636230469,71.35191345214844,137717339,357.0,375.29998779296875,347.6499938964844,355.1499938964844,345.303466796875,417163584,836.6234130859375,888.16845703125,792.0506591796875,862.8192749023438,836.83837890625,30362886,280.0,290.0,273.1499938964844,285.79998779296875,221.7207794189453,183521572,155.5,165.0,137.64999389648438,140.3000030517578,94.3614501953125,182506939,1402.0,1674.449951171875,1398.0,1631.800048828125,1567.550048828125,43410646,322.70001220703125,374.6000061035156,313.8999938964844,365.6499938964844,350.87841796875,76472473,965.0,1068.7750244140625,948.0,1064.2249755859375,1002.04443359375,137555020,182.0,200.75,170.35000610351562,171.9499969482422,169.43165588378906,340509498,1233.0,1361.75,1213.800048828125,1345.949951171875,1272.822998046875,26469292,488.20794677734375,542.1992797851562,480.0246887207031,533.7645874023438,521.2642211914062,358035029,527.5,529.5,481.5,507.5,421.3499755859375,73942640,283.0,300.0,273.3500061035156,284.6499938964844,262.6512756347656,468696147,239.14500427246094,256.44000244140625,223.30999755859375,253.77000427246094,248.88795471191406,338385420,1943.6500244140625,1997.0,1784.5,1968.25,1724.06982421875,52728186,1023.9000244140625,1089.0400390625,990.3499755859375,1076.4849853515625,983.147705078125,13932640,31.116666793823242,33.099998474121094,27.583332061767578,27.75,24.15621566772461,432493410,124.85627746582031,125.77503204345703,113.4937744140625,121.74378204345703,118.85053253173828,177605529,770.5,807.7000122070312,738.0999755859375,790.9000244140625,740.9589233398438,59284147,689.7000122070312,689.7000122070312,599.8499755859375,667.4500122070312,567.1728515625,169740064,227.60887145996094,248.4600372314453,210.5187225341797,225.17298889160156,214.5552520751953,109971127,55.58000183105469,61.060001373291016,51.25,52.95000076293945,43.29987335205078,1691411790,630.0,631.9500122070312,511.75,540.8499755859375,521.0830078125,78585265,581.25,604.7999877929688,474.5,492.6000061035156,462.1004333496094,159885588,1337.449951171875,1438.1500244140625,1321.5999755859375,1432.5,1298.807861328125,44055668,2175.0,2535.0,2119.675048828125,2340.530029296875,2226.292724609375,20025670,323.04998779296875,345.0,319.0,335.04998779296875,331.7480163574219,2718035,512.0,546.9099731445312,477.79998779296875,544.4400024414062,535.31103515625,94488815,582.0499877929688,638.7000122070312,582.0499877929688,625.75,622.3751831054688,221550063,1624.5,1798.300048828125,1583.550048828125,1754.0,1584.10009765625,23176010,844.5999755859375,933.9000244140625,834.4000244140625,927.0999755859375,908.0155029296875,59862219,171.0500030517578,179.5,154.25,165.0,162.89663696289062,105919031,1143.699951171875,1289.75,1112.25,1264.800048828125,1242.4368896484375,14915814,264.95001220703125,271.8500061035156,239.0500030517578,244.89999389648438,136.75318908691406,156037619,542.0,610.0,537.0650024414062,599.4349975585938,597.5587768554688,38311050,1123.699951171875,1238.4000244140625,1101.0999755859375,1233.949951171875,1229.5701904296875,46162031,218.0,225.5,208.5500030517578,218.64999389648438,206.59384155273438,28457442
2018-12-01,706.7999877929688,739.9000244140625,680.0499877929688,723.1500244140625,592.8743896484375,48800206,7688.5,7949.75,7170.0,7465.5,7069.57373046875,15269254,232.5,237.89999389648438,211.4499969482422,226.1999969482422,217.2891082763672,153291429,3050.0,3380.0,2982.0,3104.25,2542.58544921875,13397297,285.2479248046875,300.47918701171875,254.154541015625,281.64288330078125,276.574462890625,152834390,320.04998779296875,325.0,286.29998779296875,306.75,283.6783142089844,111344682,116.95833587646484,126.33333587646484,111.70833587646484,124.20833587646484,94.82837677001953,274446986,2760.0,2905.0,2670.0,2720.14990234375,2226.646484375,7793001,4040.0,4173.75,3725.050048828125,3990.949951171875,3885.520751953125,5951871,101.8687744140625,112.50003051757812,99.36564636230469,111.74065399169922,78.67919158935547,212640908,358.8999938964844,369.25,336.0,360.1499938964844,350.1648254394531,320932298,866.2555541992188,879.5029296875,771.9306640625,822.3302612304688,797.5684814453125,24323640,287.25,289.5,268.20001220703125,281.6499938964844,218.50123596191406,188635478,140.9499969482422,151.5,134.75,149.89999389648438,100.818115234375,288390244,1648.5,1661.8499755859375,1475.0,1599.300048828125,1536.3294677734375,26691143,367.45001220703125,390.75,347.0,387.70001220703125,372.0376281738281,76246687,1065.5,1079.699951171875,1016.0,1060.8499755859375,998.8665771484375,94995760,173.25,180.5,154.64999389648438,172.6999969482422,170.17068481445312,293362919,1345.0,1433.9000244140625,1252.1500244140625,1373.050048828125,1298.45068359375,29465697,537.124755859375,537.124755859375,482.3105163574219,512.5977783203125,500.5931701660156,334090346,510.54998779296875,532.75,465.3500061035156,482.17498779296875,400.3240966796875,98791382,286.70001220703125,302.0,268.3500061035156,295.8999938964844,273.0318298339844,314605179,254.8000030517578,266.6300048828125,233.2100067138672,264.5150146484375,259.42620849609375,325801200,1984.0,2029.699951171875,1870.25,1893.050048828125,1658.199462890625,49342879,1081.9200439453125,1142.5,1023.2000122070312,1108.4849853515625,1012.3729858398438,13362520,28.049999237060547,31.600000381469727,25.0,29.316665649414062,25.519987106323242,782862519,121.87503051757812,128.9812774658203,119.75627899169922,124.06877899169922,121.12026977539062,207043931,800.0,814.0,694.0,803.8499755859375,753.0911254882812,69474250,673.1500244140625,713.7000122070312,637.3499755859375,658.9500122070312,559.9497680664062,154714992,225.7576141357422,251.62667846679688,205.0526123046875,241.62982177734375,231.15780639648438,123188443,54.119998931884766,55.27000045776367,48.6150016784668,52.10499954223633,42.6088752746582,1367759940,542.0,549.0,503.0,519.5,500.51324462890625,39702003,450.0,464.70001220703125,390.6000061035156,430.5,403.84539794921875,406614222,1435.050048828125,1459.699951171875,1343.6500244140625,1437.550048828125,1303.386474609375,34677162,2332.0,2422.0,2180.0,2315.8349609375,2202.80322265625,12902780,335.04998779296875,372.6000061035156,315.04998779296875,362.29998779296875,358.7294616699219,2513570,547.719970703125,549.989990234375,506.82000732421875,523.2999877929688,514.5255126953125,89045055,632.0,651.6500244140625,580.5,619.9000244140625,616.5568237304688,179930234,1769.5,1869.5,1741.25,1819.6500244140625,1643.3907470703125,36351903,932.5499877929688,961.25,868.2000122070312,931.0,911.835205078125,58491929,166.0500030517578,168.5,134.5,161.0,158.94764709472656,96089102,1265.0,1329.8499755859375,1144.75,1258.300048828125,1236.0518798828125,11209736,246.0,254.5,228.35000610351562,240.75,134.43582153320312,167072967,606.0,659.1199951171875,561.2000122070312,647.6950073242188,645.6678466796875,42395920,1240.0,1345.949951171875,1171.0,1256.5,1252.040283203125,114876745,218.5,224.89999389648438,195.0,219.39999389648438,207.302490234375,49123430
2019-01-01,715.0,742.4000244140625,672.5,731.9000244140625,600.0480346679688,50913816,7449.75,7529.0,6317.7001953125,6641.14990234375,6288.94140625,18877108,225.5,225.75,197.4499969482422,208.5,200.28636169433594,181904223,3089.0,3135.0,2561.0,2613.949951171875,2140.99755859375,11991861,284.7522277832031,311.1590576171875,265.4202575683594,276.1452331542969,271.17578125,163581751,308.8999938964844,308.8999938964844,262.20001220703125,274.6000061035156,253.94639587402344,119386685,124.125,125.25,113.875,116.41666412353516,88.87974548339844,224765407,2735.0,2747.25,2461.10009765625,2554.550048828125,2091.091064453125,9988068,4000.0,4018.949951171875,3332.449951171875,3519.35009765625,3426.379150390625,8994653,111.0656509399414,112.78128051757812,102.3750228881836,106.0875244140625,74.69868469238281,164371886,361.5,383.54998779296875,336.6499938964844,364.45001220703125,354.34564208984375,467373555,824.2227172851562,840.9561767578125,711.6702270507812,718.14453125,696.52001953125,29996417,282.20001220703125,297.3999938964844,273.6000061035156,278.6499938964844,216.17385864257812,263251945,150.0,150.10000610351562,138.5,141.25,95.00040435791016,185615237,1600.0,1610.0,1430.25,1505.550048828125,1446.270751953125,55937284,386.29998779296875,402.70001220703125,292.1000061035156,338.6499938964844,324.9691467285156,84534851,1063.824951171875,1083.25,1011.0,1039.9749755859375,979.2113037109375,110090940,173.5,198.3000030517578,165.10000610351562,181.1999969482422,178.5461883544922,305923540,1373.199951171875,1432.050048828125,1353.300048828125,1412.5999755859375,1335.8516845703125,34445877,514.4264526367188,578.1782836914062,494.2425537109375,561.01171875,547.8732299804688,467551789,481.0,517.5,460.0,502.6000061035156,417.2817687988281,90451040,297.5,307.5,276.54998779296875,293.6499938964844,270.95574951171875,354323797,264.5,266.3999938964844,235.5,257.4849853515625,252.53147888183594,347415680,1896.0,2019.75,1808.0,2014.0999755859375,1764.2318115234375,69895226,1115.0,1153.89501953125,1065.5550537109375,1149.7850341796875,1055.0526123046875,18598200,29.466665267944336,31.066665649414062,26.350000381469727,27.883333206176758,24.27227783203125,524298090,124.03128051757812,139.27503967285156,116.75627899169922,138.4500274658203,135.15975952148438,370604591,805.0,805.8499755859375,661.5999755859375,680.0499877929688,637.1084594726562,91319354,660.9500122070312,751.2999877929688,651.0,749.5499877929688,636.9381713867188,212509846,242.6041717529297,243.97801208496094,193.1849822998047,197.86187744140625,189.2866973876953,157718894,52.400001525878906,52.45000076293945,44.1349983215332,47.66999816894531,38.98215103149414,1692958710,520.0,524.0,483.75,517.2999877929688,498.3936462402344,38104067,432.5,457.3999938964844,370.20001220703125,423.45001220703125,397.23193359375,349615333,1445.0,1445.0,1268.199951171875,1314.300048828125,1191.63916015625,66361955,2316.22509765625,2329.300048828125,1880.0,1900.574951171875,1807.8114013671875,35737250,362.29998779296875,373.20001220703125,338.8500061035156,354.04998779296875,350.560791015625,2792691,523.6199951171875,545.7100219726562,507.4599914550781,544.1599731445312,535.0357055664062,68905245,621.9000244140625,726.8499755859375,603.6500244140625,722.7000122070312,718.8023681640625,278878127,1824.800048828125,1824.800048828125,1726.0999755859375,1763.25,1592.4537353515625,34787768,931.75,1000.0,920.2000122070312,995.7999877929688,975.3013305664062,45082287,160.89999389648438,162.35000610351562,118.94999694824219,137.14999389648438,135.4016876220703,70910257,1253.0,1387.25,1245.550048828125,1325.6500244140625,1302.2109375,13724224,241.0,242.4499969482422,218.0500030517578,224.64999389648438,129.18899536132812,92309226,651.5,653.5,594.8800048828125,609.1900024414062,607.2832641601562,44673170,1254.0,1307.949951171875,1198.0,1255.75,1251.29296875,61325350,219.9499969482422,221.0500030517578,200.8000030517578,203.8000030517578,192.5626678466797,26061206
2019-02-01,732.9500122070312,840.0,728.0,830.1500244140625,680.598388671875,89924051,6679.0,7320.0,6652.5498046875,6829.7001953125,6467.4921875,14859604,208.0,212.64999389648438,182.1999969482422,195.75,188.03866577148438,164228808,2629.449951171875,2960.0,2581.5,2628.10009765625,2152.587158203125,16557689,274.9736022949219,294.66607666015625,263.9331970214844,286.6448669433594,281.4864501953125,115743727,274.25,293.79998779296875,256.6000061035156,281.1000061035156,259.95751953125,162398313,116.66666412353516,119.125,106.66666412353516,117.70833587646484,89.86587524414062,316497598,2560.0,2941.0,2543.0,2900.60009765625,2374.358642578125,11832212,3530.0,3915.0,3367.050048828125,3826.5,3725.41552734375,7329872,107.4094009399414,107.9156494140625,97.0312728881836,102.8531494140625,72.42131042480469,299803513,364.5,364.8999938964844,336.1499938964844,350.1499938964844,340.44207763671875,289573739,721.1824340820312,793.743896484375,686.370849609375,773.9725341796875,750.6669311523438,30278252,280.6499938964844,285.20001220703125,268.45001220703125,276.04998779296875,214.15679931640625,327891019,141.0,150.75,127.5999984741211,148.64999389648438,99.9773941040039,280621910,1507.9000244140625,1557.1500244140625,1455.0,1473.8499755859375,1415.8189697265625,30767592,339.8999938964844,359.25,315.75,325.8500061035156,312.6862487792969,133558828,1039.9749755859375,1077.5,1036.5999755859375,1038.7750244140625,978.08154296875,86297218,182.0,186.10000610351562,129.0,177.4499969482422,174.85110473632812,413626349,1412.4000244140625,1480.0,1345.0,1405.199951171875,1328.853759765625,19647186,564.143310546875,604.0081787109375,551.3426513671875,562.7946166992188,549.6144409179688,381513640,505.29998779296875,547.9749755859375,505.25,526.9500122070312,437.4983215332031,63780222,296.8999938964844,302.70001220703125,258.79998779296875,269.04998779296875,248.25689697265625,408697355,257.5,273.7449951171875,250.60000610351562,264.8999938964844,259.8038330078125,258318090,2009.5,2097.949951171875,1881.300048828125,1983.449951171875,1741.1082763671875,62771882,1149.8050537109375,1175.0999755859375,1017.625,1063.9749755859375,976.3125610351562,18602130,28.049999237060547,28.733333587646484,24.16666603088379,27.5,23.9385929107666,602360355,138.78753662109375,145.85629272460938,135.4500274658203,138.33753967285156,135.0499267578125,195402945,689.0,715.4000244140625,615.5999755859375,645.9000244140625,605.1149291992188,84391800,751.3499755859375,772.25,721.2999877929688,734.2999877929688,627.4093627929688,119007692,197.98854064941406,224.90992736816406,193.85728454589844,222.59095764160156,212.9440460205078,111717347,47.70000076293945,51.22999954223633,45.20000076293945,50.04499816894531,40.92430877685547,2036244530,517.6500244140625,558.2999877929688,501.20001220703125,554.5499877929688,534.2822875976562,51701044,421.20001220703125,455.0,403.29998779296875,445.1499938964844,417.58831787109375,162947271,1315.5,1334.550048828125,1201.0999755859375,1292.949951171875,1172.2816162109375,63492922,1909.0,2196.5,1907.60498046875,1986.9100341796875,1889.9326171875,25185890,353.5,366.0,320.1000061035156,324.95001220703125,321.74755859375,2101893,543.5399780273438,575.5999755859375,374.5899963378906,526.3300170898438,517.5046997070312,158018830,720.75,734.5,680.7000122070312,709.5499877929688,705.7232055664062,205349203,1763.25,1847.0,1722.0,1732.6500244140625,1564.81787109375,27476928,1003.0,1076.8499755859375,985.0999755859375,1025.199951171875,1004.0960693359375,53688856,136.9499969482422,144.8000030517578,114.80000305175781,128.85000610351562,127.20748138427734,141034752,1320.0,1357.9000244140625,1083.0999755859375,1140.9000244140625,1120.7276611328125,24519747,224.35000610351562,229.89999389648438,211.39999389648438,228.3000030517578,131.28799438476562,159921625,612.3900146484375,650.969970703125,585.5,646.2449951171875,644.2223510742188,44340880,1257.050048828125,1315.0,1210.0,1213.0999755859375,1208.794189453125,132788832,203.8000030517578,207.8000030517578,177.0500030517578,193.6999969482422,183.01954650878906,39922814
2019-03-01,831.0,836.5,761.5999755859375,775.9000244140625,636.12158203125,60995643,6876.7998046875,7232.0,6480.0,6672.5498046875,6318.6767578125,16763038,198.10000610351562,211.5500030517578,193.60000610351562,205.5,197.4045867919922,147059168,2649.89990234375,2849.39990234375,2515.0,2553.14990234375,2131.080810546875,14953216,286.4195556640625,321.3432922363281,272.2698059082031,300.20880126953125,294.8063049316406,196492534,284.3999938964844,298.0,276.0,293.04998779296875,271.0086975097656,157774637,118.08333587646484,142.0,118.04166412353516,134.6999969482422,105.57623291015625,473902415,2914.0,3047.800048828125,2814.800048828125,2911.10009765625,2382.95361328125,13203582,3839.89990234375,4147.9501953125,3826.550048828125,3998.35009765625,3892.7255859375,6973461,102.9937744140625,115.1437759399414,102.2062759399414,111.31877899169922,78.38216400146484,248555309,352.04998779296875,402.3999938964844,350.6499938964844,400.5,389.3961486816406,358316549,777.4088745117188,857.5900268554688,774.9685668945312,854.5521240234375,828.8201293945312,24367553,276.45001220703125,303.0,276.04998779296875,297.25,230.6035919189453,246356876,149.89999389648438,163.1999969482422,145.6999969482422,159.75,111.39441680908203,339465668,1481.699951171875,1834.4000244140625,1474.949951171875,1780.0,1709.9146728515625,60604271,328.79998779296875,385.8999938964844,327.0,378.1499938964844,362.8734130859375,70090763,1043.125,1164.0250244140625,1035.0,1159.449951171875,1091.7056884765625,145671274,178.64999389648438,198.35000610351562,167.5500030517578,174.25,171.69796752929688,348311811,1409.0,1508.949951171875,1380.0,1492.699951171875,1411.5997314453125,20648664,565.5147705078125,634.546875,557.1029052734375,623.2320556640625,608.636474609375,408355672,527.5,549.2249755859375,500.0249938964844,543.7249755859375,452.29150390625,75865336,270.54998779296875,339.6499938964844,270.1000061035156,320.75,295.96136474609375,472623392,266.3299865722656,303.4949951171875,264.0,302.5,296.6805114746094,263442230,1995.050048828125,2068.949951171875,1958.050048828125,2001.6500244140625,1757.0845947265625,53475963,1064.0,1123.9000244140625,1003.1649780273438,1096.094970703125,1005.7864990234375,20143920,27.66666603088379,32.54999923706055,27.66666603088379,31.083332061767578,27.15764045715332,858307569,139.08753967285156,142.9499969482422,126.69999694824219,127.4000015258789,124.37232208251953,322940903,650.0,704.2000122070312,641.0,673.9000244140625,631.3468627929688,72031846,735.5,747.9500122070312,705.3499755859375,743.8499755859375,635.5691528320312,162357177,223.0099334716797,252.7471923828125,223.0099334716797,248.92771911621094,238.13937377929688,115130249,50.349998474121094,53.189998626708984,50.20000076293945,52.099998474121094,42.60478210449219,1252263660,555.0,555.2999877929688,516.2000122070312,528.9000244140625,509.5696716308594,36318453,447.8999938964844,482.95001220703125,445.04998779296875,478.8500061035156,449.2017517089844,124959957,1300.300048828125,1415.0,1277.050048828125,1385.300048828125,1256.0128173828125,66241409,1990.4000244140625,2335.5,1932.0,2054.77001953125,1954.480224609375,29663630,328.0,399.95001220703125,323.8999938964844,361.8999938964844,358.3333740234375,2921335,527.5999755859375,562.7999877929688,516.010009765625,556.0499877929688,546.726318359375,74368810,713.5,787.6500244140625,699.5499877929688,777.25,773.05810546875,185271775,1735.0,1755.5,1660.0,1706.800048828125,1541.471923828125,33060494,1031.9000244140625,1152.0,1016.2000122070312,1141.8499755859375,1118.3447265625,42034417,130.35000610351562,150.75,128.85000610351562,146.75,144.87928771972656,101658898,1140.0999755859375,1253.3499755859375,1092.0,1227.5999755859375,1205.894775390625,16252283,228.8000030517578,247.89999389648438,226.60000610351562,237.1999969482422,136.40609741210938,231327451,648.0,708.0,638.5999755859375,703.7050170898438,701.5025024414062,41021930,1221.699951171875,1364.6500244140625,1217.3499755859375,1334.5,1329.7633056640625,60933282,194.0,211.8000030517578,192.0500030517578,203.9499969482422,192.70437622070312,40367017
2019-04-01,782.8499755859375,838.0,767.25,836.0999755859375,685.4763793945312,49108938,6730.7998046875,7539.35009765625,6630.0,6666.39990234375,6312.85302734375,20205207,208.5500030517578,219.10000610351562,195.75,206.0500030517578,197.93289184570312,143193322,2573.0,2759.89990234375,2477.0,2511.85009765625,2096.6083984375,16857672,300.9298095703125,329.5133972167969,299.80322265625,314.3971862792969,308.7393493652344,197162070,297.45001220703125,309.8999938964844,285.0,308.3500061035156,285.1579284667969,110317403,136.39999389648438,138.3000030517578,131.4499969482422,134.0500030517578,105.06678009033203,211050013,2947.949951171875,3110.0,2831.0,2984.10009765625,2442.7099609375,8626225,4040.0,4686.60009765625,3985.0,4616.7998046875,4494.83740234375,13234992,111.4875259399414,114.32815551757812,104.28752899169922,104.85002899169922,76.10562896728516,208954786,401.45001220703125,411.0,385.0,407.5,396.2020568847656,251261681,864.2136840820312,936.2771606445312,822.1310424804688,897.630859375,870.6017456054688,30947215,297.0,310.0,291.70001220703125,301.3500061035156,233.7843017578125,185143666,160.5,171.14999389648438,153.3000030517578,169.1999969482422,118.73233032226562,322751617,1797.0,1823.75,1575.199951171875,1606.5,1543.2459716796875,41585599,380.95001220703125,396.54998779296875,373.0,392.79998779296875,376.93157958984375,45592283,1162.625,1166.0,1115.5,1158.7249755859375,1091.02294921875,154552166,176.35000610351562,239.35000610351562,176.35000610351562,214.3000030517578,211.16140747070312,804239367,1496.75,1529.8499755859375,1405.3499755859375,1463.1500244140625,1383.6552734375,24926408,626.3179321289062,645.7017822265625,603.916748046875,636.7412719726562,621.8292846679688,365177026,545.0,593.7999877929688,538.2999877929688,591.6749877929688,492.17828369140625,83296058,321.79998779296875,332.45001220703125,303.6000061035156,309.95001220703125,285.99603271484375,380333752,303.0199890136719,313.0,297.5,309.5950012207031,303.63897705078125,194824180,2010.0,2266.949951171875,2007.0,2260.35009765625,1984.1766357421875,67089639,1098.0,1123.9949951171875,1069.0,1090.530029296875,1000.6798095703125,11661770,31.266666412353516,34.06666564941406,28.433332443237305,29.049999237060547,25.574857711791992,667644063,128.0,149.72500610351562,127.4749984741211,149.27499389648438,145.72744750976562,356984906,678.1500244140625,695.5,640.0,645.2999877929688,604.552734375,62097485,742.0,773.0,712.5999755859375,751.3499755859375,641.9774169921875,171634154,249.43438720703125,251.38308715820312,211.62948608398438,216.49151611328125,207.1089324951172,97218244,53.0,56.08000183105469,50.900001525878906,55.720001220703125,45.56504440307617,1842300660,516.2999877929688,575.9500122070312,516.2999877929688,565.0,544.3502807617188,61037752,480.95001220703125,484.25,446.0,457.6499938964844,429.3143615722656,71800543,1390.0999755859375,1426.949951171875,1336.5999755859375,1348.550048828125,1222.692626953125,45239695,2078.8701171875,2156.0,1992.0999755859375,2036.8299560546875,1937.4158935546875,20377600,363.0,372.70001220703125,340.0,355.70001220703125,352.1945495605469,2696917,559.7899780273438,590.7000122070312,547.3800048828125,586.75,576.91162109375,58104060,780.9500122070312,783.0,738.3499755859375,766.8499755859375,762.714111328125,136945660,1710.0,1762.5999755859375,1650.0,1757.699951171875,1587.44140625,24965883,1140.0,1165.0,1083.5,1158.550048828125,1134.7010498046875,33903652,147.4499969482422,153.3000030517578,125.0,127.05000305175781,125.43043518066406,84096284,1231.0,1294.9000244140625,1205.0999755859375,1216.5,1194.99072265625,8064832,238.10000610351562,258.29998779296875,231.5,252.14999389648438,148.6731414794922,212914426,709.0,774.719970703125,704.0,752.0449829101562,749.691162109375,37380340,1336.0,1397.0,1317.050048828125,1386.550048828125,1381.6287841796875,46138673,204.5500030517578,218.6999969482422,200.64999389648438,209.1999969482422,197.66490173339844,51233769
2019-05-01,836.0999755859375,846.5,719.5,760.3499755859375,623.3727416992188,63133618,6666.39990234375,7193.89990234375,6441.39990234375,6869.85009765625,6505.5126953125,18194003,206.0500030517578,207.64999389648438,187.25,197.0,189.23941040039062,172241304,2511.85009765625,2850.0,2475.0,2680.25,2237.169677734375,12592166,314.3971862792969,349.43927001953125,306.8390808105469,342.3719787597656,336.2107238769531,181802076,308.3500061035156,314.0,266.95001220703125,271.70001220703125,251.26455688476562,148446019,134.0500030517578,136.64999389648438,122.4000015258789,133.25,104.43973541259766,240944944,2984.10009765625,3149.949951171875,2901.0,2925.89990234375,2395.068359375,11893479,4616.7998046875,4904.9501953125,4289.0498046875,4760.10009765625,4634.3525390625,12868885,104.85002899169922,109.06877899169922,99.8156509399414,106.48127746582031,77.28968811035156,216993735,407.5,439.20001220703125,375.25,423.70001220703125,411.9529113769531,507747687,897.630859375,955.9987182617188,801.6624145507812,882.5906372070312,856.014404296875,39111763,301.3500061035156,310.0,277.45001220703125,278.54998779296875,216.09632873535156,291592696,169.1999969482422,178.89999389648438,160.85000610351562,171.9499969482422,120.66206359863281,229106692,1606.5,1658.0,1348.0999755859375,1605.3499755859375,1542.1412353515625,97752644,392.79998779296875,430.6000061035156,359.1000061035156,416.3999938964844,399.5781555175781,119239950,1158.7249755859375,1232.5,1135.800048828125,1212.675048828125,1141.82080078125,140215256,214.3000030517578,214.3000030517578,167.39999389648438,172.60000610351562,170.0721435546875,581853469,1463.1500244140625,1472.9000244140625,1295.8499755859375,1407.300048828125,1330.839599609375,30965865,636.7412719726562,648.0333251953125,561.1716918945312,608.099853515625,593.8587036132812,536354005,591.6749877929688,591.6749877929688,525.125,546.2750244140625,454.4126892089844,99737316,309.95001220703125,364.0,292.45001220703125,352.5,325.257568359375,663322664,309.5950012207031,353.1000061035156,284.80999755859375,346.7099914550781,340.0399475097656,412391210,2260.35009765625,2260.35009765625,2032.25,2196.550048828125,1928.1712646484375,60480346,1090.530029296875,1154.0,1012.0050048828125,1149.81005859375,1057.485595703125,15552610,29.049999237060547,39.25,28.53333282470703,37.21666717529297,32.764583587646484,831313284,149.27499389648438,149.4250030517578,139.8249969482422,143.1999969482422,139.7968292236328,306839794,645.2999877929688,683.0,597.2000122070312,647.0499877929688,606.1922607421875,67188287,751.3499755859375,751.3499755859375,697.4500122070312,737.75,630.357177734375,195603027,216.49151611328125,237.34266662597656,191.0316619873047,226.8878631591797,217.0547332763672,150601095,55.720001220703125,56.165000915527344,45.51499938964844,48.83000183105469,39.930747985839844,2458698340,565.0,586.0,529.5999755859375,558.8499755859375,538.425048828125,53873732,457.6499938964844,461.70001220703125,344.54998779296875,409.8500061035156,384.4739685058594,189808823,1348.550048828125,1607.0,1285.300048828125,1557.550048828125,1412.1871337890625,76312698,2036.8299560546875,2164.89990234375,1820.5,1994.7750244140625,1897.4136962890625,25763820,355.70001220703125,395.0,354.5,392.1000061035156,388.2358703613281,4326418,586.75,592.7999877929688,508.510009765625,535.6699829101562,526.6880493164062,84982535,766.8499755859375,822.0999755859375,716.0999755859375,808.2999877929688,803.9406127929688,172097329,1757.699951171875,1804.9000244140625,1656.0,1788.5,1615.2581787109375,30766512,1158.550048828125,1262.800048828125,1067.8499755859375,1235.75,1210.3118896484375,53743581,127.05000305175781,180.8000030517578,113.0,154.75,152.77732849121094,259447184,1216.5,1266.9000244140625,1112.1500244140625,1238.800048828125,1216.896728515625,9342119,252.14999389648438,262.95001220703125,229.5500030517578,253.5,149.46913146972656,140289849,752.0449829101562,833.5,722.60498046875,818.7949829101562,816.2323608398438,55270100,1386.550048828125,1555.9000244140625,1366.300048828125,1522.1500244140625,1516.7474365234375,67704026,209.1999969482422,246.25,195.10000610351562,244.0,230.5460662841797,102723934
2019-06-01,763.9000244140625,770.75,691.6500244140625,706.5999755859375,579.305908203125,55162551,6760.0,7099.0,6322.85009765625,6534.64990234375,6188.08984375,13587950,197.0,210.39999389648438,188.10000610351562,207.0500030517578,198.8935089111328,124713306,2712.0,2859.14990234375,2540.699951171875,2581.5,2154.744140625,13466702,345.022216796875,360.1874694824219,328.1391906738281,340.2615966796875,334.1383056640625,114060858,273.0,280.79998779296875,252.64999389648438,276.6000061035156,255.7960205078125,114305260,134.39999389648438,142.0,131.39999389648438,141.35000610351562,110.7884292602539,193917714,2945.0,3077.949951171875,2786.0,2827.050048828125,2314.15234375,7609656,4780.0,4792.7001953125,4425.0,4555.85009765625,4435.49853515625,7872405,107.0156478881836,118.6594009399414,106.67815399169922,116.38127899169922,84.47562408447266,296533231,426.0,443.8999938964844,407.8999938964844,437.1000061035156,424.9814147949219,267981614,886.5747680664062,934.0858764648438,848.9743041992188,910.479736328125,883.0637817382812,27541966,281.3999938964844,282.1499938964844,272.5,273.8500061035156,216.52001953125,214773354,173.0,173.5,162.9499969482422,167.75,117.71483612060547,184559027,1600.0999755859375,1672.949951171875,1348.0,1410.5,1354.9632568359375,98546275,416.3999938964844,429.8500061035156,389.70001220703125,410.20001220703125,393.628662109375,75393310,1213.5,1247.25,1201.5,1221.875,1150.4832763671875,101231920,170.5,177.1999969482422,152.14999389648438,162.5500030517578,160.16932678222656,332449335,1431.949951171875,1464.949951171875,1350.0999755859375,1358.1500244140625,1284.3599853515625,23179251,610.3170776367188,628.2608642578125,570.8407592773438,572.8751831054688,559.4589233398438,291532958,549.4249877929688,559.5,529.3499755859375,532.3250122070312,443.6397705078125,59966268,352.3500061035156,365.0,333.79998779296875,361.25,333.3313903808594,381970891,346.0,369.32501220703125,341.9949951171875,368.1099853515625,361.02825927734375,195001060,2201.0,2292.5,2142.10009765625,2227.199951171875,1955.0762939453125,46280351,1149.8599853515625,1195.0,1130.0,1191.260009765625,1098.0155029296875,12649310,37.33333206176758,38.86666488647461,34.983333587646484,37.5,33.01401901245117,550254720,144.25,150.8000030517578,140.0,140.25,136.9169464111328,250600504,647.0499877929688,662.4500122070312,608.0,655.3499755859375,613.9682006835938,48731649,729.7999877929688,759.0,728.1500244140625,732.0,625.4441528320312,124691033,228.9145050048828,232.24679565429688,194.87062072753906,210.54795837402344,201.4229736328125,362390407,48.89500045776367,51.64500045776367,46.3650016784668,50.439998626708984,41.247318267822266,1786694200,559.0,575.0,528.6500244140625,553.4500122070312,533.222412109375,28483771,411.0,418.6000061035156,368.0,400.95001220703125,376.1249694824219,120165663,1563.699951171875,1585.0,1495.25,1553.199951171875,1408.2431640625,47524623,1986.0,2036.0,1883.10498046875,1913.8800048828125,1820.4669189453125,15641260,396.8999938964844,449.04998779296875,383.5,440.95001220703125,436.6043701171875,3960906,535.9600219726562,559.6900024414062,480.0,510.0899963378906,501.5370178222656,65101640,813.5499877929688,827.75,756.5499877929688,808.5499877929688,804.1893310546875,169586920,1794.0,1864.949951171875,1745.0,1787.5999755859375,1614.4451904296875,18431418,1239.0,1337.050048828125,1227.5,1334.699951171875,1307.2249755859375,31882139,154.0,161.89999389648438,140.35000610351562,150.5,148.5814971923828,95314002,1243.0,1406.0,1243.0,1359.199951171875,1335.167724609375,18940925,255.0,271.45001220703125,250.6999969482422,253.8000030517578,149.64602661132812,110078555,819.4000244140625,855.7849731445312,809.4650268554688,852.4650268554688,849.796875,27924060,1513.199951171875,1540.9000244140625,1451.0999755859375,1477.0999755859375,1471.857177734375,39102647,245.0,277.3999938964844,242.3000030517578,269.70001220703125,257.5909423828125,69592610
2019-07-01,709.7000122070312,713.4500122070312,607.1500244140625,636.25,521.6295166015625,61801118,6600.0,6618.0,5446.0498046875,5469.7001953125,5179.61865234375,22702193,208.10000610351562,210.60000610351562,184.8000030517578,190.5500030517578,183.04351806640625,133988914,2596.0,2639.5,2225.60009765625,2356.10009765625,1966.60595703125,21520512,340.6051330566406,364.3100891113281,322.0534362792969,331.37835693359375,325.4149169921875,123843198,278.54998779296875,281.79998779296875,220.0,237.4499969482422,219.590576171875,121798584,142.1999969482422,145.85000610351562,125.5,126.55000305175781,99.18836975097656,361247627,2838.39990234375,2927.949951171875,2442.199951171875,2516.5,2059.944091796875,12057664,4569.7998046875,4710.0,4211.0,4346.89990234375,4232.068359375,8398170,116.57815551757812,120.60002899169922,112.2750244140625,118.57502746582031,86.06796264648438,266132784,439.5,442.0,401.70001220703125,424.6000061035156,412.8279724121094,344304683,915.8583374023438,945.7395629882812,753.50390625,785.227783203125,761.5833129882812,34780400,274.3999938964844,282.8999938964844,264.0,270.20001220703125,213.63417053222656,259920694,168.1999969482422,170.39999389648438,136.25,138.85000610351562,97.4349136352539,284760847,1427.9000244140625,1562.5,1312.0,1412.8499755859375,1357.2208251953125,110876821,412.0,421.5,368.6499938964844,377.54998779296875,362.297607421875,50080858,1228.0,1251.6500244140625,1111.5250244140625,1125.824951171875,1066.6337890625,140970808,163.6999969482422,172.35000610351562,132.5,135.60000610351562,133.61404418945312,590085233,1368.0,1538.25,1291.25,1521.0999755859375,1446.21826171875,37555638,575.1381225585938,594.3162841796875,531.41015625,533.1702880859375,520.683837890625,345565985,533.625,534.9500122070312,498.70001220703125,517.2750244140625,431.0970764160156,59632102,362.79998779296875,373.79998779296875,323.8999938964844,332.20001220703125,306.5264587402344,448013302,368.8699951171875,376.20001220703125,299.3999938964844,325.2049865722656,318.94866943359375,638117750,2235.0,2258.800048828125,2060.0,2205.699951171875,1951.8721923828125,60441617,1198.4000244140625,1202.324951171875,1126.5,1167.5899658203125,1076.1982421875,10470260,37.75,38.483333587646484,30.716665267944336,34.233333587646484,30.13813591003418,912726306,140.8000030517578,142.8000030517578,127.94999694824219,132.64999389648438,129.49755859375,197943926,657.2999877929688,675.2999877929688,541.75,550.0,515.2704467773438,73230379,735.0,804.0,706.5,793.6500244140625,687.6991577148438,177830373,211.23974609375,215.32228088378906,177.1471405029297,188.8783416748047,180.6925048828125,234612057,50.98500061035156,51.48500061035156,40.619998931884766,43.20500183105469,35.33089828491211,1838035930,555.7000122070312,566.5,506.0,521.0999755859375,502.0547180175781,30720927,402.0,443.29998779296875,365.3999938964844,426.75,400.32757568359375,177346176,1563.449951171875,1591.6500244140625,1360.5,1387.300048828125,1257.826171875,70873120,1929.0,2028.8800048828125,1597.6600341796875,1634.8050537109375,1555.0133056640625,29575290,448.0,464.70001220703125,391.79998779296875,397.6499938964844,393.7310791015625,3466368,513.4199829101562,545.3599853515625,506.6000061035156,514.9199829101562,506.2860107421875,73300525,810.75,819.0,657.7999877929688,674.0999755859375,670.4644165039062,219831416,1798.9000244140625,1816.0,1659.050048828125,1726.6500244140625,1570.66943359375,24724545,1330.0999755859375,1340.9000244140625,1041.0,1056.3499755859375,1034.6048583984375,81957467,150.64999389648438,161.8000030517578,123.8499984741211,128.8000030517578,127.15813446044922,134769773,1363.0,1427.0,1290.550048828125,1351.5999755859375,1327.7021484375,12637012,254.25,256.3999938964844,197.0500030517578,204.4499969482422,120.54820251464844,167558822,854.7999877929688,858.0,663.1699829101562,709.7849731445312,707.5634155273438,100810540,1486.9000244140625,1546.8499755859375,1440.0,1519.550048828125,1514.1566162109375,61289590,270.1000061035156,275.0,245.60000610351562,251.60000610351562,240.3035888671875,39470449
2019-08-01,632.0499877929688,700.7000122070312,618.4000244140625,693.6500244140625,581.0046997070312,67421488,5469.7001953125,6466.7001953125,5450.0,6123.75,5798.98193359375,24840098,189.0,189.25,171.10000610351562,184.4499969482422,177.18380737304688,161423109,2335.0,2722.0,2288.550048828125,2572.050048828125,2174.18798828125,27125913,328.8262939453125,371.77001953125,315.2315368652344,340.4088134765625,334.28289794921875,212582593,235.10000610351562,235.8000030517578,201.75,217.4499969482422,204.23516845703125,168715325,126.4000015258789,127.75,113.8499984741211,121.6500015258789,95.34779357910156,292260581,2485.050048828125,2813.949951171875,2473.60009765625,2788.300048828125,2333.524169921875,11464238,4296.35009765625,4423.2998046875,3791.10009765625,4052.25,3955.3125,13834533,119.2219009399414,121.64065551757812,109.12503051757812,112.78128051757812,81.86256408691406,232379190,423.25,427.8999938964844,385.79998779296875,409.6499938964844,399.26556396484375,412162542,773.9227294921875,783.7337036132812,677.356689453125,708.1343383789062,686.8112182617188,37494958,270.45001220703125,270.70001220703125,234.64999389648438,245.64999389648438,194.22361755371094,234082476,138.5,139.75,115.75,121.19999694824219,85.04940795898438,234732187,1390.0999755859375,1462.050048828125,1267.25,1395.75,1340.7939453125,100190728,376.0,380.5,339.6499938964844,365.70001220703125,351.11102294921875,55497170,1114.550048828125,1144.5,1069.800048828125,1113.9749755859375,1055.4068603515625,180786992,135.5,136.3000030517578,106.19999694824219,116.69999694824219,114.99083709716797,890852844,1515.0,1622.5,1493.6500244140625,1616.199951171875,1536.636474609375,27898854,531.8673095703125,596.3506469726562,500.73431396484375,570.7950439453125,557.427490234375,523013973,514.5750122070312,565.0,496.5,550.1749877929688,458.5160827636719,83434136,330.79998779296875,331.5,262.70001220703125,273.8500061035156,252.68594360351562,669714754,323.1000061035156,344.9599914550781,299.79998779296875,333.25,327.4117736816406,421846280,2200.0,2282.0,2143.25,2259.60009765625,2004.2393798828125,44449609,1166.4000244140625,1294.8800048828125,1132.2449951171875,1287.52001953125,1186.740966796875,18804290,33.78333282470703,35.45000076293945,30.399999618530273,34.29999923706055,30.196821212768555,688247703,135.75,138.0749969482422,122.5250015258789,127.19999694824219,124.17707061767578,184742726,546.0,563.8499755859375,502.54998779296875,528.7999877929688,502.31854248046875,77343508,786.4500122070312,817.3499755859375,760.1500244140625,814.9000244140625,706.1123046875,150021483,188.82962036132812,207.53720092773438,183.66555786132812,188.2742462158203,180.1145782470703,137566155,42.75,43.189998626708984,32.220001220703125,34.4900016784668,28.941497802734375,2818937110,516.1500244140625,527.0,449.20001220703125,472.45001220703125,457.8241271972656,53033646,424.79998779296875,453.3999938964844,408.04998779296875,450.3999938964844,422.5132141113281,144408843,1380.0,1399.4000244140625,1274.0,1328.25,1219.865478515625,61684084,1595.0,1778.7950439453125,1520.0,1625.844970703125,1557.879638671875,38752750,405.0,489.25,402.0,469.25,465.971435546875,7245051,514.5999755859375,519.9000244140625,470.239990234375,511.5,502.92333984375,60172640,673.9500122070312,697.5499877929688,640.0999755859375,663.9000244140625,661.1395263671875,209849816,1721.0,1889.0,1706.0,1881.9000244140625,1711.89501953125,34742131,1052.0999755859375,1131.5,998.0,1105.0999755859375,1087.264892578125,49979264,128.60000610351562,138.3000030517578,121.1500015258789,137.35000610351562,136.01174926757812,100071949,1344.0,1542.449951171875,1275.0,1508.1500244140625,1481.4842529296875,18770789,205.25,214.0,177.6999969482422,184.75,108.93262481689453,217847247,707.5,759.0,658.0999755859375,711.9550170898438,709.9584350585938,87794660,1505.949951171875,1535.5,1423.0999755859375,1431.449951171875,1427.13818359375,52970068,252.0,282.0,250.5,278.5,265.995849609375,46326638
2019-09-01,693.6500244140625,734.4500122070312,675.0999755859375,714.5,598.4688720703125,57416906,6123.75,7177.89990234375,5791.25,6715.7998046875,6448.3388671875,38247758,184.4499969482422,208.1999969482422,176.60000610351562,191.35000610351562,185.07205200195312,125883645,2572.050048828125,3022.89990234375,2513.449951171875,2704.75,2286.361328125,20693067,340.4088134765625,367.990966796875,326.42144775390625,360.28564453125,353.802001953125,131255865,217.4499969482422,252.9499969482422,207.5,229.9499969482422,215.97549438476562,180842712,121.6500015258789,129.64999389648438,114.05000305175781,117.5,93.9916000366211,248814813,2788.300048828125,3027.14990234375,2721.449951171875,2941.800048828125,2461.988525390625,10623779,4052.25,4447.85009765625,3832.0,4341.25,4237.39892578125,11632305,112.78128051757812,117.50627899169922,104.0625228881836,111.96565246582031,82.24429321289062,280541561,409.6499938964844,458.6499938964844,384.3500061035156,433.70001220703125,422.7059326171875,501614791,708.1343383789062,782.8870849609375,685.773193359375,727.2084350585938,712.0655517578125,31376687,245.64999389648438,260.79998779296875,234.0500030517578,259.8500061035156,205.45091247558594,329445451,121.19999694824219,140.85000610351562,115.55000305175781,131.8000030517578,93.06361389160156,271431139,1395.75,1554.75,1271.5,1383.550048828125,1336.099853515625,98383646,365.70001220703125,420.6000061035156,356.6499938964844,413.95001220703125,397.4361572265625,61820372,1113.9749755859375,1282.699951171875,1084.0,1227.449951171875,1165.50390625,176051693,116.69999694824219,138.39999389648438,106.0,117.44999694824219,115.72985076904297,1091861149,1616.199951171875,1820.0,1502.0999755859375,1762.1500244140625,1675.40185546875,30602497,570.7950439453125,610.6599731445312,536.0961303710938,609.0598754882812,598.366455078125,397055039,550.1749877929688,565.2999877929688,508.5,540.2999877929688,451.12744140625,80882882,273.8500061035156,316.0,266.95001220703125,270.79998779296875,249.87164306640625,677635882,333.25,411.17498779296875,320.79998779296875,404.6050109863281,397.5167541503906,384427310,2259.60009765625,2296.199951171875,1975.0,2099.300048828125,1862.0552978515625,56752600,1287.52001953125,1414.4000244140625,1238.7650146484375,1388.9649658203125,1300.008544921875,25528160,34.29999923706055,38.54999923706055,33.46666717529297,36.099998474121094,32.343414306640625,663173649,127.19999694824219,129.4499969482422,117.875,119.9000015258789,117.0505599975586,183753010,528.7999877929688,602.2000122070312,503.1499938964844,547.1500244140625,519.7496337890625,82422707,814.9000244140625,847.0,741.9000244140625,805.6500244140625,698.0972290039062,162140933,188.2742462158203,233.7765350341797,182.35992431640625,208.70643615722656,199.66127014160156,109812377,34.4900016784668,38.8849983215332,32.72999954223633,36.04999923706055,30.25053596496582,2587613250,472.45001220703125,482.5,418.0,425.5,412.3276062011719,40541060,450.3999938964844,456.0,386.54998779296875,389.45001220703125,367.71075439453125,157045080,1328.25,1551.0,1289.0999755859375,1474.25,1353.951904296875,66196029,1625.844970703125,1956.5,1553.0,1776.52001953125,1702.2557373046875,39485290,469.25,529.0,436.0,483.8999938964844,480.5190734863281,4667242,511.5,572.4000244140625,504.55999755859375,540.4500122070312,531.387939453125,61663980,663.9000244140625,733.25,622.6500244140625,685.0,682.1517333984375,262787457,1881.9000244140625,2100.64990234375,1793.5999755859375,1981.949951171875,1802.9066162109375,31711263,1105.0999755859375,1345.0,1025.5,1273.050048828125,1252.5045166015625,51483228,137.35000610351562,155.39999389648438,130.60000610351562,145.85000610351562,144.42893981933594,83432166,1508.1500244140625,1579.699951171875,1360.199951171875,1395.5,1370.826171875,13524153,184.75,208.39999389648438,179.10000610351562,199.85000610351562,117.83592987060547,203672766,711.9550170898438,866.8800048828125,695.0,851.2999877929688,848.9126586914062,74178090,1431.449951171875,1683.949951171875,1398.6500244140625,1644.449951171875,1639.4964599609375,57926235,278.5,287.70001220703125,249.9499969482422,276.0,263.60809326171875,58161842
2019-10-01,715.0,764.7999877929688,692.5499877929688,739.0,618.990234375,46174801,6720.0,7758.7001953125,6558.14990234375,7559.39990234375,7258.34228515625,21838086,191.3000030517578,195.5500030517578,180.0,187.89999389648438,181.73521423339844,131899305,2715.699951171875,2749.75,2567.89990234375,2704.199951171875,2285.896240234375,17036419,363.1812744140625,389.6836853027344,319.5013732910156,367.3529357910156,360.7420959472656,323610506,229.10000610351562,236.9499969482422,205.9499969482422,228.0,214.14401245117188,164709471,118.0,124.19999694824219,114.5999984741211,122.4000015258789,97.91124725341797,208891718,2945.0,3255.0,2854.949951171875,3247.35009765625,2717.702880859375,10000030,4368.0,4410.0,3853.0,4143.2001953125,4044.087158203125,10522053,112.21878051757812,116.74690246582031,109.35002899169922,111.5718994140625,81.95507049560547,167918648,436.95001220703125,482.0,411.5,463.04998779296875,451.3118591308594,447445335,733.8819580078125,771.8310546875,631.0906372070312,765.7053833007812,749.7608032226562,56844819,259.1000061035156,264.0,241.10000610351562,257.6499938964844,203.71145629882812,351771401,131.5,146.14999389648438,123.94999694824219,141.6999969482422,100.053955078125,229637480,1397.0,1410.199951171875,1188.050048828125,1313.199951171875,1268.1624755859375,131179326,415.20001220703125,428.8500061035156,390.6499938964844,395.79998779296875,380.0102233886719,61007146,1231.5,1263.9000244140625,1181.1500244140625,1230.3499755859375,1168.2576904296875,137198069,118.0,179.64999389648438,112.6500015258789,177.6999969482422,175.09744262695312,1168104851,1768.949951171875,1834.800048828125,1717.0999755859375,1809.5999755859375,1720.515869140625,27645762,611.2314453125,681.0178833007812,585.7672729492188,669.4515380859375,657.6978149414062,359326412,540.5,585.0,520.0750122070312,581.375,485.4233093261719,78237332,272.75,317.79998779296875,244.35000610351562,312.3999938964844,288.2566833496094,1000753927,408.0,421.9849853515625,381.94500732421875,402.7550048828125,395.69915771484375,339564780,2095.949951171875,2284.949951171875,1925.0,2269.64990234375,2013.15380859375,73272404,1388.9000244140625,1514.68994140625,1333.5899658203125,1494.699951171875,1398.9716796875,16054120,36.20000076293945,40.70000076293945,34.5,39.383331298828125,35.28508758544922,528978867,120.0,130.4499969482422,116.0999984741211,129.64999389648438,126.56884002685547,169830106,551.0,621.6500244140625,536.5999755859375,606.4500122070312,576.0799560546875,69863761,807.0,823.7999877929688,615.0999755859375,685.5999755859375,594.0736694335938,383038274,209.4859161376953,231.79859924316406,196.64393615722656,221.88941955566406,212.27288818359375,107260060,36.20000076293945,39.970001220703125,32.03499984741211,38.05500030517578,31.932981491088867,2823705140,426.8999938964844,478.95001220703125,389.54998779296875,466.8500061035156,452.39752197265625,73260629,388.5,440.54998779296875,372.6000061035156,433.3999938964844,409.20745849609375,81523248,1480.0,1496.449951171875,1381.050048828125,1473.050048828125,1352.8497314453125,48370306,1796.0,2268.02001953125,1759.4000244140625,2253.81005859375,2159.59375,32228260,480.6000061035156,555.0,476.0,541.6500244140625,537.8656005859375,2488731,538.0,569.989990234375,515.25,556.6400146484375,547.3064575195312,48759070,687.0999755859375,750.0,646.7000122070312,736.3499755859375,733.2882080078125,259500595,1989.0,2187.25,1927.6500244140625,2175.35009765625,1978.8358154296875,33485116,1282.0,1389.949951171875,1177.050048828125,1331.199951171875,1309.7158203125,41587284,146.10000610351562,201.3000030517578,134.10000610351562,199.64999389648438,197.7047576904297,118061508,1398.0,1543.300048828125,1348.550048828125,1484.800048828125,1464.4156494140625,11477351,200.0,211.6999969482422,182.14999389648438,207.5500030517578,122.37603759765625,146159993,857.0999755859375,861.39501953125,785.2000122070312,813.4349975585938,811.15380859375,65921780,1638.800048828125,1657.0,1547.75,1574.5,1569.75732421875,52350121,276.0,319.79998779296875,262.6499938964844,317.0,302.7672119140625,60463059
2019-11-01,740.9000244140625,784.0,740.0,761.4500122070312,637.79443359375,54143107,7599.9501953125,7649.0,7000.0,7245.85009765625,6957.279296875,18069733,188.0500030517578,207.3000030517578,187.0500030517578,200.14999389648438,193.5833282470703,187255610,2708.0,2759.0,2424.0,2433.550048828125,2057.1123046875,15273660,356.6538391113281,447.2528381347656,343.8443298339844,434.29608154296875,426.4805603027344,453023217,227.6999969482422,269.5,227.5,261.54998779296875,245.65509033203125,159303957,123.0,123.19999694824219,114.80000305175781,116.3499984741211,93.07169342041016,184273477,3250.0,3289.0,3105.199951171875,3176.0,2657.98974609375,7016469,4143.0,4337.5,3993.10009765625,4259.10009765625,4157.21484375,10217322,111.6281509399414,113.1750259399414,104.99065399169922,108.73127746582031,79.86849975585938,262200278,466.6499938964844,520.0,460.5,512.5999755859375,499.6058044433594,775793243,765.6555786132812,821.9816284179688,709.18017578125,783.9329223632812,767.6087646484375,55329210,259.3500061035156,266.29998779296875,245.0,246.39999389648438,194.81661987304688,226187745,140.5500030517578,149.64999389648438,129.25,131.75,93.02828979492188,165118194,1328.0,1581.5999755859375,1310.0,1569.0999755859375,1515.2862548828125,96652047,396.0,397.25,361.54998779296875,382.04998779296875,366.8087158203125,87818122,1239.0,1287.0,1227.5999755859375,1274.949951171875,1210.606689453125,112330501,175.1999969482422,178.89999389648438,159.89999389648438,161.5,159.13470458984375,554109570,1816.0,1830.9000244140625,1666.1500244140625,1706.1500244140625,1625.159423828125,24410493,665.1770629882812,724.2200927734375,650.3419799804688,709.1336059570312,696.6831665039062,365382929,579.4500122070312,583.5,549.2249755859375,563.8250122070312,471.5921936035156,59918218,312.3999938964844,351.0,299.70001220703125,341.8500061035156,315.4306640625,747065026,402.8999938964844,428.0,402.1000061035156,407.4200134277344,400.282470703125,253215620,2264.0,2275.0,2035.050048828125,2053.25,1825.6702880859375,59754775,1494.699951171875,1509.1700439453125,1398.25,1445.39501953125,1352.8245849609375,14397630,39.599998474121094,40.70000076293945,34.08333206176758,34.36666488647461,30.790454864501953,516389904,130.10000610351562,130.5,118.25,118.8499984741211,116.0255126953125,94479336,609.0,609.75,528.25,530.5499877929688,503.98089599609375,75142319,690.0,732.5,678.1500244140625,696.3499755859375,610.9837036132812,222300056,223.27301025390625,230.24937438964844,215.36126708984375,219.6581573486328,210.13833618164062,85974374,38.005001068115234,43.43000030517578,37.79999923706055,42.75,35.872684478759766,3759268110,467.29998779296875,492.29998779296875,435.3999938964844,466.70001220703125,452.25213623046875,89312346,434.6499938964844,467.3999938964844,407.1000061035156,449.8500061035156,424.73919677734375,171270199,1476.699951171875,1481.050048828125,1314.1500244140625,1330.550048828125,1221.977783203125,64097061,2258.699951171875,2345.0,2103.4150390625,2288.139892578125,2192.488525390625,27538700,542.0999755859375,567.9000244140625,482.6000061035156,520.5999755859375,516.9625244140625,2982211,556.7999877929688,598.3900146484375,542.4600219726562,582.77001953125,572.9983520507812,72056135,736.0,763.75,707.25,739.0499877929688,735.97705078125,175133105,2165.10009765625,2190.0,2008.0,2035.300048828125,1861.0601806640625,27543118,1331.800048828125,1333.3499755859375,1123.199951171875,1159.699951171875,1140.983642578125,60500642,199.0,221.5,194.0500030517578,214.89999389648438,212.80615234375,88000203,1492.800048828125,1508.0,1379.1500244140625,1441.199951171875,1421.414306640625,14025815,205.0,217.5500030517578,195.8000030517578,205.25,121.01986694335938,120378328,816.7999877929688,928.4749755859375,811.0499877929688,911.0250244140625,908.47021484375,57433650,1572.0,1635.0,1541.0,1615.199951171875,1610.334716796875,43119900,316.79998779296875,324.8999938964844,285.25,323.1499938964844,308.64111328125,75132140
2019-12-01,758.0999755859375,794.0,732.2999877929688,762.2999877929688,638.5062866210938,47579262,7291.0,7431.9501953125,6864.10009765625,7368.60009765625,7075.14111328125,16966704,200.0,219.39999389648438,192.8000030517578,216.14999389648438,209.05838012695312,169801792,2431.0,2485.0,2263.0,2443.050048828125,2065.142822265625,18230401,462.4671630859375,476.65087890625,409.904052734375,447.4000549316406,439.3487243652344,301675207,267.5,273.5,246.5500030517578,270.04998779296875,253.63856506347656,177025944,115.75,119.69999694824219,109.69999694824219,119.05000305175781,95.23149871826172,153875354,3163.10009765625,3286.39990234375,3142.050048828125,3185.0,2665.52197265625,7683441,4270.0,4320.0,3970.0,4046.050048828125,3949.260498046875,9762915,109.68753051757812,109.68753051757812,100.29377746582031,107.0156478881836,78.6082763671875,281993849,513.4500122070312,552.2000122070312,504.6499938964844,538.9000244140625,525.2391357421875,320436566,806.7920532226562,818.7445068359375,729.8977661132812,740.7047729492188,725.2808227539062,39398879,246.0,247.89999389648438,235.0,237.6999969482422,187.9379425048828,244938587,131.0500030517578,131.4499969482422,124.05000305175781,128.8000030517578,90.94532775878906,168140402,1592.0,1596.550048828125,1396.1500244140625,1510.0,1458.2132568359375,60457494,381.1000061035156,383.3500061035156,357.3500061035156,366.0,351.3990173339844,75412433,1273.949951171875,1305.5,1234.199951171875,1272.0999755859375,1207.900390625,117016801,160.9499969482422,187.89999389648438,157.39999389648438,185.14999389648438,182.43833923339844,812751608,1706.199951171875,1826.0,1698.3499755859375,1784.949951171875,1700.2188720703125,21906249,731.4661865234375,739.4894409179688,689.4297485351562,692.1727294921875,680.0200805664062,375066938,569.5,577.5,535.0499877929688,568.0999755859375,475.16796875,59854679,343.8999938964844,344.6000061035156,308.0,333.75,307.9566650390625,711422700,407.5,428.1549987792969,388.0249938964844,423.4750061035156,416.0561828613281,246491000,2060.0,2246.699951171875,1984.0,2161.699951171875,1922.0997314453125,86634118,1445.39501953125,1499.3349609375,1400.5,1478.5350341796875,1383.842041015625,18786940,34.43333435058594,35.0,32.18333435058594,33.349998474121094,29.879575729370117,434328300,119.125,127.3499984741211,117.69999694824219,122.9000015258789,119.9792709350586,111286940,525.0,539.8499755859375,502.6499938964844,531.5499877929688,504.93084716796875,81348040,703.0999755859375,737.9500122070312,688.5499877929688,731.1500244140625,641.517578125,141177094,220.20379638671875,231.79859924316406,206.9525909423828,228.21298217773438,219.28463745117188,85004367,42.494998931884766,47.630001068115234,38.900001525878906,47.20500183105469,39.611000061035156,3540751140,469.6000061035156,487.0,444.6000061035156,478.20001220703125,463.3961486816406,42561498,449.0,449.6000061035156,420.6499938964844,432.54998779296875,408.4048767089844,103632612,1330.550048828125,1342.9000244140625,1255.0,1298.199951171875,1192.2674560546875,75340225,2271.5,2287.659912109375,2066.5,2251.52490234375,2157.404052734375,26458740,521.0,567.5,490.95001220703125,527.1500244140625,523.4669189453125,3833756,583.5999755859375,589.7999877929688,554.5999755859375,574.9099731445312,565.2700805664062,49832990,739.25,765.8499755859375,709.0499877929688,754.0999755859375,750.9644165039062,175960513,2038.0,2062.0,1907.3499755859375,1923.0,1758.3740234375,28461256,1160.0,1229.0,1142.5,1187.949951171875,1168.77783203125,39459940,212.0,220.8000030517578,202.39999389648438,208.35000610351562,206.31997680664062,57055289,1450.199951171875,1510.0,1341.3499755859375,1442.0,1422.203125,17820984,205.1999969482422,212.4499969482422,185.0,211.35000610351562,124.6165771484375,111455944,911.0,948.2000122070312,882.10498046875,939.3350219726562,936.7008056640625,36913380,1614.5,1734.800048828125,1600.199951171875,1684.3499755859375,1679.2763671875,52735547,324.79998779296875,330.04998779296875,304.6000061035156,321.3500061035156,306.9219055175781,60490096
2020-01-01,766.0,807.9500122070312,760.3499755859375,796.5999755859375,667.236328125,38930371,7377.0,7569.89990234375,6895.5498046875,6913.5,6638.16552734375,16442313,216.14999389648438,221.1999969482422,188.25,189.35000610351562,183.13768005371094,182183463,2454.89990234375,2522.0,2310.550048828125,2501.85009765625,2114.84716796875,13911559,447.64544677734375,517.6314697265625,432.23480224609375,487.3009338378906,478.53155517578125,477334386,270.70001220703125,284.0,249.10000610351562,250.6999969482422,235.46449279785156,158207190,119.05000305175781,125.0,110.9000015258789,112.8499984741211,90.27194213867188,283403874,3183.0,3239.949951171875,3000.0,3180.050048828125,2661.379150390625,10157779,4060.0,4754.10009765625,4045.0,4416.10009765625,4310.4580078125,14415273,107.18440246582031,118.68753051757812,104.1187744140625,105.1031494140625,77.20344543457031,614339567,539.9000244140625,547.4000244140625,515.0,525.6500244140625,512.3250732421875,361507539,743.8423461914062,833.5855102539062,708.18408203125,775.815185546875,759.6599731445312,40149627,238.60000610351562,243.89999389648438,230.5,235.14999389648438,185.92178344726562,219654514,128.75,133.39999389648438,106.75,108.94999694824219,76.92928314208984,345488466,1512.0,1585.0,1221.550048828125,1258.8499755859375,1215.676513671875,129616308,368.0,394.6000061035156,366.0,369.3999938964844,354.66339111328125,80452317,1276.0999755859375,1304.8499755859375,1211.75,1226.300048828125,1164.4119873046875,137910086,185.14999389648438,201.6999969482422,174.89999389648438,176.60000610351562,174.0135498046875,886712613,1790.199951171875,1862.25,1694.0,1795.6500244140625,1710.4105224609375,28404113,693.978515625,735.5806884765625,643.3245239257812,645.35888671875,634.0281372070312,437126627,569.4000244140625,618.0,566.8499755859375,591.4000244140625,494.656494140625,82436445,334.70001220703125,339.8500061035156,305.6499938964844,318.45001220703125,293.839111328125,785450517,423.7799987792969,448.5,395.0,436.5899963378906,428.94134521484375,311304290,2168.0,2260.0,2071.60009765625,2079.050048828125,1848.610595703125,63370917,1481.9000244140625,1589.9949951171875,1412.0350341796875,1535.9449462890625,1443.152099609375,13370300,33.43333435058594,36.33333206176758,29.966665267944336,30.216665267944336,27.072301864624023,860965530,123.25,129.1750030517578,117.5,118.4000015258789,115.5862045288086,167255898,532.9000244140625,589.75,519.0,567.1500244140625,538.7481079101562,57788406,735.0,792.7999877929688,708.2999877929688,775.9500122070312,680.825439453125,189277362,228.9145050048828,236.4560089111328,198.11520385742188,198.87521362304688,191.0946502685547,112222252,47.29999923706055,50.599998474121094,43.64500045776367,43.869998931884766,36.81250762939453,2721377070,481.0,487.45001220703125,442.1000061035156,446.8999938964844,433.0650634765625,51466102,432.95001220703125,462.5,431.25,434.29998779296875,410.05718994140625,92209293,1308.4000244140625,1377.0,1283.3499755859375,1369.300048828125,1257.5657958984375,71005907,2251.52490234375,2259.47509765625,1980.010009765625,2028.9300537109375,1944.114501953125,35425380,527.0,611.9500122070312,521.4000244140625,590.7999877929688,586.6721801757812,4060526,576.0,649.989990234375,570.4099731445312,622.9000244140625,612.4555053710938,89283875,754.9000244140625,759.9500122070312,706.5999755859375,729.2999877929688,726.267578125,196652036,1930.0,2085.800048828125,1906.449951171875,2034.25,1860.099853515625,26557525,1194.449951171875,1240.3499755859375,1132.0,1187.75,1168.5810546875,46430134,209.0,238.35000610351562,194.5500030517578,229.4499969482422,227.21438598632812,84990733,1440.0,1713.0,1422.199951171875,1660.199951171875,1637.4075927734375,15870391,211.35000610351562,214.60000610351562,180.0,181.6999969482422,107.13427734375,229937466,942.0,995.0,896.1599731445312,944.1400146484375,941.4923095703125,47364280,1689.0,1729.0,1576.0,1691.75,1686.654052734375,73427455,321.3500061035156,399.45001220703125,310.3999938964844,383.3999938964844,366.1860046386719,173344698
2020-02-01,796.9500122070312,845.9000244140625,732.0499877929688,744.4000244140625,623.5133056640625,43449669,6915.0,7231.60009765625,6103.2001953125,6283.10009765625,6032.87158203125,18520266,187.64999389648438,198.39999389648438,154.10000610351562,155.89999389648438,150.78512573242188,162637755,2489.85009765625,2531.0,2033.949951171875,2051.75,1734.3714599609375,22304450,484.30712890625,558.3666381835938,474.3932800292969,513.8524169921875,504.6051940917969,306355132,249.0,296.75,232.64999389648438,235.6999969482422,221.37606811523438,151794062,112.8499984741211,118.9000015258789,103.80000305175781,106.55000305175781,85.23238372802734,381517766,3173.60009765625,3315.14990234375,2850.449951171875,2890.0,2418.63671875,10114668,4422.0,4547.0,4194.7001953125,4219.60009765625,4118.65869140625,8845619,105.07502746582031,110.0812759399414,99.5344009399414,102.0937728881836,74.992919921875,438316209,524.0,550.7000122070312,492.20001220703125,497.25,484.6449279785156,308682231,771.9306640625,803.455322265625,681.291015625,684.4783935546875,670.2252197265625,44701629,236.89999389648438,239.25,192.0500030517578,197.5500030517578,156.19329833984375,456619747,109.0,109.75,89.5,91.94999694824219,64.9256362915039,457641519,1249.949951171875,1346.050048828125,1085.050048828125,1104.050048828125,1066.1856689453125,153471326,369.79998779296875,378.8999938964844,339.20001220703125,342.20001220703125,328.5484924316406,49007422,1220.0,1259.9000244140625,1170.0999755859375,1177.6500244140625,1118.2171630859375,131226577,175.39999389648438,184.9499969482422,127.05000305175781,128.9499969482422,127.06141662597656,1055369812,1802.0,1916.699951171875,1747.0,1797.949951171875,1712.6015625,25485291,642.4558715820312,689.4068603515625,605.7454223632812,607.4140625,596.7495727539062,401998547,591.4000244140625,623.5,531.2000122070312,534.3499755859375,448.4361877441406,77224350,317.95001220703125,331.8999938964844,295.3500061035156,303.0,279.5831298828125,894092490,435.0,492.3399963378906,420.3299865722656,446.5849914550781,438.76129150390625,273530410,2079.5,2230.0,1990.0,2000.1500244140625,1782.4947509765625,50645330,1530.0,1683.1500244140625,1518.43994140625,1577.885009765625,1482.5584716796875,20115940,29.766666412353516,30.566665649414062,24.28333282470703,24.649999618530273,22.084903717041016,771419280,118.25,124.2750015258789,109.8499984741211,110.7249984741211,108.09359741210938,117097200,566.0,589.8499755859375,453.6000061035156,457.04998779296875,434.16168212890625,76917304,775.0999755859375,811.5999755859375,722.0499877929688,731.7000122070312,642.0000610351562,112890806,200.11264038085938,266.38812255859375,188.15731811523438,233.12371826171875,224.00326538085938,294790108,43.150001525878906,48.724998474121094,37.5,38.17499923706055,32.0336799621582,2855014340,446.5,464.3500061035156,398.04998779296875,402.1000061035156,389.6520080566406,68312558,432.95001220703125,441.75,369.45001220703125,372.8999938964844,352.08453369140625,124815088,1372.5999755859375,1383.699951171875,1162.0,1187.550048828125,1090.646484375,70352323,2029.0,2064.159912109375,1631.7049560546875,1660.2349853515625,1590.8319091796875,38092730,589.4000244140625,804.7000122070312,564.0,737.2000122070312,732.0494384765625,14566515,622.9000244140625,672.989990234375,581.0499877929688,585.4199829101562,575.6038818359375,75804095,728.5499877929688,760.7000122070312,691.0,697.2999877929688,694.4005737304688,150402508,2049.35009765625,2308.199951171875,2030.050048828125,2174.75,1988.5721435546875,42232601,1186.8499755859375,1341.050048828125,1162.550048828125,1254.5,1234.2537841796875,51245823,228.0,261.0,215.60000610351562,218.64999389648438,216.51962280273438,78330548,1658.0999755859375,1813.550048828125,1616.0,1735.800048828125,1711.9698486328125,17574179,182.0,186.0500030517578,165.0,168.39999389648438,99.29230499267578,298514646,944.2550048828125,984.094970703125,882.0,905.0750122070312,902.536865234375,53953880,1684.0,1740.0,1613.75,1620.3499755859375,1615.468994140625,45963298,382.95001220703125,408.0,341.54998779296875,346.1499938964844,330.6084899902344,112141013
2020-03-01,742.0,784.0,471.3999938964844,565.5,473.6657409667969,82907302,6400.9501953125,6480.0,4030.0,4288.2998046875,4117.51611328125,28273632,160.5500030517578,167.89999389648438,84.9000015258789,95.69999694824219,92.5602035522461,275200667,2100.0,2110.0,1475.0,1596.449951171875,1387.7801513671875,26204530,524.158935546875,526.1220703125,355.08331298828125,432.774658203125,424.9864807128906,346951065,242.1999969482422,252.75,136.10000610351562,146.25,137.36212158203125,214666077,109.3499984741211,111.0,73.19999694824219,84.19999694824219,67.3539810180664,676997897,2920.0,2944.5,1788.6500244140625,2022.3499755859375,1692.5018310546875,17482885,4255.0,4329.0,2910.0,3244.85009765625,3167.22705078125,15864647,103.3593978881836,112.24690246582031,68.70938873291016,89.4937744140625,65.73758697509766,869113755,508.25,520.5499877929688,268.29998779296875,323.75,315.5430908203125,1021896831,698.2236938476562,705.9927978515625,383.5250244140625,474.21441650390625,464.33966064453125,70459604,199.5,203.4499969482422,134.60000610351562,171.6999969482422,135.75491333007812,885486167,94.0,95.0,50.0,68.30000305175781,48.226444244384766,1131915544,1130.0,1136.949951171875,235.5500030517578,351.29998779296875,339.2518310546875,515483911,346.1000061035156,351.8999938964844,203.0,251.3000030517578,241.27479553222656,151020987,1200.199951171875,1201.1500244140625,738.75,861.9000244140625,818.4022827148438,473125765,133.0,133.89999389648438,63.5,71.05000305175781,70.00941467285156,1625401538,1815.0999755859375,1915.9000244140625,1431.199951171875,1666.5,1587.3914794921875,60708226,619.506103515625,625.8607177734375,400.3177185058594,509.1690368652344,500.22943115234375,995166840,541.0499877929688,581.9000244140625,375.25,436.3999938964844,366.2348327636719,147447828,311.0,312.0,173.5500030517578,196.85000610351562,181.6367645263672,1860928554,460.0,461.7950134277344,210.0,221.5800018310547,217.69815063476562,1022555960,2035.0,2147.75,1506.050048828125,1826.0999755859375,1627.384033203125,115636914,1595.0,1683.5150146484375,1220.0,1630.06005859375,1531.5814208984375,36755770,25.333332061767578,26.716665267944336,18.66666603088379,24.816665649414062,22.60001564025879,964029063,112.9000015258789,116.94999694824219,79.69999694824219,98.3499984741211,96.0126953125,242645708,453.54998779296875,482.5,245.39999389648438,284.95001220703125,270.68017578125,141501943,737.0,773.5499877929688,509.25,641.5,562.8577270507812,305156542,238.7165069580078,264.66351318359375,85.74307250976562,128.74127197265625,123.70454406738281,358947841,39.369998931884766,39.400001525878906,25.084999084472656,26.959999084472656,22.622867584228516,4058584180,407.0,472.0,355.29998779296875,422.8500061035156,409.7596130371094,118846080,378.0,414.79998779296875,312.0,352.29998779296875,335.0358581542969,234583762,1205.0,1212.3499755859375,661.0,808.5,742.5267944335938,136036620,1666.5999755859375,1852.864990234375,1295.0,1309.5899658203125,1254.8450927734375,44356620,750.5,778.0,365.0,484.3500061035156,480.9659729003906,12428880,592.2000122070312,646.3900146484375,499.010009765625,624.1500244140625,613.6845092773438,108004220,709.2999877929688,713.25,286.0,379.0,377.4241027832031,656763435,2190.0,2313.0,1757.300048828125,2298.5,2101.7275390625,67398186,1275.0,1294.0,720.9000244140625,933.7000122070312,918.631103515625,72684172,223.0,228.64999389648438,116.4000015258789,137.60000610351562,136.2593231201172,91280370,1750.0,1777.9000244140625,1047.050048828125,1139.050048828125,1125.4473876953125,28305846,172.64999389648438,180.1999969482422,119.19999694824219,140.0500030517578,82.57653045654297,414868471,930.0,930.0,416.0249938964844,459.1199951171875,457.8324890136719,143766750,1631.0,1676.5,1001.0,1296.050048828125,1292.14599609375,139185401,351.04998779296875,357.70001220703125,213.6999969482422,294.8500061035156,281.6116943359375,85382458
2020-04-01,560.0,582.7000122070312,500.0,546.25,463.7719421386719,96461874,4290.0,5602.9501953125,4001.10009765625,5358.7998046875,5145.38232421875,34452642,94.94999694824219,132.1999969482422,88.4000015258789,130.1999969482422,125.92829895019531,385655071,1590.0999755859375,2198.10009765625,1543.1500244140625,2166.699951171875,1883.4932861328125,31556392,431.8912353515625,526.072998046875,404.7998962402344,504.82196044921875,495.7372741699219,270940205,145.9499969482422,188.6999969482422,132.5,180.64999389648438,169.67156982421875,213642772,84.30000305175781,101.0,78.8499984741211,95.05000305175781,76.51322174072266,369475987,2000.0,2654.0,1957.550048828125,2623.300048828125,2294.026123046875,15648184,3245.0,3674.0,3025.0,3534.300048828125,3449.7529296875,12262618,89.4375228881836,97.4531478881836,85.3593978881836,91.15314483642578,69.42072296142578,379084954,319.0,392.95001220703125,281.5,380.1499938964844,370.5133972167969,876618715,476.0072937011719,570.5812377929688,449.41302490234375,502.9003601074219,492.4282531738281,47440916,171.6999969482422,193.75,164.5500030517578,182.0500030517578,143.93817138671875,535693554,67.0,81.05000305175781,60.79999923706055,79.9000015258789,60.60551452636719,522448792,386.3999938964844,491.8500061035156,310.20001220703125,468.1499938964844,452.0943603515625,575650286,246.0500030517578,296.0,235.0500030517578,290.1000061035156,281.6051330566406,78640218,863.8499755859375,1019.0,810.0,1001.7999877929688,951.2418823242188,397741571,70.5,93.75,64.80000305175781,93.25,91.88427734375,1172889811,1650.050048828125,1864.0,1517.25,1758.699951171875,1681.945068359375,41040413,513.054931640625,683.4408569335938,477.8302917480469,670.2058715820312,658.4389038085938,1036286353,433.0,565.5,399.29998779296875,543.5499877929688,456.1569519042969,99923846,194.0,198.0,175.0,190.5,175.77752685546875,1133157099,218.0,256.614990234375,191.56500244140625,231.80999755859375,227.74893188476562,1676835410,1825.9000244140625,2032.0,1650.0,2014.449951171875,1808.3548583984375,88919456,1630.0250244140625,1836.9949951171875,1500.5,1792.4649658203125,1684.1746826171875,29691880,24.600000381469727,26.366666793823242,21.700000762939453,24.03333282470703,21.886648178100586,795107448,97.8499984741211,101.4749984741211,86.9000015258789,95.4749984741211,93.20601654052734,266061580,281.0,391.6499938964844,265.5,366.6499938964844,348.2887878417969,134157145,634.3499755859375,720.0,582.1500244140625,715.5,627.7860717773438,203538623,125.7110366821289,160.37850952148438,97.45479583740234,152.19395446777344,146.2397003173828,528165972,26.600000381469727,30.450000762939453,25.100000381469727,29.829999923706055,25.031164169311523,2819738960,424.8999938964844,632.6500244140625,410.3999938964844,589.5999755859375,572.8314208984375,226528203,353.0,504.79998779296875,338.3999938964844,464.45001220703125,441.6900939941406,383517727,806.8499755859375,943.0,762.7999877929688,897.5499877929688,835.8545532226562,109030010,1309.5899658203125,1497.7950439453125,1245.010009765625,1470.7950439453125,1420.4403076171875,44125450,475.5,509.8999938964844,431.5,505.0,501.4716796875,12493665,623.989990234375,818.8599853515625,605.02001953125,787.260009765625,774.0595703125,148447150,376.25,485.8999938964844,324.0,444.8999938964844,443.05010986328125,757453030,2293.199951171875,2614.300048828125,2127.949951171875,2195.0,2007.088623046875,104215304,929.7000122070312,1044.0,855.9500122070312,970.0499877929688,954.3944091796875,82000534,138.9499969482422,155.4499969482422,128.0,141.39999389648438,141.0465850830078,62516129,1136.0,1472.0,1080.050048828125,1394.3499755859375,1377.6982421875,25411744,138.75,152.4499969482422,131.8000030517578,148.5,95.45592498779297,148478590,456.0,517.5,428.79998779296875,510.43499755859375,509.2892150878906,178844670,1294.9000244140625,1380.0,1087.0,1357.199951171875,1353.11181640625,141033505,292.8500061035156,361.3999938964844,264.0,351.6000061035156,335.81378173828125,94047461
2020-05-01,546.25,549.75,490.0,530.4500122070312,450.3575744628906,88515251,5358.7998046875,5666.75,4637.5,5610.7998046875,5387.345703125,42615817,130.1999969482422,141.14999389648438,114.30000305175781,138.85000610351562,134.29452514648438,346099929,2166.699951171875,2391.89990234375,1933.25,2360.85009765625,2052.266357421875,42918890,504.82196044921875,600.721435546875,490.6873474121094,542.4161376953125,532.6548461914062,544761354,180.64999389648438,189.0,162.10000610351562,184.1999969482422,173.0058135986328,231209585,95.05000305175781,98.8499984741211,85.6500015258789,97.8499984741211,78.76716613769531,292613805,2623.300048828125,2774.0,2361.300048828125,2710.5,2370.28076171875,20620496,3534.300048828125,3940.0,3231.0,3904.85009765625,3811.4384765625,15452935,91.15314483642578,96.69377136230469,86.23126983642578,88.62189483642578,67.49298095703125,429215410,380.1499938964844,380.1499938964844,285.54998779296875,331.95001220703125,323.53521728515625,1051248074,502.9003601074219,599.6157836914062,467.34173583984375,586.8665161132812,574.6459350585938,53888448,182.0500030517578,198.0,157.10000610351562,197.35000610351562,156.03515625,554395975,79.9000015258789,83.75,72.4000015258789,83.19999694824219,63.10862731933594,430777781,468.1499938964844,480.0,330.0,393.6499938964844,380.1493835449219,477672176,290.1000061035156,334.1499938964844,261.1000061035156,323.79998779296875,314.3182678222656,115156670,1001.7999877929688,1001.7999877929688,826.0999755859375,951.6500244140625,903.6228637695312,383193554,93.25,93.25,79.5999984741211,87.0,85.72582244873047,1137152288,1758.699951171875,1758.699951171875,1482.949951171875,1683.0999755859375,1609.64453125,69941345,670.2058715820312,738.3236694335938,642.8692626953125,675.8203735351562,663.954833984375,1005220160,543.5499877929688,555.0,502.3999938964844,550.25,461.77984619140625,116101219,190.5,190.5,149.4499969482422,161.3000030517578,148.83419799804688,1246952077,231.80999755859375,231.80999755859375,178.3000030517578,195.36500549316406,191.94241333007812,2057325800,2014.449951171875,2032.0,1865.199951171875,1972.3499755859375,1770.5618896484375,65345631,1792.4649658203125,1792.4649658203125,1610.864990234375,1754.0799560546875,1648.108642578125,39322590,24.03333282470703,24.03333282470703,19.25,23.066665649414062,21.006324768066406,989872074,95.4749984741211,107.44999694824219,89.0,106.4000015258789,103.87139129638672,303810070,366.6499938964844,450.0,341.1000061035156,436.3500061035156,414.498291015625,159674176,715.5,715.5,646.7000122070312,691.0,606.28955078125,180604556,152.19395446777344,157.26058959960938,102.84296417236328,111.52445220947266,107.16130065917969,614023083,29.829999923706055,29.860000610351562,26.2450008392334,29.520000457763672,24.77103614807129,2423468260,589.5999755859375,650.9500122070312,565.5999755859375,648.1500244140625,629.7162475585938,189538307,464.45001220703125,481.6000061035156,434.25,474.25,451.00982666015625,203821880,897.5499877929688,937.5,791.7000122070312,932.25,868.1693115234375,107091269,1470.7950439453125,1699.6949462890625,1285.5450439453125,1654.844970703125,1598.18896484375,53884160,505.0,505.0,401.04998779296875,468.8500061035156,465.5742492675781,6748417,787.260009765625,826.4400024414062,722.77001953125,814.25,800.5969848632812,121655210,444.8999938964844,444.8999938964844,332.8500061035156,384.95001220703125,383.3493957519531,826501576,2195.0,2195.0,1902.0,2057.35009765625,1881.2225341796875,318486932,970.0499877929688,970.0499877929688,810.0,890.0,875.6364135742188,71925415,141.39999389648438,153.60000610351562,127.30000305175781,148.35000610351562,147.979248046875,68687648,1394.3499755859375,1427.1500244140625,1252.6500244140625,1356.949951171875,1340.7449951171875,19434567,148.5,148.5,121.05000305175781,141.3000030517578,90.82775115966797,178135763,510.43499755859375,510.43499755859375,398.5299987792969,440.489990234375,439.501220703125,198517650,1357.199951171875,1357.199951171875,1110.0,1224.0,1220.3131103515625,125506654,351.6000061035156,382.79998779296875,325.6499938964844,366.8999938964844,350.42681884765625,147137211
2020-06-01,538.5,605.3499755859375,528.4000244140625,543.4000244140625,461.35235595703125,99938493,5690.0,6007.2001953125,5201.0,5838.2998046875,5605.7861328125,35977197,141.89999389648438,160.10000610351562,136.1999969482422,146.1999969482422,141.4033660888672,360383356,2360.75,2590.64990234375,2230.699951171875,2546.949951171875,2214.041259765625,46048933,548.6981811523438,582.7587280273438,527.1036376953125,549.5325317382812,539.6431884765625,488577135,188.0,207.75,175.4499969482422,189.35000610351562,177.8428497314453,283841683,98.4000015258789,103.80000305175781,89.9000015258789,95.80000305175781,77.11695861816406,389548132,2730.0,2979.89990234375,2610.25,2826.050048828125,2471.3271484375,19885284,3905.0,4016.0,3600.0,3893.550048828125,3800.408935546875,11795249,89.18439483642578,106.3125228881836,88.70626831054688,98.3531494140625,74.90413665771484,492299561,339.0,380.0,324.1000061035156,351.45001220703125,342.54095458984375,1009599311,590.1534423828125,641.847900390625,565.9496459960938,617.2457275390625,604.392578125,53152140,201.0,209.39999389648438,180.6999969482422,194.64999389648438,153.900390625,764204539,85.0,93.0999984741211,80.0,81.3499984741211,61.705360412597656,546484501,402.29998779296875,548.5,401.04998779296875,474.79998779296875,458.51629638671875,822577228,326.0,360.0,325.79998779296875,343.8999938964844,333.8297119140625,75692680,975.0,1082.5999755859375,928.0,1065.8499755859375,1012.0593872070312,467983388,88.9000015258789,119.1500015258789,88.0,98.25,96.81105041503906,2061553847,1706.5,1813.75,1577.5,1687.449951171875,1613.804931640625,63337220,683.019775390625,832.6380004882812,681.1506958007812,786.44189453125,772.6341552734375,861696297,557.0,593.5,545.0,556.8499755859375,467.3185729980469,99695601,164.0,197.5,163.35000610351562,178.4499969482422,164.65875244140625,1835480172,199.7050018310547,312.5,199.7050018310547,283.1000061035156,278.1404113769531,3224851060,1990.0,2132.0,1981.0999755859375,2082.14990234375,1869.1285400390625,73992134,1754.0799560546875,1774.9000244140625,1605.219970703125,1717.4449462890625,1613.6871337890625,34838110,23.333332061767578,31.399999618530273,22.466665267944336,29.549999237060547,26.910558700561523,1234457178,107.75,115.0,103.1500015258789,109.82499694824219,107.21499633789062,390003838,441.8500061035156,527.6500244140625,441.5,510.70001220703125,485.1250305175781,172962600,698.75,751.5999755859375,675.5,735.9500122070312,654.5189819335938,240810488,113.99931335449219,143.0350341796875,109.7219009399414,134.38278198242188,129.12535095214844,866304348,30.200000762939453,35.08000183105469,30.0,32.66999816894531,27.414283752441406,3674647880,649.0,692.5,616.2999877929688,640.25,622.0409545898438,147754912,483.5,512.7000122070312,455.0,472.95001220703125,449.7735290527344,254352618,944.6500244140625,995.0,874.0,943.6500244140625,878.7857666015625,141492017,1690.0,1855.1099853515625,1559.1099853515625,1833.4300537109375,1770.659912109375,63490780,481.0,707.0,480.0,615.2999877929688,611.0009765625,16063997,815.52001953125,838.0,777.2000122070312,788.989990234375,775.7605590820312,103635640,394.29998779296875,448.5,360.3999938964844,406.6499938964844,404.9591369628906,990669571,2075.0,2199.949951171875,2054.050048828125,2180.0,1993.3726806640625,77558947,898.5,1050.0,898.5,949.8499755859375,934.5204467773438,101609051,150.0,169.1999969482422,141.0,156.25,155.85946655273438,109059623,1372.0,1480.0,1302.199951171875,1349.8499755859375,1333.729736328125,20360015,142.10000610351562,149.75,128.14999389648438,132.85000610351562,85.39608001708984,296007803,450.0,645.5,447.67498779296875,584.5150146484375,583.2029418945312,371399650,1249.0,1428.199951171875,1228.3499755859375,1360.449951171875,1356.3519287109375,153652669,368.5,394.8999938964844,359.5,387.45001220703125,370.05413818359375,69691572
2020-07-01,544.0,702.75,536.0499877929688,681.6500244140625,578.72802734375,156652889,5838.2998046875,6393.64990234375,5750.0,6262.75,6013.33251953125,30098735,147.5,170.5,144.5,163.10000610351562,157.7489013671875,354034104,2556.0,2885.699951171875,2530.0,2676.5,2326.65771484375,31714342,564.4033203125,585.8015747070312,533.0421142578125,544.6246948242188,534.8236694335938,349511506,190.3000030517578,221.9499969482422,188.5500030517578,220.25,206.86500549316406,235228252,94.69999694824219,96.4000015258789,85.8499984741211,87.0,70.03312683105469,337538363,2838.050048828125,3149.0,2811.60009765625,3004.949951171875,2627.771728515625,20772627,3888.0,4287.35009765625,3735.0,4117.2998046875,4018.805908203125,12627831,98.4375228881836,103.7812728881836,89.7187728881836,100.29377746582031,76.38208770751953,410933818,354.25,395.6499938964844,340.3999938964844,346.79998779296875,338.0087585449219,1011022868,617.3452758789062,650.812255859375,562.7623291015625,630.5428466796875,617.4127807617188,57778692,194.64999389648438,208.5,191.5,194.14999389648438,153.5050506591797,604197678,79.0,84.9000015258789,75.0,78.30000305175781,59.39189147949219,376013444,480.5,577.5,475.1499938964844,523.75,505.7874755859375,540404251,345.8999938964844,366.79998779296875,298.0,315.20001220703125,305.9701232910156,81868680,1065.8499755859375,1157.949951171875,1020.0499877929688,1032.800048828125,980.6774291992188,352780703,99.0,112.5999984741211,98.19999694824219,104.6500015258789,103.11731719970703,1236331449,1698.0,1792.6500244140625,1645.0999755859375,1715.5,1640.6304931640625,49607443,793.7797241210938,1014.745849609375,788.2647705078125,953.96630859375,937.21728515625,1335941504,557.9500122070312,716.7000122070312,551.0,705.2000122070312,591.8167114257812,183494744,179.4499969482422,202.5,178.60000610351562,191.4499969482422,176.65408325195312,1537008340,283.1000061035156,351.95001220703125,280.6000061035156,325.1300048828125,319.43408203125,2822194760,2079.699951171875,2358.0,2079.5,2281.39990234375,2054.013427734375,106379633,1720.5,1776.4599609375,1643.219970703125,1652.219970703125,1558.1507568359375,38357060,29.549999237060547,35.133331298828125,29.183332443237305,31.950000762939453,29.0961856842041,1315473423,110.5,145.39999389648438,109.17500305175781,140.47500610351562,137.13661193847656,920426470,513.75,625.7999877929688,494.25,606.4500122070312,576.0799560546875,167338794,737.25,986.4500122070312,729.75,966.0,859.114501953125,397100277,134.9771270751953,153.8000030517578,128.89999389648438,138.25999450683594,132.8508758544922,519890734,32.900001525878906,37.845001220703125,32.029998779296875,36.630001068115234,30.73723030090332,3109586280,642.5999755859375,724.0,621.0499877929688,720.1500244140625,699.6685791015625,153340807,473.5,541.0,466.1499938964844,531.7000122070312,505.6445007324219,230609330,941.0,964.4000244140625,896.2999877929688,913.4500122070312,850.66162109375,103130778,1854.0,2172.5,1797.0,2063.8701171875,1993.21044921875,61149860,615.0,644.0499877929688,540.5999755859375,558.0999755859375,554.2007446289062,7701684,793.0399780273438,912.0,762.7999877929688,904.2100219726562,889.048583984375,145345310,410.0,484.6000061035156,406.6499938964844,431.6499938964844,429.8551940917969,813554364,2183.0,2350.0,2125.0,2209.89990234375,2034.5040283203125,65932610,950.0,1083.0,941.7999877929688,1043.25,1026.4130859375,80095336,157.14999389648438,190.85000610351562,145.1999969482422,175.25,174.81198120117188,87015119,1350.0,1728.0,1311.0,1674.5999755859375,1654.6015625,22969973,132.85000610351562,137.5,124.5999984741211,129.25,83.08200073242188,220999318,581.7999877929688,671.0,580.2650146484375,620.5900268554688,619.1969604492188,262393520,1319.0,1424.699951171875,1267.0,1365.75,1361.635986328125,99598645,385.0,437.75,380.5,428.04998779296875,411.8026428222656,72506731
2020-08-01,685.9500122070312,774.7000122070312,642.5499877929688,741.0,634.2485961914062,108412551,6380.0,7175.7001953125,6125.0498046875,6839.9501953125,6567.544921875,26098768,163.10000610351562,203.14999389648438,160.75,185.25,179.17218017578125,399150802,2700.0,3181.35009765625,2620.75,3006.050048828125,2636.845703125,36813299,544.2811279296875,554.587646484375,498.6380615234375,503.6440734863281,494.5805969238281,536099801,221.0,290.75,218.64999389648438,269.79998779296875,256.0859680175781,219882457,87.19999694824219,108.0,85.0,96.4000015258789,77.59994506835938,764254083,2990.0,3159.0,2910.0,2967.0,2594.5849609375,18366165,4139.0,4224.0,3882.85009765625,3903.85009765625,3822.47607421875,11219650,100.6875228881836,107.24065399169922,97.4250259399414,100.6594009399414,76.66053771972656,358348342,346.79998779296875,422.0,340.5,394.6000061035156,384.5970458984375,831045880,627.5048828125,714.6583862304688,608.2813720703125,672.1773071289062,658.18017578125,77173074,194.0,207.6999969482422,190.0,191.10000610351562,158.86257934570312,567641852,78.3499984741211,85.5,75.55000305175781,81.94999694824219,62.16047286987305,400738869,521.9500122070312,712.0,483.25,630.2000122070312,608.5867309570312,399533818,311.0,378.3500061035156,308.6499938964844,355.75,345.33270263671875,104521798,1025.949951171875,1148.800048828125,993.0,1115.8499755859375,1059.5360107421875,292230618,103.0,147.9499969482422,102.9000015258789,143.1999969482422,141.1027069091797,1866004733,1729.0,2016.8499755859375,1697.5,1899.0999755859375,1817.8255615234375,52300929,946.6746215820312,1013.45361328125,923.1150512695312,960.2427368164062,947.2224731445312,830457461,709.0999755859375,729.0,677.0499877929688,694.4000244140625,584.551513671875,113042930,192.0,231.5500030517578,189.5500030517578,212.0,195.6159210205078,1455754989,324.3999938964844,374.9849853515625,314.2850036621094,348.7799987792969,342.6697082519531,1250083350,2290.449951171875,2328.0,2216.449951171875,2257.25,2036.82958984375,65560742,1652.800048828125,1689.9000244140625,1587.5,1594.9549560546875,1504.146484375,21590020,32.0,39.483333587646484,31.683332443237305,35.36666488647461,32.20766830444336,1158783705,141.5,143.6999969482422,134.0,135.64999389648438,132.42626953125,390312402,610.0,648.5999755859375,594.2000122070312,606.9000244140625,578.9806518554688,115050794,960.0,974.4000244140625,914.5999755859375,928.5999755859375,825.8526611328125,155088967,138.47999572753906,158.5800018310547,127.22000122070312,140.49000549316406,134.99365234375,541370795,36.474998474121094,44.20000076293945,36.20500183105469,41.29999923706055,34.65595245361328,3445891910,724.0,814.5,701.0,713.5499877929688,693.2562255859375,215946007,534.0999755859375,564.75,514.0499877929688,520.25,494.7556457519531,223672479,913.0,1024.949951171875,903.5499877929688,944.9500122070312,879.9963989257812,110131352,2072.5,2387.25,2006.6650390625,2092.0,2020.37744140625,66614003,561.5,684.0,544.1500244140625,639.2000122070312,635.8124389648438,12914792,904.2100219726562,951.719970703125,843.3300170898438,852.9400024414062,844.0411987304688,112874855,431.6000061035156,533.8499755859375,415.70001220703125,496.75,494.68450927734375,578501387,2209.800048828125,2234.800048828125,2100.64990234375,2117.35009765625,1957.63427734375,36951713,1047.0,1159.0,1043.0,1100.5,1082.7392578125,84490080,175.25,322.3999938964844,171.1999969482422,279.54998779296875,278.851318359375,225494825,1670.0,1798.0,1567.0999755859375,1634.550048828125,1615.0299072265625,20236440,129.89999389648438,143.9499969482422,128.10000610351562,134.35000610351562,86.36028289794922,241996367,622.2999877929688,670.0,606.0,619.0349731445312,617.6453857421875,119789060,1356.0,1501.5,1300.0999755859375,1401.3499755859375,1397.1287841796875,90144015,428.95001220703125,561.4000244140625,427.70001220703125,532.3499755859375,512.1437377929688,145853935
2020-09-01,739.0,830.0,722.7000122070312,791.75,677.6873779296875,123334301,6860.4501953125,7349.89990234375,6270.14990234375,6743.4501953125,6533.130859375,27329393,185.1999969482422,196.89999389648438,154.39999389648438,175.25,169.50027465820312,387252353,3030.050048828125,3222.050048828125,2830.199951171875,3147.300048828125,2760.7470703125,32869222,507.9629821777344,548.6981811523438,408.48077392578125,413.19232177734375,407.213623046875,719023500,269.79998779296875,295.8500061035156,257.54998779296875,277.75,263.63189697265625,188746236,97.5,101.1500015258789,82.1500015258789,85.0999984741211,70.61331176757812,544915702,2947.0,3070.0,2830.050048828125,2881.10009765625,2519.467529296875,20851449,3925.0,4102.7001953125,3753.89990234375,4049.550048828125,3965.13916015625,9929610,100.71565246582031,102.9937744140625,89.1562728881836,91.37814331054688,69.59210205078125,345128562,394.70001220703125,399.6499938964844,333.75,354.75,345.75726318359375,613523589,674.2689819335938,746.6810302734375,648.4715576171875,741.2526245117188,730.1520385742188,78467034,191.10000610351562,193.25,166.14999389648438,171.6999969482422,142.73521423339844,646294807,82.75,82.80000305175781,65.5,69.25,52.527313232421875,438840247,638.0999755859375,662.5,485.0,527.4000244140625,509.3123474121094,402470093,357.0,368.0,312.1000061035156,341.75,331.7426452636719,93304654,1128.0,1145.949951171875,1025.0,1078.5999755859375,1024.1658935546875,208518898,143.39999389648438,155.1999969482422,122.1500015258789,133.3000030517578,131.3477020263672,1583849546,1925.0,2069.949951171875,1907.75,1986.4000244140625,1901.3897705078125,53203179,969.149658203125,1093.45458984375,943.4210205078125,1031.1522216796875,1017.1704711914062,820719574,695.0,849.9000244140625,682.4000244140625,811.5999755859375,683.2112426757812,260183731,213.10000610351562,219.0,175.5,185.39999389648438,171.07164001464844,1099854038,351.70001220703125,368.0,300.69000244140625,327.8599853515625,322.1162414550781,985418610,2269.0,2555.0,2241.300048828125,2492.300048828125,2248.92724609375,116405821,1599.5,1651.5,1510.0,1591.864990234375,1501.232177734375,26519690,35.666664123535156,36.78333282470703,29.883333206176758,31.91666603088379,29.06583023071289,626753472,135.5,162.25,134.5,156.77499389648438,153.04922485351562,871468974,610.0,666.5999755859375,567.5,607.9000244140625,579.9346313476562,155911588,926.25,1037.0,912.0999755859375,1008.25,896.6895141601562,232397098,141.8000030517578,144.0,111.11000061035156,123.87000274658203,119.02385711669922,452487185,41.38999938964844,44.3650016784668,34.275001525878906,35.974998474121094,30.970067977905273,3205265330,713.5499877929688,819.2999877929688,704.4000244140625,774.7000122070312,752.6671752929688,199555192,521.2000122070312,535.0,483.0,500.45001220703125,476.8324890136719,233431260,964.9500122070312,971.0,843.0,901.5999755859375,846.9570922851562,97930585,2110.0,2260.0,2023.0,2202.800048828125,2127.384033203125,30958654,627.5999755859375,769.0,602.0,671.9000244140625,668.3390502929688,19793856,854.219970703125,1102.530029296875,846.4000244140625,1037.56005859375,1026.735107421875,446929575,495.04998779296875,503.3999938964844,400.1499938964844,424.6499938964844,422.88427734375,483986304,2149.949951171875,2185.0,2000.050048828125,2068.25,1912.2379150390625,49268457,1105.0,1220.0,1076.0,1201.3499755859375,1186.5108642578125,62272813,279.95001220703125,307.95001220703125,257.5,297.1000061035156,296.3574523925781,172657113,1635.0,2168.0,1585.050048828125,2148.050048828125,2122.39794921875,39470162,135.10000610351562,138.0500030517578,113.9000015258789,116.0,74.56489562988281,264442684,625.0,645.5,540.0,585.2349853515625,583.9213256835938,124519160,1419.8499755859375,1442.0,1230.5999755859375,1268.199951171875,1264.3797607421875,81886238,526.0,591.9500122070312,478.0,499.95001220703125,480.9735412597656,111866550
2020-10-01,798.2000122070312,887.5499877929688,781.8499755859375,813.2999877929688,696.1327514648438,139921928,6838.2001953125,7332.0,6745.0,6965.14990234375,6747.91552734375,21301748,177.1999969482422,187.6999969482422,165.3000030517578,170.64999389648438,165.89674377441406,315310814,3165.0,3394.89990234375,2787.0,2799.800048828125,2455.927001953125,40978931,418.1492614746094,479.00665283203125,386.7389831542969,425.75640869140625,419.595947265625,510477952,281.45001220703125,327.29998779296875,278.25,309.0,293.29339599609375,209298223,85.80000305175781,90.6500015258789,78.0999984741211,87.5999984741211,72.68772888183594,615774361,2940.0,3130.0,2853.050048828125,2886.89990234375,2524.539306640625,25683718,4088.0,4735.5498046875,4031.050048828125,4574.0498046875,4478.7060546875,18634525,92.6718978881836,98.6343994140625,86.9625244140625,96.1875228881836,74.93293762207031,408441005,358.25,428.5,358.25,392.6000061035156,382.64776611328125,589905493,746.2328491210938,800.8157958984375,730.5452270507812,775.2673950195312,763.657470703125,42259943,174.5,175.1999969482422,163.35000610351562,165.25,137.37332153320312,527572084,67.5,73.3499984741211,64.0999984741211,64.9000015258789,49.22776412963867,426788879,540.0,647.7999877929688,537.0,585.7000122070312,565.6128540039062,401788779,345.5,373.8999938964844,341.1499938964844,359.8500061035156,349.3126525878906,97436327,1090.0999755859375,1251.0,1090.0999755859375,1183.550048828125,1123.8194580078125,255629727,135.89999389648438,145.8000030517578,126.0,132.64999389648438,130.70721435546875,1287524170,2007.0,2242.85009765625,1992.050048828125,2211.5,2116.855712890625,54216412,1044.7432861328125,1065.6031494140625,918.84619140625,948.1514282226562,935.2951049804688,563006191,819.9000244140625,910.7000122070312,811.2000122070312,841.9500122070312,710.7298583984375,250070698,187.0,207.3000030517578,185.89999389648438,189.25,174.62411499023438,926462766,332.5,351.8999938964844,310.135009765625,330.8999938964844,325.1029357910156,1012660540,2510.0,2885.0,2492.300048828125,2664.85009765625,2404.627685546875,128617294,1591.9000244140625,1736.0,1537.5,1716.1600341796875,1618.4505615234375,29471830,32.08333206176758,32.53333282470703,28.78333282470703,29.0,26.759653091430664,385554249,158.1999969482422,190.85000610351562,156.02499389648438,170.35000610351562,166.30160522460938,1175853034,614.7000122070312,647.4500122070312,586.7999877929688,594.0,566.674072265625,99660885,1020.5999755859375,1186.0,1011.75,1060.5999755859375,943.247314453125,284991815,125.4000015258789,149.75999450683594,125.02999877929688,138.69000244140625,133.2640380859375,429298460,36.43000030517578,42.599998474121094,36.25,41.05500030517578,35.343326568603516,3753241030,779.7999877929688,829.0499877929688,742.2999877929688,754.5,733.0416259765625,155051193,505.1000061035156,529.2999877929688,452.25,465.75,443.77008056640625,162465333,909.9500122070312,994.6500244140625,876.0499877929688,929.5,873.166259765625,128043695,2190.0,2303.0,2070.550048828125,2085.60009765625,2014.196533203125,26869128,680.0,712.75,626.7999877929688,659.5499877929688,656.0545654296875,13792690,1045.0,1064.56005859375,966.2000122070312,977.72998046875,967.5292358398438,226094855,430.20001220703125,517.5,427.3999938964844,492.5,490.4521484375,501118076,2090.0,2208.5,2068.0,2071.300048828125,1915.057861328125,47771434,1203.5999755859375,1281.9000244140625,1155.550048828125,1165.75,1151.3507080078125,64199363,299.79998779296875,347.5,296.0,339.70001220703125,338.8509826660156,116033307,2151.0,2333.0,2024.1500244140625,2119.449951171875,2097.5546875,28413868,117.0999984741211,119.69999694824219,109.55000305175781,114.19999694824219,73.4078369140625,275315296,590.7000122070312,616.9500122070312,551.10498046875,557.3499755859375,556.098876953125,145820940,1280.0,1602.0,1278.9000244140625,1547.4000244140625,1542.7388916015625,119630821,508.54998779296875,513.5,458.95001220703125,492.8500061035156,474.1430358886719,93491881
2020-11-01,821.4000244140625,890.0,804.2999877929688,876.8499755859375,764.7907104492188,102704887,7044.89990234375,7252.35009765625,6753.10009765625,7035.7998046875,6816.36181640625,23942197,171.5,231.25,167.64999389648438,226.35000610351562,220.04530334472656,425774333,2888.0,3156.949951171875,2812.0,3108.85009765625,2727.01953125,36307276,426.9833984375,485.8285827636719,426.9833984375,454.7127685546875,448.13330078125,272102398,311.45001220703125,362.20001220703125,306.54998779296875,350.20001220703125,332.3992004394531,134065850,88.30000305175781,97.05000305175781,83.05000305175781,94.69999694824219,78.5791015625,1058905562,2918.0,3249.0,2822.449951171875,3173.550048828125,2775.209228515625,16295671,4551.0,4979.0,4501.0498046875,4802.0,4701.904296875,11049207,97.05940246582031,112.02190399169922,96.7219009399414,108.22502899169922,84.31051635742188,416765285,417.0,499.0,407.0,473.3500061035156,461.3507995605469,740748991,781.2933959960938,882.3416137695312,772.4286499023438,872.2816162109375,859.2188110351562,49527308,166.8000030517578,197.9499969482422,164.4499969482422,193.64999389648438,160.98240661621094,663128547,65.4000015258789,81.80000305175781,64.19999694824219,78.5,59.543601989746094,481306375,590.0,880.9000244140625,590.0,857.6500244140625,828.2361450195312,542081998,360.0,416.0,347.20001220703125,411.54998779296875,399.49871826171875,191509173,1194.3499755859375,1464.4000244140625,1177.5,1440.8499755859375,1368.134033203125,256002266,133.64999389648438,183.85000610351562,131.10000610351562,180.35000610351562,177.70863342285156,1284628508,2198.0,2249.0,2117.14990234375,2215.300048828125,2123.730712890625,49408894,935.4601440429688,966.8421630859375,846.8983764648438,890.6023559570312,878.5264282226562,936566648,841.9500122070312,872.7999877929688,800.25,822.0999755859375,697.1751098632812,142344221,192.1999969482422,253.0,190.0500030517578,244.25,225.37353515625,1541534663,332.55499267578125,496.0,327.4649963378906,490.8800048828125,482.2802734375,1325935230,2660.0,2744.0,2600.050048828125,2679.64990234375,2428.291259765625,65135883,1720.0999755859375,1806.8900146484375,1647.5,1788.89501953125,1700.4539794921875,38642670,29.28333282470703,37.93333435058594,29.083332061767578,37.03333282470703,34.1723747253418,675075537,170.875,180.6999969482422,166.3249969482422,175.25,171.0851593017578,297447728,592.0,745.5,589.0,722.0,688.7855834960938,155866130,1065.0,1154.9000244140625,1051.0999755859375,1100.0,988.797119140625,208543153,138.77999877929688,218.3800048828125,138.77999877929688,214.0399932861328,205.66612243652344,646034040,41.0,58.23500061035156,39.869998931884766,57.73500061035156,49.702762603759766,4617607480,757.5,804.0,706.5,745.5999755859375,724.3947143554688,177545799,467.8999938964844,526.0,459.04998779296875,511.6499938964844,487.5038757324219,235023259,930.0,1177.0,920.6500244140625,1122.4000244140625,1054.375244140625,135062979,2079.800048828125,2727.0,2015.199951171875,2534.64990234375,2447.87255859375,40181047,662.8499755859375,808.9500122070312,628.0,720.2999877929688,716.482666015625,51155195,979.2000122070312,1003.4000244140625,931.260009765625,965.7899780273438,955.7137451171875,152052745,496.8500061035156,640.0,495.1000061035156,601.5999755859375,599.0984497070312,577969966,2072.0,2220.35009765625,2043.0,2138.199951171875,1989.708740234375,48818897,1167.5,1375.0,1154.0,1361.199951171875,1344.3863525390625,66137977,339.1000061035156,415.5,333.04998779296875,398.3999938964844,397.404296875,108853748,2138.10009765625,2423.39990234375,1986.0,2347.89990234375,2323.64453125,43107262,114.5999984741211,129.3000030517578,113.55000305175781,125.55000305175781,80.70364379882812,359590169,560.1400146484375,900.9000244140625,556.0,875.8800048828125,873.9138793945312,332097650,1555.0,1948.4000244140625,1534.800048828125,1907.0999755859375,1901.3553466796875,206825500,494.0,545.2999877929688,488.29998779296875,538.0,517.579345703125,94910978
2020-12-01,900.0,986.4000244140625,871.6500244140625,973.2000122070312,848.827392578125,89887387,7141.7998046875,8013.14990234375,6975.2001953125,7649.60009765625,7411.0185546875,25416438,230.8000030517578,255.9499969482422,222.5,240.5500030517578,233.8497772216797,361911496,3120.0,3239.5,2900.60009765625,3110.0,2728.028076171875,21198526,459.12982177734375,517.2879028320312,452.0134582519531,500.3067321777344,493.0675354003906,371719828,354.5,393.8999938964844,344.0,387.20001220703125,367.5185241699219,149686597,94.69999694824219,107.25,93.44999694824219,99.3499984741211,82.43753051757812,710015862,3175.10009765625,3472.85009765625,3161.0,3444.050048828125,3011.756591796875,17701860,4815.0,5400.0,4805.0,5288.14990234375,5177.92138671875,20843514,109.6031494140625,110.95315551757812,103.7531509399414,106.7906494140625,83.1930923461914,396297179,479.70001220703125,538.5,472.20001220703125,535.0499877929688,521.4866943359375,531995383,863.5662841796875,950.2217407226562,858.7354736328125,924.17529296875,910.3353881835938,45854825,195.0,218.60000610351562,192.39999389648438,209.0,173.74293518066406,650964058,78.5,105.5999984741211,77.05000305175781,93.05000305175781,70.58001708984375,981751160,863.0,953.5,813.6500244140625,894.9500122070312,864.2568969726562,261284277,415.0,492.95001220703125,412.0,483.75,469.5845642089844,174958506,1440.8499755859375,1449.0,1345.0,1436.300048828125,1363.8138427734375,224469430,182.35000610351562,188.8000030517578,156.6999969482422,183.85000610351562,181.1573944091797,1191039967,2275.0,2772.0,2206.199951171875,2764.5,2650.2294921875,45512933,895.47119140625,940.5366821289062,856.1975708007812,916.2156372070312,903.7923583984375,504375631,824.0,950.0,815.0999755859375,946.1500244140625,802.374755859375,148837755,245.0,279.8999938964844,244.10000610351562,274.95001220703125,253.700927734375,985080328,495.1199951171875,537.25,477.5,529.52001953125,520.2433471679688,705754700,2679.0,2952.0,2624.449951171875,2862.75,2594.21630859375,62832148,1806.780029296875,1884.4000244140625,1715.0,1839.0250244140625,1748.10546875,32330610,37.03333282470703,41.06666564941406,35.45000076293945,39.983333587646484,36.89447784423828,1174347714,176.35000610351562,195.25,173.125,193.125,188.53536987304688,482107126,736.4000244140625,764.4500122070312,660.25,720.5999755859375,687.449951171875,107120574,1105.050048828125,1258.8499755859375,1105.050048828125,1255.800048828125,1128.8468017578125,205793830,215.97999572753906,221.60000610351562,183.6199951171875,209.3000030517578,201.11160278320312,428171520,59.20000076293945,65.3499984741211,57.69499969482422,64.36499786376953,55.410377502441406,3589082030,753.0,839.0,746.1500244140625,819.9500122070312,796.6302490234375,135687822,518.0,599.4500122070312,512.6500244140625,592.3499755859375,564.3953857421875,222828029,1140.0,1338.5,1104.0999755859375,1287.5999755859375,1232.980224609375,133493313,2559.949951171875,2609.0,2340.60009765625,2530.89990234375,2444.250732421875,29876014,732.9000244140625,745.0999755859375,634.2999877929688,687.5999755859375,683.9558715820312,20238342,974.0,1054.8399658203125,961.2000122070312,1041.02001953125,1030.158935546875,137473980,611.0,636.7000122070312,568.4000244140625,620.4500122070312,617.8701782226562,369494809,2159.0,2417.39990234375,2120.10009765625,2395.39990234375,2229.046875,50142038,1383.0,1571.0,1335.0,1567.1500244140625,1547.79248046875,51221859,398.0,507.0,395.1000061035156,479.54998779296875,478.3514404296875,132288318,2384.0,2520.0,2251.0,2412.800048828125,2387.874267578125,25178516,126.0,146.0,124.69999694824219,135.4499969482422,92.47528076171875,396339882,880.0,945.0,856.9650268554688,890.635009765625,888.6358032226562,144900980,1930.0,2027.0,1802.4000244140625,1995.5999755859375,1989.5888671875,91620880,554.0,616.0999755859375,525.2999877929688,589.9000244140625,567.5093383789062,82294637
2021-01-01,976.0,1081.550048828125,956.0,961.4000244140625,838.535400390625,92408881,7654.0,8329.0,7170.0,7206.64990234375,6981.88330078125,23494599,239.0,275.3999938964844,224.5500030517578,226.3000030517578,219.99668884277344,293913813,3115.0,3520.14990234375,3031.0,3256.050048828125,2856.140380859375,28906985,502.80975341796875,599.3963623046875,498.8343811035156,543.397705078125,535.5349731445312,469356094,387.25,413.1000061035156,363.20001220703125,366.8500061035156,348.2029113769531,155179764,99.94999694824219,104.3499984741211,88.1500015258789,88.94999694824219,73.80793762207031,529873561,3446.0,4236.64990234375,3428.25,4005.800048828125,3502.99609375,25932974,5316.89990234375,5831.7998046875,5245.0498046875,5327.25,5216.2060546875,14569530,106.3125228881836,116.71878051757812,102.9375228881836,103.7531509399414,82.9404525756836,391742609,535.5499877929688,561.0,512.0,537.0,523.3873291015625,426883599,920.8385620117188,1110.2354736328125,916.6054077148438,1051.4691162109375,1035.7230224609375,58906646,209.89999389648438,222.0,200.25,203.25,168.96295166015625,771143214,93.75,107.9000015258789,87.75,88.30000305175781,66.97706604003906,608644609,895.0,983.0,789.0,846.0999755859375,817.0822143554688,211374707,485.0,562.5,482.54998779296875,509.70001220703125,494.7746276855469,152501957,1440.0,1511.6500244140625,1342.0,1390.5,1320.3251953125,203209754,184.9499969482422,306.8999938964844,184.5,262.70001220703125,258.8525695800781,3110819324,2759.0,2873.449951171875,2400.0,2407.35009765625,2307.8427734375,53164585,917.461669921875,978.379638671875,844.544677734375,850.0596313476562,838.5333862304688,650164156,942.0,1067.0,909.5,914.0,775.110107421875,171344732,274.8999938964844,310.8999938964844,269.5,282.1000061035156,260.29833984375,777947672,531.02001953125,533.7999877929688,468.6000061035156,473.4549865722656,465.1605529785156,682754090,2880.0,3339.800048828125,2879.0,3111.35009765625,2819.4970703125,84685394,1838.969970703125,1863.0,1696.1300048828125,1706.0,1621.6572265625,18576990,40.33333206176758,47.0,40.20000076293945,43.349998474121094,40.001060485839844,1190138061,192.52499389648438,233.72500610351562,192.52499389648438,208.9499969482422,203.98426818847656,935261662,725.0,843.8499755859375,723.0,749.5999755859375,715.115966796875,122479106,1257.9000244140625,1392.800048828125,1231.0,1239.050048828125,1113.7899169921875,206714641,209.5800018310547,263.79998779296875,209.3000030517578,258.2699890136719,248.165771484375,526080635,64.5,73.1500015258789,59.599998474121094,60.099998474121094,51.73873519897461,4330687030,822.7999877929688,864.5999755859375,796.2000122070312,825.9000244140625,802.4110107421875,89440283,592.5,628.0,550.4000244140625,586.2000122070312,558.5357666015625,162671076,1283.0,1396.4000244140625,1283.0,1334.699951171875,1278.082275390625,80148708,2531.0,3037.0,2515.800048828125,2744.300048828125,2650.34521484375,38765884,690.9000244140625,705.1500244140625,585.0,621.5499877929688,618.2559814453125,11440659,1043.449951171875,1088.699951171875,910.0,920.5399780273438,910.9359130859375,85885210,620.25,695.0,616.0,662.9000244140625,660.1437377929688,378691202,2395.39990234375,2456.949951171875,2251.0,2263.89990234375,2106.678955078125,43938431,1562.0999755859375,1621.3499755859375,1415.25,1420.300048828125,1402.7564697265625,42647675,477.0,552.9500122070312,477.0,506.6499938964844,505.3836975097656,90013005,2405.5,2749.64990234375,2385.800048828125,2561.25,2534.79052734375,21578086,135.39999389648438,148.8000030517578,125.25,125.9000015258789,85.95524597167969,302745256,893.0,938.885009765625,827.3699951171875,872.2750244140625,870.317138671875,143900680,1996.9000244140625,2007.949951171875,1701.0,1712.949951171875,1707.7901611328125,88276215,593.0,634.9000244140625,554.25,559.7999877929688,538.5518798828125,78116981
2021-02-01,961.9000244140625,1019.2000122070312,915.0,918.8499755859375,801.4232177734375,82173295,7265.2001953125,7799.0,6822.2001953125,6866.14990234375,6652.0029296875,24953738,227.35000610351562,354.6000061035156,226.5500030517578,340.25,330.77276611328125,464865247,3300.0,3629.050048828125,3199.800048828125,3224.0,2828.027099609375,26412322,548.6981811523438,611.5187377929688,539.0787963867188,546.0479736328125,538.14697265625,622174122,366.5,426.6000061035156,363.6499938964844,395.45001220703125,375.3491516113281,147923157,89.3499984741211,110.94999694824219,88.4000015258789,107.30000305175781,89.03418731689453,724611494,4064.0,4361.39990234375,3773.050048828125,3798.699951171875,3321.89111328125,13414834,5384.0,6589.0,5260.0,6115.0,5987.53564453125,16053225,103.7531509399414,134.0437774658203,102.6562728881836,120.54377746582031,96.36289978027344,614659737,552.0,679.4000244140625,551.0,597.75,582.5972900390625,595364253,1055.8018798828125,1283.89501953125,1043.2020263671875,1196.0443115234375,1178.133056640625,39808243,204.0,239.1999969482422,201.8000030517578,203.85000610351562,169.46173095703125,998527081,89.0,120.5,88.44999694824219,111.0,84.19539642333984,824458933,859.0,1119.5,856.0,1062.949951171875,1026.4949951171875,278190042,514.2999877929688,711.3499755859375,500.1000061035156,675.9000244140625,656.10791015625,278950983,1410.25,1641.0,1401.0,1534.4000244140625,1456.962890625,199359334,269.75,341.8999938964844,255.35000610351562,322.95001220703125,318.22015380859375,2011804897,2426.60009765625,2555.0,2260.0,2277.199951171875,2183.07177734375,58487786,858.11279296875,993.1476440429688,852.8516845703125,962.5963745117188,949.5442504882812,522484840,919.0,986.5,896.3499755859375,909.4500122070312,774.3512573242188,114727464,285.1000061035156,427.70001220703125,282.75,390.1499938964844,359.99786376953125,1532347646,477.5,582.219970703125,466.6499938964844,526.489990234375,517.2664184570312,565118600,3100.0,3245.800048828125,2880.0,2894.300048828125,2627.79833984375,65464843,1720.0,1764.5999755859375,1600.2099609375,1610.1600341796875,1530.5557861328125,31717330,43.33333206176758,47.96666717529297,41.86666488647461,45.70000076293945,42.16950988769531,797102535,208.0500030517578,225.875,204.0,205.14999389648438,200.72482299804688,450786890,753.0,952.0499877929688,741.5499877929688,806.4000244140625,769.302978515625,150880430,1250.550048828125,1332.0,1241.0,1253.300048828125,1126.599365234375,135880762,256.5199890136719,306.989990234375,253.25,256.5899963378906,246.55145263671875,324920600,60.4900016784668,75.30000305175781,59.744998931884766,71.51499938964844,61.56565475463867,4713148970,815.0,878.9000244140625,776.25,787.0499877929688,764.6658935546875,109767415,596.0,654.4000244140625,579.5999755859375,594.5999755859375,566.5391845703125,186129882,1345.75,1593.0,1337.199951171875,1442.5,1381.3095703125,89923800,2777.0,3018.0,2450.0,2498.60009765625,2413.05712890625,33156740,629.0,844.9000244140625,625.0999755859375,808.6500244140625,804.3643188476562,15145844,912.010009765625,981.989990234375,875.4000244140625,885.3099975585938,876.073486328125,153630360,665.0,799.0,654.3499755859375,724.7999877929688,721.7862548828125,416152748,2276.64990234375,2288.699951171875,2120.0,2132.050048828125,1983.986328125,52286338,1437.800048828125,1588.0,1396.0,1406.9000244140625,1389.52197265625,49746255,510.5,862.4000244140625,496.8999938964844,833.6500244140625,831.5664672851562,197824433,2590.0,3284.0,2528.10009765625,3058.64990234375,3027.0517578125,28955644,126.4000015258789,163.0,125.8499984741211,152.1999969482422,103.91093444824219,498471937,875.0,1057.9000244140625,863.7999877929688,964.8599853515625,962.6941528320312,139116940,1730.0,2049.0,1696.050048828125,1780.3499755859375,1774.987060546875,100300260,563.0,654.0,554.3499755859375,609.1500244140625,586.0287475585938,104817806
2021-03-01,935.4500122070312,1045.0,926.3499755859375,991.4500122070312,864.7450561523438,82055623,6977.0,7387.0,6740.0,6859.2001953125,6645.27099609375,19429934,342.0,361.29998779296875,305.3999938964844,326.8500061035156,317.7460021972656,302521315,3255.0,3510.89990234375,2902.0,2913.60009765625,2603.8916015625,20358974,547.7166137695312,548.7963256835938,490.3437805175781,507.7666931152344,500.4195556640625,392253866,402.6000061035156,473.79998779296875,393.3500061035156,468.45001220703125,444.6385803222656,177276175,109.5,114.69999694824219,102.0,106.55000305175781,91.1504898071289,556348567,3798.699951171875,3985.0,3497.0,3670.60009765625,3209.8701171875,16025837,6218.7998046875,6958.75,6170.60009765625,6737.9501953125,6597.5009765625,13167091,122.34378051757812,131.85003662109375,119.33440399169922,121.30315399169922,96.96996307373047,519907067,607.5499877929688,638.0,557.0999755859375,582.0999755859375,567.343994140625,484732989,1202.169921875,1450.2335205078125,1197.438720703125,1444.80517578125,1423.1685791015625,38592913,205.4499969482422,228.10000610351562,201.60000610351562,218.5,185.9456329345703,841769655,114.30000305175781,122.3499984741211,100.25,102.1500015258789,78.81188201904297,655220562,1075.0,1116.0,928.8499755859375,954.4500122070312,921.7162475585938,150604830,684.5999755859375,767.7999877929688,657.0999755859375,702.4000244140625,681.8319091796875,309948565,1564.0,1600.0,1450.25,1493.6500244140625,1418.2694091796875,180153578,330.0,357.0,282.25,301.79998779296875,297.3798828125,1453844779,2300.0,2583.449951171875,2300.0,2537.39990234375,2432.516845703125,45645679,973.85693359375,1030.021484375,910.8622436523438,924.4302978515625,911.8956909179688,420656889,916.0,1023.9000244140625,915.6500244140625,982.6500244140625,836.6773071289062,125617230,395.1000061035156,408.8999938964844,345.20001220703125,364.29998779296875,336.1456298828125,849338663,531.5,567.0,510.31500244140625,514.9849853515625,505.9629821777344,432847540,2926.0,3205.0,2901.800048828125,3177.85009765625,2885.239501953125,71839377,1623.5999755859375,1729.9000244140625,1607.0,1716.52001953125,1631.6571044921875,22582920,46.233333587646484,51.650001525878906,38.61666488647461,41.70000076293945,38.866641998291016,873436368,205.5,222.14999389648438,198.875,207.0749969482422,202.60830688476562,520987852,821.0,876.2000122070312,783.0,795.25,758.665771484375,98592158,1263.300048828125,1406.0,1259.0,1368.050048828125,1229.748779296875,170796692,261.0,294.29998779296875,247.6300048828125,284.4599914550781,273.33111572265625,259623080,72.4000015258789,82.3499984741211,68.125,81.18499755859375,69.89033508300781,4201846350,795.0,823.9500122070312,738.0999755859375,815.0999755859375,791.9180908203125,74123652,600.0,636.75,562.0999755859375,597.7999877929688,574.5675659179688,120684307,1456.0,1565.0,1360.050048828125,1418.9000244140625,1358.71044921875,75484962,2523.0,2716.0,2497.14990234375,2603.949951171875,2514.800048828125,21972134,820.0,944.7000122070312,745.7999877929688,751.0499877929688,747.0696411132812,21505687,889.0,916.6699829101562,827.0,903.2000122070312,893.7767944335938,95846745,738.0,776.5999755859375,680.0,697.4500122070312,694.550048828125,337424006,2135.199951171875,2438.60009765625,2128.0,2431.5,2262.640380859375,50279833,1421.5,1567.4000244140625,1416.5999755859375,1558.050048828125,1538.8048095703125,37790472,840.75,1093.0,836.4500122070312,1031.1500244140625,1028.572998046875,195970812,3039.050048828125,3152.0,2787.5,2902.64990234375,2872.663818359375,19683602,155.5,157.3000030517578,127.05000305175781,130.35000610351562,88.99337768554688,336618413,979.9000244140625,1044.4949951171875,896.0050048828125,966.8599853515625,964.6896362304688,80254570,1811.0,1999.3499755859375,1742.5999755859375,1753.0,1747.7196044921875,79038554,614.9000244140625,648.0,577.0499877929688,638.9000244140625,614.6494750976562,81975382
2021-04-01,1000.0,1059.050048828125,937.0,960.4000244140625,837.6632690429688,88394944,6950.0,6991.5,6415.0,6455.64990234375,6254.3056640625,16710214,329.75,377.29998779296875,328.45001220703125,364.3999938964844,354.2500915527344,372359454,2949.0,3009.0,2741.10009765625,2819.14990234375,2519.481201171875,16448086,510.3678283691406,539.8640747070312,505.0673522949219,526.8582153320312,519.2348022460938,180509334,470.54998779296875,740.0,470.0,717.8499755859375,681.3614501953125,539200161,107.5,108.75,97.05000305175781,102.44999694824219,87.64305114746094,322068662,3704.0,3966.35009765625,3447.0,3833.75,3352.541748046875,13453110,6766.0,7055.9501953125,5970.2001953125,6278.9501953125,6148.068359375,12478331,121.86565399169922,125.80315399169922,111.65628051757812,123.77815246582031,100.77873992919922,341924958,587.5499877929688,628.4500122070312,531.1500244140625,600.5,585.277587890625,542322720,1454.2177734375,1466.867431640625,1257.001953125,1396.1983642578125,1375.2896728515625,31463192,220.0,220.60000610351562,200.5500030517578,202.60000610351562,172.41461181640625,370956773,103.0,112.69999694824219,97.44999694824219,108.1500015258789,83.44107055664062,413019584,964.0,997.0,811.0,934.9500122070312,902.885009765625,144102053,713.5,885.0,689.5,730.0499877929688,708.6722412109375,554668446,1499.4000244140625,1503.6500244140625,1353.0,1412.300048828125,1341.0250244140625,235770297,306.75,325.0,280.54998779296875,293.8500061035156,289.54632568359375,1147880867,2532.0,2693.5,2484.5,2536.39990234375,2431.557861328125,28543176,931.3067016601562,944.64404296875,866.0967407226562,920.46142578125,907.9806518554688,327179767,992.0,1054.800048828125,895.4000244140625,898.9500122070312,765.410888671875,136310652,367.70001220703125,371.8999938964844,321.29998779296875,353.5,326.1802673339844,929066645,521.0,552.5,436.20001220703125,545.1900024414062,535.6387939453125,650100070,3191.10009765625,3354.35009765625,3020.0,3035.64990234375,2756.13232421875,61328558,1716.52001953125,1786.594970703125,1625.5,1630.925048828125,1550.293701171875,18694390,42.0,45.483333587646484,40.166664123535156,43.916664123535156,41.385520935058594,583244550,209.4250030517578,255.89999389648438,206.3000030517578,246.375,241.06060791015625,855796896,801.5,837.8499755859375,738.5499877929688,752.5499877929688,717.9302978515625,88799436,1380.0,1477.550048828125,1320.0,1354.3499755859375,1217.4339599609375,174375276,289.0,302.0,257.4599914550781,269.010009765625,258.4855651855469,281224260,82.0999984741211,105.26000213623047,81.9000015258789,103.4000015258789,89.01473999023438,5045245140,819.5,966.3499755859375,806.0999755859375,910.3499755859375,884.4591064453125,173322333,600.0,666.5999755859375,592.75,654.4500122070312,629.0159912109375,162984571,1432.0,1447.8499755859375,1306.0,1340.449951171875,1283.5882568359375,48204801,2610.800048828125,2649.0,2303.699951171875,2421.64990234375,2338.7412109375,18645271,760.0,794.5,689.0,776.7000122070312,772.5836791992188,18138328,910.0,1058.0,884.780029296875,1032.6199951171875,1021.8465576171875,152668490,706.2999877929688,729.8499755859375,626.6500244140625,714.9000244140625,711.9274291992188,371545458,2446.800048828125,2505.89990234375,2300.0,2353.75,2190.289794921875,42281914,1560.0,1618.0,1451.5999755859375,1491.6500244140625,1473.2249755859375,34931829,1043.4000244140625,1251.5999755859375,1035.0,1158.699951171875,1155.8040771484375,201670814,2886.35009765625,3334.10009765625,2843.39990234375,3197.5,3164.4677734375,20496989,131.4499969482422,134.60000610351562,123.4000015258789,133.0500030517578,93.9582748413086,168770474,973.0,1130.0,903.5850219726562,1104.1650390625,1101.6864013671875,117486580,1770.0,1845.449951171875,1669.199951171875,1748.800048828125,1743.5321044921875,62427221,641.0,698.0,638.0999755859375,669.5,644.0879516601562,66812308
2021-05-01,960.0,1033.0,941.4000244140625,1021.6500244140625,891.085693359375,52799754,6430.0,7100.0,6400.0,7086.2998046875,6865.287109375,12662479,364.3999938964844,427.5,357.6499938964844,394.25,383.2686462402344,489448369,2779.949951171875,3033.39990234375,2766.64990234375,3007.5,2687.810546875,20655384,520.2326049804688,566.366455078125,509.140869140625,525.0423583984375,517.4452514648438,255127039,714.0,773.0,671.9000244140625,710.9000244140625,674.7648315429688,308869446,101.4000015258789,116.75,101.05000305175781,110.5,94.52960205078125,384108057,3815.0,4274.0,3784.10009765625,4192.7998046875,3666.524169921875,10719090,6252.0,6755.0,6150.0,6708.0,6568.1748046875,9630627,122.34378051757812,134.91566467285156,120.09378051757812,126.92815399169922,103.34343719482422,459697276,592.5499877929688,665.0,584.7000122070312,662.75,645.9495849609375,332116990,1391.06884765625,1488.9794921875,1345.2509765625,1465.3734130859375,1443.4288330078125,38504353,201.1999969482422,217.89999389648438,199.10000610351562,216.60000610351562,184.32875061035156,549122786,108.1500015258789,121.1500015258789,106.0,113.6500015258789,87.68448638916016,559235443,929.0,1025.5,888.0999755859375,1013.0,978.25830078125,129837507,727.6500244140625,791.9000244140625,713.75,769.5499877929688,747.0155029296875,263029100,1393.0,1520.449951171875,1377.300048828125,1515.8499755859375,1439.34912109375,158412762,289.29998779296875,336.6499938964844,285.0,318.75,314.0816650390625,1050745318,2510.0,2989.949951171875,2505.60009765625,2977.5,2854.425048828125,38807980,907.3086547851562,1011.4691772460938,879.6187133789062,996.9780883789062,983.4597778320312,374374485,898.75,956.9000244140625,891.0,945.2000122070312,810.0517578125,101418966,349.6000061035156,433.6499938964844,341.3999938964844,424.3500061035156,391.5548095703125,1295320532,531.6300048828125,579.47998046875,526.7000122070312,562.7949829101562,552.9353637695312,460827530,3024.89990234375,3217.75,3004.0,3159.14990234375,2868.2607421875,43538924,1636.0,1790.0,1627.2650146484375,1769.5550537109375,1691.220947265625,13039310,43.666664123535156,53.33333206176758,42.95000076293945,48.46666717529297,45.673282623291016,1505526495,243.97500610351562,272.5,238.89999389648438,269.5249938964844,263.71124267578125,403015910,744.9000244140625,853.0,731.0999755859375,807.9500122070312,770.7816772460938,112718079,1340.800048828125,1416.25,1311.300048828125,1393.75,1252.850830078125,110635877,266.79998779296875,302.8800048828125,254.4199981689453,285.9599914550781,274.7724609375,193910520,103.19499969482422,124.68499755859375,101.8499984741211,112.56500244140625,96.90467834472656,5321440980,919.0999755859375,951.9500122070312,869.0,949.3499755859375,922.3499755859375,155902255,653.9500122070312,721.8499755859375,642.0,668.2999877929688,642.3276977539062,187577952,1325.5,1499.6500244140625,1319.1500244140625,1467.699951171875,1405.4403076171875,64894556,2382.5,2710.0,2356.10009765625,2676.14990234375,2584.528076171875,15637873,758.0,856.7999877929688,736.0999755859375,851.6500244140625,847.136474609375,18610844,1038.7900390625,1079.6800537109375,1010.8699951171875,1061.8299560546875,1050.7518310546875,103353940,706.0,759.7000122070312,681.4000244140625,750.7000122070312,747.57861328125,266650928,2343.0,2446.949951171875,2319.35009765625,2340.050048828125,2177.541259765625,26569848,1477.0,1614.0,1400.050048828125,1596.25,1576.5330810546875,41605220,1145.0999755859375,1351.550048828125,1122.6500244140625,1316.300048828125,1313.01025390625,157350068,3208.800048828125,3397.0,3095.35009765625,3168.75,3136.0146484375,14925819,133.0,159.6999969482422,131.1999969482422,147.6999969482422,104.3039321899414,397362394,1090.0999755859375,1202.4949951171875,1081.4150390625,1180.6300048828125,1177.979736328125,69113720,1735.0,1813.25,1685.0,1807.699951171875,1802.2547607421875,64351321,661.8499755859375,686.2999877929688,614.0,663.8499755859375,638.6524047851562,76005743
2021-06-01,1024.699951171875,1109.4000244140625,994.0,1095.449951171875,955.4540405273438,65364558,7107.5498046875,7698.0,6821.0,7515.89990234375,7281.48828125,14788544,396.0,405.5,359.79998779296875,372.04998779296875,361.6869812011719,261640840,3016.5,3090.0,2852.0,2902.60009765625,2594.060791015625,15887268,527.5453491210938,541.33642578125,509.43536376953125,515.9627685546875,508.4970703125,179668817,716.5,737.2000122070312,646.1500244140625,683.9000244140625,649.1371459960938,179347808,110.94999694824219,121.0,109.5,116.4000015258789,99.57688903808594,449217999,4204.89990234375,4347.0,4030.0,4133.85009765625,3614.9736328125,7703042,6723.0,7000.0,6522.2001953125,6776.0,6634.75732421875,7124629,127.29377746582031,141.46878051757812,125.94377899169922,130.72503662109375,106.4347915649414,461057736,664.5499877929688,664.9000244140625,616.25,630.9000244140625,614.9069213867188,271263271,1469.7559814453125,1540.8731689453125,1414.4259033203125,1492.814208984375,1470.458740234375,28248650,218.0,219.39999389648438,202.39999389648438,202.6999969482422,172.4996795654297,569501634,114.3499984741211,128.5,114.19999694824219,117.69999694824219,90.80919647216797,693566720,1016.0,1050.0,960.0,1016.3499755859375,981.4932861328125,95828267,773.0999755859375,901.0,638.0999755859375,703.7000122070312,683.0938720703125,691052260,1520.300048828125,1527.0,1455.0,1497.9000244140625,1422.3050537109375,109133234,319.20001220703125,360.75,315.6000061035156,339.6000061035156,334.62628173828125,709228073,2965.0,3092.85009765625,2877.14990234375,2992.699951171875,2868.996826171875,26760465,999.608642578125,1049.865966796875,960.3811645507812,974.0646362304688,960.85693359375,503558070,948.0,1010.0,934.75,983.5,842.8754272460938,78197185,426.04998779296875,441.95001220703125,400.5,419.20001220703125,386.8028259277344,650335327,564.4000244140625,624.9000244140625,562.5399780273438,601.5850219726562,591.0458984375,443841050,3168.60009765625,3399.64990234375,3115.0,3345.75,3052.53857421875,45079239,1759.9000244140625,1818.9300537109375,1732.239990234375,1763.300048828125,1685.242919921875,14531370,51.0,59.633331298828125,46.83333206176758,59.33333206176758,55.91365051269531,1186761072,270.95001220703125,282.0,266.5,272.82501220703125,266.9400634765625,259351206,813.0,821.8499755859375,762.3499755859375,777.7000122070312,741.9232788085938,71260286,1400.0,1591.0,1365.0,1580.800048828125,1436.3251953125,147298100,287.0,305.9200134277344,267.3900146484375,268.5299987792969,258.02435302734375,212141885,112.0,119.19999694824219,105.0250015258789,116.66000366210938,100.42996978759766,2942435030,952.0,997.0,931.8499755859375,971.9000244140625,944.2586669921875,64407893,670.0999755859375,686.3499755859375,652.7000122070312,675.4500122070312,649.1998901367188,84619114,1465.949951171875,1583.0,1447.25,1500.550048828125,1436.8968505859375,56513132,2610.0,2797.89990234375,2610.0,2671.14990234375,2579.699462890625,12416545,857.0,895.0,828.9500122070312,849.8499755859375,845.3458862304688,12485490,1061.0,1103.0,1030.02001953125,1084.6099853515625,1073.294189453125,64725925,753.5499877929688,769.5999755859375,720.5,748.2999877929688,745.1885375976562,163966439,2347.0,2533.949951171875,2330.60009765625,2471.300048828125,2299.67626953125,32268417,1608.0,1792.949951171875,1564.199951171875,1732.5,1711.0999755859375,37608379,1319.9000244140625,1717.199951171875,1201.199951171875,1507.550048828125,1503.7822265625,334853920,3190.0,3659.85009765625,3141.75,3619.85009765625,3582.45458984375,19531857,148.5500030517578,165.0,143.5,146.64999389648438,103.56243133544922,420559096,1183.0,1252.0,1143.050048828125,1210.905029296875,1208.186767578125,67368050,1815.0,1827.949951171875,1698.449951171875,1705.8499755859375,1700.711669921875,77007922,665.7999877929688,771.9000244140625,656.7999877929688,754.4000244140625,725.7655029296875,57666529
2021-07-01,1096.0,1237.300048828125,1030.0999755859375,1209.550048828125,1054.9725341796875,75871459,7500.0,7690.0,6936.0,6977.7001953125,6760.07470703125,10634585,372.29998779296875,474.0,372.0,444.79998779296875,432.4106140136719,246725196,2905.0,2968.949951171875,2740.0,2763.300048828125,2469.568115234375,10344914,519.2510375976562,566.072021484375,510.41693115234375,551.2993774414062,543.3223266601562,237751448,687.7999877929688,758.0999755859375,664.4500122070312,736.9500122070312,699.4906005859375,163801625,116.80000305175781,122.0,115.25,118.19999694824219,101.1167221069336,267374589,4141.0,4250.0,3750.0,3829.60009765625,3348.912353515625,11181750,6777.2998046875,7730.0,6685.0,7619.2001953125,7460.38134765625,9082014,130.8094024658203,133.03128051757812,125.36250305175781,128.3625030517578,104.51126861572266,246298864,633.9500122070312,692.5,630.0499877929688,682.5,665.1989135742188,261916202,1497.29638671875,1593.165283203125,1455.2137451171875,1545.2059326171875,1522.0657958984375,23664539,202.89999389648438,215.35000610351562,200.89999389648438,204.9499969482422,179.26516723632812,417075433,117.75,125.0,111.5999984741211,115.30000305175781,88.95752716064453,310970049,1011.0,1067.4000244140625,963.0499877929688,981.0,947.3556518554688,63843280,706.0,737.0,654.2000122070312,674.5,659.3358764648438,217234081,1502.0,1545.3499755859375,1404.0,1426.449951171875,1360.322998046875,150389347,341.5,358.20001220703125,283.6000061035156,293.95001220703125,289.6448669433594,916621826,3008.0,3179.5,2951.89990234375,2958.449951171875,2850.202880859375,24866497,977.4566650390625,993.8629760742188,930.4990234375,939.2906494140625,929.7847290039062,215416700,987.0,1052.5,960.2999877929688,1024.949951171875,878.3987426757812,97813475,420.29998779296875,444.3999938964844,417.1499938964844,431.79998779296875,402.1075744628906,365053983,604.0,643.0,586.7999877929688,622.8099975585938,611.8990478515625,293814830,3358.0,3374.0,3132.39990234375,3167.449951171875,2889.863525390625,44349890,1763.0,1844.9000244140625,1736.0250244140625,1770.2650146484375,1691.8995361328125,12230530,59.266666412353516,63.900001525878906,59.03333282470703,61.54999923706055,58.0025634765625,588864033,272.5,300.8999938964844,261.29998779296875,293.57501220703125,287.2425231933594,416597970,778.0,798.75,724.6500244140625,743.0999755859375,708.9149169921875,47843894,1576.8499755859375,1623.4000244140625,1533.75,1610.5,1463.310546875,109513508,269.94000244140625,294.1000061035156,265.1499938964844,278.0199890136719,267.1430969238281,130877000,117.19000244140625,148.17999267578125,113.0199966430664,143.42999267578125,126.23885345458984,2380735080,977.2000122070312,989.9000244140625,872.0,920.0499877929688,893.88330078125,44288494,675.0,783.75,664.2000122070312,773.9500122070312,743.8717651367188,102259957,1497.0999755859375,1647.1500244140625,1475.5,1601.449951171875,1533.5167236328125,54346879,2680.0,2765.0,2509.0,2530.25,2443.623291015625,12551691,851.4000244140625,947.9500122070312,838.0,922.9000244140625,918.0089111328125,17535307,1085.199951171875,1122.9200439453125,932.0,942.239990234375,932.4095458984375,89412055,750.0,778.25,707.1500244140625,708.9000244140625,705.952392578125,137568450,2484.0,2513.39990234375,2318.0,2333.300048828125,2186.97021484375,22440490,1729.0,1783.4000244140625,1662.5,1714.550048828125,1693.3719482421875,22564822,1509.550048828125,1522.550048828125,1332.75,1420.25,1416.7003173828125,97114255,3619.85009765625,4189.64990234375,3595.0,4035.0,3993.31591796875,12239714,146.60000610351562,150.6999969482422,141.0500030517578,143.3000030517578,101.19670867919922,159747548,1219.800048828125,1492.5,1165.0999755859375,1422.219970703125,1419.027587890625,72781800,1709.9000244140625,1768.5,1626.0,1654.800048828125,1649.8155517578125,54847983,755.7999877929688,788.1500244140625,739.2000122070312,756.25,731.7097778320312,36593177
2021-08-01,1210.0,1478.0,1195.550048828125,1447.6500244140625,1279.3514404296875,90950328,7100.0,7248.60009765625,6591.0,6846.10009765625,6632.5791015625,13086935,448.0,471.1499938964844,399.5,468.29998779296875,455.25604248046875,277150969,2770.10009765625,2865.89990234375,2636.0,2741.85009765625,2459.060302734375,11729264,555.5692138671875,655.78759765625,549.6797485351562,651.8121948242188,642.3807983398438,456759310,741.4000244140625,776.5,664.0,687.5999755859375,659.0302734375,152850779,118.5999984741211,119.5,111.94999694824219,115.94999694824219,99.1919174194336,213000640,3874.0,3898.89990234375,3647.14990234375,3727.85009765625,3372.671875,8362441,7622.0498046875,7911.0,7288.0,7832.4501953125,7669.1865234375,5800885,128.625,140.77499389648438,126.9749984741211,131.5124969482422,107.07594299316406,405615337,684.0499877929688,719.9000244140625,673.8499755859375,719.0499877929688,702.8743896484375,253046942,1558.8018798828125,1607.8070068359375,1424.3863525390625,1494.457763671875,1472.0775146484375,23014614,206.4499969482422,217.14999389648438,204.35000610351562,211.3000030517578,184.8193817138672,355801278,114.94999694824219,121.0,108.5,120.55000305175781,93.00806427001953,281206090,991.7999877929688,1055.0,964.0999755859375,992.4000244140625,958.36474609375,65826032,682.0,754.0,665.0,748.2999877929688,731.4766845703125,197702290,1435.0,1583.3499755859375,1410.0,1581.4000244140625,1508.0899658203125,134711410,299.1499938964844,311.5,268.45001220703125,287.29998779296875,283.0922546386719,504374201,2985.60009765625,3210.0,2952.550048828125,3201.35009765625,3084.215087890625,25145608,948.0591430664062,1053.9501953125,941.9904174804688,1042.1358642578125,1031.589111328125,282080043,1034.0,1193.4000244140625,1023.0499877929688,1182.300048828125,1019.3648071289062,110947561,434.75,467.45001220703125,401.25,426.04998779296875,396.7529296875,619336083,627.0,759.8800048828125,605.7000122070312,752.4500122070312,739.267822265625,290361270,3180.0,3804.10009765625,3167.0,3786.449951171875,3462.1552734375,56678047,1779.5799560546875,2032.5,1765.4000244140625,1946.7750244140625,1860.5955810546875,14998550,61.666664123535156,62.46666717529297,54.11666488647461,62.21666717529297,58.63080596923828,573740100,294.1000061035156,321.3999938964844,291.125,320.4750061035156,313.5622253417969,252605220,750.0,803.9500122070312,744.5999755859375,793.2999877929688,765.3237915039062,69770316,1627.449951171875,1757.0,1619.199951171875,1706.449951171875,1550.491455078125,132748512,279.20001220703125,286.0,243.1999969482422,270.5400085449219,259.9557189941406,141310690,144.60000610351562,153.4499969482422,131.0749969482422,145.02499389648438,127.64266967773438,3199582090,928.2999877929688,953.0,886.0499877929688,947.7999877929688,920.8440551757812,58996504,785.0,804.3499755859375,743.3499755859375,794.0499877929688,763.190673828125,109028522,1606.300048828125,1684.949951171875,1562.75,1672.199951171875,1619.39013671875,45594762,2558.800048828125,2768.75,2471.199951171875,2679.25,2587.522216796875,26856512,923.2999877929688,1014.9500122070312,852.0,1006.9000244140625,1002.2164306640625,22549437,947.7999877929688,971.77001953125,889.1400146484375,940.8099975585938,935.2715454101562,63641065,715.0,789.5,712.0,786.5,783.229736328125,141069423,2342.0,2737.449951171875,2324.60009765625,2724.10009765625,2553.26171875,35233493,1728.0,1925.0,1725.0,1921.5999755859375,1902.4171142578125,31781231,1435.0,1596.8499755859375,1361.550048828125,1587.5999755859375,1584.6832275390625,92445588,4059.64990234375,5046.0,3915.0,4969.5498046875,4918.21044921875,30408609,144.3000030517578,148.4499969482422,132.75,145.85000610351562,102.99748992919922,185651759,1437.5,1720.0,1385.2750244140625,1714.875,1711.4405517578125,79955060,1665.0,1824.9000244140625,1657.5,1753.699951171875,1748.4173583984375,72485678,763.0,867.7000122070312,752.0,864.9500122070312,836.8825073242188,65030728
2021-09-01,1450.0,1547.8499755859375,1372.75,1380.5999755859375,1220.0963134765625,59997896,6799.9501953125,7521.5498046875,6702.35009765625,7338.0498046875,7154.51171875,18752908,474.0,504.0,438.79998779296875,487.95001220703125,477.640380859375,229022037,2759.0,2954.449951171875,2702.60009765625,2832.5,2540.360595703125,13614264,655.689453125,739.1229858398438,636.0579833984375,688.2999877929688,678.3406372070312,504021888,688.0,702.0,628.0999755859375,668.2999877929688,640.5321655273438,114601636,116.0,144.25,112.4000015258789,141.85000610351562,121.34864807128906,351704842,3754.0,3944.800048828125,3680.0,3832.64990234375,3467.486572265625,11354363,7832.0,8073.2998046875,7371.0,7396.10009765625,7277.271484375,5898559,133.35000610351562,148.5,127.6500015258789,142.4250030517578,115.96076965332031,333241677,727.5999755859375,735.4000244140625,694.4000244140625,700.8499755859375,685.0838623046875,206095807,1504.0196533203125,1687.58984375,1474.3377685546875,1662.8382568359375,1642.3089599609375,27417736,211.0,245.8000030517578,209.0,236.14999389648438,206.5551300048828,706564938,121.80000305175781,148.8000030517578,117.5,144.5,111.48622131347656,543955279,994.0,1189.3499755859375,984.1500244140625,1111.9000244140625,1079.0611572265625,118969940,750.0499877929688,786.0,733.0,737.9000244140625,721.310546875,101033201,1575.0,1635.5,1528.949951171875,1594.949951171875,1521.01171875,128605303,289.0,337.8999938964844,287.29998779296875,333.3500061035156,328.4678039550781,547130332,3230.050048828125,3505.0,3215.0,3244.64990234375,3125.93115234375,22000891,1048.9891357421875,1186.0545654296875,1040.68212890625,1162.6334228515625,1150.8671875,328996430,1190.0,1377.75,1154.0,1279.550048828125,1103.2122802734375,102243331,427.5,471.8999938964844,425.1000061035156,453.0,421.8497314453125,408763525,752.5,799.9000244140625,732.0750122070312,766.8099975585938,753.3762817382812,262910280,3796.0,3981.75,3707.0,3775.550048828125,3452.189453125,50565601,1974.6800537109375,2060.9150390625,1931.614990234375,1944.5550537109375,1858.47412109375,14594350,62.400001525878906,70.81666564941406,62.18333435058594,67.6500015258789,63.75098419189453,472297200,321.8999938964844,349.57501220703125,313.67498779296875,317.04998779296875,310.2110900878906,255022418,793.2999877929688,822.0,729.5499877929688,803.0499877929688,774.72998046875,77656007,1709.5,1788.0,1655.0,1675.199951171875,1522.09765625,113957923,270.4800109863281,285.17999267578125,257.1499938964844,259.7699890136719,249.60704040527344,118621325,145.125,147.60000610351562,123.29000091552734,128.88999938964844,113.44157409667969,2094520620,949.0,1005.0,920.0,983.5499877929688,960.8491821289062,48987228,795.0499877929688,832.9500122070312,751.0499877929688,818.25,788.5220947265625,78988034,1672.25,1810.0,1655.199951171875,1702.949951171875,1649.1690673828125,45305971,2680.0,2994.0,2662.050048828125,2790.199951171875,2711.451171875,18224000,1004.4500122070312,1050.0,953.0,1025.8499755859375,1021.0781860351562,14659538,947.7999877929688,999.2999877929688,937.4000244140625,976.1400146484375,970.3935546875,47653715,798.0999755859375,820.7000122070312,764.8499755859375,766.5499877929688,763.3626098632812,173070518,2745.0,2859.300048828125,2677.0,2701.800048828125,2532.35986328125,33475102,1925.199951171875,2185.0,1915.0,2161.85009765625,2140.268798828125,20769186,1594.9000244140625,1628.449951171875,1381.3499755859375,1468.0999755859375,1465.40283203125,73266296,4985.0,5198.0,4376.0,4481.60009765625,4438.0078125,17066907,146.60000610351562,197.0,141.1999969482422,185.10000610351562,130.71534729003906,464649828,1716.64501953125,1881.300048828125,1648.405029296875,1778.675048828125,1775.11279296875,64669200,1753.75,2077.800048828125,1738.0,2005.5,2000.4517822265625,103099746,871.0999755859375,889.0,810.8499755859375,813.5999755859375,787.1987915039062,33307121
2021-10-01,1375.0,1630.0,1361.0,1477.8499755859375,1306.040283203125,85392127,7220.0,7814.7998046875,7090.0,7482.39990234375,7295.25146484375,14699235,483.1000061035156,551.8499755859375,453.45001220703125,459.79998779296875,450.0851135253906,211421877,2827.199951171875,2950.0,2639.0,2657.10009765625,2383.051025390625,9770053,687.3499755859375,714.6500244140625,667.6500244140625,685.3499755859375,675.433349609375,211025300,660.0,727.2999877929688,653.0499877929688,669.1500244140625,641.346923828125,94539882,140.9499969482422,152.10000610351562,128.5500030517578,132.64999389648438,116.6500473022461,410945318,3820.0,4050.0,3665.0,3707.25,3354.034423828125,7981343,7396.10009765625,7690.0,7007.0,7636.0498046875,7513.3662109375,9568335,143.10000610351562,157.46249389648438,135.97500610351562,138.78750610351562,114.9932632446289,294181619,693.0,867.0,687.9000244140625,802.0499877929688,784.0072631835938,327331220,1653.3758544921875,1791.2774658203125,1583.702880859375,1714.28369140625,1693.119384765625,22579195,235.1999969482422,265.29998779296875,222.3000030517578,223.1999969482422,195.22802734375,624792081,145.1999969482422,172.75,144.10000610351562,149.0500030517578,116.79808807373047,685077443,1104.0,1242.0,1091.300048828125,1140.199951171875,1106.525146484375,78107827,735.8499755859375,829.9000244140625,681.1500244140625,693.0,677.4199829101562,116983309,1583.0,1725.0,1560.0,1582.8499755859375,1509.4727783203125,125213820,332.6499938964844,530.0,325.70001220703125,483.70001220703125,476.6158447265625,1344147576,3248.0,3358.89990234375,2857.25,3100.10009765625,2986.670166015625,32085053,1154.6495361328125,1269.74755859375,1151.442138671875,1170.47900390625,1158.63330078125,233774762,1274.0,1338.0,1138.0,1143.75,986.1273803710938,129507986,448.5,526.8499755859375,443.79998779296875,502.1499938964844,467.6199645996094,453980329,762.0,805.0,731.3049926757812,740.02001953125,727.0556640625,242813130,3781.75,3989.89990234375,3385.949951171875,3397.75,3106.74609375,71251894,1944.5,2020.0,1860.43505859375,1900.0150146484375,1815.90576171875,12639700,66.66666412353516,73.83333587646484,61.150001525878906,68.94999694824219,65.37529754638672,399386091,317.3999938964844,369.92498779296875,315.1000061035156,323.375,316.3996887207031,397620074,800.0,971.1500244140625,787.0,884.25,853.0663452148438,92227383,1665.0999755859375,1848.0,1661.050048828125,1667.75,1515.3284912109375,144440594,258.7699890136719,317.6000061035156,254.66000366210938,287.239990234375,276.0023498535156,144996245,127.5,142.65499877929688,126.5,131.59500122070312,115.8223648071289,1641301760,980.0,996.9500122070312,885.25,905.0499877929688,884.1609497070312,50807218,812.0,851.0,779.3499755859375,795.0,766.1168212890625,59201656,1697.5,1885.0,1684.050048828125,1766.6500244140625,1710.857421875,51924175,2787.0,2959.75,2471.550048828125,2484.800048828125,2414.671142578125,14771948,1025.8499755859375,1209.949951171875,989.5,1003.1500244140625,998.48388671875,18961305,970.5999755859375,1015.4000244140625,905.2100219726562,931.8400268554688,926.3543701171875,47017995,763.4000244140625,866.9000244140625,714.0,742.0,738.914794921875,227906435,2706.0,2734.0,2368.0,2393.14990234375,2243.067138671875,40011262,2157.0,2677.89990234375,2122.64990234375,2383.550048828125,2359.755615234375,49304706,1465.0,1672.949951171875,1367.699951171875,1423.5999755859375,1420.984619140625,57811330,4481.60009765625,4576.85009765625,3955.0,4262.0498046875,4220.5927734375,10199906,185.39999389648438,203.8000030517578,163.3000030517578,164.4499969482422,119.02141571044922,435908974,1773.60498046875,1932.5,1705.0,1782.114990234375,1778.5457763671875,61741940,1997.0,2253.0,1931.0,2031.1500244140625,2026.037353515625,73787664,812.9000244140625,863.0,773.5999755859375,809.5,783.2318725585938,49545180
2021-11-01,1490.0,1625.0,1479.4000244140625,1541.449951171875,1362.24658203125,47043983,7401.0,8368.0,6990.7001953125,7067.7998046875,6891.021484375,18121227,463.79998779296875,482.0,407.1000061035156,412.75,404.02923583984375,202235880,2675.0,2784.800048828125,2424.050048828125,2449.300048828125,2196.683349609375,13948058,689.9500122070312,781.7999877929688,689.5999755859375,728.25,717.7125854492188,242955974,680.0,696.0,604.2999877929688,608.4000244140625,583.12109375,80196152,133.1999969482422,141.39999389648438,124.69999694824219,127.25,111.9013900756836,227168422,3721.800048828125,3845.0,3223.050048828125,3240.300048828125,2931.57421875,8026970,7670.0,8269.0,7201.39990234375,7433.75,7314.31640625,5961229,138.4499969482422,157.125,135.22500610351562,155.0625,128.47801208496094,311013959,807.7000122070312,810.0,710.5,714.3499755859375,698.2801513671875,295114733,1715.1800537109375,1885.5028076171875,1636.194091796875,1655.865966796875,1635.4228515625,18604580,224.14999389648438,245.25,220.0,221.14999389648438,193.4349365234375,394693365,150.0,162.25,141.10000610351562,142.10000610351562,111.35194396972656,357497393,1158.0,1240.0999755859375,875.7000122070312,883.0,856.92138671875,133538464,705.0,774.2999877929688,679.7000122070312,683.8499755859375,668.4755859375,80732848,1585.0,1622.0,1462.0,1493.550048828125,1424.3126220703125,129924758,486.45001220703125,536.7000122070312,443.1000061035156,458.6000061035156,451.8834228515625,676681297,3128.0,3308.35009765625,3052.0,3143.64990234375,3032.20263671875,21728890,1170.47900390625,1200.9149169921875,1065.6031494140625,1110.0916748046875,1098.857177734375,321236132,1143.5,1195.0999755859375,1090.0,1138.6500244140625,989.7581787109375,69192855,508.5,542.2999877929688,454.29998779296875,460.54998779296875,428.88055419921875,482271634,743.0,775.4400024414062,667.8300170898438,699.7249755859375,687.466552734375,184170460,3437.949951171875,3575.550048828125,3406.449951171875,3529.14990234375,3233.083984375,43267875,1909.8900146484375,1959.9000244140625,1856.0999755859375,1915.2550048828125,1841.3043212890625,9747530,69.23332977294922,76.0,62.93333435058594,67.91666412353516,64.3955307006836,409649820,325.54998779296875,334.375,301.9750061035156,318.625,311.7521667480469,193721306,884.25,979.0,828.3499755859375,835.5,806.0355834960938,106098285,1677.5,1808.949951171875,1669.1500244140625,1712.6500244140625,1569.9158935546875,104526424,291.0,339.2799987792969,277.7099914550781,281.3399963378906,270.33319091796875,133333915,134.0,137.2899932861328,106.30000305175781,107.12000274658203,94.28086853027344,1895698680,917.0,998.0,883.0,971.2999877929688,948.8818969726562,49877621,798.9500122070312,836.0,746.0499877929688,753.5999755859375,726.2208251953125,78044019,1776.0,1981.75,1735.1500244140625,1764.75,1709.017333984375,59348794,2490.0,2777.0,2360.0,2370.449951171875,2303.5478515625,18328374,1014.0,1202.699951171875,992.4000244140625,1014.4000244140625,1009.6815795898438,22497340,937.0,980.2000122070312,910.2999877929688,935.1699829101562,929.6647338867188,38618395,755.0,762.6500244140625,648.0,655.6500244140625,652.923828125,242182772,2393.0,2449.0,2284.699951171875,2317.550048828125,2185.556640625,32587886,2441.449951171875,2572.699951171875,2231.39990234375,2375.5,2351.785888671875,25973694,1436.0,1788.9000244140625,1411.199951171875,1662.8499755859375,1659.7950439453125,56435685,4281.2001953125,5935.39990234375,4258.0,5687.75,5632.42626953125,26300255,165.0,174.1999969482422,149.10000610351562,152.0,110.01068878173828,276042759,1790.0,1851.0999755859375,1627.364990234375,1723.7349853515625,1720.2828369140625,49613220,2055.0,2127.60009765625,1932.699951171875,1961.9000244140625,1956.961669921875,43881731,821.5,858.0,749.25,778.5999755859375,753.33447265625,29900211
2021-12-01,1550.0,1838.0,1536.0,1790.550048828125,1598.135986328125,59200882,7191.0,7640.0,7021.0,7426.4501953125,7240.701171875,13516331,419.5,477.3500061035156,416.1000061035156,475.54998779296875,465.5023498535156,180298872,2480.0,2552.0,2310.0,2462.10009765625,2208.1630859375,9733164,733.0,737.4000244140625,645.0999755859375,683.7999877929688,673.90576171875,183487949,614.9500122070312,692.9500122070312,614.0,655.9500122070312,628.6953735351562,109890657,130.0,132.9499969482422,119.0999984741211,124.4000015258789,109.39513397216797,264909689,3280.0,3372.449951171875,3027.050048828125,3249.25,2939.67138671875,10167029,7612.0,7678.75,7035.2001953125,7591.0498046875,7469.08935546875,5221290,155.25,162.33749389648438,148.5,153.3000030517578,127.01766204833984,473948492,716.4000244140625,769.7000122070312,698.2000122070312,740.1500244140625,723.4998168945312,348365793,1660.39794921875,1762.691162109375,1581.2625732421875,1615.8251953125,1595.87646484375,21745583,222.0,238.9499969482422,209.8000030517578,218.0500030517578,190.72344970703125,457398165,142.39999389648438,150.5,131.64999389648438,142.39999389648438,115.71154022216797,228695102,891.0,968.0,811.5,888.1500244140625,861.9193725585938,118726943,695.0,794.9500122070312,682.75,730.2999877929688,713.88134765625,107958087,1495.0,1555.050048828125,1414.0999755859375,1479.4000244140625,1410.8184814453125,112838990,467.8500061035156,506.3999938964844,440.0,482.3999938964844,475.3348693847656,433230539,3155.89990234375,3405.0,3016.449951171875,3382.949951171875,3263.01953125,24234063,1122.8291015625,1153.057373046875,1037.0362548828125,1092.90087890625,1081.84033203125,286415796,1146.0,1329.449951171875,1131.4000244140625,1319.0999755859375,1146.6121826171875,81520396,464.45001220703125,500.45001220703125,443.0,460.45001220703125,428.7874755859375,327157896,703.219970703125,747.7000122070312,649.260009765625,697.72998046875,685.5064697265625,266650500,3535.0,3760.0,3510.14990234375,3738.35009765625,3424.734130859375,44724473,1921.0,1981.4949951171875,1860.0,1970.5699462890625,1894.4835205078125,10619760,68.0,71.56666564941406,63.883331298828125,69.98332977294922,66.35504150390625,367604007,321.29998779296875,359.95001220703125,311.5,357.67498779296875,349.9598083496094,374678884,836.0,868.9500122070312,797.0,837.1500244140625,807.62744140625,58208957,1715.0,1909.800048828125,1691.5,1887.75,1730.4228515625,109472023,286.0,306.3500061035156,231.44000244140625,243.39999389648438,235.0068817138672,121705450,109.19999694824219,119.9000015258789,106.6050033569336,111.1449966430664,97.82344055175781,1319981090,980.75,986.7000122070312,850.0,944.0999755859375,922.3097534179688,56171225,756.75,850.9500122070312,733.7000122070312,845.7000122070312,814.9747924804688,102921203,1764.0,1909.0,1762.050048828125,1895.9000244140625,1836.025634765625,47423210,2410.0,2604.199951171875,2360.39990234375,2591.89990234375,2518.747802734375,12443022,1032.1500244140625,1086.949951171875,970.5999755859375,1065.0,1060.046142578125,14395508,939.2000122070312,986.2100219726562,888.260009765625,981.4000244140625,975.6226196289062,38391425,664.9000244140625,721.9500122070312,655.9500122070312,678.5499877929688,675.728515625,193558092,2340.0,2389.89990234375,2201.14990234375,2360.14990234375,2225.73046875,28839519,2409.800048828125,2535.0,2205.0,2522.39990234375,2497.219482421875,25044854,1694.0,1788.0,1555.199951171875,1709.449951171875,1706.309326171875,33501701,5718.7001953125,5809.0,4643.14990234375,5013.39990234375,4964.634765625,15285082,153.60000610351562,160.6999969482422,139.14999389648438,146.0500030517578,105.70435333251953,224566231,1744.4000244140625,1789.0,1545.0,1640.6199951171875,1637.334228515625,55550040,1979.0,1989.9000244140625,1721.0,1796.0999755859375,1791.578857421875,79003991,789.9000244140625,790.8499755859375,696.5999755859375,743.4500122070312,719.3251342773438,33957454
2022-01-01,1795.050048828125,1818.0,1406.25,1479.0,1320.0653076171875,66332558,7420.0,8971.650390625,7420.0,8597.2998046875,8382.2666015625,17430257,475.54998779296875,515.7999877929688,472.0,489.04998779296875,478.7171325683594,142612734,2463.0,2789.0,2463.0,2724.300048828125,2443.320068359375,12932662,687.7999877929688,754.0,677.3499755859375,729.2999877929688,718.7473754882812,170109319,655.9500122070312,704.8499755859375,612.0499877929688,628.9500122070312,602.8171997070312,86294190,125.4000015258789,144.0,124.69999694824219,142.0500030517578,124.91624450683594,293504871,3258.699951171875,3585.64990234375,3251.5,3564.64990234375,3225.02099609375,10209965,7600.0,7946.0,6950.0,7216.39990234375,7100.4580078125,7828692,154.0500030517578,165.14999389648438,150.78750610351562,161.5500030517578,135.82557678222656,310348299,743.0499877929688,836.0,743.0,788.7999877929688,771.055419921875,279251169,1623.29541015625,1922.1571044921875,1610.595947265625,1720.6583251953125,1699.415283203125,21617945,218.0500030517578,227.3000030517578,209.5500030517578,220.1999969482422,192.60400390625,266189591,142.35000610351562,174.85000610351562,141.1999969482422,172.60000610351562,140.2515106201172,373479705,888.2000122070312,950.0,831.5499877929688,872.0999755859375,846.34326171875,87876828,732.0,795.0,689.0,716.2999877929688,700.196044921875,98067038,1485.0,1576.6500244140625,1435.0,1485.699951171875,1416.826416015625,156401807,493.5,528.5,467.6499938964844,517.75,510.1671447753906,431279282,3383.0,3590.0,3010.75,3152.25,3040.498046875,25109145,1091.4471435546875,1184.8084716796875,1063.757080078125,1101.41552734375,1090.268798828125,274562944,1316.3499755859375,1359.4000244140625,1070.199951171875,1099.4000244140625,955.6405029296875,114605654,462.0,540.9000244140625,460.1000061035156,538.2999877929688,501.28411865234375,379249051,697.5,804.5,670.8099975585938,700.0250244140625,687.7612915039062,324347450,3750.0,4043.0,3625.10009765625,3736.25,3422.809814453125,66332036,1969.5,2002.5,1821.7750244140625,1852.155029296875,1780.6407470703125,8437670,69.91666412353516,74.26666259765625,64.73332977294922,69.9000015258789,66.27604675292969,408048816,359.0,363.3999938964844,268.6000061035156,286.29998779296875,280.1243896484375,451742086,835.0,910.0999755859375,822.5,885.7999877929688,854.5617065429688,67041611,1887.75,1953.9000244140625,1665.0,1736.199951171875,1591.5030517578125,141619689,244.36000061035156,259.9700012207031,220.63999938964844,245.67999267578125,237.208251953125,120149600,111.5,124.5,106.12999725341797,108.55500030517578,95.54386901855469,1367035340,947.0499877929688,950.0,860.0,945.0,923.18896484375,45154550,845.0,871.0,784.7999877929688,834.5,804.1817626953125,75255545,1895.0,2078.550048828125,1850.0999755859375,1909.199951171875,1848.9053955078125,43324725,2620.10009765625,2880.0,2570.25,2645.5,2570.83544921875,14801210,1065.0,1212.0,1001.3499755859375,1031.550048828125,1026.751708984375,15632876,981.4000244140625,986.0599975585938,835.0900268554688,860.5599975585938,855.4939575195312,45187670,680.25,784.7000122070312,679.0,773.0499877929688,769.8356323242188,274211281,2378.0,2425.0,2240.89990234375,2273.75,2144.251708984375,35155340,2510.0,2687.25,2260.0,2360.300048828125,2336.737548828125,30097266,1713.0,1908.5,1654.5,1714.949951171875,1711.7991943359375,39454077,5038.4501953125,5141.5,4150.0,4457.35009765625,4413.994140625,19863898,147.25,168.25,147.0,159.8000030517578,122.56082153320312,236859726,1640.6500244140625,1862.0999755859375,1501.199951171875,1568.9549560546875,1565.812744140625,64329490,1797.0,1976.1500244140625,1782.199951171875,1857.25,1852.5750732421875,51278703,747.0,777.0,675.0,727.2999877929688,703.69921875,54322366
2022-02-01,1504.0,1514.949951171875,1330.0,1410.0,1258.480224609375,54527221,8693.0,9050.0,8114.10009765625,8314.150390625,8106.19873046875,14795251,492.79998779296875,580.0499877929688,487.70001220703125,573.75,561.6275024414062,210869448,2748.0,2872.300048828125,2440.0,2535.449951171875,2273.947509765625,16200932,733.0,735.0,645.4500122070312,686.5,676.5667114257812,124151162,633.9500122070312,678.0,566.0,627.4500122070312,601.3795776367188,69993456,144.0,144.14999389648438,123.6500015258789,133.5,117.39752197265625,206605031,3577.0,3660.0,3435.0,3530.35009765625,3193.989013671875,7378607,7263.2001953125,7575.0,6396.2001953125,6567.89990234375,6462.37744140625,7840856,162.75,163.35000610351562,142.4250030517578,156.8625030517578,131.88449096679688,265714239,802.0499877929688,818.7000122070312,702.2999877929688,742.7000122070312,725.992431640625,288255231,1729.7222900390625,1782.9107666015625,1528.920654296875,1592.169189453125,1572.512451171875,17578470,221.0,238.5,207.0,215.85000610351562,188.79916381835938,466265620,174.0,176.35000610351562,155.8000030517578,160.64999389648438,130.5411376953125,401511266,879.0,990.0,868.8499755859375,920.7000122070312,893.5079956054688,99917705,721.0,750.8499755859375,651.9500122070312,707.5,691.5939331054688,90693007,1508.5,1539.949951171875,1407.1500244140625,1426.25,1360.13232421875,129636002,508.0,514.75,405.45001220703125,454.04998779296875,447.4000549316406,492777210,3194.0,3296.89990234375,3015.0,3174.64990234375,3062.103515625,17145295,1111.2916259765625,1133.628173828125,1035.1441650390625,1088.931884765625,1077.9114990234375,251101938,1116.699951171875,1191.9000244140625,1092.0,1126.949951171875,987.8252563476562,70486051,543.9500122070312,549.0,468.0,483.20001220703125,449.9730529785156,460319999,707.5900268554688,728.7050170898438,659.2449951171875,700.22998046875,687.962646484375,234113110,3770.0,3882.5,3391.10009765625,3554.199951171875,3261.753662109375,66967591,1860.0,1885.0,1733.0,1763.9150390625,1695.807861328125,13029870,70.55000305175781,70.81666564941406,62.33333206176758,70.1500015258789,66.5130844116211,382511754,289.95001220703125,295.0,265.57501220703125,277.8999938964844,271.90557861328125,318097358,892.0,894.7000122070312,780.7000122070312,790.8499755859375,762.9601440429688,64221522,1766.0999755859375,1792.800048828125,1665.0,1715.5999755859375,1572.619873046875,128928283,249.72000122070312,260.8699951171875,212.0,224.83999633789062,217.08688354492188,104507190,110.48999786376953,126.49500274658203,106.70999908447266,122.07499694824219,107.44339752197266,1889176480,948.0,977.3499755859375,888.1500244140625,925.0499877929688,903.6994018554688,46051352,847.4000244140625,902.8499755859375,815.0,843.9000244140625,813.2403564453125,72185894,1928.6500244140625,2008.0,1751.0,1816.75,1759.375244140625,45726560,2658.699951171875,2762.75,2488.449951171875,2589.800048828125,2516.70751953125,13576421,1032.0,1119.0,980.0,1108.0999755859375,1102.945556640625,11476148,864.0,887.3900146484375,809.989990234375,812.6799926757812,807.8958129882812,38863360,778.0999755859375,815.9500122070312,725.2999877929688,742.4000244140625,739.3131103515625,197682587,2303.300048828125,2333.0,2120.0,2172.10009765625,2048.390869140625,28162744,2378.800048828125,2563.64990234375,2351.25,2546.550048828125,2521.12841796875,28291255,1727.949951171875,1809.0,1528.800048828125,1644.449951171875,1641.4287109375,30103337,4478.7998046875,4826.0,4300.0,4802.7998046875,4756.0830078125,14938955,162.0,170.3000030517578,149.0,169.5500030517578,130.03872680664062,258456678,1582.89501953125,1675.0,1520.0,1601.2550048828125,1598.048095703125,61940150,1882.0,1948.0,1737.949951171875,1842.75,1838.111572265625,55769944,732.0,769.0,674.0499877929688,718.5999755859375,695.281494140625,46875707
2022-03-01,1410.0,1574.949951171875,1382.75,1499.449951171875,1338.3177490234375,51940545,8314.150390625,8314.150390625,6536.5498046875,7561.2998046875,7372.17822265625,25947939,573.75,636.0,555.9500122070312,569.5,557.4673461914062,307453768,2535.449951171875,2535.449951171875,2146.85009765625,2294.14990234375,2103.020751953125,20152597,686.5,769.9000244140625,639.0,754.9500122070312,744.0263061523438,151109715,627.4500122070312,764.75,613.0999755859375,732.6500244140625,702.20849609375,139695687,133.5,136.14999389648438,126.9000015258789,135.0,122.17898559570312,254347602,3530.35009765625,3737.0,3125.0,3653.0,3304.953369140625,8829811,6567.89990234375,6699.0,5629.2001953125,6602.2998046875,6496.224609375,17469870,156.8625030517578,167.5500030517578,153.03750610351562,162.60000610351562,140.50680541992188,368376057,742.7000122070312,742.7000122070312,642.1500244140625,730.2999877929688,713.8713989257812,423463671,1592.169189453125,1671.9520263671875,1401.6268310546875,1657.4097900390625,1636.947509765625,25908841,215.85000610351562,258.0,212.4499969482422,250.64999389648438,224.30397033691406,699286936,160.64999389648438,194.9499969482422,160.64999389648438,163.89999389648438,134.58477783203125,879978942,920.7000122070312,949.5,816.0,935.4000244140625,907.7738037109375,85025552,707.5,781.0,663.5499877929688,774.2000122070312,756.7943725585938,109284362,1426.25,1518.800048828125,1292.0,1470.3499755859375,1402.18798828125,214562417,454.04998779296875,458.5,376.3500061035156,433.75,427.3973693847656,670781175,3174.64990234375,3174.64990234375,2599.35009765625,3079.949951171875,2970.76123046875,46951421,1088.931884765625,1240.5115966796875,1006.0696411132812,1215.9366455078125,1203.6309814453125,314247631,1126.949951171875,1215.0,1109.0,1163.75,1020.0823974609375,76099708,483.20001220703125,503.5,425.0,493.54998779296875,459.611328125,470848484,700.22998046875,744.5,591.2899780273438,725.9949951171875,713.2763061523438,318115830,3554.199951171875,3779.5,3431.550048828125,3739.949951171875,3432.2197265625,50559459,1763.9150390625,1837.4849853515625,1679.0,1738.0550537109375,1670.9461669921875,14679690,70.1500015258789,75.5,67.75,70.26666259765625,67.12842559814453,592569945,277.8999938964844,308.0,275.20001220703125,295.95001220703125,289.5662536621094,332022528,790.8499755859375,813.0,671.1500244140625,806.5499877929688,778.1065063476562,87567019,1715.5999755859375,1923.300048828125,1681.0,1906.8499755859375,1747.93115234375,154420688,224.83999633789062,229.4600067138672,200.39999389648438,226.97000122070312,219.1434326171875,130914520,122.07499694824219,136.60000610351562,121.8550033569336,130.72000122070312,115.05223846435547,2079333860,925.0499877929688,1083.0,911.0999755859375,1018.0499877929688,994.5529174804688,80383742,843.9000244140625,931.0,809.0999755859375,914.75,888.4721069335938,74420646,1816.75,1826.949951171875,1595.0,1767.6500244140625,1711.8258056640625,54738103,2589.800048828125,2589.800048828125,2159.550048828125,2457.14990234375,2387.801025390625,18241899,1108.0999755859375,1314.5999755859375,1040.0,1275.5,1270.30322265625,17288138,812.6799926757812,877.5,730.7999877929688,859.0900268554688,854.0326538085938,88815830,742.4000244140625,765.8499755859375,637.0,761.1500244140625,757.985107421875,268955832,2172.10009765625,2172.10009765625,1901.550048828125,2048.64990234375,1931.9716796875,59675399,2546.550048828125,2768.0,2325.60009765625,2536.14990234375,2510.832275390625,34622874,1644.449951171875,2042.0,1539.300048828125,2014.75,2011.0484619140625,33084069,4802.7998046875,5016.5498046875,4471.85009765625,4516.10009765625,4472.17236328125,19786939,169.5500030517578,197.75,169.5500030517578,183.0500030517578,144.71783447265625,483313899,1601.2550048828125,1730.0,1379.989990234375,1706.0450439453125,1702.628173828125,64277990,1842.75,1842.75,1672.550048828125,1753.8499755859375,1749.435302734375,88134724,718.5999755859375,782.75,650.2000122070312,777.4000244140625,752.1735229492188,58930356
2022-04-01,1499.0,1522.5,1246.25,1259.0,1123.706787109375,54886649,7574.0,8067.5,7350.0,7717.7998046875,7524.763671875,11805484,569.9000244140625,590.9500122070312,476.45001220703125,482.6499938964844,472.45233154296875,227138262,2185.0,2552.0,2150.0,2506.64990234375,2297.817626953125,17658313,759.7999877929688,780.7000122070312,716.8499755859375,739.0,728.3070678710938,113046212,735.0,790.0,695.25,727.1500244140625,696.93701171875,95321761,138.0,166.35000610351562,136.8000030517578,156.1999969482422,141.3656005859375,498630431,3636.0,4000.0,3600.0,3729.550048828125,3374.2099609375,7965648,6603.0,6918.5,6506.0498046875,6630.25,6523.72607421875,6427977,162.0749969482422,179.9250030517578,162.0749969482422,170.8125,147.60342407226562,274357113,725.0,777.9000244140625,723.0999755859375,743.2999877929688,726.5789184570312,331468931,1654.620849609375,1823.6488037109375,1651.43359375,1685.59765625,1664.78759765625,19386312,250.0,273.1499938964844,248.8000030517578,259.54998779296875,232.26844787597656,443042094,163.89999389648438,179.8000030517578,159.5,160.4499969482422,131.75186157226562,309588369,929.4500122070312,1009.5,929.1500244140625,978.5499877929688,949.6494750976562,50140828,774.5,924.6500244140625,774.5,856.4000244140625,837.1463623046875,189647877,1476.4000244140625,1722.0999755859375,1322.25,1384.5999755859375,1320.4132080078125,338232212,434.0,462.70001220703125,417.0,437.6000061035156,431.19097900390625,335633541,3110.0,3278.0,2970.0,3237.199951171875,3122.436279296875,18570571,1216.5135498046875,1318.11279296875,1163.810302734375,1287.699951171875,1274.6680908203125,295144142,1161.0,1203.0,1058.75,1079.25,946.013916015625,67601995,491.0,522.0,490.04998779296875,496.29998779296875,462.17218017578125,274734230,722.9949951171875,759.0900268554688,658.0,667.1799926757812,655.49169921875,221452300,3748.0,3835.60009765625,3439.14990234375,3546.699951171875,3254.871337890625,43295317,1738.0550537109375,1872.5,1725.0,1833.030029296875,1762.254150390625,12162760,70.31666564941406,86.5,70.08333587646484,79.51666259765625,76.51872253417969,756720162,295.8500061035156,304.75,253.5,254.39999389648438,248.91249084472656,243496254,811.0,945.0,807.7000122070312,922.0999755859375,889.5816040039062,66998549,1886.8499755859375,1910.300048828125,1550.0,1567.550048828125,1436.90869140625,170696670,227.0,247.8000030517578,215.27000427246094,240.41000366210938,232.11997985839844,142385520,131.0,138.6699981689453,121.04000091552734,127.1050033569336,111.87051391601562,1188146110,1023.0,1062.6500244140625,946.2999877929688,981.2000122070312,958.553466796875,36913011,914.0,967.0499877929688,896.5999755859375,928.6500244140625,901.9728393554688,38601043,1759.0,1858.0,1652.0,1694.3499755859375,1640.840576171875,42953801,2457.14990234375,2707.64990234375,2421.10009765625,2630.35009765625,2556.11279296875,12481867,1281.0,1346.8499755859375,1181.0,1228.4000244140625,1223.39501953125,14488091,859.0,895.530029296875,812.2000122070312,826.3900146484375,821.525146484375,33901690,760.0,816.2000122070312,725.0,728.5999755859375,725.5704345703125,193156671,2054.89990234375,2290.0,2038.4000244140625,2234.85009765625,2107.567138671875,39286419,2538.0,2577.800048828125,2410.0,2458.199951171875,2433.660400390625,22164476,2018.0,2420.949951171875,2013.050048828125,2332.0,2327.7158203125,40068588,4558.0,4903.64990234375,4431.0,4454.35009765625,4411.0234375,12413243,183.8000030517578,209.0,181.89999389648438,182.85000610351562,144.55970764160156,436474466,1703.0,1748.0,1466.06494140625,1491.114990234375,1488.1285400390625,48018330,1749.300048828125,1840.0,1683.4000244140625,1790.75,1786.242431640625,48873449,779.9500122070312,836.8499755859375,779.0,823.75,797.0194702148438,32823291
2022-05-01,1240.0,1299.0,1045.0,1180.25,1053.4193115234375,80746475,7665.0,8100.0,7062.35009765625,7966.35009765625,7767.09765625,14284627,477.8500061035156,486.0,384.95001220703125,422.54998779296875,413.62213134765625,324929215,2460.199951171875,2809.949951171875,2371.0,2773.89990234375,2542.802490234375,18291511,734.0,742.9500122070312,667.8499755859375,700.2000122070312,690.0684204101562,175015440,720.0,736.0,520.0499877929688,551.25,528.3455810546875,137830183,154.60000610351562,161.89999389648438,141.64999389648438,156.0,141.18458557128906,495741362,3720.0,3958.0,3460.0,3864.10009765625,3495.9404296875,9741297,6607.60009765625,6730.0,5706.75,6082.60009765625,5984.87451171875,8430562,169.4250030517578,186.2624969482422,166.2375030517578,174.6750030517578,150.94110107421875,382155702,732.0,756.7000122070312,675.0,752.8499755859375,735.9140625,270162892,1669.3623046875,1696.7532958984375,1334.9420166015625,1422.942138671875,1405.3746337890625,21347635,258.0,282.3500061035156,249.14999389648438,270.6499938964844,242.20172119140625,462384362,158.14999389648438,168.39999389648438,141.10000610351562,151.25,124.19738006591797,452349376,972.0,1029.0,856.0,930.8499755859375,903.3582153320312,70810030,850.0,864.2000122070312,668.1500244140625,739.8499755859375,723.2166137695312,140748278,1362.050048828125,1420.5,1278.300048828125,1388.949951171875,1324.5614013671875,200643793,437.95001220703125,449.5,366.20001220703125,443.54998779296875,437.0538330078125,471123560,3195.0,3211.5,2718.550048828125,2859.64990234375,2758.270751953125,30837045,1274.66259765625,1294.73779296875,1093.754638671875,1214.967529296875,1202.671630859375,403745610,1073.0,1097.3499755859375,963.0,1040.75,927.505126953125,67363761,492.6499938964844,496.45001220703125,438.8500061035156,468.1000061035156,435.9114074707031,368134331,655.0,666.780029296875,548.7999877929688,608.2150268554688,597.5597534179688,318199710,3519.89990234375,3547.949951171875,3154.050048828125,3364.35009765625,3087.525146484375,51124294,1826.9000244140625,1848.0,1600.0,1769.1500244140625,1709.2442626953125,19216530,78.33333587646484,80.06666564941406,71.91666412353516,78.25,75.29981231689453,344665149,257.75,259.5,221.60000610351562,239.02499389648438,233.869140625,354377080,915.0,1043.0,853.7000122070312,1034.3499755859375,997.8729858398438,88011663,1550.9000244140625,1589.4000244140625,1399.25,1503.5999755859375,1378.288330078125,176039201,237.94000244140625,251.49000549316406,209.4199981689453,235.24000549316406,227.1282501220703,142970285,125.69999694824219,133.0,99.18000030517578,105.56500244140625,92.91224670410156,2134457770,979.0,1004.9000244140625,904.25,992.9500122070312,970.0322265625,45677007,922.4500122070312,931.2999877929688,835.2000122070312,860.5999755859375,835.877685546875,88126009,1668.5999755859375,1685.949951171875,1502.0,1654.5,1602.249267578125,48045645,2624.89990234375,2818.64990234375,2310.0,2780.75,2702.26806640625,17934809,1220.0,1242.8499755859375,982.8499755859375,1124.050048828125,1119.47021484375,14008423,824.4299926757812,885.3499755859375,757.969970703125,873.9299926757812,868.7852172851562,56926430,722.0,738.2000122070312,630.0499877929688,685.2000122070312,682.3510131835938,209893321,2220.0,2388.0,2106.199951171875,2353.25,2219.223876953125,39413696,2435.0,2437.0,2035.550048828125,2216.0,2193.87841796875,35085402,2325.0,2362.89990234375,1906.199951171875,2167.550048828125,2163.56787109375,33918429,4440.0,4440.0,3361.550048828125,3979.300048828125,3940.593505859375,17743766,182.6999969482422,195.25,164.64999389648438,192.89999389648438,152.50514221191406,302107162,1461.2850341796875,1505.875,1206.2249755859375,1293.4000244140625,1290.8096923828125,67891790,1765.550048828125,1951.75,1743.0,1846.8499755859375,1842.201171875,83790481,823.2999877929688,832.0,698.0,759.75,735.0962524414062,39450390
2022-06-01,1186.1500244140625,1197.0,943.7000122070312,1000.0,892.5390625,73563574,7975.0498046875,8634.599609375,7555.0,8470.75,8258.8818359375,18396865,421.0,422.0,308.95001220703125,338.6499938964844,331.49481201171875,295888739,2799.89990234375,2809.0,2433.89990234375,2719.699951171875,2493.1181640625,15863831,701.5499877929688,706.2000122070312,634.2000122070312,684.9500122070312,675.0391845703125,135749771,554.0499877929688,588.5,536.0999755859375,564.5,541.0451049804688,117436186,156.4499969482422,160.1999969482422,134.9499969482422,142.89999389648438,129.32872009277344,419969501,3877.199951171875,3971.0,3574.800048828125,3706.60009765625,3353.446533203125,16681906,6080.0,6115.0,5157.0498046875,5607.2998046875,5517.2109375,12517592,174.1125030517578,174.75,154.6125030517578,158.9250030517578,137.33114624023438,290440458,748.0,757.0,669.9500122070312,707.2000122070312,691.291015625,237332561,1419.3563232421875,1444.25732421875,1271.5440673828125,1315.5191650390625,1299.2779541015625,29298355,270.6499938964844,275.79998779296875,258.54998779296875,273.5,250.49322509765625,263357060,151.1999969482422,167.35000610351562,130.0,151.5500030517578,124.4437255859375,757499735,930.8499755859375,953.7999877929688,763.2000122070312,794.3499755859375,770.8895874023438,55748830,739.7999877929688,758.5,653.0999755859375,672.0499877929688,656.9409790039062,76722247,1380.0,1400.75,1271.5999755859375,1348.0,1300.45654296875,116809621,445.1000061035156,446.0,376.6499938964844,411.79998779296875,405.76885986328125,341676264,2859.64990234375,2939.89990234375,2560.0,2695.199951171875,2599.65087890625,34007282,1215.72900390625,1300.20654296875,1128.3670654296875,1197.89208984375,1185.7689208984375,351700770,1040.75,1069.6500244140625,944.0499877929688,973.25,867.3500366210938,56518058,468.0,475.54998779296875,430.70001220703125,465.8999938964844,440.6335754394531,258464165,606.0,616.7999877929688,522.0,540.0499877929688,530.5888061523438,278048540,3388.0,3477.300048828125,3023.85009765625,3267.10009765625,3018.473388671875,50689330,1758.0,1784.844970703125,1643.5,1747.0,1687.8443603515625,14322920,78.44999694824219,83.48332977294922,74.56666564941406,78.03333282470703,75.09131622314453,341213190,239.47500610351562,244.0,201.02499389648438,208.02499389648438,203.53781127929688,328874678,1035.0,1121.449951171875,972.6500244140625,1093.1500244140625,1054.599365234375,103029332,1513.0,1555.0,1367.1500244140625,1461.9000244140625,1354.2554931640625,139144802,235.0399932861328,259.44000244140625,222.50999450683594,256.2699890136719,247.43309020996094,98238770,106.55000305175781,109.27999877929688,82.69999694824219,86.70500183105469,76.31275939941406,1967885540,994.5,1006.8499755859375,902.0,917.2000122070312,896.0305786132812,33694511,875.0,875.0,789.9000244140625,830.5999755859375,806.7393798828125,61530579,1653.550048828125,1673.699951171875,1456.3499755859375,1558.25,1509.0386962890625,45520427,2770.14990234375,2922.949951171875,2585.050048828125,2794.35009765625,2715.484375,15234415,1132.0,1145.0,1009.2999877929688,1074.1500244140625,1070.909912109375,13829929,870.0,883.0,813.2100219726562,878.760009765625,873.5868530273438,44506160,683.0,698.0,618.25,636.7999877929688,634.1521606445312,163912580,2370.0,2413.800048828125,2100.0,2230.60009765625,2103.55908203125,39276021,2255.0,2304.89990234375,1905.449951171875,1941.25,1921.8709716796875,41122485,2169.949951171875,2274.0,2025.0,2190.89990234375,2186.875,40585829,3939.550048828125,3989.75,3525.0,3683.5,3647.671142578125,15160678,194.5,201.9499969482422,174.75,185.60000610351562,146.7338409423828,287285796,1295.9000244140625,1322.0,1090.9000244140625,1093.175048828125,1090.9857177734375,71063150,1840.0,1880.0999755859375,1631.0,1661.0999755859375,1656.9188232421875,50570384,760.0,780.5,703.0999755859375,706.3499755859375,683.4290161132812,29390049
2022-07-01,997.0,1068.0,965.0499877929688,1048.6500244140625,935.961181640625,66779268,8440.0,8943.0,8305.599609375,8773.5498046875,8554.107421875,12678501,335.0,416.79998779296875,326.6499938964844,415.04998779296875,406.2806091308594,271551737,2715.0,2891.800048828125,2683.35009765625,2818.050048828125,2583.2744140625,9862014,684.8499755859375,696.5999755859375,628.75,677.9500122070312,668.1404418945312,134664198,556.5499877929688,637.9500122070312,541.0,629.5999755859375,603.4401245117188,89894633,142.0,154.4499969482422,136.10000610351562,152.9499969482422,138.42425537109375,232450249,3667.949951171875,4091.0,3601.10009765625,3914.449951171875,3674.505126953125,9029908,5600.0,6577.25,5485.0,6544.7998046875,6439.64892578125,8940501,158.28750610351562,165.9375,153.78750610351562,160.46249389648438,138.65972900390625,286231094,703.4500122070312,823.4000244140625,694.0999755859375,818.5999755859375,800.1849365234375,216490069,1314.772216796875,1581.4119873046875,1300.13037109375,1566.7701416015625,1547.4268798828125,16322987,273.5,305.8999938964844,271.20001220703125,303.04998779296875,277.5574951171875,316760856,148.9499969482422,151.14999389648438,119.8499984741211,134.14999389648438,110.15587615966797,792068412,793.0,1049.949951171875,783.0,1043.5,1012.6812133789062,96478817,670.0,775.6500244140625,656.0,763.7000122070312,746.5304565429688,60685265,1343.949951171875,1438.5999755859375,1330.050048828125,1434.199951171875,1383.6160888671875,141985936,410.6499938964844,460.75,402.29998779296875,449.6000061035156,443.0152587890625,313104937,2704.89990234375,3354.35009765625,2685.0,3333.75,3234.09423828125,28722838,1188.31591796875,1196.20751953125,1091.4471435546875,1158.1107177734375,1146.3902587890625,426895033,964.5,1002.6500244140625,877.3499755859375,948.4000244140625,845.2039794921875,86380131,463.3500061035156,537.5,460.54998779296875,528.3499755859375,499.69677734375,230548231,536.4000244140625,726.0,533.5050048828125,720.9099731445312,710.8592529296875,293309720,3260.0,3333.0,2953.0,3301.89990234375,3050.625244140625,59847596,1740.0,1942.3050537109375,1733.10498046875,1935.9100341796875,1870.3575439453125,12288350,77.66666412353516,92.30000305175781,74.71666717529297,91.73332977294922,88.27478790283203,539961249,207.5,212.35000610351562,195.5,211.85000610351562,207.2803192138672,317713196,1092.4000244140625,1195.0,1064.0,1164.449951171875,1123.3848876953125,73710848,1454.0,1555.699951171875,1410.6500244140625,1549.699951171875,1435.59033203125,115124683,253.24000549316406,301.79998779296875,246.74000549316406,275.95001220703125,266.43450927734375,99677765,86.69499969482422,109.30000305175781,83.80500030517578,107.5999984741211,99.8134994506836,1909630961,911.2000122070312,989.5,911.2000122070312,977.4000244140625,954.8411865234375,27363839,829.9000244140625,951.9500122070312,821.9000244140625,943.2000122070312,916.1049194335938,60085554,1560.949951171875,1832.5,1534.5999755859375,1808.050048828125,1750.949951171875,44010200,2775.0,3179.0,2745.75,3093.449951171875,3006.142578125,14921305,1074.1500244140625,1276.8499755859375,1059.0999755859375,1268.5999755859375,1264.7733154296875,12466891,877.0,922.760009765625,811.1199951171875,818.0700073242188,813.2540893554688,55521885,633.0,738.7999877929688,631.7999877929688,724.75,721.7365112304688,183089479,2226.0,2654.0,2203.60009765625,2637.39990234375,2509.149658203125,43650322,1895.0,2392.5,1825.050048828125,2352.050048828125,2328.570068359375,35566574,2189.89990234375,2622.0,2138.25,2569.199951171875,2564.47998046875,23823202,3680.0,4252.89990234375,3635.199951171875,4212.2998046875,4171.3271484375,9837521,185.0,212.4499969482422,176.60000610351562,211.25,167.01251220703125,179944190,1092.0,1522.324951171875,1072.719970703125,1504.760009765625,1502.2872314453125,93794930,1645.0,1856.9000244140625,1636.0,1810.3499755859375,1805.79296875,59043690,700.0,824.0,697.0,811.6500244140625,791.5593872070312,28659870
2022-08-01,1058.949951171875,1135.0,1017.2999877929688,1076.0999755859375,974.4417724609375,64497735,8850.0,9196.849609375,8564.0,9082.25,8855.0869140625,12491317,420.0,446.5,407.6000061035156,439.0,429.724609375,221832595,2834.949951171875,2938.60009765625,2730.0,2837.699951171875,2634.20654296875,14465729,677.9500122070312,754.2000122070312,677.0499877929688,726.5999755859375,716.0864868164062,163666823,634.5999755859375,685.0,626.2999877929688,666.9000244140625,658.9409790039062,54720593,152.89999389648438,165.4499969482422,151.0,164.0,148.42481994628906,329836388,3919.949951171875,4128.9501953125,3915.0,4084.85009765625,3834.460205078125,6995673,6587.9501953125,6799.0,6402.0,6677.85009765625,6570.56103515625,7352956,161.28750610351562,173.77499389648438,160.6125030517578,172.1999969482422,148.8024139404297,211036943,820.7000122070312,890.75,808.3499755859375,887.2999877929688,867.3395385742188,247196969,1570.15673828125,1685.2989501953125,1536.5404052734375,1672.001708984375,1651.359375,19082841,304.0,321.3999938964844,303.1000061035156,320.5,293.5395812988281,245937302,134.10000610351562,141.89999389648438,129.8000030517578,138.60000610351562,113.8099594116211,481693809,1040.0,1119.75,1024.550048828125,1107.449951171875,1074.742431640625,60480017,770.0,891.9000244140625,765.0499877929688,842.1500244140625,828.919677734375,143682882,1439.0,1513.9000244140625,1412.949951171875,1486.0999755859375,1433.6856689453125,118338708,451.95001220703125,494.3999938964844,447.6000061035156,471.1000061035156,464.20037841796875,316991103,3340.050048828125,3545.64990234375,3236.699951171875,3391.60009765625,3290.21484375,21161293,1162.5872802734375,1235.388916015625,1157.2569580078125,1217.4134521484375,1205.0927734375,235203079,954.0,987.0499877929688,900.0999755859375,938.9500122070312,846.1810302734375,62362817,529.0499877929688,546.4000244140625,508.25,531.25,502.43951416015625,289740271,725.10498046875,763.7999877929688,686.135009765625,730.625,720.4388427734375,233591490,3327.0,3428.699951171875,3081.0,3211.14990234375,2974.612548828125,34342786,1944.199951171875,2015.0,1905.0,1992.5849609375,1925.113525390625,10658370,92.06666564941406,103.94999694824219,89.08333587646484,102.16666412353516,98.31476593017578,522627111,213.10000610351562,222.4499969482422,199.5,206.77499389648438,202.31478881835938,253809092,1189.4000244140625,1315.0,1184.25,1308.699951171875,1275.4664306640625,79985077,1564.0,1631.3499755859375,1450.0,1492.949951171875,1383.019287109375,92398681,276.0,285.05999755859375,259.6400146484375,270.92999267578125,261.58758544921875,85452675,110.5,113.69999694824219,103.25,108.30000305175781,100.46284484863281,1342998394,990.0,1053.8499755859375,988.2999877929688,1038.449951171875,1014.4819946289062,31763694,939.9500122070312,939.9500122070312,865.0,893.0499877929688,867.3954467773438,53123241,1808.0,1944.0,1773.0,1922.5,1885.62744140625,37820256,3109.89990234375,3513.699951171875,2913.050048828125,3358.75,3263.955078125,24475788,1268.0,1522.5,1268.0,1407.25,1403.005126953125,21977158,827.9600219726562,865.97998046875,808.0,849.010009765625,844.011962890625,40716900,726.0,776.0,712.2000122070312,751.5,749.514404296875,144763014,2637.5,2715.0,2550.0,2659.85009765625,2530.508056640625,27338752,2364.800048828125,2623.10009765625,2339.0,2604.64990234375,2587.77099609375,23148575,2575.85009765625,3263.10009765625,2569.199951171875,3194.35009765625,3189.8369140625,47295403,4240.0,4625.9501953125,3987.85009765625,4322.89990234375,4280.85107421875,11952819,212.5,235.5,205.75,234.8000030517578,185.63096618652344,243800854,1519.9949951171875,1714.1500244140625,1486.135009765625,1696.2149658203125,1693.4276123046875,80385360,1815.0,1942.449951171875,1811.300048828125,1915.449951171875,1910.6285400390625,52750573,812.0,826.0,760.5499877929688,809.6500244140625,789.60888671875,52161802
2022-09-01,1056.0,1165.0,984.5499877929688,1008.5999755859375,913.3184814453125,75471101,8949.9501953125,9451.0,8558.2001953125,8828.150390625,8664.013671875,14302707,424.0,447.8999938964844,358.79998779296875,390.54998779296875,385.8047790527344,235752985,2820.0,2903.0,2510.0,2549.199951171875,2366.39501953125,15906392,726.5,809.0,686.2000122070312,799.9000244140625,791.8297729492188,294986256,655.0,701.7999877929688,614.2000122070312,631.6500244140625,624.1116333007812,53104352,161.5,176.14999389648438,155.0,159.64999389648438,147.2594757080078,385656944,4010.0,4131.75,3461.25,3527.75,3311.5087890625,9362637,6629.0,7029.0,6005.0,6255.10009765625,6189.93359375,11516307,168.78750610351562,178.83749389648438,139.7624969482422,159.14999389648438,138.87619018554688,710708964,863.0,936.6500244140625,837.5,862.0,847.6651611328125,257557559,1653.9237060546875,1809.0567626953125,1637.439208984375,1668.216796875,1652.7510986328125,16807085,319.5,349.54998779296875,316.0,332.20001220703125,304.2554016113281,313634408,135.0,136.25,121.5,126.80000305175781,106.60138702392578,329377941,1097.6500244140625,1275.800048828125,1086.0,1185.199951171875,1159.4666748046875,108061244,841.7999877929688,987.8499755859375,801.0,820.6500244140625,807.7574462890625,197471660,1464.75,1540.949951171875,1365.0,1421.3499755859375,1371.219482421875,148319569,462.5,474.3999938964844,390.3500061035156,404.6000061035156,398.67431640625,344727174,3315.0,3582.89990234375,3231.300048828125,3342.449951171875,3242.53369140625,23352453,1191.892578125,1213.6060791015625,1066.526123046875,1097.331298828125,1089.77001953125,257534235,917.2999877929688,963.5,882.0,932.3499755859375,840.233154296875,66305386,522.25,578.5,516.1500244140625,530.5999755859375,501.82476806640625,285685943,722.8599853515625,777.7999877929688,702.6799926757812,733.5750122070312,723.3477172851562,253665900,3190.0,3269.800048828125,2926.10009765625,3004.550048828125,2783.23095703125,53936799,1970.0,2005.0,1826.72998046875,1914.47998046875,1849.6531982421875,14377260,102.28333282470703,114.6500015258789,96.25,100.94999694824219,97.67453002929688,611104130,204.9499969482422,213.0,192.3000030517578,197.125,192.87294006347656,306481982,1280.0,1338.0,1211.25,1268.199951171875,1235.994873046875,77017052,1460.050048828125,1553.0,1355.0,1413.449951171875,1309.3729248046875,171480153,268.3999938964844,278.30999755859375,229.1999969482422,239.50999450683594,231.2510223388672,92957895,107.0,110.4000015258789,95.0,99.30000305175781,92.1141357421875,1444889552,1026.0,1128.0,1012.0,1114.949951171875,1094.508056640625,40698927,893.0,955.5,856.7999877929688,948.6500244140625,924.42333984375,70643466,1905.0,1995.0,1797.4000244140625,1847.699951171875,1812.261962890625,41447320,3241.0,3787.25,3241.0,3671.60009765625,3591.72119140625,16550116,1394.5,1498.5999755859375,1353.0,1420.0,1415.7166748046875,15555108,843.2000122070312,881.4000244140625,799.4000244140625,867.1400146484375,862.0352172851562,44260950,733.5,816.2000122070312,707.7000122070312,733.2000122070312,731.2628173828125,217887874,2650.0,2729.0,2508.050048828125,2696.449951171875,2565.328369140625,35817385,2592.949951171875,2755.699951171875,2517.35009765625,2606.949951171875,2590.055908203125,23015328,3200.0,3885.0,3184.39990234375,3455.75,3450.867431640625,83930311,4298.0,4719.0,4183.10009765625,4383.39990234375,4352.640625,13670699,234.35000610351562,240.5,207.85000610351562,212.25,170.12454223632812,175493121,1681.0,1844.0,1621.0,1678.3499755859375,1675.5919189453125,91462720,1875.0,1987.199951171875,1757.699951171875,1819.199951171875,1815.713134765625,59445888,809.6500244140625,861.1500244140625,762.0,802.8499755859375,782.9771118164062,44576199
2022-10-01,1010.0,1098.0,998.2000122070312,1063.4000244140625,962.941650390625,38109576,8970.0,9769.0,8510.0,9527.599609375,9350.4580078125,11529418,389.0,416.5,379.1000061035156,405.6499938964844,400.7213134765625,143360319,2538.5,2734.89990234375,2502.75,2676.85009765625,2484.890869140625,8914026,803.4000244140625,833.7999877929688,759.8499755859375,832.0,823.60595703125,95573650,631.0,683.0,615.0,673.9500122070312,665.9067993164062,43045532,159.85000610351562,174.6999969482422,158.9499969482422,173.10000610351562,159.6656036376953,216553533,3527.75,3727.0,3475.0,3671.85009765625,3446.77587890625,7460056,6286.39990234375,6730.89990234375,6057.7998046875,6714.9501953125,6644.99267578125,6966603,159.75,172.6875,153.0,171.1125030517578,149.31484985351562,307485233,859.7000122070312,943.25,845.7000122070312,908.7000122070312,893.5885620117188,194695277,1664.382080078125,1733.6068115234375,1621.6021728515625,1714.8812255859375,1698.98291015625,10749693,332.8999938964844,353.20001220703125,323.25,348.70001220703125,319.3674621582031,250509784,131.6999969482422,136.5500030517578,125.80000305175781,134.0500030517578,112.6965103149414,264304757,1178.0,1234.949951171875,1121.800048828125,1142.6500244140625,1117.840576171875,85409041,821.0,835.0,771.6500244140625,823.5499877929688,810.6118774414062,114721617,1409.949951171875,1498.0,1384.0,1496.699951171875,1443.911865234375,114429779,405.5,417.6499938964844,391.1000061035156,412.75,406.7049255371094,255155966,3348.0,3368.35009765625,3033.0,3107.699951171875,3014.801513671875,20990793,1103.6768798828125,1181.8780517578125,1081.3402099609375,1176.6400146484375,1168.5322265625,204763153,932.3499755859375,1052.5,916.0,1041.1500244140625,938.2836303710938,61103867,527.5999755859375,586.2000122070312,518.5,573.7999877929688,542.6820678710938,212788403,733.7000122070312,759.9000244140625,693.0999755859375,714.4099731445312,704.4498901367188,180891290,2995.0,3199.0,2974.0,3193.14990234375,2957.9384765625,36559310,1911.75,2105.0,1841.0250244140625,2036.3399658203125,1967.3868408203125,11105920,101.44999694824219,109.19999694824219,98.0999984741211,106.8499984741211,103.38308715820312,301762899,196.9499969482422,208.9499969482422,186.1999969482422,193.27499389648438,189.10597229003906,311789488,1269.949951171875,1358.5,1196.5,1348.5999755859375,1314.353271484375,46454491,1412.0,1546.4000244140625,1386.0,1537.6500244140625,1424.4278564453125,105106395,240.0,256.7699890136719,231.52999877929688,245.8300018310547,237.3530731201172,60160225,99.5999984741211,104.6500015258789,98.0,101.55000305175781,94.20130920410156,732761912,1116.800048828125,1180.0999755859375,1098.800048828125,1167.4000244140625,1145.996337890625,27844744,952.9500122070312,1027.300048828125,935.25,1016.9000244140625,990.930419921875,51074449,1852.0,2034.6500244140625,1814.0,2023.0999755859375,1984.2979736328125,34531607,3781.0,3864.10009765625,3377.0,3850.449951171875,3766.679931640625,12090260,1419.0,1543.0,1354.050048828125,1527.9000244140625,1523.2911376953125,10283406,863.0,925.0,843.010009765625,886.739990234375,881.5198364257812,35827835,731.0,919.9500122070312,721.0499877929688,906.0,903.6062622070312,244528831,2723.0,2734.0,2488.0,2550.699951171875,2426.66552734375,25610779,2625.0,2791.0,2555.60009765625,2761.5,2743.6044921875,24740332,3440.0,3460.050048828125,3110.199951171875,3347.449951171875,3342.720703125,40771715,4385.0,4625.0,4221.0498046875,4517.5,4485.7998046875,6832528,213.0,247.8000030517578,212.3000030517578,245.9499969482422,197.13607788085938,179230764,1686.0,1740.4000244140625,1621.0,1687.5,1684.7269287109375,30627921,1808.0,1925.0,1773.300048828125,1901.949951171875,1898.3045654296875,36171519,802.8499755859375,804.7999877929688,738.7999877929688,770.1500244140625,751.086669921875,25672343
2022-11-01,1069.0,1098.699951171875,1005.25,1077.0,975.2568969726562,54449653,9635.0,9636.900390625,8786.0,8974.150390625,8807.298828125,11321190,406.0,460.54998779296875,406.0,450.70001220703125,445.2239685058594,198957444,2690.25,2861.0,2573.449951171875,2851.89990234375,2647.3876953125,12404777,828.0,860.5499877929688,804.2000122070312,848.75,840.1869506835938,121204841,670.0,745.6500244140625,670.0,743.4000244140625,734.5279541015625,45480693,174.0,182.9499969482422,164.14999389648438,172.1999969482422,158.83543395996094,293663837,3686.550048828125,3818.64990234375,3585.0,3750.699951171875,3520.79248046875,7220939,6743.9501953125,7095.0,6670.0498046875,7077.0,7003.27099609375,7392908,172.9875030517578,177.41250610351562,157.2375030517578,168.0,146.59881591796875,239901895,921.0,958.2000122070312,891.25,952.9000244140625,937.0535278320312,244001307,1721.35546875,1787.9906005859375,1669.3623046875,1752.780517578125,1736.53076171875,15542057,349.25,361.45001220703125,334.3999938964844,340.0,311.39923095703125,256224566,134.10000610351562,143.8000030517578,132.89999389648438,141.10000610351562,118.62348175048828,284754193,1146.5,1205.449951171875,1117.0,1167.800048828125,1142.4444580078125,53348428,827.7000122070312,916.0,823.5,881.0,867.1593627929688,163279545,1503.5,1642.0,1489.5999755859375,1608.449951171875,1551.720458984375,152262484,414.8999938964844,441.20001220703125,409.20001220703125,439.3999938964844,432.9646301269531,272538198,3110.5,3199.949951171875,3033.5,3175.14990234375,3084.68017578125,20242762,1199.8995361328125,1267.0247802734375,1154.672607421875,1260.517578125,1251.8319091796875,226250915,1049.0,1138.75,1033.0999755859375,1120.800048828125,1020.1730346679688,53547858,576.3499755859375,622.7000122070312,568.0,602.4500122070312,569.7783203125,289212623,719.6950073242188,725.0650024414062,661.0349731445312,672.094970703125,662.724853515625,188355620,3214.5,3429.0,3166.14990234375,3390.800048828125,3149.15869140625,35504157,2039.9549560546875,2084.235107421875,1944.0,2018.385009765625,1961.6458740234375,12357340,107.30000305175781,112.19999694824219,104.1500015258789,105.0999984741211,101.68986511230469,378818677,194.0,204.72500610351562,192.25,203.4499969482422,199.06150817871094,230075664,1361.0,1366.550048828125,1202.0,1305.5999755859375,1272.445068359375,63901251,1553.050048828125,1653.5,1485.0,1634.949951171875,1531.115234375,91935458,246.3000030517578,275.0,239.1699981689453,270.0,260.68963623046875,127384565,98.55000305175781,110.0,98.55000305175781,107.6500015258789,99.8598861694336,927549504,1167.5,1185.25,1078.5,1139.6500244140625,1118.755126953125,36089848,1021.9500122070312,1070.949951171875,993.5,1046.050048828125,1019.3360595703125,46678876,2032.0,2095.800048828125,1970.199951171875,2074.85009765625,2035.055419921875,35723843,3889.64990234375,3889.64990234375,3346.300048828125,3484.5,3408.69140625,16010452,1544.949951171875,1566.0,1358.699951171875,1471.6500244140625,1467.2108154296875,16182168,887.0499877929688,929.0,863.0,897.4299926757812,892.1469116210938,51632745,904.0,905.0999755859375,841.0,901.25,898.8687744140625,203936405,2569.0,2698.0,2428.10009765625,2684.35009765625,2553.81689453125,28507867,2770.14990234375,2784.0,2539.64990234375,2653.0,2635.8076171875,21796582,3361.89990234375,4096.0,3352.0,3917.89990234375,3912.364501953125,53422331,4577.0,4885.0,4250.0,4726.39990234375,4693.234375,15240317,247.0,263.3999938964844,226.35000610351562,227.25,182.14749145507812,252045644,1692.0,1817.9000244140625,1620.0,1626.5,1623.8271484375,43858362,1908.0,1997.550048828125,1871.6500244140625,1947.050048828125,1943.3182373046875,50451725,773.0,821.9500122070312,756.6500244140625,818.0499877929688,797.8009643554688,34216559
2022-12-01,1091.4000244140625,1120.0,993.0,1016.4000244140625,936.3804931640625,47947417,9019.0498046875,9025.0,8076.0498046875,8394.599609375,8238.5234375,11972055,455.0,483.8500061035156,427.6000061035156,473.3500061035156,467.5987548828125,154785067,2855.0,2884.0,2611.60009765625,2738.85009765625,2542.444580078125,7138639,853.0,853.2000122070312,760.0999755859375,806.0999755859375,797.9672241210938,92554041,747.1500244140625,777.5,722.4000244140625,768.0499877929688,758.8837280273438,37098785,173.5,176.0,161.89999389648438,166.4499969482422,153.53172302246094,182797666,3744.050048828125,3744.050048828125,3524.050048828125,3616.050048828125,3394.396240234375,4916322,7100.0,7299.0,6860.0,6959.0498046875,6886.54931640625,7497680,168.0,168.6374969482422,157.83749389648438,160.27499389648438,143.20297241210938,216747338,956.0,957.0,875.25,890.8499755859375,876.0353393554688,232247479,1762.989990234375,1832.2147216796875,1697.2513427734375,1716.6741943359375,1700.7591552734375,11331161,341.70001220703125,347.3500061035156,325.3500061035156,331.54998779296875,303.6600646972656,191176419,141.4499969482422,150.5,139.1999969482422,146.75,129.5421142578125,298523594,1175.0,1273.550048828125,1141.0,1220.0999755859375,1193.60888671875,60632839,884.75,912.0,785.2999877929688,818.0999755859375,805.2474975585938,108663134,1622.0,1669.4000244140625,1585.449951171875,1628.1500244140625,1570.7257080078125,130159919,443.0,443.6000061035156,375.20001220703125,387.95001220703125,382.2681884765625,285898367,3191.0,3242.35009765625,3018.0,3087.89990234375,2999.916259765625,19992087,1265.3402099609375,1271.4320068359375,1150.1729736328125,1175.5323486328125,1167.4322509765625,197847431,1130.0,1150.6500244140625,1011.5,1039.300048828125,945.9901733398438,65346908,607.8499755859375,629.5499877929688,570.7000122070312,613.7000122070312,580.418212890625,236062156,675.4600219726562,677.0,630.0,657.52001953125,648.3530883789062,198387810,3425.0,3480.0,3163.64990234375,3256.699951171875,3024.614990234375,32369777,2019.0,2063.594970703125,1955.27001953125,1960.5999755859375,1905.485107421875,12568430,105.6500015258789,108.4000015258789,94.6500015258789,99.9000015258789,96.6585922241211,320360530,206.4250030517578,208.1750030517578,188.14999389648438,196.375,192.1391143798828,219657556,1315.0,1316.949951171875,1208.0,1249.199951171875,1217.4774169921875,41164680,1656.199951171875,1672.5999755859375,1482.449951171875,1508.199951171875,1412.4150390625,127679808,269.2900085449219,283.8999938964844,250.27000427246094,275.3800048828125,265.8841552734375,112719795,108.69999694824219,116.0999984741211,101.6500015258789,112.6500015258789,104.49805450439453,1033218889,1145.0,1147.3499755859375,1070.0,1075.949951171875,1056.2230224609375,30877338,1055.0,1057.8499755859375,973.7000122070312,1001.4000244140625,975.8262329101562,57594089,2085.25,2211.60009765625,2050.10009765625,2085.800048828125,2045.79541015625,41471157,3489.60009765625,3500.0,3088.199951171875,3227.75,3157.527099609375,14911186,1473.550048828125,1488.0,1277.949951171875,1351.3499755859375,1347.273681640625,10917477,901.9199829101562,906.4000244140625,840.2000122070312,847.510009765625,842.5208129882812,51994360,909.5,958.9000244140625,891.4000244140625,933.75,931.2828369140625,166971020,2680.0,2741.60009765625,2539.39990234375,2561.050048828125,2452.8603515625,28106599,2662.0,2665.0,2455.0,2597.5,2580.667236328125,20260132,3937.5,4190.0,3616.800048828125,3858.35009765625,3852.898681640625,40808180,4765.0,4901.9501953125,4468.10009765625,4477.60009765625,4446.18017578125,9946041,228.39999389648438,234.4499969482422,214.1999969482422,225.0500030517578,192.03684997558594,128039944,1634.800048828125,1655.0,1483.1500244140625,1547.8499755859375,1545.3062744140625,35462140,1955.0,1961.75,1794.199951171875,1827.25,1823.747802734375,65172324,821.9000244140625,821.9000244140625,763.0999755859375,766.9500122070312,747.9658203125,24374928
2023-01-01,1017.9000244140625,1077.300048828125,985.0,1015.0,935.0907592773438,42793489,8365.0,8943.849609375,8249.150390625,8895.2998046875,8729.9140625,11518729,475.95001220703125,504.0,458.6499938964844,468.3999938964844,462.7088928222656,148440047,2738.85009765625,2812.0,2663.0,2763.25,2565.09521484375,5336785,806.25,826.0999755859375,751.6500244140625,770.2999877929688,762.5283813476562,144541778,771.9000244140625,783.5,692.7999877929688,716.4500122070312,707.8995971679688,50298401,167.0500030517578,172.64999389648438,164.0,171.14999389648438,157.866943359375,233629142,3617.0,3995.0,3520.050048828125,3818.25,3584.2021484375,7737153,6979.89990234375,7389.0,6604.10009765625,7085.5498046875,7011.73193359375,8922186,160.91250610351562,171.22500610351562,153.1875,162.4875030517578,145.1798095703125,294521393,894.0,907.9000244140625,796.0,831.9000244140625,818.0657348632812,321387922,1718.566650390625,1741.0771484375,1543.36328125,1583.902099609375,1569.218017578125,12895307,330.8999938964844,355.0,326.0,352.3500061035156,322.71038818359375,218461034,147.3000030517578,154.14999389648438,143.25,144.89999389648438,127.90904235839844,299006065,1220.0999755859375,1273.4000244140625,1055.0,1082.949951171875,1059.436767578125,76676752,823.0,826.75,537.0,612.6500244140625,603.025146484375,231070475,1627.0,1702.4000244140625,1560.0,1603.5,1546.945068359375,152999289,392.5,454.79998779296875,381.0,452.1000061035156,445.4786376953125,416341489,3087.89990234375,3087.89990234375,2685.85009765625,2725.85009765625,2648.18212890625,26563904,1176.8245849609375,1202.6685791015625,1061.9111328125,1086.3013916015625,1078.8160400390625,285629542,1039.0999755859375,1143.699951171875,1025.25,1122.199951171875,1021.447265625,76099222,614.9500122070312,619.2000122070312,525.2000122070312,553.5,523.48291015625,267234546,656.5,666.0,568.0,588.6400146484375,580.4334106445312,285033520,3261.0,3458.449951171875,3200.0,3358.699951171875,3119.345458984375,39921886,1961.6650390625,2018.9000244140625,1892.9000244140625,1901.7750244140625,1848.31396484375,8802480,100.4000015258789,104.0,87.0,94.94999694824219,91.86920166015625,326424758,196.5,205.10000610351562,190.6999969482422,199.4250030517578,195.1233367919922,206482770,1251.0,1385.5,1231.0,1378.75,1343.737548828125,45268804,1514.0,1568.800048828125,1446.5,1533.75,1436.3424072265625,142093979,276.20001220703125,278.0,245.47999572753906,257.32000732421875,248.44686889648438,56381390,114.4000015258789,124.30000305175781,113.75,119.69999694824219,111.03787231445312,1117797658,1080.25,1096.949951171875,1007.5,1017.9500122070312,999.286376953125,27261977,1001.4000244140625,1072.1500244140625,987.2000122070312,1034.5,1008.0809936523438,45278126,2092.89990234375,2297.64990234375,2058.0,2124.39990234375,2083.65478515625,44603125,3227.0,3278.85009765625,3060.0,3263.35009765625,3192.35302734375,10446291,1358.0,1358.4000244140625,1155.0,1196.5999755859375,1192.990478515625,14293952,851.75,878.989990234375,835.02001953125,864.8300170898438,859.7388305664062,28065995,932.25,970.0,846.1500244140625,871.5999755859375,869.2970581054688,197237323,2573.89990234375,2693.5,2527.050048828125,2576.75,2467.89697265625,35595413,2607.0,2626.25,2287.050048828125,2377.14990234375,2361.7451171875,22172111,3870.0,3880.0,2665.0,2973.89990234375,2969.6982421875,79652039,4488.0,4516.7001953125,4123.0,4255.89990234375,4226.03515625,7584957,226.75,232.0,211.10000610351562,224.85000610351562,191.86619567871094,148592672,1550.0,1570.0,1302.050048828125,1342.449951171875,1340.243896484375,58161547,1827.800048828125,1836.5,1683.8499755859375,1731.0,1727.6822509765625,72830120,769.9000244140625,781.0,725.0499877929688,729.5,711.4428100585938,22270132
2023-02-01,1018.0499877929688,1156.8499755859375,997.0,1100.25,1013.6290893554688,69973662,8937.0,9030.4501953125,8530.0,8624.349609375,8464.0009765625,6631899,473.0,480.6000061035156,398.0,399.20001220703125,394.3497009277344,131817339,2775.550048828125,2822.85009765625,2410.35009765625,2419.10009765625,2245.62451171875,8809408,775.9500122070312,795.8499755859375,738.4500122070312,742.25,734.7614135742188,90581909,722.0,738.7000122070312,664.9000244140625,667.2000122070312,659.2373657226562,31335228,172.25,174.25,162.5500030517578,170.5,157.2674102783203,240343898,3829.449951171875,3934.949951171875,3625.60009765625,3661.199951171875,3436.77880859375,6167650,7085.0,7492.0,6981.60009765625,7261.2998046875,7185.65087890625,8688189,168.75,168.75,157.8000030517578,166.6875,148.93243408203125,220634590,843.4500122070312,877.7999877929688,823.1500244140625,854.8499755859375,840.634033203125,255975001,1586.6910400390625,1662.1907958984375,1547.895263671875,1572.2982177734375,1557.7216796875,12368995,353.0,394.0,329.1000061035156,376.70001220703125,345.0120544433594,371512774,145.8000030517578,158.8000030517578,140.10000610351562,152.0500030517578,134.2206268310547,237976221,1094.0,1170.0,990.0,1077.699951171875,1054.30078125,59310139,627.0,629.0,395.1000061035156,592.4500122070312,583.1425170898438,549832517,1624.0,1681.9000244140625,1577.300048828125,1599.5999755859375,1543.1824951171875,126613185,456.79998779296875,461.5,413.04998779296875,420.70001220703125,414.5385437011719,199377042,2749.800048828125,2852.0,2694.0,2828.800048828125,2748.19873046875,18969238,1098.3465576171875,1137.0433349609375,1058.2191162109375,1071.8564453125,1064.470703125,305711483,1137.0,1156.6500244140625,1068.0999755859375,1077.5999755859375,989.726806640625,62400856,561.4000244140625,565.0,499.3500061035156,522.7999877929688,494.4478454589844,364711473,594.4000244140625,652.760009765625,564.5,611.2100219726562,602.688720703125,220995030,3363.0,3575.0,3299.89990234375,3312.85009765625,3139.088623046875,31342992,1910.0,1979.9849853515625,1846.0150146484375,1867.0,1814.516357421875,12555090,97.0,98.6500015258789,88.30000305175781,94.5999984741211,91.53057098388672,311950771,200.75,206.625,192.72500610351562,193.52499389648438,189.3505859375,135536140,1386.550048828125,1397.0,1248.4000244140625,1269.5999755859375,1237.359375,45641523,1542.199951171875,1619.75,1481.300048828125,1487.550048828125,1393.0765380859375,99346960,265.6000061035156,273.3800048828125,238.0,240.6699981689453,234.9137420654297,59618100,120.0999984741211,124.1500015258789,103.55000305175781,103.94999694824219,96.42762756347656,971215680,1019.0,1044.5999755859375,903.0999755859375,906.4000244140625,889.7816772460938,33312821,1036.449951171875,1043.949951171875,954.0,956.5999755859375,932.1702880859375,43090957,2133.0,2262.0,2080.300048828125,2109.14990234375,2068.697509765625,45064472,3280.0,3354.949951171875,3091.14990234375,3105.89990234375,3038.328125,13201082,1204.0,1378.9000244140625,1192.1500244140625,1278.1500244140625,1274.29443359375,14946842,868.2000122070312,912.7999877929688,857.0,863.3200073242188,858.2377319335938,30514980,876.2999877929688,899.1500244140625,829.5499877929688,844.0999755859375,841.8697509765625,156448291,2600.199951171875,2657.449951171875,2435.64990234375,2460.64990234375,2356.70166015625,27497229,2408.550048828125,2545.85009765625,2269.60009765625,2372.800048828125,2357.42333984375,22285370,2995.0,3010.75,1017.4500122070312,1363.8499755859375,1361.923095703125,309371332,4275.0,4668.9501953125,4158.0,4401.64990234375,4370.76220703125,10237609,228.0,228.0,209.14999389648438,215.39999389648438,183.80242919921875,150155080,1348.0,1435.0,1246.8499755859375,1334.9000244140625,1332.7064208984375,35830429,1745.0,1803.9000244140625,1687.75,1729.25,1725.9356689453125,54834762,737.25,748.4000244140625,700.0,715.2999877929688,697.5942993164062,21046042
2023-03-01,1100.25,1164.699951171875,1041.050048828125,1101.8499755859375,1015.1031494140625,60049496,8620.0,8776.25,8130.0,8292.150390625,8137.97802734375,8565901,402.0,422.20001220703125,381.0,405.3500061035156,400.4249572753906,152394055,2415.0,2491.75,2246.0,2347.35009765625,2235.863037109375,7116566,742.4000244140625,795.0,735.7999877929688,749.0,741.443359375,97472910,668.0,692.5,649.0499877929688,688.0999755859375,679.887939453125,38821266,170.9499969482422,182.1999969482422,169.9499969482422,175.10000610351562,165.7306365966797,270279744,3670.0,3945.5,3636.89990234375,3884.75,3646.625732421875,7107277,7227.0,7644.2998046875,6991.0,7622.14990234375,7542.7412109375,6147568,166.16250610351562,175.5,161.85000610351562,169.27499389648438,154.81393432617188,354750243,864.0,881.0,810.2999877929688,877.25,862.6614990234375,353368888,1561.7900390625,1645.108642578125,1521.002197265625,1626.2337646484375,1611.1572265625,10519401,374.25,393.6000061035156,369.6499938964844,383.5,356.77935791015625,236508334,152.0,159.6999969482422,146.5,151.0500030517578,136.8782501220703,197390021,1077.050048828125,1182.6500244140625,990.2000122070312,1067.949951171875,1044.762451171875,101209881,598.0,722.75,571.5499877929688,631.9000244140625,621.9727172851562,310686036,1612.0,1645.949951171875,1532.050048828125,1609.550048828125,1552.78173828125,281250547,421.5,442.04998779296875,400.45001220703125,420.79998779296875,414.6370544433594,181112839,2828.0,2923.949951171875,2740.050048828125,2761.64990234375,2682.9619140625,21347057,1081.755615234375,1118.9525146484375,1006.0696411132812,1075.7791748046875,1068.366455078125,348033691,1077.3499755859375,1148.0,1039.3499755859375,1085.25,996.7529296875,55487820,523.25,567.9000244140625,501.54998779296875,523.75,495.3463134765625,345056294,610.010009765625,620.9600219726562,548.5700073242188,561.6749877929688,553.8442993164062,211418220,3323.0,3404.949951171875,3095.050048828125,3205.89990234375,3037.748046875,39995219,1870.0,1975.18994140625,1788.0,1970.449951171875,1915.0582275390625,12557680,95.19999694824219,98.44999694824219,89.6500015258789,97.55000305175781,94.97969818115234,308582521,194.0500030517578,198.3249969482422,177.5,182.625,178.6857147216797,141174236,1275.949951171875,1305.550048828125,1123.4000244140625,1158.699951171875,1129.275634765625,55969591,1492.4000244140625,1520.4000244140625,1364.550048828125,1427.949951171875,1337.2615966796875,142669535,241.39999389648438,262.94000244140625,238.60000610351562,251.8800048828125,245.8556365966797,116192495,104.69999694824219,109.1500015258789,101.55000305175781,104.5,96.93783569335938,1020302409,907.7999877929688,910.25,852.0,900.5,883.9898071289062,53373604,951.0,996.5,946.0999755859375,983.0999755859375,965.1864013671875,44633588,2100.0,2246.25,2100.0,2164.199951171875,2122.691650390625,46048462,3106.0,3219.949951171875,2836.0,2948.85009765625,2884.695068359375,11094179,1286.5,1389.0,1276.4000244140625,1374.949951171875,1370.8023681640625,10114667,863.2899780273438,931.2999877929688,859.4000244140625,924.5499877929688,919.1072387695312,36728235,846.0499877929688,874.25,814.2999877929688,858.5,856.231689453125,223693768,2458.0,2568.449951171875,2393.0,2560.35009765625,2452.190185546875,30309893,2370.0,2536.75,2321.0,2514.89990234375,2498.6025390625,19769817,1424.0,2135.0,1407.9000244140625,1750.449951171875,1747.976806640625,228029587,4401.64990234375,4538.25,4195.0,4310.89990234375,4286.431640625,7245172,215.39999389648438,226.9499969482422,207.60000610351562,213.64999389648438,186.7722930908203,134526875,1335.699951171875,1399.449951171875,1215.0,1266.5,1264.418701171875,40902790,1729.25,1765.0,1643.5,1732.8499755859375,1729.52880859375,108237742,712.9500122070312,723.2000122070312,686.5999755859375,708.8499755859375,691.303955078125,24349759
2023-04-01,1104.5999755859375,1117.0,981.0499877929688,1023.7000122070312,943.1058959960938,39687710,8412.849609375,8850.0,8377.099609375,8589.5498046875,8429.8486328125,7988679,406.5,437.3500061035156,394.29998779296875,436.1000061035156,430.8013610839844,82410214,2385.0,2567.0,2372.050048828125,2558.60009765625,2437.079833984375,8555327,755.0,802.0499877929688,752.0499877929688,799.2999877929688,791.2357788085938,70618011,690.4000244140625,736.0,675.0499877929688,725.2999877929688,716.6439819335938,23309314,175.60000610351562,179.75,166.8000030517578,172.0,162.79649353027344,193790703,3904.800048828125,4439.7001953125,3888.199951171875,4431.9501953125,4160.2841796875,8415644,7670.89990234375,7824.0,7300.0,7556.2001953125,7477.478515625,5571313,170.5124969482422,179.9250030517578,167.77499389648438,177.9375,162.7364044189453,157671334,880.2000122070312,920.4500122070312,864.4000244140625,917.6500244140625,902.3897094726562,477530514,1623.34521484375,1734.4036865234375,1607.8568115234375,1713.48681640625,1697.6014404296875,9485257,384.0,428.25,378.5,425.54998779296875,395.8995056152344,171368060,154.5,161.8000030517578,150.0,158.9499969482422,144.0370635986328,179726512,1073.0,1157.550048828125,1007.9500122070312,1152.800048828125,1127.770263671875,57942344,638.5499877929688,683.0,622.1500244140625,681.2999877929688,670.5966186523438,71696086,1607.550048828125,1720.0,1602.75,1687.5999755859375,1628.078857421875,296725881,423.0,488.0,419.5,484.95001220703125,477.8475341796875,214616265,2746.949951171875,2920.0,2708.64990234375,2902.35009765625,2819.653076171875,15227696,1082.2171630859375,1119.114013671875,1065.3955078125,1117.060302734375,1109.363037109375,209837745,1089.949951171875,1113.0,1016.25,1064.0999755859375,977.3275146484375,53565715,524.75,580.4500122070312,519.0499877929688,578.2999877929688,546.9379272460938,389306777,565.5,629.5999755859375,563.219970703125,628.010009765625,619.2545166015625,187938530,3224.949951171875,3272.949951171875,3070.25,3219.25,3050.397705078125,43824242,1978.4000244140625,2184.9599609375,1936.4949951171875,2176.139892578125,2114.96630859375,14620190,98.94999694824219,103.8499984741211,95.05000305175781,103.30000305175781,101.23774719238281,189552703,183.97500610351562,194.0,176.0,192.5,188.3477020263672,148982596,1161.300048828125,1228.75,1148.300048828125,1226.9000244140625,1195.7437744140625,35744868,1435.0,1435.0,1185.300048828125,1252.75,1173.1885986328125,181895956,253.1999969482422,293.8599853515625,253.1999969482422,266.5199890136719,260.1454772949219,63885800,105.0999984741211,110.4000015258789,103.19999694824219,107.94999694824219,100.13816833496094,490648377,910.0,925.9500122070312,886.2999877929688,908.0499877929688,891.4014282226562,37765180,981.0,1023.8499755859375,959.25,987.6500244140625,969.6536254882812,33806250,2180.0,2369.0,2155.0,2364.39990234375,2319.052001953125,33280508,3050.0,3308.699951171875,2922.199951171875,3301.10009765625,3229.281494140625,11317884,1393.0,1405.800048828125,1306.199951171875,1367.75,1363.624267578125,7640189,929.7899780273438,988.0,919.6199951171875,985.969970703125,980.1656494140625,30028915,864.0,895.7999877929688,843.9500122070312,860.0,857.7277221679688,333173222,2570.0,2588.550048828125,2419.0,2457.300048828125,2353.4931640625,25501376,2525.89990234375,2679.300048828125,2513.300048828125,2641.85009765625,2624.72998046875,14973752,1750.449951171875,1944.0,1671.550048828125,1924.949951171875,1922.230224609375,58223387,4343.5,4529.0,4168.0,4513.7001953125,4488.08056640625,8179410,214.10000610351562,234.75,213.8000030517578,233.10000610351562,203.77545166015625,78406292,1273.0,1374.0,1265.5,1354.6500244140625,1352.423828125,27801142,1734.0,1943.300048828125,1733.199951171875,1938.050048828125,1934.33544921875,61942376,710.0,765.0,696.4500122070312,763.8499755859375,744.9425048828125,25794820
2023-05-01,1023.7000122070312,1128.050048828125,1020.4000244140625,1115.550048828125,1027.724609375,48115748,8589.5498046875,9488.7998046875,8589.5498046875,9367.7001953125,9193.53125,10660245,436.1000061035156,449.8999938964844,397.79998779296875,405.8999938964844,400.9682922363281,138078850,2558.60009765625,2795.0,2466.0,2759.89990234375,2628.818603515625,14363331,799.2999877929688,888.75,773.6500244140625,849.9000244140625,841.3253784179688,160476176,725.2999877929688,746.5,681.0499877929688,696.2999877929688,687.9900512695312,49258488,172.0,180.0,171.9499969482422,173.85000610351562,164.54750061035156,214851567,4431.9501953125,4664.5498046875,4424.0498046875,4567.14990234375,4287.1962890625,8633407,7556.2001953125,7970.0,7434.4501953125,7870.0498046875,7788.05859375,6526124,177.9375,187.1999969482422,172.5,175.3874969482422,160.40423583984375,262859759,917.6500244140625,958.8499755859375,911.5499877929688,949.1500244140625,933.3659057617188,400248418,1713.48681640625,1781.167724609375,1660.39794921875,1711.5445556640625,1695.6771240234375,12180148,425.54998779296875,452.0,411.3500061035156,445.5,414.4594421386719,288306148,158.9499969482422,169.0,150.0500030517578,154.89999389648438,140.36700439453125,323707482,1152.800048828125,1297.4000244140625,1065.3499755859375,1286.5999755859375,1258.6651611328125,77456708,681.2999877929688,785.6500244140625,656.75,738.8499755859375,727.2424926757812,175302405,1687.5999755859375,1734.449951171875,1597.3499755859375,1610.8499755859375,1554.0357666015625,385815045,484.95001220703125,537.1500244140625,474.54998779296875,526.2999877929688,518.5919189453125,291541815,2902.35009765625,3219.35009765625,2893.0,3192.949951171875,3101.97265625,21922294,1117.060302734375,1171.148193359375,1113.6221923828125,1139.8583984375,1132.0040283203125,218569023,1064.0999755859375,1153.3499755859375,1048.300048828125,1145.0999755859375,1069.6962890625,44399585,578.2999877929688,596.4000244140625,563.25,579.8499755859375,548.4039306640625,420940668,628.010009765625,702.5999755859375,615.594970703125,698.9849853515625,689.239990234375,218381650,3219.25,3372.0,3173.14990234375,3289.5,3116.96337890625,36616015,2176.139892578125,2230.0,2127.5,2167.31005859375,2116.93115234375,17418760,103.30000305175781,112.5999984741211,103.30000305175781,112.1500015258789,109.91105651855469,247491462,192.5,203.0,189.5,201.8249969482422,197.4715576171875,164238454,1226.9000244140625,1350.0,1208.050048828125,1319.0,1285.5048828125,57506479,1252.75,1332.699951171875,1239.050048828125,1318.300048828125,1234.5755615234375,153758884,266.5199890136719,284.67999267578125,261.20001220703125,279.95001220703125,273.2542724609375,75572540,107.94999694824219,111.9000015258789,104.05000305175781,105.80000305175781,98.14375305175781,667715563,908.0499877929688,965.0,896.8499755859375,953.0499877929688,935.5763549804688,50957316,987.6500244140625,988.9000244140625,922.4500122070312,975.3499755859375,957.5776977539062,62719438,2364.39990234375,2416.35009765625,2168.5,2205.64990234375,2163.3466796875,52043036,3301.10009765625,3727.0,3301.10009765625,3671.949951171875,3592.063232421875,16925559,1367.75,1595.0,1367.75,1560.449951171875,1555.742919921875,10816523,985.969970703125,997.7999877929688,876.8099975585938,900.2100219726562,894.9105834960938,51178285,860.0,939.9000244140625,854.0499877929688,914.8499755859375,912.4328002929688,246339008,2457.300048828125,2680.0,2450.0,2667.550048828125,2554.861572265625,29734853,2641.85009765625,2841.89990234375,2633.39990234375,2823.25,2804.954345703125,19889975,1924.949951171875,2759.449951171875,1785.3499755859375,2493.35009765625,2489.827392578125,161701363,4513.7001953125,4795.0,4410.25,4621.9501953125,4595.71630859375,9132425,233.10000610351562,247.89999389648438,230.0,241.25,210.900146484375,110257881,1354.6500244140625,1468.5,1330.0,1451.050048828125,1448.66552734375,32471262,1938.050048828125,2064.39990234375,1890.0,2014.3499755859375,2010.4892578125,175500746,763.8499755859375,800.0,756.4500122070312,798.6500244140625,778.8811645507812,20899826
2023-06-01,1122.0,1139.199951171875,1060.0999755859375,1130.8499755859375,1041.8201904296875,48362453,9337.5,9853.5,9222.0,9789.0498046875,9607.046875,9071607,409.04998779296875,433.25,405.8999938964844,420.95001220703125,415.83544921875,111396869,2758.85009765625,3026.0,2745.050048828125,2910.10009765625,2771.88525390625,16495680,837.9500122070312,883.0,819.0,878.75,869.8842163085938,96971919,698.9000244140625,791.4500122070312,691.1500244140625,784.7999877929688,775.433837890625,65768260,173.60000610351562,191.64999389648438,171.85000610351562,189.14999389648438,179.02879333496094,234449078,4587.0,4829.89990234375,4567.25,4691.5498046875,4403.97119140625,7600877,7871.0,8432.150390625,7809.7998046875,8294.75,8208.333984375,6040724,174.71249389648438,194.77499389648438,172.53750610351562,191.3625030517578,175.01451110839844,257577113,954.25,954.25,914.7999877929688,934.5999755859375,919.0578002929688,315849697,1708.207763671875,1792.7716064453125,1689.2830810546875,1727.780029296875,1711.7620849609375,12414983,447.0,455.8999938964844,433.8500061035156,451.6000061035156,422.7229309082031,164983530,154.6999969482422,161.0,152.5500030517578,160.3000030517578,145.26039123535156,231779488,1280.0,1382.25,1251.5,1374.6500244140625,1344.8033447265625,68317192,730.5,759.9000244140625,703.0,739.25,727.63623046875,134902058,1619.9000244140625,1708.800048828125,1579.0,1701.4000244140625,1660.2154541015625,304786102,527.5,599.0,522.8499755859375,595.5499877929688,586.8276977539062,261017872,3235.35009765625,3449.60009765625,3151.14990234375,3362.050048828125,3266.2548828125,18302973,1144.5888671875,1192.515625,1131.1361083984375,1176.93994140625,1168.8302001953125,223723612,1148.0,1194.0,1105.949951171875,1187.949951171875,1109.7244873046875,38002166,581.7999877929688,593.9500122070312,553.7999877929688,572.8499755859375,552.3117065429688,280559201,702.4000244140625,739.885009765625,694.5,716.0599975585938,706.076904296875,146346300,3314.0,3340.0,3156.0,3302.25,3129.044921875,38361975,2178.60009765625,2317.52490234375,2157.280029296875,2289.429931640625,2236.212646484375,13860780,112.19999694824219,127.3499984741211,112.0,125.75,123.23955535888672,415245029,202.5,204.89999389648438,188.5500030517578,194.5749969482422,190.37796020507812,251790996,1319.0,1461.0,1312.800048828125,1453.5999755859375,1416.6868896484375,45760011,1322.550048828125,1338.9000244140625,1262.25,1335.5,1250.68310546875,125302884,279.95001220703125,358.7099914550781,277.1499938964844,347.0400085449219,338.7396240234375,225918555,105.9000015258789,115.5999984741211,105.80000305175781,112.0,103.89509582519531,710116726,950.0,1026.0999755859375,946.75,1014.9500122070312,996.3414306640625,33978742,979.7999877929688,1055.0,975.0,1051.5999755859375,1032.438232421875,58607257,2217.0,2483.5,2202.14990234375,2475.550048828125,2428.0703125,37566287,3713.699951171875,3748.0,3465.050048828125,3580.10009765625,3502.211669921875,10249693,1564.9000244140625,1783.949951171875,1550.0,1764.1500244140625,1761.4144287109375,9993769,901.969970703125,1034.989990234375,900.2100219726562,1031.9200439453125,1025.84521484375,43682855,922.0,989.8499755859375,916.0499877929688,987.4500122070312,984.8410034179688,220129526,2667.0,2738.199951171875,2620.10009765625,2678.14990234375,2565.013427734375,25374578,2823.25,3067.949951171875,2814.699951171875,3047.64990234375,3027.900146484375,17926873,2499.89990234375,2560.0,2163.300048828125,2388.050048828125,2384.676025390625,132788969,4689.0,5294.0,4686.0,5098.2001953125,5069.26318359375,12334052,230.39999389648438,233.39999389648438,223.25,231.0,201.9396209716797,240675707,1455.5,1553.300048828125,1444.0,1528.0,1525.489013671875,23706308,1968.0,1979.1500244140625,1815.300048828125,1846.550048828125,1843.0108642578125,99095839,798.9000244140625,877.2000122070312,784.4500122070312,860.9000244140625,848.715087890625,39407565
2023-07-01,1136.0,1270.75,1082.300048828125,1115.5,1027.6785888671875,78887377,9742.0498046875,10036.9501953125,9525.650390625,9820.75,9638.1572265625,9040071,424.0,463.25,417.1499938964844,462.6000061035156,456.9794006347656,115304582,2875.0,3230.0,2862.39990234375,3203.699951171875,3051.540771484375,19526816,880.0,901.4000244140625,853.2999877929688,889.9000244140625,880.9218139648438,107508890,788.0,823.3499755859375,773.2000122070312,816.75,807.0026245117188,89437935,190.0,218.9499969482422,184.75,218.35000610351562,206.66635131835938,318719129,4685.2001953125,4995.10009765625,4588.0498046875,4931.39990234375,4770.73486328125,9112805,8383.0,8499.0,8072.0,8318.150390625,8231.4912109375,6427569,190.91250610351562,200.25,177.52499389648438,199.53750610351562,182.49111938476562,360107426,937.0,1008.7000122070312,936.5,998.2999877929688,981.6985473632812,373788451,1743.0692138671875,1847.3544921875,1726.385498046875,1842.1253662109375,1825.04736328125,12742227,451.6000061035156,499.70001220703125,450.04998779296875,465.70001220703125,435.9213562011719,284132632,160.3000030517578,177.5,160.0,177.0500030517578,160.4388885498047,171742860,1379.949951171875,1446.0,1345.1500244140625,1417.75,1402.1832275390625,72232459,744.5,780.0,708.0,777.8499755859375,765.6298217773438,60561333,1712.5,1757.5,1627.1500244140625,1651.199951171875,1611.2305908203125,464367195,600.0,665.4000244140625,584.9500122070312,644.2999877929688,634.8637084960938,261753677,3365.0,3568.0,3293.949951171875,3377.35009765625,3302.968994140625,17229102,1180.5396728515625,1318.0435791015625,1179.2935791015625,1274.625,1265.842041015625,416254816,1190.0,1202.5999755859375,1087.050048828125,1116.699951171875,1043.166259765625,69218168,574.5,621.9000244140625,573.9000244140625,620.2000122070312,597.9641723632812,345743995,716.0599975585938,799.989990234375,716.0,730.030029296875,722.9110107421875,269058080,3314.300048828125,3549.89990234375,3250.10009765625,3421.449951171875,3266.10302734375,47658115,2295.0,2339.534912109375,2207.60498046875,2255.330078125,2202.9052734375,11240220,126.0,131.6999969482422,121.05000305175781,130.6999969482422,128.09072875976562,319205289,196.9499969482422,212.47500610351562,193.9250030517578,202.52499389648438,198.1564483642578,266396264,1470.0,1594.800048828125,1438.3499755859375,1475.199951171875,1437.73828125,61884467,1330.0,1498.800048828125,1305.0,1355.699951171875,1286.664794921875,212488786,350.5400085449219,379.6000061035156,340.7699890136719,378.6300048828125,369.5740661621094,173940120,112.25,123.8499984741211,111.25,123.1500015258789,117.96675872802734,784561542,1020.5,1219.4000244140625,996.5,1175.0,1153.45703125,41509032,1053.0,1155.3499755859375,1028.75,1143.4000244140625,1122.5655517578125,53683804,2478.199951171875,2690.0,2420.0,2681.35009765625,2629.92333984375,37013810,3590.949951171875,3666.0,3160.0,3365.5,3292.2802734375,28814053,1774.9000244140625,1791.949951171875,1657.449951171875,1757.0999755859375,1754.3753662109375,6818750,1031.9200439453125,1132.0799560546875,1015.25,1128.0899658203125,1121.448974609375,47688345,990.0,990.0,942.2000122070312,953.9000244140625,951.3796997070312,199921066,2687.0,2769.64990234375,2553.0,2560.800048828125,2472.65234375,35070506,3050.10009765625,3210.0,2950.0,3004.050048828125,2984.582763671875,21335983,2405.0,2518.0,2340.0,2492.199951171875,2488.6787109375,52182135,5127.5,5364.0,5050.39990234375,5173.4501953125,5144.08544921875,8797318,231.5,237.3000030517578,226.85000610351562,229.25,200.40977478027344,167551601,1528.0,1664.9000244140625,1526.5999755859375,1598.300048828125,1596.5145263671875,39745455,1856.0,1987.75,1836.050048828125,1856.550048828125,1852.99169921875,98636711,866.9500122070312,883.9500122070312,822.0,859.2999877929688,847.1376953125,33334079
2023-08-01,1120.0,1250.3499755859375,1119.9000244140625,1201.949951171875,1136.344482421875,50968121,9760.0,10065.0,9254.150390625,10003.7998046875,9817.8037109375,11781782,465.0,471.54998779296875,438.1499938964844,459.8500061035156,454.2627868652344,116714223,3224.949951171875,3244.0,2890.0,2915.949951171875,2808.7080078125,18184882,894.5,900.5499877929688,847.0499877929688,856.4000244140625,847.759765625,95832731,823.0,835.0,770.5499877929688,779.6500244140625,773.5901489257812,44608026,219.5500030517578,226.64999389648438,211.8000030517578,220.3000030517578,208.5120086669922,333629942,4941.75,4978.64990234375,4541.0,4613.7998046875,4463.482421875,6879494,8347.0,8368.0,7987.64990234375,8297.4501953125,8248.5341796875,5852395,196.5,196.5,179.8125,183.41250610351562,167.74368286132812,302565429,1001.6500244140625,1003.7000122070312,946.0,958.75,942.8062133789062,419882175,1844.6651611328125,1861.000244140625,1751.0872802734375,1783.8570556640625,1767.3192138671875,13233288,466.0,468.8500061035156,436.1000061035156,439.70001220703125,411.5838623046875,229261374,175.3000030517578,180.4499969482422,171.5,174.14999389648438,157.8109588623047,142540893,1420.75,1435.0,1354.050048828125,1378.1500244140625,1363.01806640625,51337021,778.9500122070312,869.0,751.5499877929688,792.2000122070312,784.9964599609375,187567549,1654.449951171875,1667.449951171875,1558.4000244140625,1571.449951171875,1533.4110107421875,421683081,645.0,652.9000244140625,593.2999877929688,601.0,594.0435791015625,275091873,3372.0,3385.0,3152.14990234375,3256.10009765625,3184.389404296875,16415451,1277.5,1291.4000244140625,1199.949951171875,1203.5,1195.2071533203125,298475086,1120.0,1195.0,1111.9000244140625,1172.1500244140625,1104.4122314453125,55044604,620.2000122070312,620.8499755859375,554.0,561.3499755859375,541.2239990234375,462509507,730.030029296875,733.0900268554688,680.0999755859375,716.2999877929688,709.3148803710938,189883220,3415.0,3489.949951171875,3343.64990234375,3356.800048828125,3212.721435546875,35920566,2260.830078125,2293.81494140625,2145.0,2198.639892578125,2147.53271484375,13253550,131.0,137.9499969482422,123.5,133.1999969482422,130.5408172607422,297218730,202.75,211.0749969482422,198.52499389648438,204.1999969482422,199.7953338623047,179756492,1475.199951171875,1590.0,1415.75,1575.4000244140625,1551.4840087890625,66425143,1362.0,1444.9000244140625,1348.449951171875,1435.449951171875,1362.353759765625,107163346,378.6300048828125,387.79998779296875,352.0199890136719,385.6600036621094,376.4359130859375,129635840,123.55000305175781,124.1500015258789,114.69999694824219,122.9000015258789,117.72727966308594,691717486,1175.0,1277.9000244140625,1150.0,1257.5999755859375,1244.5550537109375,46868203,1143.4000244140625,1169.699951171875,1100.25,1111.5999755859375,1095.2049560546875,51144864,2681.35009765625,2766.800048828125,2586.300048828125,2702.699951171875,2650.863525390625,33190957,3375.0,3478.85009765625,3274.89990234375,3336.60009765625,3264.00927734375,14534373,1760.0,2079.64990234375,1670.4000244140625,2048.60009765625,2045.423583984375,21108325,1127.969970703125,1197.93994140625,1118.0,1121.5699462890625,1114.9674072265625,69024280,956.0,998.0,927.1500244140625,973.5,971.9186401367188,226659573,2570.0,2591.75,2488.10009765625,2505.050048828125,2418.8212890625,29261678,3024.85009765625,3118.949951171875,2882.449951171875,3104.449951171875,3094.324951171875,20127735,2504.85009765625,2722.39990234375,2383.75,2419.25,2417.0390625,138673349,5210.0,5210.0,4730.0,4814.10009765625,4786.775390625,11355698,230.0,243.14999389648438,227.0,230.0500030517578,201.10916137695312,206982882,1598.300048828125,1599.949951171875,1451.0,1488.9000244140625,1487.2366943359375,32359689,1850.0,1865.75,1746.5,1758.75,1755.3790283203125,87724919,861.9000244140625,863.2999877929688,828.25,834.3499755859375,822.540771484375,22633966
2023-09-01,1205.0,1320.0,1204.050048828125,1222.800048828125,1156.056396484375,51096873,9999.0,10720.0,9951.349609375,10610.599609375,10511.31640625,11869772,462.95001220703125,508.8999938964844,462.1000061035156,492.6499938964844,489.8419494628906,137346632,2932.949951171875,3132.85009765625,2908.0,3057.25,2944.811279296875,8930951,853.1500244140625,948.7000122070312,852.75,926.4000244140625,921.2659912109375,101405841,779.0,840.0,764.3499755859375,779.5999755859375,773.5404663085938,49570568,217.85000610351562,251.5,216.14999389648438,245.5500030517578,235.66293334960938,357767631,4622.39990234375,5274.89990234375,4619.0,5063.7001953125,4898.72509765625,9139211,8300.0,8750.9501953125,8132.0,8254.849609375,8206.1845703125,6743107,185.25,205.9499969482422,183.89999389648438,199.75,186.2535400390625,357606065,956.9000244140625,997.5,934.4000244140625,951.9000244140625,943.7752685546875,321389248,1782.9107666015625,1980.2261962890625,1780.819091796875,1934.7071533203125,1927.3009033203125,18125513,440.0,457.0,436.6499938964844,444.3999938964844,415.9833068847656,205724547,174.39999389648438,192.25,174.39999389648438,191.85000610351562,174.34072875976562,236348457,1382.0,1475.6500244140625,1376.199951171875,1428.8499755859375,1413.161376953125,58121023,780.0,889.5,779.6500244140625,825.1500244140625,817.6468505859375,137577432,1571.0,1670.0,1515.0,1526.300048828125,1489.35400390625,513813831,604.2000122070312,647.0,601.9000244140625,630.2000122070312,622.9055786132812,182497184,3241.10009765625,3334.800048828125,3134.0,3161.050048828125,3091.432861328125,18227698,1203.2750244140625,1241.5,1162.5,1172.5,1168.5340576171875,317033836,1173.0,1311.300048828125,1171.0999755859375,1234.800048828125,1163.441650390625,47092480,562.7000122070312,608.4000244140625,562.0999755859375,598.5499877929688,577.09033203125,307972147,716.85498046875,789.9949951171875,715.5,781.0750122070312,773.4581909179688,160881010,3366.0,3633.75,3356.800048828125,3528.60009765625,3377.1474609375,38442941,2205.0,2306.2900390625,2163.25,2250.68994140625,2198.372802734375,10833160,134.0500030517578,147.14999389648438,133.3000030517578,138.3000030517578,136.16122436523438,378936484,203.97500610351562,221.875,200.75,203.02499389648438,198.6456756591797,244713680,1577.0,1670.0,1513.050048828125,1554.25,1530.655029296875,55245309,1430.949951171875,1518.4000244140625,1416.0,1435.449951171875,1362.353759765625,101541064,386.0,394.3599853515625,371.2699890136719,383.8699951171875,374.688720703125,131233130,123.5,135.0,123.4000015258789,128.89999389648438,123.47473907470703,854770500,1264.9000244140625,1268.9000244140625,1158.9000244140625,1186.1500244140625,1173.8463134765625,32335318,1112.0,1167.4000244140625,1102.0,1158.6500244140625,1141.5609130859375,42060591,2710.0,3058.35009765625,2688.300048828125,3023.550048828125,2972.24755859375,46954858,3350.0,3539.199951171875,3308.0,3446.949951171875,3409.17626953125,12538620,2059.699951171875,2185.0,2012.3499755859375,2080.14990234375,2076.92431640625,15235445,1126.0,1168.5699462890625,1082.199951171875,1117.4000244140625,1110.822021484375,38009180,974.25,1047.5,961.7999877929688,1036.699951171875,1035.0159912109375,184183603,2505.050048828125,2549.0,2442.89990234375,2465.60009765625,2380.729248046875,31969267,3111.949951171875,3352.0,3086.300048828125,3148.800048828125,3138.530517578125,19311415,2381.0,2630.25,2380.0,2413.89990234375,2411.693603515625,67079032,4840.0,5186.9501953125,4801.2001953125,5137.75,5118.00341796875,8440980,230.6999969482422,297.5,230.64999389648438,295.20001220703125,262.5846252441406,363136949,1494.0,1591.0,1487.3499755859375,1540.25,1538.529296875,27848173,1763.9000244140625,1836.0,1729.0,1735.699951171875,1733.7996826171875,79358426,833.0,909.9000244140625,833.0,876.9000244140625,864.4886474609375,32359997
2023-10-01,1222.800048828125,1238.9000244140625,1098.1500244140625,1133.1500244140625,1071.2998046875,45104234,10610.599609375,10845.0,10090.0,10392.2998046875,10295.0595703125,8959018,492.6499938964844,494.79998779296875,448.75,459.5,456.88092041015625,107212114,3057.25,3275.0,2923.949951171875,3088.35009765625,2974.767333984375,10476471,926.4000244140625,960.25,900.0499877929688,914.4000244140625,909.33251953125,88728562,779.5999755859375,801.0,725.25,736.3499755859375,730.6266479492188,32156482,245.5500030517578,247.1999969482422,227.75,235.8000030517578,226.30551147460938,252163858,5063.7001953125,5510.0,4903.0498046875,5314.0498046875,5140.91796875,11508601,8254.849609375,8648.349609375,8045.0498046875,8422.25,8372.5986328125,7119181,199.75,209.0,193.75,202.14999389648438,188.49139404296875,260626064,951.9000244140625,962.0499877929688,899.0,915.3499755859375,907.5371704101562,210597412,1934.7071533203125,2013.991943359375,1820.81005859375,1879.227783203125,1872.033935546875,13905837,444.3999938964844,458.20001220703125,427.04998779296875,428.3999938964844,401.00640869140625,183880361,191.85000610351562,191.85000610351562,179.89999389648438,186.14999389648438,169.1609344482422,186611068,1428.8499755859375,1471.800048828125,1386.199951171875,1441.300048828125,1425.4747314453125,64261839,825.1500244140625,845.4500122070312,754.5,784.75,777.6141967773438,63920642,1526.300048828125,1555.75,1460.25,1476.5,1440.759521484375,315087949,630.2000122070312,677.7999877929688,608.2999877929688,628.6500244140625,621.37353515625,215850154,3161.050048828125,3232.10009765625,2931.0,2995.699951171875,2929.72412109375,18372958,1172.5,1183.5,1110.1500244140625,1143.949951171875,1140.08056640625,205673358,1234.800048828125,1281.5,1208.550048828125,1276.0,1202.2606201171875,50627101,598.5499877929688,604.9000244140625,543.2000122070312,565.5499877929688,545.2734985351562,258401852,781.0750122070312,819.2000122070312,735.25,749.2650146484375,741.9584350585938,189426450,3528.60009765625,3679.0,3330.0,3368.75,3224.158203125,39818106,2250.68994140625,2474.5,2225.514892578125,2423.47998046875,2367.146728515625,18790830,138.3000030517578,141.35000610351562,127.0,133.25,131.18930053710938,218706151,203.02499389648438,211.97500610351562,187.52499389648438,190.89999389648438,186.78221130371094,172276764,1554.25,1598.0,1455.550048828125,1458.5999755859375,1436.45703125,42999563,1435.449951171875,1518.25,1353.0999755859375,1368.4000244140625,1298.71826171875,115659556,383.8699951171875,405.94000244140625,352.1700134277344,375.9700012207031,366.9776916503906,135420865,128.89999389648438,129.10000610351562,118.4000015258789,118.75,113.75194549560547,516378218,1186.1500244140625,1225.0,1132.0,1200.0,1187.5526123046875,34195095,1158.6500244140625,1161.949951171875,1068.3499755859375,1088.5999755859375,1072.5440673828125,34318492,3023.550048828125,3114.949951171875,2856.14990234375,2929.050048828125,2879.350830078125,39716500,3446.949951171875,3546.85009765625,3287.199951171875,3295.550048828125,3259.435546875,7812168,2080.14990234375,2165.0,1945.0,2154.699951171875,2151.35888671875,10334179,1117.4000244140625,1138.949951171875,1041.1099853515625,1073.510009765625,1067.1903076171875,38345630,1036.699951171875,1044.699951171875,951.4000244140625,981.8499755859375,980.2550659179688,170452203,2465.60009765625,2582.0,2455.64990234375,2484.0,2398.49560546875,30344853,3148.800048828125,3329.0,3075.0,3189.64990234375,3179.2470703125,15644455,2413.89990234375,2538.0,2167.050048828125,2294.64990234375,2292.552734375,29755246,5137.75,5154.9501953125,4726.0,4819.89990234375,4801.37451171875,7880043,295.20001220703125,319.75,283.04998779296875,314.25,279.5298156738281,184053822,1540.25,1676.75,1521.1500244140625,1569.550048828125,1567.796630859375,32829911,1735.699951171875,1779.949951171875,1688.4000244140625,1739.4000244140625,1737.4957275390625,70509740,876.9000244140625,928.0,855.0,900.5,887.7545776367188,29743335
2023-11-01,1130.949951171875,1234.5999755859375,1113.800048828125,1220.949951171875,1154.307373046875,30924452,10390.099609375,10649.0,10188.650390625,10608.7001953125,10509.4345703125,7972671,458.5,523.3499755859375,456.0,515.6500244140625,512.7108764648438,111289611,3095.949951171875,3884.5,3041.5,3819.050048828125,3678.593505859375,17677873,903.0,1018.2000122070312,895.4500122070312,1014.7000122070312,1009.0765991210938,83219354,736.9000244140625,808.1500244140625,723.0,801.0999755859375,794.8733520507812,36348831,236.6999969482422,261.6499938964844,232.10000610351562,261.29998779296875,250.77874755859375,193056560,5305.0,6128.89990234375,5285.0,6090.5498046875,5892.11962890625,8772419,8440.0,9019.150390625,8370.099609375,9003.650390625,8950.5712890625,4908267,202.35000610351562,215.10000610351562,200.5,208.9499969482422,194.83193969726562,294318455,913.7999877929688,950.4500122070312,909.2999877929688,934.9500122070312,926.9699096679688,248661515,1886.4989013671875,2022.956298828125,1854.0279541015625,1997.5074462890625,1989.8607177734375,10078983,430.0,444.5,425.5,435.79998779296875,407.9332275390625,155983042,186.14999389648438,203.39999389648438,185.0500030517578,194.9499969482422,177.15780639648438,205294168,1443.9000244140625,1538.5,1427.1500244140625,1466.0999755859375,1450.0023193359375,106732789,784.75,854.4000244140625,767.2000122070312,825.5,817.99365234375,83341589,1462.25,1572.449951171875,1462.25,1558.800048828125,1521.0672607421875,291248424,630.0,717.25,626.2999877929688,706.4000244140625,698.2235717773438,218144440,2997.949951171875,3228.25,2930.0,3119.89990234375,3051.188720703125,15149892,1144.574951171875,1205.9749755859375,1137.5999755859375,1188.7249755859375,1184.7041015625,205714960,1280.0,1346.800048828125,1250.6500244140625,1340.9000244140625,1275.4873046875,38484762,566.25,588.0,555.1500244140625,564.75,544.502197265625,266657085,752.0,764.0,693.125,712.1900024414062,705.2449340820312,247568870,3355.0,3544.0,3311.0,3487.60009765625,3346.544189453125,36207838,2420.0,2458.989990234375,2377.31005859375,2423.614990234375,2367.2783203125,12083580,133.75,146.75,132.0500030517578,145.89999389648438,143.6436767578125,226563436,191.9250030517578,207.25,188.5,206.52499389648438,202.07017517089844,166873736,1464.9000244140625,1660.0,1450.0,1647.75,1622.735595703125,52030922,1373.050048828125,1467.9000244140625,1351.6500244140625,1455.1500244140625,1398.9263916015625,85186084,376.79998779296875,410.20001220703125,375.2300109863281,401.44000244140625,391.8385009765625,92963425,119.0,128.85000610351562,114.5999984741211,127.9000015258789,122.51683807373047,557376266,1200.0,1283.550048828125,1164.550048828125,1212.300048828125,1199.7249755859375,35784333,1092.0,1231.1500244140625,1082.5999755859375,1225.8499755859375,1207.769775390625,36462755,2947.449951171875,3124.550048828125,2871.050048828125,3109.199951171875,3056.444091796875,29899995,3309.800048828125,3920.0,3275.0,3896.89990234375,3854.195556640625,11744412,2163.699951171875,2809.75,2148.949951171875,2787.0,2782.678466796875,18486160,1077.0,1160.0,1049.4200439453125,1157.6300048828125,1150.815185546875,41261375,977.8499755859375,1080.9000244140625,968.0,1074.25,1072.5050048828125,148828209,2485.0,2554.5,2463.300048828125,2545.550048828125,2457.927001953125,26383555,3193.85009765625,3500.0,3168.35009765625,3490.60009765625,3479.215576171875,16947598,2299.0,2512.39990234375,2142.0,2358.550048828125,2356.39453125,41413389,4835.0,5595.0,4790.0,5528.9501953125,5507.69970703125,9332587,313.20001220703125,359.0,305.8500061035156,342.1499938964844,304.3472595214844,269218127,1574.9000244140625,1679.9000244140625,1527.9000244140625,1673.5,1671.63037109375,26895706,1731.0,1784.25,1717.8499755859375,1755.449951171875,1753.528076171875,57341585,906.0,948.2000122070312,895.7000122070312,940.75,927.4349365234375,28324988
2023-12-01,1226.800048828125,1333.050048828125,1197.050048828125,1272.6500244140625,1216.1566162109375,47006852,10608.0,10932.849609375,9832.599609375,10302.349609375,10205.951171875,13343803,520.0499877929688,618.0,514.0,614.8499755859375,611.3453979492188,119183699,3860.0,4193.39990234375,3683.0,4139.5498046875,3987.30615234375,15939842,1015.0,1045.949951171875,960.0,1032.199951171875,1026.4796142578125,113387516,805.0,895.75,796.9000244140625,880.25,873.408203125,51164758,262.3500061035156,315.5,261.75,311.1499938964844,301.5052185058594,380273668,6050.0,6833.9501953125,5987.85009765625,6797.25,6575.79541015625,9378309,9103.7998046875,10526.0,8972.0,10503.0498046875,10441.130859375,9978336,211.5,239.9499969482422,209.4499969482422,237.1999969482422,225.46466064453125,455671435,935.9500122070312,1043.699951171875,933.0,996.5999755859375,988.0936889648438,337503340,2011.9500732421875,2139.741943359375,2000.04736328125,2126.34521484375,2118.205322265625,13358152,437.8999938964844,467.8999938964844,437.3999938964844,462.1000061035156,432.551513671875,254716363,195.25,212.0,192.0500030517578,205.0500030517578,191.91348266601562,349347596,1479.0,1618.9000244140625,1458.1500244140625,1598.949951171875,1581.3936767578125,52389473,839.2000122070312,1102.4000244140625,825.5,1024.3499755859375,1015.0354614257812,212022930,1557.9000244140625,1721.4000244140625,1552.0999755859375,1709.25,1667.87548828125,378265221,708.0,802.9000244140625,696.25,779.9500122070312,770.9223022460938,214351607,3146.949951171875,3422.949951171875,3140.25,3402.39990234375,3333.275634765625,19737885,1189.0,1307.0,1188.800048828125,1292.4749755859375,1288.1031494140625,255462630,1346.0,1509.9000244140625,1308.300048828125,1466.0999755859375,1394.5797119140625,57232393,567.0,660.4000244140625,566.5499877929688,642.0499877929688,619.03076171875,357231718,716.0,769.5,714.2000122070312,732.7750244140625,725.6292724609375,212403300,3500.0,3929.0,3490.050048828125,3793.39990234375,3639.97607421875,45572195,2433.9951171875,2665.0,2413.864990234375,2658.030029296875,2611.329833984375,20244220,147.9499969482422,185.1999969482422,146.75,184.1999969482422,181.35137939453125,561736781,206.875,238.6999969482422,201.0500030517578,235.64999389648438,230.56695556640625,410536304,1656.0,1758.0,1620.4000244140625,1729.4000244140625,1703.14599609375,49762967,1459.9000244140625,1593.0,1433.1500244140625,1542.9000244140625,1483.285888671875,130077843,402.79998779296875,426.0,394.3999938964844,410.6600036621094,404.85931396484375,133844505,128.89999389648438,141.25,127.8499984741211,139.60000610351562,133.72439575195312,751559076,1213.449951171875,1267.5999755859375,1192.0999755859375,1246.300048828125,1233.372314453125,35012308,1233.050048828125,1271.949951171875,1208.550048828125,1259.449951171875,1240.8741455078125,39180032,3129.949951171875,3559.949951171875,3121.050048828125,3526.0,3466.172119140625,39204400,3922.0,4200.0,3847.550048828125,4143.5,4098.09326171875,15142899,2787.0,3060.35009765625,2752.39990234375,3054.949951171875,3050.212890625,12461712,1160.0,1178.1600341796875,1074.0,1159.5799560546875,1152.753662109375,53095590,1075.4000244140625,1151.8499755859375,1070.199951171875,1102.300048828125,1100.5093994140625,191797504,2547.5,2667.10009765625,2497.0,2663.949951171875,2591.116943359375,36783692,3499.0,3737.0,3470.0,3675.449951171875,3663.462646484375,16004029,2370.0,3154.550048828125,2354.10009765625,2848.949951171875,2846.345947265625,102053056,5550.0,5770.0,5284.85009765625,5704.10009765625,5682.17578125,9683309,343.79998779296875,382.5,342.29998779296875,376.0,349.7970886230469,287174759,1680.0,1741.0,1637.050048828125,1685.800048828125,1683.916748046875,24827715,1760.0,1926.5,1748.25,1908.0999755859375,1906.010986328125,73046644,945.9000244140625,1094.0,939.75,1086.800048828125,1071.417724609375,33962031
2024-01-01,1273.0,1416.300048828125,1221.4000244140625,1333.6500244140625,1274.4488525390625,58723954,10345.0,10345.0,9737.650390625,10186.900390625,10091.58203125,13297715,614.5,620.5,537.5999755859375,579.3499755859375,576.0477294921875,107179548,4139.5498046875,4662.0,3929.85009765625,4621.5498046875,4451.57958984375,15418481,1031.949951171875,1200.6500244140625,1007.0,1170.699951171875,1164.2120361328125,122051057,880.25,884.7999877929688,784.0,818.6500244140625,812.2869873046875,36567609,312.0,325.75,296.54998779296875,317.5,307.6584167480469,401932243,6770.0,7686.0,6560.9501953125,7667.5498046875,7417.7412109375,14101077,10503.0498046875,10520.0,9719.150390625,10167.349609375,10107.41015625,6351171,237.89999389648438,260.0,226.0500030517578,259.29998779296875,246.47128295898438,361815390,991.5499877929688,1059.4000244140625,970.1500244140625,1028.1500244140625,1019.3744506835938,406073965,2136.5048828125,2182.050048828125,2016.550048828125,2175.0,2166.673828125,15404963,463.5,481.45001220703125,437.3999938964844,441.54998779296875,413.3155212402344,282782852,206.0,263.29998779296875,203.64999389648438,252.25,236.08961486816406,544958210,1598.949951171875,1694.5,1428.050048828125,1534.050048828125,1517.206298828125,82358778,1026.550048828125,1229.9000244140625,1023.0,1207.6500244140625,1196.668701171875,168682761,1706.0,1709.1500244140625,1380.25,1462.550048828125,1427.1470947265625,598017167,785.0,896.5,776.25,884.2000122070312,873.9656372070312,233552948,3403.0,3411.800048828125,2940.050048828125,2957.85009765625,2897.757568359375,24098927,1290.2750244140625,1459.9749755859375,1284.4749755859375,1426.625,1421.7994384765625,258674746,1460.0,1619.5999755859375,1417.1500244140625,1576.0,1499.118408203125,70190024,642.2000122070312,651.75,600.6500244140625,640.5,617.5363159179688,361863713,733.6950073242188,783.0,680.5,686.2899780273438,679.5974731445312,300294680,3790.0,3965.0,3651.0,3815.949951171875,3661.61376953125,47730057,2665.0,2769.300048828125,2446.0,2506.0,2461.970703125,20518209,184.8000030517578,195.5,179.75,185.89999389648438,183.02508544921875,390548506,236.5,264.5,223.35000610351562,239.0749969482422,233.91806030273438,465438876,1729.4000244140625,1730.0,1575.0,1651.550048828125,1626.4779052734375,49426330,1539.0,1690.0,1486.5999755859375,1660.9000244140625,1596.7266845703125,165823157,411.1099853515625,499.30999755859375,403.20001220703125,493.3599853515625,486.39117431640625,156456805,140.0,140.9499969482422,128.1999969482422,135.9499969482422,130.22802734375,827909359,1252.449951171875,1425.0,1246.699951171875,1351.0,1336.986328125,40205315,1261.0,1438.9000244140625,1252.5,1418.449951171875,1397.5291748046875,47105406,3538.0,3737.89990234375,3387.050048828125,3479.75,3420.70703125,46679976,4145.0,4145.0,3562.449951171875,3839.60009765625,3797.523681640625,13334006,3061.800048828125,3295.0,2940.75,3086.949951171875,3082.163330078125,11156072,1160.0,1227.5,1104.1300048828125,1224.22998046875,1217.0230712890625,45618785,1095.0,1146.0,1020.9000244140625,1067.75,1066.015625,223469527,2663.85009765625,2669.39990234375,2365.449951171875,2481.550048828125,2413.7041015625,35586379,3689.0,3886.949951171875,3642.5,3697.550048828125,3685.49072265625,18010779,2852.300048828125,3199.0,2804.39990234375,3142.0,3139.12841796875,75432738,5741.0,6428.7001953125,5640.0,6352.9501953125,6328.5322265625,7181445,377.79998779296875,415.79998779296875,368.0,406.1499938964844,377.8459777832031,291890363,1685.800048828125,1723.949951171875,1559.0,1627.300048828125,1625.4820556640625,29763238,1909.0,1919.0,1752.4000244140625,1825.25,1823.251708984375,115429112,1093.8499755859375,1190.949951171875,1076.0,1118.0,1102.1761474609375,36406051
2024-02-01,1330.0,1362.4000244140625,1264.25,1273.8499755859375,1217.3033447265625,38060171,10210.0,11720.0,10204.0,11288.349609375,11182.724609375,11979218,578.0,608.9500122070312,496.3500061035156,503.8500061035156,500.9781188964844,218283503,4621.7001953125,4949.0498046875,4349.0498046875,4426.5,4263.70263671875,16748549,1165.050048828125,1175.199951171875,1097.6500244140625,1123.3499755859375,1117.12451171875,119130622,822.0,850.0,790.0,800.0999755859375,793.8811645507812,44252468,320.04998779296875,348.04998779296875,314.5,335.6000061035156,325.1973571777344,329750791,7680.0,8650.0,7633.5,7909.35009765625,7651.66357421875,9158181,10169.9501953125,10295.0,9703.9501953125,9892.400390625,9834.08203125,6100679,259.0,293.6499938964844,258.29998779296875,282.8500061035156,268.8561706542969,589502918,1033.949951171875,1070.0,985.25,1052.199951171875,1043.2191162109375,275645002,2175.0,2244.0,2027.5,2191.39990234375,2183.010986328125,23755704,442.0,447.75,399.3999938964844,406.29998779296875,380.319580078125,376522654,254.64999389648438,281.1499938964844,245.4499969482422,264.6000061035156,247.64842224121094,485799920,1537.75,1564.8499755859375,1430.6500244140625,1474.9000244140625,1458.705810546875,64685516,1213.5999755859375,1343.0,1200.300048828125,1320.5,1308.4925537109375,77449571,1465.050048828125,1480.8499755859375,1363.550048828125,1403.4000244140625,1369.428955078125,473009678,900.0,976.0,876.2999877929688,950.2000122070312,939.2017211914062,220831680,2961.0,3035.0,2776.75,2821.89990234375,2764.5693359375,31586526,1435.0,1499.949951171875,1418.050048828125,1460.800048828125,1455.85888671875,238810562,1576.0,1697.3499755859375,1551.449951171875,1663.8499755859375,1594.89208984375,55785788,642.75,777.5,633.25,748.0999755859375,721.278564453125,536666538,686.5900268554688,691.0,636.6199951171875,649.5349731445312,643.200927734375,263269340,3820.0,4184.75,3805.050048828125,4095.10009765625,3947.68212890625,43410829,2510.0,2606.199951171875,2409.10009765625,2596.199951171875,2550.5859375,16304141,187.6999969482422,209.0,171.75,205.10000610351562,201.9281768798828,548301343,238.77499389648438,272.95001220703125,235.3000030517578,259.29998779296875,254.24786376953125,359392948,1659.25,1956.949951171875,1623.449951171875,1932.4000244140625,1903.064453125,72100999,1659.550048828125,1733.0,1635.5,1673.9000244140625,1609.224365234375,101673806,482.20001220703125,507.0,447.04998779296875,487.7200012207031,480.8308410644531,140573270,136.39999389648438,147.39999389648438,134.10000610351562,140.85000610351562,134.92178344726562,834152084,1359.699951171875,1493.949951171875,1352.050048828125,1480.3499755859375,1464.99462890625,30197927,1427.0,1587.800048828125,1398.9000244140625,1577.949951171875,1554.676513671875,51274739,3480.0,3513.0,3263.050048828125,3477.550048828125,3418.544189453125,59150939,3843.0,4018.949951171875,3726.60009765625,3792.39990234375,3750.840576171875,13901488,3089.0,4099.7998046875,2955.0,3881.800048828125,3875.781005859375,29391351,1217.8900146484375,1301.1800537109375,1190.02001953125,1284.8499755859375,1277.2861328125,42529385,1072.6500244140625,1110.699951171875,1031.6500244140625,1075.0999755859375,1073.353515625,198088076,2475.10009765625,2511.550048828125,2346.75,2412.300048828125,2346.34716796875,30552116,3738.0,3738.0,3503.0,3624.39990234375,3612.5791015625,20625268,3156.89990234375,3344.0,3083.050048828125,3285.39990234375,3282.397216796875,38842233,6289.64990234375,6874.4501953125,6062.0498046875,6101.60009765625,6078.1484375,10737826,408.79998779296875,487.6000061035156,402.5,436.70001220703125,406.2669982910156,371241414,1632.0,1664.0,1551.5,1593.800048828125,1592.01953125,26126111,1830.0,1850.0,1667.4000244140625,1689.449951171875,1687.600341796875,91479178,1118.0,1205.0,1075.0,1190.050048828125,1173.2064208984375,32902030
2024-03-01,1287.0,1307.6500244140625,1236.0999755859375,1248.0999755859375,1192.6964111328125,33266748,11295.0,12726.7998046875,11267.599609375,12600.349609375,12482.4482421875,10367412,510.0,566.6500244140625,501.20001220703125,560.25,557.056640625,119476259,4459.89990234375,4750.0,4445.2001953125,4722.2998046875,4573.14013671875,11112711,1128.0,1245.0,1117.4000244140625,1228.5999755859375,1221.7911376953125,132096528,804.25,844.9000244140625,761.75,830.2000122070312,823.7472534179688,56224316,335.6000061035156,359.95001220703125,305.75,335.79998779296875,328.5682678222656,348955255,7955.0,9287.7998046875,7945.2998046875,9148.150390625,8850.103515625,11902705,9900.0,10183.849609375,9435.150390625,9749.150390625,9691.67578125,6029064,285.0,298.8999938964844,257.6499938964844,276.8999938964844,267.60107421875,391158465,1055.0,1113.550048828125,1054.0,1093.300048828125,1083.9683837890625,351448793,2209.0,2309.199951171875,2128.60009765625,2287.300048828125,2278.5439453125,15758080,408.8999938964844,438.0,399.3500061035156,428.3500061035156,406.84844970703125,486292810,266.5,284.95001220703125,248.89999389648438,268.04998779296875,254.54922485351562,294818868,1480.0,1571.5,1422.699951171875,1553.0,1535.9482421875,72722709,1335.0,1358.699951171875,1188.0999755859375,1341.8499755859375,1329.6484375,65846077,1400.0,1471.5999755859375,1400.0,1447.9000244140625,1412.851806640625,462951707,958.9500122070312,1065.5999755859375,921.2000122070312,992.7999877929688,981.30859375,272969298,2832.89990234375,2899.89990234375,2777.75,2846.75,2788.914794921875,21368906,1463.5,1512.449951171875,1412.9000244140625,1485.8499755859375,1480.8240966796875,225478698,1675.449951171875,1683.0,1508.199951171875,1543.550048828125,1479.5780029296875,55895460,752.0,793.4000244140625,719.7999877929688,752.3499755859375,725.3761596679688,359141280,651.1749877929688,734.9299926757812,618.780029296875,724.5250244140625,717.459716796875,267119520,4107.2001953125,4254.75,3829.39990234375,3876.300048828125,3736.75830078125,57449760,2596.199951171875,2653.64990234375,2468.14990234375,2622.35009765625,2583.548828125,18994866,205.9499969482422,216.8000030517578,179.10000610351562,201.5,199.1381378173828,584947675,261.20001220703125,263.20001220703125,235.625,240.0500030517578,235.37294006347656,221980698,1933.5999755859375,1982.300048828125,1788.800048828125,1921.3499755859375,1892.18212890625,70920889,1669.0,1671.949951171875,1481.550048828125,1498.050048828125,1440.1688232421875,135900753,493.8999938964844,499.9800109863281,450.20001220703125,471.9599914550781,467.2758483886719,202772285,143.0,159.14999389648438,138.35000610351562,155.85000610351562,149.29046630859375,1378368440,1494.0,1519.0,1415.5999755859375,1496.949951171875,1481.4222412109375,29416654,1580.0,1634.0,1520.5,1620.550048828125,1605.75,53134787,3501.64990234375,3813.35009765625,3481.0,3763.89990234375,3700.035400390625,44604016,3790.199951171875,4075.0,3672.0,4019.300048828125,3975.25439453125,14086942,3924.0,4243.9501953125,3750.25,3948.0,3941.878173828125,15655306,1289.800048828125,1294.5999755859375,1204.6400146484375,1231.5799560546875,1224.3297119140625,29461400,1076.0,1131.949951171875,1027.5,1047.199951171875,1045.498779296875,176097513,2416.949951171875,2438.800048828125,2232.0,2264.35009765625,2202.4423828125,44106620,3630.0,3838.300048828125,3547.050048828125,3801.800048828125,3789.400634765625,17330604,3309.85009765625,3350.0,2850.14990234375,3197.10009765625,3194.17822265625,29268973,6102.0,6463.4501953125,5941.60009765625,6356.7998046875,6338.0791015625,11419209,438.0,465.3999938964844,401.20001220703125,434.1000061035156,408.50030517578125,215608345,1597.949951171875,1669.0,1530.800048828125,1643.8499755859375,1642.013427734375,27188785,1695.5,1803.9000244140625,1695.0,1785.5,1783.545166015625,102177124,1204.0,1269.0,1084.0999755859375,1096.199951171875,1080.6846923828125,38872778
2024-04-01,1252.0999755859375,1347.0,1162.949951171875,1263.5,1207.4127197265625,59725418,12613.349609375,13073.9501953125,12032.9501953125,12817.5,12697.5673828125,10214391,570.0,661.5999755859375,561.5499877929688,644.4000244140625,640.72705078125,176306694,4740.0,4779.75,4168.14990234375,4543.0498046875,4399.55224609375,15270323,1228.0,1354.0,1183.0999755859375,1322.300048828125,1314.971923828125,143773071,838.0,914.0,833.2000122070312,882.2000122070312,875.3430786132812,57263144,339.0,374.5,336.1499938964844,363.20001220703125,355.37823486328125,336972426,9194.7998046875,9357.9501953125,8641.400390625,8903.650390625,8613.5693359375,9788792,9749.150390625,10277.7001953125,9250.0,9971.849609375,9913.0625,7852913,280.75,304.3500061035156,268.3999938964844,301.8500061035156,291.71319580078125,335787230,1096.050048828125,1169.550048828125,1048.0999755859375,1150.4000244140625,1140.5809326171875,288154205,2300.0,2438.449951171875,2201.35009765625,2411.64990234375,2402.417724609375,14121792,429.1000061035156,443.29998779296875,416.0,435.6499938964844,413.7820129394531,261999483,268.04998779296875,292.54998779296875,265.0,282.8500061035156,268.6037902832031,441262651,1553.0,1576.3499755859375,1443.300048828125,1515.699951171875,1499.0577392578125,67724262,1356.800048828125,1424.949951171875,1270.0,1324.9000244140625,1312.8525390625,84607519,1458.0,1557.4000244140625,1455.5999755859375,1520.0999755859375,1483.303955078125,362249286,1000.0,1029.5,944.0,1007.9000244140625,996.23388671875,169277676,2860.949951171875,2943.25,2766.14990234375,2875.89990234375,2817.47216796875,20285504,1492.4749755859375,1494.0,1441.5,1467.0,1462.037841796875,219497200,1549.0,1569.0,1362.449951171875,1366.5999755859375,1309.9615478515625,73128508,759.0499877929688,834.8499755859375,732.0499877929688,826.25,796.6266479492188,311039754,726.125,741.9450073242188,669.1500244140625,692.35498046875,685.6033325195312,261087430,3897.699951171875,4064.199951171875,3800.89990234375,3820.64990234375,3683.111572265625,50101987,2622.35009765625,2642.60009765625,2410.0,2507.39990234375,2470.29931640625,24838371,205.0,241.64999389648438,203.75,233.75,231.8345489501953,642123137,241.85000610351562,245.97500610351562,218.5,231.1999969482422,226.69537353515625,276198328,1938.0,2169.0,1891.800048828125,2156.35009765625,2123.61474609375,60083685,1525.0,1529.949951171875,1378.75,1420.550048828125,1365.6632080078125,185453567,474.20001220703125,521.1300048828125,465.0199890136719,510.3399963378906,505.27496337890625,142561145,156.8000030517578,170.6999969482422,156.5,165.0,158.0553436279297,1123329176,1510.0,1510.0,1335.0,1400.0,1385.47802734375,30538222,1631.5999755859375,1638.8499755859375,1477.699951171875,1502.0999755859375,1488.3817138671875,56457137,3780.85009765625,3860.0,3472.39990234375,3594.300048828125,3533.313232421875,42599949,4060.800048828125,4689.9501953125,3886.10009765625,4597.39990234375,4547.01904296875,17727627,3974.949951171875,4670.0,3843.0,4409.89990234375,4403.06201171875,21230620,1243.0,1265.0,1176.1600341796875,1240.8599853515625,1233.55517578125,35707695,1052.3499755859375,1182.9000244140625,995.7000122070312,1165.9000244140625,1164.0062255859375,270511774,2270.0,2298.0,2172.050048828125,2230.449951171875,2169.468994140625,44317176,3822.949951171875,3832.550048828125,3478.25,3589.25,3577.5439453125,19920768,3230.199951171875,3291.800048828125,2962.5,3054.699951171875,3051.908203125,21517479,6401.0,6557.0,5733.0,5947.10009765625,5929.58642578125,10289878,436.70001220703125,463.45001220703125,428.04998779296875,454.29998779296875,427.50909423828125,163365405,1659.050048828125,1722.0,1568.699951171875,1615.0,1613.1956787109375,29375461,1795.0,1845.5,1602.0,1623.949951171875,1622.1719970703125,206303795,1100.0,1179.9000244140625,1077.4000244140625,1108.3499755859375,1092.66259765625,50774385
2024-05-01,1263.5,1345.0,1224.050048828125,1228.449951171875,1173.9185791015625,39949655,12817.5,13058.5,12239.0,12399.2998046875,12283.2802734375,11116925,644.4000244140625,713.5,611.75,689.3499755859375,685.4207763671875,220771074,4543.0498046875,5225.0,4414.64990234375,5119.60009765625,4957.89111328125,18934492,1322.300048828125,1407.0,1258.1500244140625,1372.75,1365.142333984375,142399354,882.2000122070312,928.9500122070312,830.0,880.5499877929688,873.7058715820312,61916694,363.20001220703125,380.5,344.8500061035156,359.0,351.2686462402344,312027267,8903.650390625,9258.599609375,8592.7998046875,9084.75,8788.7685546875,9457617,9971.849609375,10369.0,9408.0498046875,9915.5,9857.044921875,7321701,301.8500061035156,327.75,292.0,310.0,299.58953857421875,390402941,1150.4000244140625,1158.449951171875,1096.9000244140625,1121.050048828125,1111.4815673828125,298166451,2411.64990234375,2489.75,2295.949951171875,2316.25,2307.383056640625,17536189,435.6499938964844,446.0,422.3500061035156,426.45001220703125,405.0438537597656,332118569,282.8500061035156,292.95001220703125,262.04998779296875,264.3500061035156,251.03558349609375,303201365,1515.699951171875,1521.300048828125,1377.25,1461.8499755859375,1445.799072265625,71479959,1324.9000244140625,1457.050048828125,1240.0,1437.4000244140625,1424.32958984375,97391701,1520.0999755859375,1545.0,1426.800048828125,1531.550048828125,1494.47705078125,371196122,1007.9000244140625,1050.3499755859375,919.0,923.0,912.3165283203125,307138368,2875.89990234375,2997.0,2670.10009765625,2881.199951171875,2822.66455078125,32374118,1467.0,1492.2249755859375,1384.0,1430.4000244140625,1425.5616455078125,240620924,1366.5999755859375,1377.9000244140625,1301.6500244140625,1324.0999755859375,1269.222900390625,86966587,826.25,841.25,793.2000122070312,830.3499755859375,800.5796508789062,406162627,692.35498046875,740.0,658.5,669.77001953125,663.2386474609375,256272980,3820.64990234375,3988.0,3653.75,3670.949951171875,3538.80078125,48488949,2507.39990234375,2549.89990234375,2345.0,2354.89990234375,2320.0556640625,18450977,233.75,303.20001220703125,221.0,295.95001220703125,293.52484130859375,973649117,231.1999969482422,235.25,217.5500030517578,219.10000610351562,214.8311309814453,250441472,2156.35009765625,2617.39990234375,2156.35009765625,2506.25,2468.202880859375,80648628,1420.550048828125,1479.5999755859375,1400.0,1406.9000244140625,1352.5406494140625,175215341,510.3399963378906,531.5999755859375,453.0,470.80999755859375,466.13726806640625,143425590,165.0,177.6999969482422,158.0500030517578,167.1999969482422,160.16273498535156,1015812634,1400.0,1504.550048828125,1317.25,1447.199951171875,1432.1883544921875,59437920,1502.0999755859375,1564.0,1440.0,1459.800048828125,1446.4681396484375,61840589,3594.300048828125,3744.800048828125,3225.199951171875,3669.300048828125,3607.040771484375,74979898,4598.0,4908.0,4528.2998046875,4733.4501953125,4681.57861328125,14881701,4409.89990234375,4777.89990234375,4358.0,4559.14990234375,4552.08056640625,17531380,1240.8599853515625,1283.97998046875,1141.800048828125,1158.3699951171875,1151.55078125,57156765,1165.9000244140625,1196.0,1105.050048828125,1162.1500244140625,1160.26220703125,174863284,2230.449951171875,2409.0,2204.0,2329.050048828125,2265.373291015625,44381556,3589.25,3599.0,3216.75,3241.89990234375,3231.32666015625,33644037,3054.699951171875,3457.85009765625,2756.0,3411.35009765625,3408.232177734375,57461988,5947.10009765625,6086.14990234375,5740.0,5839.2001953125,5822.00439453125,10692960,454.29998779296875,507.3500061035156,434.70001220703125,491.20001220703125,462.2330322265625,354260833,1615.0,1725.0,1517.0,1528.5999755859375,1526.892333984375,28224396,1623.949951171875,1722.0,1543.8499755859375,1680.4000244140625,1678.560302734375,185801740,1108.3499755859375,1131.199951171875,1048.300048828125,1060.25,1045.2435302734375,40169674
2024-06-01,1255.0,1453.0,1193.6500244140625,1430.3499755859375,1366.856201171875,48214558,12825.0,12951.599609375,11561.4501953125,12033.849609375,11921.2490234375,11566705,715.0,715.25,594.25,693.5499877929688,689.5968627929688,173145239,5280.0,5894.5498046875,4920.25,5579.60009765625,5403.36181640625,16790272,1415.300048828125,1536.25,1219.050048828125,1444.050048828125,1436.0472412109375,228193072,912.0,949.4000244140625,823.7999877929688,931.5,924.2598266601562,48851059,385.0,393.20001220703125,313.95001220703125,378.3500061035156,370.20196533203125,459402156,9180.0,10038.7998046875,8808.0,9501.650390625,9192.0869140625,7034894,10300.0,11874.9501953125,9534.9501953125,11667.900390625,11599.1142578125,12467444,335.0,348.70001220703125,279.20001220703125,330.95001220703125,319.8359375,490854109,1170.0,1235.0,1051.050048828125,1199.5999755859375,1189.3609619140625,445489292,2400.0,2678.949951171875,2171.60009765625,2670.449951171875,2660.227294921875,23946741,434.0,441.6499938964844,402.8500061035156,424.8999938964844,403.5716247558594,351601711,277.95001220703125,286.54998779296875,223.0,274.20001220703125,260.3894958496094,436933029,1514.949951171875,1550.0,1363.550048828125,1464.5,1448.419921875,96931934,1549.0,1621.4000244140625,1160.5999755859375,1478.0999755859375,1464.6595458984375,204984154,1599.0,1716.949951171875,1454.0,1683.800048828125,1665.47802734375,457838065,963.0,1010.25,855.4000244140625,989.75,978.2938842773438,247689731,2950.0,3027.300048828125,2775.75,2917.050048828125,2857.786376953125,24996770,1483.0,1581.0,1359.300048828125,1565.4000244140625,1560.1051025390625,319049706,1350.550048828125,1481.949951171875,1235.0,1459.5999755859375,1417.889892578125,77044491,863.5499877929688,912.0,731.9500122070312,848.9500122070312,832.239013671875,573261538,694.885009765625,742.9450073242188,637.5700073242188,711.5549926757812,704.6160888671875,249383930,3732.800048828125,3960.0,3591.5,3904.14990234375,3790.960205078125,49068284,2374.800048828125,2614.449951171875,2327.449951171875,2551.64990234375,2513.89453125,16536353,323.0,323.0,230.0,305.8999938964844,303.3932800292969,1267349891,225.10000610351562,258.1499938964844,208.5,257.42498779296875,252.40939331054688,443979060,2575.050048828125,3013.5,2448.199951171875,2866.64990234375,2823.131591796875,75831376,1440.0,1588.5,1358.3499755859375,1566.75,1527.6177978515625,177134468,490.0,611.8900146484375,438.6000061035156,582.2999877929688,576.520751953125,179392580,173.25,184.60000610351562,148.14999389648438,174.00999450683594,166.6861114501953,1018439240,1482.0,1582.0,1418.550048828125,1480.800048828125,1465.43994140625,35380062,1496.5,1538.949951171875,1377.199951171875,1520.8499755859375,1506.9605712890625,48278450,3855.39990234375,3919.89990234375,3175.050048828125,3548.449951171875,3488.240966796875,80599323,4800.0,4976.0,4253.85009765625,4672.9501953125,4621.7412109375,12578174,4745.7998046875,5509.0,4196.0,5479.85009765625,5475.10693359375,14763381,1187.5799560546875,1284.0,1120.0,1280.469970703125,1272.9320068359375,60723295,1197.050048828125,1310.0,1101.550048828125,1265.25,1263.1947021484375,254382974,2381.0,2723.949951171875,2342.10009765625,2473.050048828125,2405.436279296875,56298156,3310.0,3625.0,3055.64990234375,3404.199951171875,3393.097412109375,32946110,3725.0,3743.89990234375,2733.949951171875,3177.14990234375,3174.24609375,90184498,5986.2998046875,6315.0,5693.2001953125,6185.7001953125,6167.4833984375,8142696,515.0,527.4000244140625,410.79998779296875,473.1499938964844,445.24749755859375,255463765,1580.0,1622.0,1419.050048828125,1588.1500244140625,1586.375732421875,36717697,1721.449951171875,1847.949951171875,1602.449951171875,1802.5,1800.526611328125,153532358,1076.4000244140625,1160.0,1028.9000244140625,1097.449951171875,1089.3760986328125,32325136
2024-07-01,1430.3499755859375,1561.75,1424.1500244140625,1554.4000244140625,1485.3997802734375,49974302,12045.0,13375.0,11960.0,13115.7998046875,12993.0751953125,14303166,699.0,712.0999755859375,633.2999877929688,669.5999755859375,665.7833251953125,120667474,5595.0,5728.2998046875,5329.7001953125,5488.4501953125,5315.0908203125,11989563,1450.0,1525.0,1408.449951171875,1491.550048828125,1483.2840576171875,116592205,935.0,959.4000244140625,862.4000244140625,928.25,921.0350952148438,39161469,381.75,417.3999938964844,361.54998779296875,416.0,407.0411682128906,455786989,9505.0,9909.9501953125,8744.599609375,9664.2001953125,9425.3251953125,8400300,11669.0,12078.0,11228.650390625,11887.2001953125,11817.12109375,8825562,331.0,356.95001220703125,321.1000061035156,348.20001220703125,336.5067138671875,295587424,1199.5999755859375,1257.800048828125,1179.449951171875,1214.9000244140625,1204.530517578125,338193991,2666.199951171875,2877.75,2662.050048828125,2776.75,2766.120361328125,20457458,426.29998779296875,510.6499938964844,422.54998779296875,495.3500061035156,478.8302307128906,414808775,275.0,339.54998779296875,271.5,334.20001220703125,317.3674621582031,645187592,1468.949951171875,1469.0,1359.050048828125,1427.800048828125,1427.800048828125,80536467,1483.0,1577.9000244140625,1419.0,1569.9000244140625,1562.2991943359375,62459357,1680.0,1794.0,1588.050048828125,1615.75,1598.16845703125,527037384,989.75,1179.0,967.2000122070312,1156.6500244140625,1146.7901611328125,272457360,2889.300048828125,3098.0,2842.0,3084.449951171875,3051.022705078125,38749558,1562.5250244140625,1608.800048828125,1463.0,1505.425048828125,1500.3328857421875,230090166,1465.0,1645.0,1455.0,1642.5999755859375,1595.6605224609375,81494962,849.3499755859375,899.0,823.1500244140625,872.4000244140625,855.2274169921875,352345090,707.5,732.5,654.10498046875,680.6950073242188,677.44091796875,236023700,3884.0,4431.0,3884.0,4385.35009765625,4258.20947265625,69792747,2559.800048828125,2649.949951171875,2451.0,2456.35009765625,2420.004638671875,20762661,310.95001220703125,340.5,281.1000061035156,316.04998779296875,313.4601135253906,884042573,258.95001220703125,289.95001220703125,243.1750030517578,261.0,255.91476440429688,477682550,2841.0,2979.60009765625,2687.14990234375,2907.800048828125,2863.656982421875,64736746,1559.5,1903.0,1559.5,1868.25,1821.58740234375,192519323,580.4099731445312,608.7999877929688,527.0999755859375,586.3900146484375,580.5701904296875,180543540,174.5,178.19000244140625,155.0,165.3300018310547,161.56227111816406,820680017,1484.949951171875,1600.0,1467.0,1544.300048828125,1528.28125,39916663,1520.8499755859375,1730.949951171875,1498.300048828125,1719.3499755859375,1703.647705078125,42925724,3535.199951171875,3822.0,3460.0,3815.0,3779.748779296875,63537812,4640.0,5058.89990234375,4592.89990234375,4962.7001953125,4908.31640625,12523900,5500.0,5919.2998046875,4955.64990234375,5839.0,5833.94580078125,13300578,1286.0,1393.199951171875,1256.8499755859375,1350.0999755859375,1342.152099609375,44872265,1273.0,1339.6500244140625,1154.0,1166.0999755859375,1164.2056884765625,244274229,2461.050048828125,2811.300048828125,2450.10009765625,2705.64990234375,2657.316162109375,48620480,3382.0,3552.5,3126.10009765625,3458.949951171875,3458.949951171875,40871099,3179.949951171875,3207.800048828125,2886.35009765625,3169.39990234375,3167.7802734375,24221872,6180.0,6777.0,6077.0,6615.2998046875,6595.818359375,7043521,473.3500061035156,525.5999755859375,464.54998779296875,522.2000122070312,491.4049377441406,233608081,1588.199951171875,1669.9000244140625,1558.0,1651.6500244140625,1650.845703125,41359311,1802.5,1870.0,1729.050048828125,1807.9000244140625,1805.920654296875,128774580,1090.0999755859375,1247.0989990234375,1080.0,1188.949951171875,1180.2030029296875,45331649
2024-08-01,1554.4000244140625,1665.0,1426.75,1636.5,1592.827880859375,41720260,13393.0,13680.0,12027.650390625,12403.0,12286.9453125,13890048,680.0,712.9500122070312,608.0,701.3499755859375,697.3523559570312,151822164,5487.4501953125,5518.0,4991.0,5455.39990234375,5283.08447265625,15643679,1485.0,1608.4000244140625,1422.5999755859375,1589.050048828125,1580.24365234375,152124327,937.5499877929688,968.9000244140625,854.1500244140625,941.0999755859375,941.0999755859375,48157098,419.8999938964844,426.29998779296875,393.29998779296875,416.20001220703125,407.2368469238281,349830988,9844.0,10921.349609375,9369.2998046875,10891.5498046875,10622.337890625,7023368,11887.2001953125,12032.2998046875,10950.2001953125,11301.900390625,11301.900390625,6408334,351.1499938964844,362.5,328.79998779296875,337.3999938964844,326.0693664550781,266423266,1212.5,1235.550048828125,1153.0,1229.199951171875,1218.7083740234375,252916573,2781.949951171875,2788.64990234375,2505.050048828125,2698.85009765625,2688.5185546875,21059904,495.95001220703125,509.29998779296875,479.54998779296875,501.8999938964844,485.1617736816406,249430023,337.79998779296875,345.0,305.1499938964844,330.75,314.0912170410156,503342706,1432.0,1440.0,1329.199951171875,1425.25,1425.25,88405926,1580.949951171875,1604.949951171875,1452.0,1481.9000244140625,1474.7252197265625,59447282,1622.9000244140625,1675.949951171875,1593.300048828125,1636.9000244140625,1619.08837890625,566330932,1167.0,1176.0,1008.4000244140625,1111.3499755859375,1101.876220703125,284783154,3088.0,3203.64990234375,2966.0,3126.800048828125,3092.913818359375,23138941,1512.0,1539.7249755859375,1433.25,1509.625,1504.5186767578125,259569538,1640.050048828125,1766.300048828125,1537.0,1753.25,1716.2069091796875,53856944,877.7999877929688,881.4000244140625,795.0499877929688,815.5999755859375,799.5454711914062,282042320,683.1500244140625,721.5050048828125,642.5,720.0150146484375,716.5729370117188,203587440,4399.39990234375,4592.25,4110.5,4553.75,4431.9970703125,44299362,2465.0,2565.050048828125,2456.35009765625,2500.75,2474.43359375,16438689,317.70001220703125,317.70001220703125,285.0,299.29998779296875,296.8473815917969,438951237,261.5,271.0,240.125,269.20001220703125,263.95501708984375,291660622,2926.5,2926.5,2625.699951171875,2805.39990234375,2783.040771484375,56249666,1856.0999755859375,1951.0,1718.550048828125,1943.699951171875,1895.15283203125,124670491,586.5800170898438,653.780029296875,561.6199951171875,640.9000244140625,637.9235229492188,134897145,168.1999969482422,168.9499969482422,142.35000610351562,152.75999450683594,149.2787322998047,1066539771,1545.949951171875,1663.699951171875,1472.0,1654.9000244140625,1637.7340087890625,32672647,1725.5,1828.1500244140625,1681.300048828125,1821.6500244140625,1810.7373046875,47647285,3810.0,3838.949951171875,3511.5,3704.64990234375,3670.41845703125,41128693,4970.5,5023.0,4548.0,4960.5,4906.14013671875,13535732,5894.0,7325.0,5194.5498046875,7158.75,7152.5537109375,27121206,1359.0999755859375,1421.489990234375,1351.6300048828125,1406.27001953125,1406.27001953125,35625285,1168.0,1184.8499755859375,1123.0999755859375,1175.25,1174.2464599609375,160196415,2714.0,2834.949951171875,2666.199951171875,2778.0,2728.373779296875,36228373,3475.0,3658.800048828125,3283.89990234375,3565.14990234375,3565.14990234375,25336924,3180.0,3258.0,2981.300048828125,3019.35009765625,3017.80712890625,48572789,6615.2998046875,6990.0,6420.9501953125,6927.5,6907.09912109375,9881314,535.0,543.5499877929688,497.54998779296875,524.9500122070312,493.99273681640625,245922029,1655.0,1793.5,1523.25,1783.050048828125,1782.1817626953125,41874503,1807.0999755859375,1827.9000244140625,1744.550048828125,1780.800048828125,1780.800048828125,78197372,1188.949951171875,1221.8499755859375,1151.0,1200.1500244140625,1191.3206787109375,24876575
2024-09-01,1636.5,1672.0,1567.8499755859375,1577.199951171875,1535.1103515625,45858250,12373.0,13541.650390625,12094.7001953125,13238.0,13238.0,10817960,706.7000122070312,764.4500122070312,645.4000244140625,756.2000122070312,756.2000122070312,138928884,5535.0,6246.25,5517.0,5712.39990234375,5572.580078125,16659432,1605.0,1779.0,1523.25,1709.550048828125,1709.550048828125,139026582,941.0999755859375,1032.9000244140625,911.7000122070312,1030.050048828125,1030.050048828125,49669046,417.79998779296875,448.45001220703125,385.29998779296875,443.20001220703125,437.0782775878906,410439502,10926.0,12774.0,10780.0,12345.9501953125,12040.7890625,11053587,11325.0,12138.0,11308.0,11802.0,11802.0,5836318,338.3999938964844,366.25,323.54998779296875,352.8500061035156,343.8357238769531,347256460,1239.0,1362.3499755859375,1200.449951171875,1273.0,1273.0,325324164,2706.75,2824.0,2583.949951171875,2795.550048828125,2795.550048828125,16680276,504.0,528.5,497.1499938964844,518.1500244140625,500.8698425292969,255198871,330.0,331.95001220703125,282.5,297.6000061035156,284.80609130859375,406612829,1425.25,1498.0,1400.0999755859375,1447.5999755859375,1447.5999755859375,66635185,1490.0,1499.5,1394.449951171875,1448.199951171875,1441.1883544921875,40453579,1646.800048828125,1788.0,1623.199951171875,1732.050048828125,1713.2030029296875,313595425,1105.0,1105.0,949.2000122070312,974.6500244140625,966.3416137695312,296458308,3148.0,3394.89990234375,3139.60009765625,3329.10009765625,3293.021484375,24869290,1510.875,1533.4749755859375,1445.875,1476.574951171875,1476.574951171875,297714904,1764.199951171875,1828.550048828125,1721.4000244140625,1796.0999755859375,1758.151611328125,56169482,817.2999877929688,825.9500122070312,765.4000244140625,787.9000244140625,772.3907470703125,341898574,727.4000244140625,782.4000244140625,719.2999877929688,770.2999877929688,766.6175537109375,318573210,4576.0,4588.0,4227.5,4268.5,4154.37353515625,46733974,2500.0,2778.0,2488.0,2689.949951171875,2661.642333984375,23289090,301.95001220703125,301.95001220703125,267.1000061035156,285.1000061035156,283.5296630859375,641589589,269.20001220703125,279.45001220703125,256.625,270.7250061035156,265.4502868652344,309157544,2848.800048828125,3222.10009765625,2635.60009765625,3094.89990234375,3070.2333984375,69329456,1943.3499755859375,1975.75,1867.4000244140625,1875.5999755859375,1828.75390625,134369302,643.989990234375,730.4500122070312,638.010009765625,715.3900146484375,712.0675659179688,115747225,153.89999389648438,170.17999267578125,147.6199951171875,168.5500030517578,164.70889282226562,1013676360,1669.0,1683.0,1602.300048828125,1654.0999755859375,1650.8218994140625,29994472,1829.949951171875,1960.3499755859375,1801.300048828125,1926.699951171875,1915.157958984375,40917398,3706.0,3838.800048828125,3516.39990234375,3675.550048828125,3641.58740234375,47612688,4949.75,5105.0,4689.35009765625,5026.25,5026.25,11065711,7179.25,7939.89990234375,6950.0498046875,7574.64990234375,7568.09326171875,23855082,1409.93994140625,1414.989990234375,1296.5,1350.3199462890625,1350.3199462890625,42813120,1176.0,1281.6500244140625,1145.0,1232.199951171875,1231.1478271484375,166160797,2794.0,3035.0,2771.64990234375,2958.300048828125,2905.453125,38588483,3565.14990234375,3867.0,3552.0,3823.949951171875,3823.949951171875,24360688,3021.10009765625,3209.89990234375,2890.35009765625,3135.85009765625,3134.24755859375,25711548,6989.0,7316.9501953125,6790.0498046875,7199.14990234375,7188.98193359375,7614414,527.0,529.0,476.25,510.1499938964844,484.8690490722656,190430934,1796.4000244140625,2029.9000244140625,1787.800048828125,1973.4000244140625,1972.4390869140625,52973282,1782.0,1942.0,1756.5,1853.949951171875,1853.949951171875,98177888,1200.0,1234.300048828125,1168.75,1196.949951171875,1188.1441650390625,41271238
2024-10-01,1580.0,1761.8499755859375,1580.0,1608.6500244140625,1565.72119140625,54226938,13238.0,13300.4501953125,10742.4501953125,11076.4501953125,11076.4501953125,15101231,755.0,772.6500244140625,666.75,686.0499877929688,686.0499877929688,108120369,5712.39990234375,5794.0,4740.10009765625,4989.5498046875,4867.4228515625,15028315,1705.0,1742.25,1602.1500244140625,1612.5999755859375,1612.5999755859375,96778877,1029.0,1063.0,909.0,963.6500244140625,963.6500244140625,43768193,446.0,447.75,391.6000061035156,408.1499938964844,402.51239013671875,304737058,12414.25,12500.0,9640.0,9836.2998046875,9593.1708984375,18041054,11802.0,11930.0,10672.0,11065.650390625,11065.650390625,7415975,351.1000061035156,356.0,310.75,320.79998779296875,312.6045227050781,292162721,1269.800048828125,1335.3499755859375,1217.4000244140625,1292.25,1292.25,309154661,2794.050048828125,2833.0,2594.300048828125,2695.85009765625,2695.85009765625,12231593,518.1500244140625,519.75,470.0,488.79998779296875,472.4986572265625,270509552,297.0,299.70001220703125,255.3000030517578,266.1499938964844,254.7081298828125,304273551,1450.0,1450.300048828125,1018.0999755859375,1055.5999755859375,1055.5999755859375,141709765,1448.199951171875,1472.8499755859375,1303.1500244140625,1375.949951171875,1369.2880859375,45622925,1724.0,1768.6500244140625,1613.0,1735.699951171875,1716.8131103515625,362235279,976.9000244140625,984.5,825.7000122070312,834.0499877929688,826.9401245117188,274830221,3317.0,3328.949951171875,2919.0,2935.64990234375,2903.835205078125,20203893,1480.6500244140625,1487.949951171875,1320.300048828125,1332.050048828125,1332.050048828125,400774438,1790.0,1888.5,1743.0,1766.050048828125,1728.736572265625,58621678,788.0,834.8499755859375,765.4000244140625,820.2000122070312,804.054931640625,305080510,766.010009765625,781.4650268554688,660.0999755859375,688.9749755859375,685.6813354492188,237899650,4255.5498046875,4298.0,3960.0,3968.449951171875,3862.345703125,51094057,2690.0,2710.0,2216.0,2262.949951171875,2239.135986328125,25776403,285.1000061035156,294.75,257.45001220703125,284.8999938964844,283.33074951171875,423588111,270.1000061035156,289.375,260.1499938964844,275.8999938964844,270.5244445800781,386870718,3105.5,3220.300048828125,2669.050048828125,2728.550048828125,2706.803466796875,81780828,1875.0,1991.449951171875,1746.5,1757.25,1713.3597412109375,124181223,715.4000244140625,725.5599975585938,605.5999755859375,627.780029296875,624.8644409179688,180518660,169.49000549316406,169.99000549316406,144.42999267578125,148.55999755859375,145.1744384765625,890300067,1660.0,1702.050048828125,1403.0,1551.75,1548.6748046875,58152990,1924.8499755859375,1952.25,1820.0,1848.9000244140625,1837.8240966796875,38309046,3667.0,3724.0,3262.550048828125,3622.300048828125,3588.829345703125,55908756,5026.2998046875,5045.9501953125,4508.75,4894.64990234375,4894.64990234375,13906015,7600.0,8345.0,7064.0498046875,7128.35009765625,7122.18017578125,16207508,1350.3199462890625,1359.0,1228.800048828125,1274.199951171875,1274.199951171875,34866441,1228.0999755859375,1242.949951171875,1124.0,1159.550048828125,1158.5599365234375,220990545,2962.699951171875,2962.699951171875,2452.60009765625,2528.25,2483.08544921875,38895165,3823.949951171875,3837.949951171875,3227.0,3267.050048828125,3267.050048828125,22331618,3136.300048828125,3211.0,2654.699951171875,2947.25,2945.743896484375,30210863,7201.5,7243.9501953125,6727.35009765625,7022.7001953125,7012.78125,5459324,512.0,516.0,435.25,452.04998779296875,429.64825439453125,165510596,1973.0,2007.0999755859375,1698.0999755859375,1750.75,1749.8974609375,30956770,1847.0,1916.0,1723.949951171875,1731.0999755859375,1731.0999755859375,106363281,1196.949951171875,1205.449951171875,964.0,1002.5499877929688,995.17431640625,42363810
2024-11-01,1619.0,1767.800048828125,1598.800048828125,1712.300048828125,1681.5750732421875,35483996,11150.0,11518.150390625,10770.0,11074.2001953125,11074.2001953125,8549897,687.5,714.25,622.5499877929688,656.2000122070312,656.2000122070312,132962002,5039.7001953125,5127.5,4467.0,4761.7001953125,4645.150390625,13191437,1620.0,1648.9000244140625,1511.0,1627.1500244140625,1627.1500244140625,111546809,969.9000244140625,1018.9500122070312,928.0499877929688,966.0,966.0,36658389,412.0,415.45001220703125,354.79998779296875,363.6499938964844,360.8353576660156,251604335,9905.0,10079.7998046875,8992.25,9033.650390625,8810.361328125,9879655,11079.9501953125,11690.0,10542.5,11202.150390625,11202.150390625,5085892,322.45001220703125,345.3999938964844,308.70001220703125,329.3999938964844,320.98480224609375,285105730,1289.949951171875,1315.0,1232.550048828125,1300.0999755859375,1300.0999755859375,233966225,2719.0,2719.0,2472.050048828125,2606.25,2606.25,12495812,491.0,493.45001220703125,455.3999938964844,476.75,460.85052490234375,181113822,269.79998779296875,274.3500061035156,240.8000030517578,256.70001220703125,245.66441345214844,260115386,1061.449951171875,1098.5999755859375,966.4000244140625,995.8499755859375,995.8499755859375,84254369,1386.5,1397.949951171875,995.6500244140625,1190.050048828125,1184.288330078125,163718615,1733.0,1836.0999755859375,1672.0999755859375,1796.050048828125,1776.506591796875,476418272,847.9500122070312,847.9500122070312,759.2000122070312,786.4500122070312,779.7459106445312,255661808,2958.0,2965.75,2422.949951171875,2479.60009765625,2452.727783203125,35976547,1333.050048828125,1341.949951171875,1217.25,1292.199951171875,1292.199951171875,279900722,1777.0,1919.949951171875,1745.0,1848.050048828125,1820.8560791015625,45986282,822.4000244140625,863.5,761.5499877929688,838.9500122070312,822.4358520507812,284189049,693.0,703.89501953125,645.0999755859375,657.5900268554688,654.4464111328125,149755080,3989.85009765625,4377.39990234375,3913.25,4270.85009765625,4166.80126953125,41293329,2292.89990234375,2298.0,2168.699951171875,2234.64990234375,2211.1337890625,16623539,286.6499938964844,310.6000061035156,270.25,308.0,306.30352783203125,435754825,275.8500061035156,298.0,267.1000061035156,288.92498779296875,283.295654296875,247440908,2780.0,3149.64990234375,2736.25,2966.10009765625,2942.460205078125,71587095,1764.5,1941.4000244140625,1718.0,1857.8499755859375,1832.072509765625,106461012,631.7999877929688,640.0,549.1099853515625,603.9299926757812,601.1251831054688,119565825,149.66000366210938,156.9199981689453,137.25,144.5399932861328,141.2460479736328,787962168,1565.0999755859375,1612.3499755859375,1453.8499755859375,1533.9000244140625,1530.860107421875,37365822,1860.0,1864.949951171875,1723.4000244140625,1780.9000244140625,1770.2314453125,38347472,3624.949951171875,3761.0,3452.449951171875,3724.800048828125,3690.38232421875,31304209,4984.85009765625,5067.0,4536.0498046875,4831.85009765625,4831.85009765625,11094120,7153.9501953125,7236.0,6212.0498046875,6795.39990234375,6789.51806640625,22988235,1280.0,1321.9000244140625,1170.199951171875,1202.300048828125,1202.300048828125,34251380,1164.050048828125,1187.0,1115.75,1136.300048828125,1135.3297119140625,166280243,2543.949951171875,2547.0,2375.75,2496.14990234375,2451.558837890625,28795834,3304.0,3369.85009765625,3106.0,3249.0,3249.0,26238789,2960.0,3070.0,2025.0,2463.14990234375,2461.89111328125,107723816,7022.7001953125,7545.0,6594.14990234375,6828.89990234375,6819.2548828125,9030215,454.6499938964844,459.54998779296875,402.6000061035156,416.3999938964844,395.7649230957031,160352989,1762.0,1772.1500244140625,1562.050048828125,1579.949951171875,1579.1805419921875,27462855,1739.5999755859375,1805.5,1679.050048828125,1765.25,1765.25,61846530,1002.5499877929688,1013.0999755859375,900.5,958.6500244140625,951.5973510742188,24808289
2024-12-01,1710.0,1807.699951171875,1680.0999755859375,1706.199951171875,1675.58447265625,37910568,11151.0,11375.9501953125,10725.0,10858.400390625,10858.400390625,7161172,656.2000122070312,679.7999877929688,597.4500122070312,602.4500122070312,602.4500122070312,89165038,4733.5,4784.0,4150.0,4160.60009765625,4058.762939453125,14721548,1627.1500244140625,1687.0,1563.3499755859375,1587.75,1587.75,135788049,965.9000244140625,1023.5,895.5999755859375,901.5,901.5,65186082,363.6499938964844,375.1499938964844,326.20001220703125,333.3500061035156,330.7698974609375,300219597,9078.7998046875,9240.0,8719.900390625,8798.599609375,8581.1201171875,10446765,11206.7001953125,12145.349609375,11194.0498046875,11426.349609375,11426.349609375,5827665,328.1499938964844,336.25,305.1499938964844,308.70001220703125,305.13153076171875,249184184,1299.9000244140625,1350.449951171875,1272.4000244140625,1281.6500244140625,1281.6500244140625,254016863,2605.85009765625,2733.75,2413.10009765625,2442.699951171875,2442.699951171875,11215204,476.0,484.6499938964844,451.6499938964844,483.6499938964844,467.5203857421875,304191684,255.5,264.70001220703125,231.14999389648438,239.25,234.5798797607422,209537835,990.0499877929688,1011.5,926.4500122070312,960.1500244140625,960.1500244140625,96510521,1201.9000244140625,1309.5,1174.25,1231.0999755859375,1225.139404296875,81213327,1803.5,1880.0,1765.5999755859375,1772.8499755859375,1753.5589599609375,219785307,787.2999877929688,820.3499755859375,717.7000122070312,740.1500244140625,733.840576171875,270105598,2479.60009765625,2494.0,2256.5,2281.35009765625,2260.494384765625,28639502,1288.0,1329.949951171875,1201.5,1215.449951171875,1215.449951171875,288559407,1848.050048828125,1980.0,1835.449951171875,1917.4000244140625,1889.1854248046875,51686284,838.9500122070312,875.4500122070312,785.0,794.9500122070312,779.3019409179688,209388092,659.5,725.739990234375,649.0999755859375,682.2999877929688,679.0382080078125,211398960,4270.0,4494.89990234375,4032.050048828125,4094.800048828125,3995.040283203125,44350531,2242.800048828125,2291.949951171875,2145.39990234375,2170.050048828125,2147.213623046875,18132472,307.79998779296875,320.8500061035156,282.8500061035156,293.1499938964844,291.5353088378906,322789958,291.2250061035156,320.0,289.1000061035156,301.8500061035156,295.9688415527344,233853929,2984.0,3115.0,2886.35009765625,3007.10009765625,2983.13330078125,54879085,1859.0,2006.449951171875,1835.199951171875,1880.0,1853.9151611328125,104692952,603.9299926757812,653.52001953125,568.72998046875,577.8300170898438,575.1464233398438,120301995,144.11000061035156,152.5,136.08999633789062,138.0500030517578,134.90396118164062,618877623,1532.0,1549.4000244140625,1423.800048828125,1529.0,1525.9698486328125,51302262,1800.0,1910.0,1774.050048828125,1886.3499755859375,1875.0496826171875,40556337,3706.85009765625,3963.5,3550.0,3607.64990234375,3574.314697265625,38382660,4838.0498046875,4954.9501953125,4673.60009765625,4821.89990234375,4821.89990234375,7323770,6777.0498046875,7234.0,6681.7998046875,7123.35009765625,7117.18408203125,15955055,1214.25,1398.25,1202.300048828125,1388.5,1388.5,55928849,1132.699951171875,1193.8499755859375,1058.5,1064.699951171875,1063.790771484375,156440848,2485.0,2515.0,2315.25,2326.85009765625,2302.63525390625,34245501,3249.0,3518.0,3222.050048828125,3253.14990234375,3253.14990234375,20940022,2491.35009765625,2610.0,2332.75,2528.64990234375,2527.357666015625,42696851,6858.0,7389.89990234375,6821.10009765625,7296.35009765625,7286.044921875,6501041,418.3999938964844,425.8999938964844,375.70001220703125,384.1499938964844,378.5630798339844,152694443,1588.0,1690.5,1551.6500244140625,1568.0999755859375,1567.3363037109375,27084424,1765.0,1813.0,1733.3499755859375,1786.050048828125,1786.050048828125,82172812,958.6500244140625,976.4000244140625,882.9000244140625,914.7000122070312,907.9706420898438,32794751
2025-01-01,1700.5999755859375,1736.4000244140625,1621.300048828125,1674.449951171875,1644.4041748046875,39537917,10858.0,12390.0,10800.2001953125,12310.650390625,12310.650390625,10860892,601.5,628.3499755859375,562.0,594.2999877929688,594.2999877929688,139392120,4174.7998046875,4372.7998046875,3997.5,4339.14990234375,4232.9423828125,11321516,1593.0,1661.9000244140625,1567.0999755859375,1626.300048828125,1626.300048828125,101356541,901.1500244140625,959.9000244140625,880.0,945.0,945.0,37791228,333.0,344.5,296.8500061035156,324.0,321.49224853515625,322342497,8754.0498046875,9109.9501953125,8290.349609375,8847.7998046875,8629.1044921875,9015353,11411.0,11861.650390625,10462.0,11487.4501953125,11487.4501953125,8248625,308.70001220703125,318.0,279.3500061035156,301.6499938964844,298.16302490234375,239241189,1281.6500244140625,1293.4000244140625,1186.0,1252.800048828125,1252.800048828125,230113351,2440.0,2559.5,2276.949951171875,2508.85009765625,2508.85009765625,14044056,486.0,491.0,430.1000061035156,447.5,432.57598876953125,367869356,237.80999755859375,273.5,236.35000610351562,262.6099853515625,257.48388671875,365702536,958.5999755859375,1025.4000244140625,923.7000122070312,991.2000122070312,991.2000122070312,97349952,1223.0,1237.5999755859375,1010.75,1099.3499755859375,1094.02734375,76755855,1773.449951171875,1803.449951171875,1624.300048828125,1698.75,1680.2652587890625,256291384,740.4500122070312,810.0,683.2000122070312,716.0999755859375,709.9955444335938,343805415,2280.0,2361.39990234375,2207.800048828125,2300.800048828125,2279.766357421875,26548648,1214.8499755859375,1326.0,1211.5999755859375,1265.0999755859375,1265.0999755859375,285691250,1917.4000244140625,2012.199951171875,1691.0,1725.449951171875,1700.06005859375,88975712,795.5499877929688,809.5,722.5,772.9000244140625,757.68603515625,254039363,682.2999877929688,825.0650024414062,680.5999755859375,788.510009765625,784.7405395507812,309141610,4094.39990234375,4322.9501953125,4011.550048828125,4112.39990234375,4012.21142578125,52659817,2170.0,2387.0,2131.25,2313.199951171875,2288.85693359375,18404052,293.1499938964844,297.79998779296875,252.6999969482422,292.6499938964844,291.0380859375,394149190,300.0,324.6000061035156,280.5,311.8999938964844,305.8230285644531,332369903,3007.10009765625,3237.050048828125,2754.14990234375,2989.85009765625,2966.02099609375,58936051,1874.0,1982.800048828125,1793.050048828125,1879.800048828125,1853.718017578125,149101080,579.7999877929688,619.5999755859375,493.3500061035156,543.75,541.2246704101562,149218976,138.10000610351562,139.72999572753906,122.62000274658203,134.6199951171875,131.5521240234375,648078583,1531.949951171875,1547.8499755859375,1366.0999755859375,1479.4000244140625,1476.4681396484375,34370192,1889.9000244140625,1902.949951171875,1693.0999755859375,1743.949951171875,1733.502685546875,44037536,3600.0,3724.10009765625,3395.0,3567.39990234375,3534.4365234375,43850790,4829.0,5385.7001953125,4742.4501953125,5194.2998046875,5194.2998046875,12134437,7121.0,7493.0498046875,5317.2001953125,5753.2001953125,5748.22021484375,23828193,1388.449951171875,1405.9000244140625,1164.6500244140625,1217.3499755859375,1217.3499755859375,48344235,1064.1500244140625,1093.5,933.5,986.0999755859375,985.2579345703125,286724491,2325.0,2479.0,2253.85009765625,2468.800048828125,2443.10791015625,39883089,3248.0,3576.699951171875,3244.050048828125,3490.25,3490.25,22989339,2536.0,2644.199951171875,2201.300048828125,2287.800048828125,2286.630859375,34194887,7320.0,7545.35009765625,6608.0,6810.5,6800.880859375,7430528,383.54998779296875,399.29998779296875,361.25,395.8999938964844,390.1421813964844,191027702,1565.0,1856.0,1565.0,1736.0999755859375,1735.2545166015625,44576346,1779.25,1938.0999755859375,1723.75,1901.300048828125,1901.300048828125,97225993,913.0,1031.199951171875,911.0,1024.6500244140625,1017.11181640625,43266672
2025-02-01,1674.5,1712.4000244140625,1478.4000244140625,1487.8499755859375,1461.1524658203125,32364036,12320.0,13461.2001953125,11811.7001953125,11945.849609375,11945.849609375,8347776,594.0,656.2000122070312,557.5999755859375,634.3499755859375,634.3499755859375,120264657,4330.0,4522.9501953125,3662.14990234375,3681.10009765625,3590.99951171875,13417079,1627.0,1728.4000244140625,1559.5,1570.199951171875,1570.199951171875,134029601,947.8499755859375,990.9500122070312,911.6500244140625,950.7000122070312,950.7000122070312,37297239,326.04998779296875,330.79998779296875,292.79998779296875,311.45001220703125,311.45001220703125,231050334,8887.900390625,9178.0,7886.2998046875,7902.89990234375,7707.56005859375,6630391,11544.900390625,11787.0,10047.849609375,10128.4501953125,10128.4501953125,8141174,301.6499938964844,305.3500061035156,247.3000030517578,250.85000610351562,247.9502716064453,323463870,1251.1500244140625,1280.5,1200.0999755859375,1204.0999755859375,1204.0999755859375,183610703,2500.0,2542.0,2301.64990234375,2306.64990234375,2306.64990234375,12966446,448.0,471.5,392.20001220703125,395.0,381.8268737792969,312457108,259.54998779296875,263.0,223.14999389648438,225.25,220.85316467285156,190448275,977.0,1086.550048828125,970.0999755859375,990.0999755859375,990.0999755859375,134987831,1105.9000244140625,1175.6500244140625,1040.0,1069.4000244140625,1064.222412109375,64886915,1697.5,1767.0,1661.0999755859375,1732.4000244140625,1713.5491943359375,221050121,719.5,725.4500122070312,618.4500122070312,620.6500244140625,615.3592529296875,240796809,2312.0,2418.60009765625,2175.800048828125,2179.75,2159.822998046875,28272421,1265.0999755859375,1290.5,1193.300048828125,1200.0999755859375,1200.0999755859375,206663951,1726.0,1749.0,1562.449951171875,1575.050048828125,1557.0859375,43504460,774.7999877929688,782.0,682.5999755859375,688.7999877929688,675.241455078125,255563891,788.0,873.9000244140625,778.4400024414062,853.030029296875,848.9520874023438,278897210,4113.0,4150.0,3457.0,3483.25,3452.5625,49123315,2313.0,2374.0,2170.0,2189.64990234375,2166.607177734375,16753257,295.95001220703125,299.6000061035156,240.25,246.25,244.89364624023438,474498363,312.54998779296875,323.6000061035156,277.0,277.6499938964844,277.6499938964844,216932988,2990.0,3270.949951171875,2572.199951171875,2585.10009765625,2564.496826171875,78761161,1880.300048828125,1924.0,1682.449951171875,1687.699951171875,1664.2833251953125,101783118,547.9000244140625,620.0,516.0,617.2999877929688,617.2999877929688,151267702,135.0,141.60000610351562,127.80999755859375,137.1999969482422,134.07333374023438,602256504,1479.4000244140625,1502.0,1400.0,1407.5,1404.7105712890625,33646761,1740.0,1789.0,1586.4000244140625,1593.25,1583.70556640625,46136210,3578.0,3629.199951171875,3141.0,3163.85009765625,3134.61572265625,49934259,5214.7998046875,5575.5,4646.0,4773.60009765625,4773.60009765625,12519818,5780.0,6270.39990234375,4715.0,4851.5498046875,4847.3505859375,32097297,1220.4000244140625,1254.0,1104.550048828125,1116.5,1116.5,50362638,989.5,1035.5,978.0499877929688,1015.5499877929688,1014.6828002929688,139956123,2475.0,2602.0,2185.85009765625,2190.25,2167.45654296875,34317771,3527.0,3652.0,3060.0,3077.25,3077.25,18762063,2297.0,2397.0,2072.0,2096.0,2094.928955078125,28826345,6810.2998046875,7008.0,6001.35009765625,6052.60009765625,6044.05126953125,9012952,395.8999938964844,399.45001220703125,349.25,369.3500061035156,369.3500061035156,115828301,1747.0,1938.800048828125,1617.0,1872.300048828125,1871.3883056640625,38168781,1899.0,1994.9000244140625,1871.5999755859375,1902.949951171875,1902.949951171875,82575484,1026.0,1075.0,957.3499755859375,963.7000122070312,956.6101684570312,31093272
2025-03-01,1500.0,1550.800048828125,1382.050048828125,1418.25,1392.8013916015625,42342938,11886.0,12075.25,11400.099609375,11522.150390625,11522.150390625,6508042,634.4500122070312,715.0,620.7000122070312,682.4500122070312,682.4500122070312,106500542,3644.050048828125,3808.75,3461.60009765625,3722.949951171875,3722.949951171875,12880843,1579.0,1765.0,1568.0,1733.4000244140625,1733.4000244140625,120755353,959.0,1074.9000244140625,953.0,1063.199951171875,1063.199951171875,32578441,311.29998779296875,371.45001220703125,307.70001220703125,357.6000061035156,357.6000061035156,303976178,7934.9501953125,8213.9501953125,7301.0,7878.85009765625,7684.1044921875,10795325,10319.25,11699.0,10240.0,11509.5498046875,11509.5498046875,6857836,253.0,297.25,248.5,290.3500061035156,290.3500061035156,289109540,1210.5,1373.0,1204.1500244140625,1348.3499755859375,1348.3499755859375,237159838,2328.5,2637.64990234375,2317.89990234375,2611.14990234375,2611.14990234375,11851495,395.95001220703125,416.25,391.20001220703125,409.75,402.3369140625,252349326,224.75,254.89999389648438,215.47999572753906,246.3800048828125,246.3800048828125,237395901,978.9500122070312,1003.5999755859375,606.0,649.8499755859375,649.8499755859375,426230269,1074.949951171875,1212.0,1036.5,1182.949951171875,1177.2225341796875,41642055,1739.800048828125,1843.699951171875,1670.050048828125,1828.199951171875,1808.306640625,207995844,620.6500244140625,723.0499877929688,606.2999877929688,674.4500122070312,668.7006225585938,250263235,2179.75,2364.0,2124.75,2340.64990234375,2319.251953125,22686751,1204.0,1307.699951171875,1156.0,1275.0999755859375,1275.0999755859375,262251811,1575.050048828125,1658.949951171875,1507.0999755859375,1592.5,1574.3369140625,56400315,690.1500244140625,786.0,680.0,771.5,756.3135375976562,165533868,853.5999755859375,926.0050048828125,821.125,894.5599975585938,890.2835083007812,228265260,3485.0,3710.0,3462.75,3606.14990234375,3574.379638671875,47029445,2188.25,2288.60009765625,2110.0,2250.75,2241.326171875,11220280,247.5,306.5799865722656,244.36000061035156,301.32000732421875,299.66033935546875,434656933,279.45001220703125,292.0,256.25,262.25,262.25,217653426,2613.800048828125,2893.0,2550.0,2665.800048828125,2644.553466796875,61243758,1692.300048828125,1732.949951171875,1545.1500244140625,1570.6500244140625,1548.857421875,157797728,625.2999877929688,695.0,613.4000244140625,656.0,656.0,117336457,137.0,160.10000610351562,134.30999755859375,154.24000549316406,150.72500610351562,772042635,1400.0,1535.0,1389.300048828125,1442.199951171875,1439.341796875,23713843,1585.300048828125,1820.0,1553.050048828125,1734.699951171875,1734.699951171875,36486045,3165.949951171875,3528.0,3153.050048828125,3492.300048828125,3460.03076171875,36574499,4827.0,5499.85009765625,4780.89990234375,5347.7001953125,5347.7001953125,7505393,4900.0498046875,5525.9501953125,4722.9501953125,5325.14990234375,5320.54052734375,22147455,1118.3499755859375,1216.3499755859375,1092.449951171875,1144.199951171875,1144.199951171875,34299784,1017.0499877929688,1123.5,992.0,1102.0,1101.0589599609375,117332300,2199.0,2296.0,2136.0,2258.85009765625,2235.3427734375,30953641,3090.0,3205.0,2985.050048828125,3063.35009765625,3063.35009765625,17575830,2109.0,2395.0,2026.550048828125,2315.800048828125,2314.616455078125,21244896,6025.60009765625,6699.9501953125,6001.0,6616.2001953125,6616.2001953125,6898660,370.0,411.79998779296875,352.3999938964844,398.20001220703125,398.20001220703125,127678133,1884.699951171875,2022.0,1733.0,2007.3499755859375,2006.3724365234375,44497611,1905.550048828125,2202.5,1895.199951171875,2171.199951171875,2171.199951171875,96635341,963.7000122070312,1015.0,930.0999755859375,1001.9000244140625,994.5291748046875,33861052
2025-04-01,1402.0,1510.800048828125,1209.4000244140625,1503.0,1476.0306396484375,53450238,11480.0,12325.0,11059.4501953125,12257.0,12257.0,9087098,672.0,683.0999755859375,546.4500122070312,624.6500244140625,624.6500244140625,117884559,3707.35009765625,3994.10009765625,3344.0,3827.39990234375,3827.39990234375,12124540,1715.0,1904.300048828125,1669.4000244140625,1864.5,1864.5,130158205,1063.0,1070.449951171875,905.2000122070312,1029.800048828125,1029.800048828125,37306757,352.3500061035156,368.45001220703125,324.0,354.54998779296875,354.54998779296875,227063614,7631.0,8328.0,7089.35009765625,8030.0,7831.5185546875,6756063,11350.0,12339.0,11015.0498046875,11641.0,11641.0,7044762,289.6000061035156,322.0,282.29998779296875,307.45001220703125,307.45001220703125,275491983,1340.0,1438.300048828125,1265.0,1427.0,1427.0,250961685,2611.39990234375,2787.300048828125,2465.5,2737.5,2737.5,11411755,409.79998779296875,437.45001220703125,390.1499938964844,425.79998779296875,418.0965270996094,327612528,247.0,252.75,205.0,244.4499969482422,244.4499969482422,274755444,649.0,852.0,637.0,838.4000244140625,838.4000244140625,249830872,1179.0,1282.5,1041.5,1216.5,1210.610107421875,49137450,1802.0,1978.9000244140625,1738.199951171875,1925.0,1904.0533447265625,268895499,670.5499877929688,682.9000244140625,535.75,644.25,638.758056640625,331420937,2342.0,2491.0,2190.0,2425.699951171875,2403.5244140625,19512308,1264.5999755859375,1412.4000244140625,1114.8499755859375,1405.0,1405.0,295755870,1577.0,1618.0,1302.75,1567.5,1549.6220703125,77906546,766.7999877929688,835.5,730.0,788.6500244140625,773.1259765625,252303713,878.3300170898438,966.0,830.7150268554688,863.4500122070312,859.322265625,252082890,3572.699951171875,3584.0,3056.050048828125,3453.699951171875,3423.272705078125,65011123,2261.89990234375,2515.0,2148.0,2388.199951171875,2378.20068359375,18168605,302.0,320.45001220703125,256.20001220703125,314.1000061035156,314.1000061035156,447262934,260.3500061035156,265.54998779296875,228.0,241.5,241.5,332546938,2652.800048828125,2969.5,2425.0,2928.800048828125,2905.45751953125,57254209,1539.25,1555.6500244140625,1307.0,1500.0999755859375,1479.2862548828125,204300813,652.0,717.5,589.25,611.7000122070312,611.7000122070312,161889674,152.07000732421875,156.25,125.30000305175781,140.0800018310547,136.8876953125,897475569,1438.550048828125,1570.800048828125,1335.0,1550.0999755859375,1547.0279541015625,29485507,1731.0,1846.0,1620.0999755859375,1832.300048828125,1832.300048828125,58142050,3480.0,3501.60009765625,2965.300048828125,3341.0,3310.128662109375,45600207,5365.5498046875,5906.5,4999.9501953125,5567.0,5567.0,8880018,5350.85009765625,5751.0,4488.0,5172.5,5168.02294921875,34838426,1144.199951171875,1226.9000244140625,1020.0,1183.9000244140625,1183.9000244140625,55673703,1093.199951171875,1238.699951171875,1032.3499755859375,1185.0,1183.9881591796875,168260709,2259.0,2487.39990234375,2150.0,2342.10009765625,2317.7265625,46968144,3053.699951171875,3419.5,2925.0,3379.699951171875,3379.699951171875,19280759,2312.0,2483.39990234375,2145.0,2301.300048828125,2300.1240234375,17605722,6599.0,7243.0,6490.85009765625,6977.0,6977.0,8512827,397.79998779296875,406.0,356.0,385.29998779296875,385.29998779296875,115061126,1998.0,2135.0,1823.5,1951.5999755859375,1950.649658203125,42457503,2174.300048828125,2301.89990234375,2000.800048828125,2208.10009765625,2208.10009765625,77604562,1003.0,1180.5,989.25,1165.800048828125,1157.223388671875,41983897
2025-05-01,1503.0,1636.4000244140625,1478.0999755859375,1573.9000244140625,1545.658447265625,35037715,12257.0,13086.0,12115.0,12319.0,12319.0,7014973,624.6500244140625,671.0,603.75,633.5,633.5,108553297,3827.39990234375,4454.60009765625,3725.0,4309.2998046875,4309.2998046875,16852193,1864.5,1917.0,1799.5,1856.199951171875,1856.199951171875,230796611,1029.800048828125,1044.5999755859375,935.0,993.5,993.5,43170884,354.54998779296875,358.0,330.6000061035156,333.8999938964844,333.8999938964844,278627185,8030.0,9007.0,7612.0,8607.0,8394.2568359375,10020060,11641.0,11991.0,11151.0,11210.0,11210.0,5104706,307.45001220703125,317.3999938964844,286.54998779296875,289.75,289.75,297116679,1427.0,1471.5999755859375,1387.0,1445.800048828125,1445.800048828125,205801479,2737.5,2845.0,2536.0,2545.800048828125,2545.800048828125,13686511,425.79998779296875,444.20001220703125,413.0,418.04998779296875,410.4867248535156,732178857,244.4499969482422,252.6999969482422,228.4499969482422,239.39999389648438,239.39999389648438,241245004,838.4000244140625,863.5,725.7999877929688,816.9500122070312,816.9500122070312,232827632,1216.5,1457.5,1216.5,1432.800048828125,1425.8629150390625,75930401,1925.0,1961.699951171875,1886.800048828125,1944.9000244140625,1923.73681640625,211551374,644.25,742.0,635.5499877929688,719.5,713.3665771484375,358070567,2425.699951171875,2475.0,2245.0,2259.10009765625,2238.44775390625,27390695,1405.0,1461.4000244140625,1374.5,1420.9000244140625,1420.9000244140625,233059332,1567.5,1702.5999755859375,1545.0,1636.5999755859375,1636.5999755859375,52519103,788.6500244140625,814.5,755.5,812.2999877929688,796.3104248046875,274305515,863.4500122070312,933.6500244140625,856.5999755859375,918.0499877929688,913.6611938476562,198201160,3453.699951171875,3630.5,3398.10009765625,3463.39990234375,3432.88720703125,44084702,2388.199951171875,2482.0,2291.699951171875,2396.199951171875,2386.167236328125,16839105,314.1000061035156,393.5,304.79998779296875,384.6000061035156,384.6000061035156,772251245,241.5,257.94000244140625,236.00999450683594,249.6699981689453,249.6699981689453,204854092,2928.800048828125,3170.699951171875,2910.199951171875,2976.800048828125,2953.074951171875,57942440,1500.0999755859375,1632.0,1494.0999755859375,1562.699951171875,1541.0177001953125,147048530,611.7000122070312,683.9000244140625,596.6500244140625,639.3499755859375,639.3499755859375,131920791,140.0800018310547,165.5500030517578,139.4499969482422,161.02000427246094,157.35049438476562,744390374,1550.0999755859375,1552.5,1451.199951171875,1465.699951171875,1462.7952880859375,45574691,1832.300048828125,1851.199951171875,1623.5999755859375,1677.5999755859375,1677.5999755859375,65813417,3341.0,3695.300048828125,3284.10009765625,3675.10009765625,3641.1416015625,46142345,5567.0,5628.0,5260.5,5333.5,5333.5,11362190,5172.5,5728.0,5063.5,5643.5,5638.615234375,18806516,1183.9000244140625,1257.5999755859375,1129.4000244140625,1251.199951171875,1251.199951171875,39497697,1185.0,1224.199951171875,1148.5,1192.199951171875,1191.181884765625,119010282,2342.10009765625,2409.5,2302.300048828125,2348.300048828125,2323.86181640625,36056148,3379.699951171875,3665.0,3245.5,3555.0,3555.0,17734138,2301.300048828125,2584.199951171875,2233.0,2519.89990234375,2518.612060546875,25623265,6977.0,7124.5,6677.5,6880.5,6880.5,7339753,385.29998779296875,417.25,370.29998779296875,397.29998779296875,397.29998779296875,156366371,1955.0,2071.0,1917.199951171875,2017.4000244140625,2016.4176025390625,31288190,2208.10009765625,2223.60009765625,2050.699951171875,2074.699951171875,2074.699951171875,79575500,1165.800048828125,1176.199951171875,1086.4000244140625,1106.300048828125,1098.1611328125,27086069
2025-06-01,1565.0,1732.800048828125,1533.9000244140625,1687.0,1656.72900390625,46023421,12161.0,12890.0,12016.0,12400.0,12400.0,7164678,628.9500122070312,700.0499877929688,618.0,692.8499755859375,692.8499755859375,106333289,4310.10009765625,4486.7001953125,4158.10009765625,4237.10009765625,4237.10009765625,12348573,1844.0,2039.0,1815.0,2009.5999755859375,2009.5999755859375,134421221,987.0,1045.699951171875,962.1500244140625,1020.5,1020.5,42567759,333.8999938964844,342.6000061035156,321.3500061035156,334.8999938964844,334.8999938964844,417182673,8621.5,8770.0,8250.0,8376.0,8168.96630859375,8038562,11180.0,12271.0,10920.0,12093.0,12093.0,6616984,290.29998779296875,301.79998779296875,281.79998779296875,299.8999938964844,299.8999938964844,248550098,1442.0,1466.800048828125,1403.5999755859375,1445.800048828125,1445.800048828125,205345573,2546.0,2896.0,2511.0,2844.5,2844.5,18611341,418.29998779296875,428.54998779296875,411.75,416.45001220703125,416.45001220703125,282245544,239.0,257.5,235.5,244.2100067138672,244.2100067138672,346518432,815.0,881.0,798.1500244140625,872.0999755859375,872.0999755859375,136674307,1432.800048828125,1494.0,1331.5999755859375,1450.199951171875,1443.1785888671875,57406461,1930.0999755859375,2027.0999755859375,1908.0,2001.5,1979.720947265625,209555153,717.0,744.0,666.0999755859375,688.0,682.1351318359375,260670849,2259.10009765625,2369.89990234375,2174.800048828125,2341.10009765625,2319.697998046875,25721771,1412.0999755859375,1524.800048828125,1395.5999755859375,1500.5999755859375,1500.5999755859375,220582932,1625.0999755859375,1752.5,1605.699951171875,1728.5999755859375,1728.5999755859375,52987442,812.8499755859375,824.5,781.7000122070312,820.3499755859375,820.3499755859375,264836651,913.0,978.7999877929688,886.0,936.5,936.5,218339884,3450.0,3538.0,3358.699951171875,3462.0,3431.49951171875,52326211,2400.0,2475.60009765625,2310.0,2465.300048828125,2454.97802734375,27066252,385.0,426.5,379.5,421.5,421.5,608118523,247.60000610351562,271.29998779296875,245.72999572753906,265.9800109863281,265.9800109863281,185478934,2976.800048828125,3241.5,2932.0,3183.199951171875,3157.829833984375,55295659,1560.0,1647.4000244140625,1535.5999755859375,1601.800048828125,1601.800048828125,144990624,638.2999877929688,715.9000244140625,625.0,706.8499755859375,706.8499755859375,138772321,159.0,163.3000030517578,149.8000030517578,159.75999450683594,156.11920166015625,480848772,1468.0,1541.0,1458.0,1505.9000244140625,1502.9156494140625,25820608,1679.0,1727.5,1636.0,1675.699951171875,1675.699951171875,50799998,3675.10009765625,3731.39990234375,3485.89990234375,3669.800048828125,3635.890625,36074439,5340.0,5685.0,5219.5,5656.5,5656.5,10294105,5681.0,6261.0,5481.0,6217.5,6212.1181640625,31083390,1251.0,1379.699951171875,1232.5,1283.300048828125,1283.300048828125,34948926,1189.800048828125,1247.0,1151.199951171875,1199.199951171875,1198.1759033203125,126627242,2347.89990234375,2402.89990234375,2258.699951171875,2294.60009765625,2270.720703125,35867508,3525.10009765625,3709.10009765625,3383.0,3690.199951171875,3690.199951171875,20190488,2527.0,2681.60009765625,2405.10009765625,2619.39990234375,2618.061279296875,24839159,6944.0,7336.5,6772.0,7242.0,7242.0,9487181,398.95001220703125,409.5,383.5,391.95001220703125,391.95001220703125,136878217,2017.4000244140625,2065.0,1921.0,2056.0,2054.998779296875,48080285,2067.0,2233.60009765625,2033.800048828125,2163.5,2163.5,86244233,1100.0,1150.0,1059.0,1098.9000244140625,1098.9000244140625,21936933
2025-07-01,1690.0,1699.0,1640.5,1655.199951171875,1655.199951171875,7954733,12450.0,12820.0,12320.0,12646.0,12646.0,1950586,692.4000244140625,708.0999755859375,684.3499755859375,699.4500122070312,699.4500122070312,19613328,4258.2998046875,4374.7001953125,4190.10009765625,4345.0,4345.0,2813682,2009.0,2045.800048828125,2005.0999755859375,2017.199951171875,2017.199951171875,20197712,1023.7000122070312,1067.800048828125,1016.2000122070312,1041.4000244140625,1041.4000244140625,7781180,335.25,336.3500061035156,331.0,335.5,335.5,47813621,8370.0,8464.5,8300.0,8433.0,8433.0,1174418,12105.0,12575.0,12060.0,12506.0,12506.0,1312031,301.0,301.5,291.6499938964844,294.0,294.0,61935409,1445.699951171875,1451.0,1421.0999755859375,1442.800048828125,1442.800048828125,41443817,2842.5,2878.89990234375,2785.699951171875,2805.89990234375,2805.89990234375,2419674,417.0,418.8500061035156,411.25,412.54998779296875,412.54998779296875,60356653,245.3000030517578,246.1999969482422,240.1999969482422,245.24000549316406,245.24000549316406,48207907,870.0999755859375,892.7999877929688,845.5499877929688,856.25,856.25,25084809,1450.300048828125,1459.800048828125,1416.5999755859375,1424.4000244140625,1424.4000244140625,5549078,2005.0,2019.9000244140625,1977.9000244140625,1989.300048828125,1989.300048828125,32927075,691.0999755859375,696.9500122070312,680.4000244140625,689.0499877929688,689.0499877929688,34449629,2380.5,2464.39990234375,2327.0,2424.199951171875,2424.199951171875,5920227,1500.5999755859375,1531.9000244140625,1500.0999755859375,1527.300048828125,1527.300048828125,41216649,1728.5999755859375,1745.0,1706.199951171875,1725.9000244140625,1725.9000244140625,7085037,820.0,824.9000244140625,804.0999755859375,811.8499755859375,811.8499755859375,33774954,932.5,941.7999877929688,905.2000122070312,925.2999877929688,925.2999877929688,43605924,3455.0,3489.89990234375,3390.10009765625,3419.800048828125,3419.800048828125,10215908,2470.0,2471.39990234375,2367.10009765625,2392.800048828125,2392.800048828125,2697919,424.79998779296875,436.0,422.6000061035156,427.54998779296875,427.54998779296875,104969501,265.5,271.3999938964844,263.70001220703125,270.04998779296875,270.04998779296875,36272976,3188.0,3221.0,3134.10009765625,3162.5,3162.5,7005162,1609.0,1649.0,1600.5,1640.699951171875,1640.699951171875,26913962,708.0,710.5499877929688,670.0,676.1500244140625,676.1500244140625,20514294,160.00999450683594,168.77999877929688,157.72999572753906,163.00999450683594,163.00999450683594,187579865,1505.9000244140625,1525.0,1493.300048828125,1513.300048828125,1513.300048828125,5493147,1675.699951171875,1692.800048828125,1656.0,1676.300048828125,1676.300048828125,8991601,3669.800048828125,3678.89990234375,3570.10009765625,3594.60009765625,3594.60009765625,5006171,5656.5,5774.5,5620.0,5629.0,5629.0,1539494,6226.5,6258.0,5350.0,5456.0,5456.0,17501353,1286.300048828125,1313.0,1263.699951171875,1307.4000244140625,1307.4000244140625,8729691,1202.0,1202.0,1162.0,1177.5999755859375,1177.5999755859375,28261428,2300.0,2341.39990234375,2286.60009765625,2339.300048828125,2339.300048828125,5432569,3699.0,3726.5,3645.10009765625,3686.89990234375,3686.89990234375,3318912,2624.89990234375,2646.0,2582.199951171875,2599.10009765625,2599.10009765625,2593910,7475.0,7600.5,7404.5,7553.5,7553.5,4376043,392.5,393.8999938964844,383.3999938964844,386.1000061035156,386.1000061035156,25574830,2055.10009765625,2068.5,1977.5999755859375,1994.4000244140625,1994.4000244140625,6358811,2163.5,2197.199951171875,2111.0,2129.800048828125,2129.800048828125,13942029,1098.9000244140625,1105.800048828125,1082.0,1089.699951171875,1089.699951171875,4079420
