Date,ADANIENT.NS,ADANIPORTS.NS,APOLLOHOSP.NS,ASIANPAINT.NS,AXISBANK.NS,BAJAJ-AUTO.NS,BAJFINANCE.NS,BAJAJFINSV.NS,BEL.NS,BHARTIARTL.NS,CIPLA.NS,COALINDIA.NS,DRREDDY.NS,EICHERMOT.NS,ETERNAL.NS,GRASIM.NS,HCLTECH.NS,HDFCBANK.NS,HDFCLIFE.NS,HEROMOTOCO.NS,HINDALCO.NS,HINDUNILVR.NS,ICICIBANK.NS,ITC.NS,INDUSINDBK.NS,INFY.NS,JSWSTEEL.NS,JIOFIN.NS,KOTAKBANK.NS,LT.NS,M&M.NS,MARUTI.NS,NTPC.NS,NESTLEIND.NS,ONGC.NS,POWERGRID.NS,RELIANCE.NS,SBILIFE.NS,SHRIRAMFIN.NS,SBIN.NS,SUNPHARMA.NS,TCS.NS,TATACONSUM.NS,TATAMOTORS.NS,TATASTEEL.NS,TECHM.NS,TITAN.NS,TRENT.NS,ULTRACEMCO.NS,WIPRO.NS
2021-01-01 09:15:00,5191340.71343757,7815730.0,423934.0,1246698.0,6047062.0,421643.0,14471870.0,2881010.0,201696370.35688847,10376955.38496232,2474916.0,6995084.0,2915215.0,914818.0,,1156207.0,3142822.0,8810938.0,1264311.0,408952.0,5091899.0,843160.11677616,13592625.0,20687117.4077459,4632855.0,4253550.0,4461761.0,,1106099.0,2058419.0,9543128.0,767574.0,13493039.0,1005720.0,15130377.0,3074620.44444444,10182202.3023399,798399.0,12981435.0,24531791.0,8229768.0,2681440.0,3650766.85129401,45276489.51078104,84113960.0,1268291.0,1003018.0,328829.0,355623.0,10084672.0
2021-01-04 09:15:00,5089616.06693912,9998803.0,527018.0,1360486.0,14068156.0,647829.0,23336590.0,6133060.0,105614670.96053937,13488949.98887405,3487801.0,11669647.0,3923440.0,3287511.0,,2678196.0,5259092.0,15740192.0,5031655.0,1599835.0,24902369.0,1639894.90889424,16549750.0,28488980.20116233,6991890.0,7208454.0,8872723.0,,3141429.0,4014636.0,4547027.0,598645.0,22325584.0,1240700.0,39545073.0,7133203.55555556,24922354.68283071,1028233.0,11008350.0,31450608.0,11329298.0,5113293.0,2146425.47695397,105976886.3940454,381849550.0,3515825.0,1383979.0,565557.0,453783.0,19511442.0
2021-01-05 09:15:00,3767308.04145981,5135408.0,1720467.0,1299589.0,37973963.0,561562.0,39534000.0,4862140.0,64361587.57235981,10689292.70124519,4559213.0,12371842.0,4770920.0,1494362.0,,1517860.0,7150252.0,14386824.0,6955494.0,1150326.0,12297457.0,2393386.68375707,23311516.0,19094585.07149732,11907501.0,8145280.0,6190435.0,,3263230.0,2833637.0,3551554.0,562668.0,23510160.0,1673460.0,26998014.0,10478883.55555556,24525400.97085561,1209912.0,15930660.0,27393072.0,7790158.0,5801309.0,3859975.74741684,125475914.86861804,215452540.0,4040321.0,1351709.0,450769.0,530958.0,50313494.0
2021-01-06 09:15:00,3397620.30764834,5203982.0,1108589.0,1697884.0,20829645.0,591620.0,36079230.0,5991930.0,74098883.3415434,30837217.01881477,3318460.0,14133415.0,2713390.0,949386.0,,2171527.0,5995748.0,22134050.0,3582162.0,1370394.0,18029077.0,1667463.05610784,28178838.0,51982116.80843146,9768197.0,7161715.0,7910567.0,,3452515.0,4615963.0,3601608.0,840678.0,21952878.0,1154120.0,50306161.0,54265248.0,47175321.27786364,1214878.0,44538525.0,40765708.0,6422080.0,3726716.0,2194170.47258122,125259514.0072782,196105220.0,4677359.0,3312171.0,227409.0,701452.0,44972600.0
2021-01-07 09:15:00,10186002.71091141,10295126.0,1014690.0,1142806.0,17887570.0,531361.0,30357500.0,6016480.0,46011073.16175086,39444359.76480814,2879675.0,17298525.0,3266465.0,1250528.0,,1896489.0,5261000.0,19894842.0,3284785.0,880259.0,32739259.0,2441713.47009983,21138034.0,37028324.51157643,12154311.0,10954918.0,10231006.0,,3419317.0,4270598.0,4063641.0,642968.0,24999580.0,2412100.0,25285200.0,40129930.66666666,32865028.60025621,1109459.0,45813230.0,30546600.0,4555702.0,3717827.0,2222451.65678748,109362965.39527625,382321940.0,3354950.0,2820445.0,302941.0,742403.0,24689510.0
2021-01-08 09:15:00,3817037.29570348,7272250.0,862326.0,1660967.0,12272794.0,675643.0,29984510.0,8242610.0,19906366.97155662,14538184.74514134,5072916.0,27964099.0,4045915.0,2585123.0,,2390920.0,8034775.0,13768764.0,2841346.0,1576465.0,20606695.0,2841982.32784354,21937965.0,59778743.02287695,10838196.0,13186251.0,7559664.0,,3262897.0,4984995.0,5998381.0,2557157.0,43240591.0,3032700.0,36022114.0,29487923.55555556,27999484.50144791,4436263.0,31324270.0,32543357.0,11451416.0,5879039.0,3500987.91824572,89431148.44915213,193293130.0,9279370.0,3478504.0,897082.0,802681.0,81986460.0
2021-01-11 09:15:00,4277444.78195948,7156036.0,422296.0,1517995.0,7928365.0,788461.0,29241640.0,5424440.0,42426384.5653231,19891954.11439601,5332109.0,24790683.0,4599235.0,1616318.0,,1254627.0,13384331.0,17331392.0,3216546.0,1596027.0,13163440.0,2831544.6033394,19394393.0,45523153.13346954,8419415.0,20528626.0,4822618.0,,2995521.0,3252470.0,6643610.0,2182019.0,22036573.0,2291100.0,36301647.0,12726090.66666667,33863311.37324188,2146652.0,15045560.0,29703173.0,7516087.0,9508039.0,6438315.84232177,302263368.33857965,170245090.0,6488791.0,1425529.0,487073.0,714576.0,94668036.0
2021-01-12 09:15:00,5029242.76864329,6751375.0,500012.0,6674890.0,13301893.0,863270.0,33359080.0,5770450.0,32608265.71505172,25856758.92320177,4338010.0,28433070.0,3741860.0,4829997.0,,1557356.0,6700542.0,20388156.0,1607350.0,1586336.0,13136084.0,2068761.87226409,16388310.0,37732823.95026082,8805330.0,8309868.0,6708618.0,,6035580.0,2836161.0,5532160.0,1514072.0,24262426.0,2831320.0,28353142.0,31454133.33333333,41848011.64057414,1573331.0,24395200.0,44307145.0,6747035.0,3611458.0,4618343.69837722,646949627.2082556,245254840.0,4257926.0,2550741.0,333187.0,591436.0,44268930.0
2021-01-13 09:15:00,5102141.68600049,11045555.0,662618.0,2862676.0,15645903.0,515154.0,32693730.0,5140780.0,38455517.58145225,85238397.5482396,3596529.0,21154236.0,3296060.0,1878124.0,,2214231.0,6691409.0,16934650.0,2639680.0,1424073.0,13300126.0,1729537.85735557,21920297.0,67722744.55805586,9473962.0,14442997.0,6885599.0,,5583130.0,4389762.0,19610461.0,877225.0,49236964.0,2187740.0,42401579.0,23792592.0,27063400.81444365,1996557.0,26536710.0,78042133.0,6186661.0,3572801.0,3704737.95873417,272723766.25288785,193538710.0,4671772.0,3527208.0,692189.0,423240.0,58380386.0
2021-01-14 09:15:00,3259306.5019706,6066782.0,603193.0,2124950.0,9337503.0,743848.0,26808110.0,5684370.0,94302760.61158462,16974130.55863384,3652930.0,14755992.0,2674860.0,1159961.0,,1528128.0,15021108.0,12297166.0,1995368.0,803208.0,7601547.0,2153784.22820214,13330898.0,51173191.9548684,14887258.0,27521697.0,4886430.0,,4803638.0,5168591.0,8576718.0,718274.0,29301114.0,1169760.0,24455634.0,12024675.55555555,21912693.49094959,719918.0,21198275.0,40123498.0,6730284.0,6931542.0,3619667.67078029,143807071.72595882,115408580.0,4765344.0,2814477.0,543503.0,464204.0,143103614.0
2021-01-15 09:15:00,3481534.42905952,5427713.0,1941813.0,2570436.0,12339771.0,684649.0,25449160.0,5196510.0,44817773.96454384,57450370.45967606,3137877.0,10647008.0,2577605.0,882692.0,,2034301.0,23769415.0,14165236.0,2417123.0,1199320.0,17738049.0,2075109.2195224,15708956.0,61785019.12686689,9195430.0,15018441.0,7329969.0,,2715164.0,2587576.0,4996951.0,751177.0,24067229.0,1928020.0,28185982.0,13530192.0,20936709.33481962,733660.0,17385480.0,35307601.0,8389544.0,4131692.0,4547509.15039031,414160746.16377884,206884370.0,6063896.0,1725346.0,705409.0,589866.0,50615558.0
2021-01-18 09:15:00,5365930.25429306,6258367.0,1572820.0,2395168.0,13460603.0,602004.0,37034130.0,6344360.0,53634581.8102251,21359278.83341206,3742440.0,17085592.0,4412055.0,2069601.0,,1854776.0,12947569.0,42825632.0,2381523.0,1280163.0,17989695.0,1761083.63488819,21580313.0,71623244.78186479,10668611.0,8861765.0,10605461.0,,5004628.0,3185998.0,3955069.0,771183.0,23613664.0,2413480.0,33623461.0,26118659.55555556,35685841.08325192,936905.0,14423695.0,54969750.0,7414570.0,4160906.0,3387585.83551971,287190415.4392515,250452260.0,4659705.0,2302268.0,488034.0,461596.0,43021174.0
2021-01-19 09:15:00,4310801.75612293,6694907.0,1202289.0,2558693.0,9010539.0,586410.0,47674650.0,13797180.0,64391590.6024611,11034138.73048723,3791378.0,8951075.0,3990495.0,1447495.0,,4075263.0,6387923.0,17360254.0,2016585.0,770832.0,10254337.0,1518801.66227974,20575358.0,33672896.75239587,6309233.0,5585744.0,5842513.0,,4805514.0,3885798.0,3991167.0,779892.0,22934496.0,1256980.0,26085121.0,19382832.0,32540401.09752726,1420092.0,21867515.0,35803901.0,5500391.0,2975735.0,5814075.00080977,226695429.26290208,312451180.0,4416027.0,2279346.0,437784.0,483417.0,31355580.0
2021-01-20 09:15:00,6888864.69475544,14440729.0,1064146.0,2065439.0,9980614.0,549040.0,33147070.0,7864960.0,39771282.90152646,13332845.00339197,3056546.0,11820498.0,3398145.0,1760329.0,,1534873.0,7444118.0,13346052.0,2495461.0,841752.0,11090894.0,1402289.39440345,16097138.0,47325671.96863526,7004445.0,8225838.0,5604951.0,,3041448.0,3957992.0,4502291.0,999226.0,25599184.0,1476620.0,18486566.0,21158183.11111111,31440276.5187105,1147187.0,17042230.0,33759304.0,5182972.0,3453446.0,6232048.43228711,339800586.1342039,233131500.0,4687853.0,1838240.0,628236.0,321063.0,48839358.0
2021-01-21 09:15:00,4338842.89426033,8870257.0,994932.0,5015712.0,15849438.0,1533886.0,70618090.0,16453770.0,31082485.18427455,17380426.30734536,3326213.0,10828875.0,2906620.0,1451173.0,,1273280.0,8857975.0,26333054.0,2254977.0,1300181.0,8781513.0,1545072.71196592,18189277.0,30721507.66284767,8216362.0,6142421.0,7085945.0,,5668862.0,2985423.0,4455107.0,769494.0,22667011.0,1419540.0,26939349.0,12509111.11111111,39739622.56253449,1913821.0,16461875.0,29995203.0,4546393.0,2778546.0,4561224.61374016,469776444.9920424,161178670.0,3911527.0,1558030.0,874465.0,481346.0,31822754.0
2021-01-22 09:15:00,4309124.31911471,6843849.0,1194708.0,4945564.0,21392223.0,8537143.0,30847960.0,8398220.0,30823191.92413215,12662799.78067779,3883231.0,14810848.0,3815610.0,3091826.0,,1033910.0,5379466.0,15392364.0,2644349.0,3813020.0,16005359.0,2588191.02705716,24515997.0,26179909.48562125,11366492.0,9646591.0,8779405.0,,4298175.0,3282665.0,5588252.0,1172914.0,26029669.0,1965000.0,27311961.0,16720403.55555555,31041864.43048976,3421388.0,18964880.0,44440810.0,5591688.0,3052459.0,4359721.68237619,523433824.1875142,237156650.0,3922421.0,1364197.0,1258060.0,680688.0,22797624.0
2021-01-25 09:15:00,3843991.75983556,5816153.0,1764152.0,3520087.0,21325345.0,2368224.0,36730600.0,7811220.0,22702228.77657436,12503780.11554117,10704200.0,10157077.0,3588895.0,2024082.0,,15405406.0,7731883.0,20344718.0,3532317.0,2266967.0,8297942.0,2157858.3536387,23415249.0,26450814.25291111,11829328.0,6542611.0,17874949.0,,6610138.0,4847989.0,3353172.0,753043.0,18599824.0,2328720.0,28522112.0,9393600.0,55111135.09917289,2534590.0,36180365.0,34034630.0,8149590.0,2272887.0,2041180.80523435,272222751.0351781,163484730.0,2751784.0,1604484.0,410716.0,3236487.0,14760338.0
2021-01-27 09:15:00,2878559.23110494,8920054.0,1665899.0,2700415.0,24462588.0,2062088.0,28004930.0,6166310.0,55897979.08103457,15567462.96182364,7410174.0,11638766.0,5261980.0,2574644.0,,6647453.0,7531736.0,23556276.0,3629780.0,1333633.0,14139166.0,2499017.34958852,28049286.0,51350210.1475796,15810173.0,8133665.0,8576326.0,,7892319.0,8896211.0,6585102.0,1080785.0,22812859.0,1328040.0,34022621.0,18874919.11111111,43076753.10813684,2745728.0,19598860.0,39211107.0,8534047.0,2786662.0,3707178.40022026,209677293.56797025,149180840.0,6975618.0,2021747.0,390506.0,1212604.0,59180420.0
2021-01-28 09:15:00,4327639.01720543,5707393.0,1410605.0,3035457.0,64303975.0,1262871.0,34773290.0,8447360.0,49918709.08218358,15201412.4088733,4489853.0,11970139.0,5165470.0,1430646.0,,2845588.0,6960905.0,42704446.0,1964058.0,1986409.0,13756664.0,3928199.42538275,29836591.0,23446465.05425172,13789865.0,4660690.0,6969457.0,,6035924.0,2962948.0,4622634.0,2085637.0,32227832.0,1781100.0,26810222.0,16072465.77777778,34635975.41027847,1855486.0,24702255.0,48717297.0,9863454.0,3083938.0,4827309.66378389,213934289.71695605,170917520.0,4274190.0,1850239.0,472720.0,576548.0,29624870.0
2021-01-29 09:15:00,3941059.37931119,6781488.0,921579.0,2768673.0,31273252.0,1406268.0,42607950.0,7273520.0,77617550.87173392,25521653.28269689,7185812.0,15268785.0,14820975.0,2067268.0,,3837467.0,7692663.0,28704502.0,4598451.0,1718833.0,14992241.0,4543085.61340377,33172808.0,25176105.0755092,19305853.0,12183519.0,7981367.0,,5140687.0,5130876.0,8761073.0,3069968.0,36962884.0,2257760.0,33858273.0,13415016.88888889,44441390.12776213,2286478.0,90681265.0,42300984.0,22539938.0,5445659.0,3637215.36617757,229314662.16423234,268265750.0,4425911.0,2435997.0,946190.0,745559.0,31264842.0
2021-02-01 09:15:00,4128161.13622799,10259084.0,879244.0,1797359.0,30648270.0,745011.0,42907450.0,15653650.0,47400047.5552739,14212781.79915928,13856367.0,12808349.0,12951700.0,1847361.0,,2107516.0,8651478.0,26370544.0,8383807.0,1285163.0,12417894.0,2760360.6629954,69354326.0,61174020.6437554,38067807.0,8880279.0,6141212.0,,4829210.0,11317043.0,6592083.0,1611478.0,29033297.0,1688120.0,24228098.0,9485240.88888889,34750999.87993731,3099408.0,30395260.0,103414068.0,12621971.0,3985846.0,4765002.9961455,274390282.79227823,210846940.0,6321189.0,2215933.0,580728.0,1455212.0,30163704.0
2021-02-02 09:15:00,5304193.97399055,7160471.0,607131.0,2679428.0,28703320.0,1167922.0,43479930.0,13943900.0,32215718.32121881,21711730.94384975,8486828.0,15485139.0,18375530.0,2125895.0,,4139384.0,7690178.0,42420206.0,6702065.0,1751516.0,18251184.0,4281952.55777932,42362384.0,51335827.82993656,20556081.0,6892490.0,7450391.0,,5871337.0,14349665.0,5334431.0,1700845.0,29279584.0,2605960.0,22141489.0,10803603.55555556,42161644.04384382,2781083.0,30730610.0,121434166.0,15788247.0,2881837.0,5783214.70216694,417354162.0433929,180489570.0,4971530.0,1974202.0,732091.0,2251712.0,26620996.0
2021-02-03 09:15:00,6275912.50975197,7462289.0,1286454.0,2409356.0,23541361.0,681937.0,26507830.0,6235450.0,63440421.64817724,30640873.96890936,15674616.0,25483402.0,17227025.0,1349528.0,,2436785.0,6354619.0,20237254.0,2902411.0,1077971.0,15670948.0,2390467.45251681,27155908.0,56829290.50350048,34995822.0,8182968.0,6063017.0,,4289395.0,6197782.0,8802838.0,1491567.0,31420256.0,2246500.0,25912911.0,73411724.44444445,30807048.23105791,1883217.0,28518195.0,66420168.0,23788455.0,2505866.0,10729163.63003271,371346491.8441772,148463810.0,5640121.0,1853072.0,642063.0,952770.0,19795332.0
2021-02-04 09:15:00,11530876.23350129,6850462.0,455213.0,3478562.0,20490289.0,1163598.0,53258880.0,6047270.0,55032223.21244351,51976041.74905898,4639606.0,30751754.0,6508800.0,1259327.0,,2669918.0,4623148.0,24484684.0,3379697.0,2425660.0,21296401.0,2953769.38217437,29982222.0,112103785.30427942,13666242.0,5032240.0,6283280.0,,9641674.0,3957579.0,14706560.0,1198036.0,39264443.0,1842000.0,49670027.0,23523024.0,26054371.87933369,2094974.0,21005115.0,145203439.0,7926593.0,2057261.0,3862719.85229812,200477977.76698253,147649950.0,4232910.0,2728965.0,426826.0,683257.0,14386598.0
2021-02-05 09:15:00,4902353.47402153,5586868.0,941316.0,3303319.0,31121503.0,729191.0,44379870.0,9225610.0,29863169.96096629,35464774.74846824,7381183.0,19930467.0,12038405.0,915838.0,,1642672.0,4631703.0,27054716.0,2759333.0,2719249.0,12833374.0,4100475.71381933,32015570.0,132943530.5026228,19524257.0,5477481.0,9008833.0,,16268336.0,3270494.0,15668083.0,1128089.0,54911202.0,1961940.0,30514219.0,28755123.55555556,20585729.72234675,1766235.0,16549455.0,214955688.0,10981738.0,2366135.0,5990770.65720856,171456736.62577313,291008880.0,3077720.0,1344007.0,1424089.0,1174059.0,17358052.0
2021-02-08 09:15:00,7304919.59179411,8887710.0,564043.0,3666313.0,15662890.0,616236.0,28008090.0,9858550.0,31927223.03177875,21645815.98812518,4244906.0,11810439.0,10792890.0,654484.0,,1963621.0,6509526.0,17447580.0,3887493.0,1004959.0,27556901.0,2824434.43678344,18230551.0,43960390.79634347,7162284.0,6921922.0,9008722.0,,4021475.0,5223019.0,21179625.0,912372.0,53737961.0,2432140.0,29096831.0,28436896.0,21536683.55989201,1899676.0,18317310.0,79389205.0,6479801.0,2526592.0,4019341.33385159,169156637.269692,214621690.0,3713579.0,2683198.0,521522.0,769441.0,25032680.0
2021-02-09 09:15:00,4650632.7607881,10917915.0,1052950.0,7178572.0,22307807.0,721336.0,22639040.0,5126070.0,48306822.46501834,20927180.88560568,4200281.0,8579689.0,6233845.0,1127584.0,,1733992.0,7557977.0,18421366.0,7331068.0,1543021.0,22066741.0,3180764.49668751,27155615.0,74852421.51419835,7984133.0,7965949.0,7961747.0,,2230923.0,3825206.0,9210613.0,925127.0,28074809.0,2420240.0,39638657.0,27738176.0,19931086.21492985,4311868.0,11093915.0,63869990.0,5794015.0,2658751.0,3109797.59822499,175546110.97259882,293370280.0,3086774.0,2364475.0,452702.0,947676.0,58949660.0
2021-02-10 09:15:00,6177676.76727062,19987392.0,745906.0,4473123.0,15140744.0,989105.0,26380120.0,14306670.0,33662169.77240712,31642277.82347083,5665209.0,8709612.0,5767115.0,2160932.0,,3277054.0,4896963.0,19788006.0,8514545.0,1477082.0,16789592.0,2087869.93701418,23967387.0,50091407.7541649,7815034.0,5951207.0,8008124.0,,2860941.0,2578777.0,6465767.0,1015600.0,19070866.0,2331520.0,21467230.0,34189384.88888889,21588286.28674717,4993209.0,19081675.0,54163507.0,6902162.0,2127983.0,2465652.63336896,154817815.09120703,573979190.0,2776301.0,2125469.0,336479.0,1045511.0,21215470.0
2021-02-11 09:15:00,3802344.51463149,10595917.0,581642.0,1446286.0,11897710.0,546983.0,20289470.0,7155380.0,35392829.50873445,19253360.12911447,5347864.0,14150298.0,3557750.0,4481414.0,,1221354.0,3745595.0,13648618.0,3044979.0,757116.0,47356292.0,1853193.81114445,16072702.0,46222766.65222393,5760021.0,4673317.0,3598146.0,,2246777.0,2720190.0,3640848.0,818869.0,18452535.0,1307320.0,11287104.0,20504451.55555556,43248720.340934,2184819.0,8878860.0,36392708.0,11433578.0,1165882.0,7119653.49982185,91527473.6126471,163407050.0,2070435.0,5970196.0,438577.0,390465.0,18474052.0
2021-02-12 09:15:00,17332034.89192697,24953701.0,693562.0,1376085.0,15668442.0,360063.0,16252680.0,3802850.0,24806289.88752588,15904858.78054013,2473012.0,16453706.0,2504510.0,1907486.0,,3435061.0,8045740.0,9910106.0,1760221.0,566161.0,15454237.0,1241327.41243355,19049709.0,117135065.5897725,13959383.0,5797875.0,4667663.0,,1690753.0,1867284.0,2484145.0,756833.0,21660998.0,1090560.0,18187705.0,25066549.33333333,31005638.54078662,984794.0,11134020.0,53589755.0,15471776.0,2777404.0,3666080.59631393,106164133.11702323,147054790.0,5863879.0,3284441.0,168139.0,408867.0,38561668.0
2021-02-15 09:15:00,22248532.65501781,15146033.0,4446974.0,1634576.0,20648115.0,287922.0,31688260.0,5364060.0,23422277.4989811,17972522.95109856,2531913.0,10557047.0,4923205.0,930514.0,,1921898.0,4643228.0,10355244.0,3871100.0,809861.0,8041775.0,2487955.96190361,27155194.0,33663855.8936182,9121286.0,4363513.0,4678133.0,,2930435.0,1917477.0,4178613.0,470093.0,12574055.0,2202380.0,26118576.0,8599603.55555556,16054453.3897885,1715171.0,24556900.0,56608937.0,7310676.0,2630853.0,3274492.47724549,130325594.22720207,131716720.0,2487825.0,3156535.0,718300.0,277851.0,15689754.0
2021-02-16 09:15:00,20028268.98913852,15120148.0,4381584.0,1615849.0,23968943.0,318280.0,21268100.0,3586040.0,48715341.87487556,15064670.02440977,2808115.0,11735144.0,4064700.0,1525475.0,,1567888.0,3277086.0,13897358.0,3066134.0,759332.0,27519511.0,2434070.04105217,24966739.0,30880127.37953451,13883441.0,6896421.0,10594928.0,,5480183.0,3838556.0,4223635.0,1321126.0,32865663.0,4595480.0,76236798.0,80200976.0,21778917.21071224,1634864.0,11625195.0,80365431.0,6137454.0,3435770.0,6497370.27499757,109228789.44061378,336618380.0,3912433.0,3090249.0,2095315.0,595723.0,24907596.0
2021-02-17 09:15:00,9184435.69400373,34868085.0,2081001.0,3178784.0,16956357.0,554383.0,23463950.0,5822590.0,46231762.38316281,16436460.28533287,2539649.0,8950258.0,5106775.0,1491311.0,,1052797.0,3643176.0,12794426.0,3533494.0,1946207.0,18221106.0,2486482.12595036,21684753.0,21029495.1746016,13855321.0,4575741.0,5486323.0,,4395224.0,2340184.0,3903522.0,1023548.0,28774857.0,11986860.0,21014091.0,39034968.88888889,24138964.31053721,1496973.0,13152705.0,74161370.0,4700733.0,3678426.0,8661086.34567421,86382350.41319738,159574830.0,2227724.0,2096959.0,1348015.0,555520.0,14780384.0
2021-02-18 09:15:00,9994759.42697432,13189027.0,1477343.0,4253843.0,19685663.0,440460.0,23175130.0,4347410.0,43649422.79236654,22193292.86972903,4114251.0,22069738.0,5147530.0,1924724.0,,1542627.0,5133094.0,14720560.0,2949918.0,1701157.0,16202053.0,3256259.22944058,27845347.0,25500182.88987771,8911120.0,6437551.0,5889983.0,,3538208.0,2446843.0,4616205.0,821462.0,50705280.0,5021320.0,110000964.0,44291921.77777778,18957857.99336681,2387930.0,9516035.0,67154539.0,5633766.0,4189909.0,4511855.0189486,81501472.92973132,148561470.0,6742595.0,2686046.0,460573.0,573974.0,16771472.0
2021-02-19 09:15:00,20837419.44410336,17553743.0,2037556.0,2244567.0,15634787.0,762200.0,27444560.0,6233430.0,51636984.80608633,19464888.85358488,3834443.0,22944780.0,6392670.0,1588781.0,,1319761.0,5494816.0,17139508.0,3787638.0,995322.0,17410357.0,3416973.37131909,24055811.0,29795639.60821927,14557527.0,5389696.0,4527644.0,,2735683.0,3044240.0,5171996.0,1013887.0,61069583.0,2605500.0,48225988.0,36335688.88888889,23793791.76722376,1120800.0,10103260.0,66155518.0,7301975.0,3725028.0,3049897.96909921,132966264.14112715,223923860.0,4357699.0,2543997.0,630929.0,499669.0,16957332.0
2021-02-22 09:15:00,11228171.53901804,16739107.0,1246303.0,2002642.0,18123202.0,762310.0,20005630.0,4269080.0,28665031.75890441,20227420.39684347,4090429.0,20401387.0,6976565.0,2189183.0,,1133127.0,5043203.0,29451838.0,3110151.0,921345.0,45975603.0,2720169.93866882,27092321.0,54607770.133765,9412265.0,7371303.0,9371697.0,,3853276.0,6168108.0,5960870.0,1502068.0,30636415.0,4298300.0,36592043.0,25800851.55555556,24201328.62041352,1810985.0,12281580.0,52535049.0,5330343.0,5366696.0,3056878.17834354,95612352.51424158,281491090.0,5946290.0,1931189.0,1665511.0,528408.0,21332174.0
2021-02-23 09:15:00,10055426.56027159,11247164.0,1465930.0,3267268.0,16804763.0,802871.0,21902450.0,3426100.0,32119328.22451305,23764110.61987585,3264477.0,19178437.0,5317090.0,1821712.0,,1440397.0,5916942.0,18239906.0,4693570.0,1069537.0,50677230.0,2094598.18605228,23534585.0,28260314.4871095,7160332.0,6612942.0,8127742.0,,5572402.0,3733776.0,7348084.0,1589884.0,31233104.0,2859960.0,90860972.0,18293562.66666667,26071784.27487088,1480977.0,10273085.0,45462768.0,7564187.0,3832829.0,4273841.62536845,220813747.0733722,389070710.0,4120032.0,1871135.0,417058.0,453805.0,17984706.0
2021-02-24 09:15:00,4407867.31359855,3647613.0,1047465.0,1620263.0,10263917.0,383582.0,18236420.0,2510470.0,21924834.99663476,8302101.80709105,1520650.0,36817761.0,3489025.0,765107.0,,396112.0,3292428.0,12983242.0,2180984.0,791604.0,14298176.0,897263.40557659,15904969.0,13505209.20478881,6391183.0,4322072.0,10294982.0,,3320973.0,2205233.0,3075012.0,1196588.0,15653444.0,1651180.0,25174991.0,10828147.55555556,10517827.10751339,639659.0,5007135.0,38030428.0,3108229.0,3608396.0,10362519.43445729,81845788.58767395,212704970.0,1619640.0,1110666.0,258323.0,365401.0,9331686.0
2021-02-25 09:15:00,12493756.00621941,18596690.0,819639.0,2839515.0,26635119.0,632973.0,15845950.0,3548020.0,59326079.5203614,16230042.69257402,5478169.0,85580477.0,8531875.0,1351820.0,,1949787.0,6234947.0,20109570.0,5635556.0,897962.0,35967464.0,2132501.468224,38571809.0,27495633.05809908,12716781.0,8788221.0,9051315.0,,5622516.0,3168105.0,6134649.0,1740066.0,68361756.0,3714260.0,62038881.0,30696085.33333333,35436994.07066516,1885254.0,10532480.0,46988836.0,6261754.0,4224073.0,5038127.97590127,106861920.96247299,219015960.0,3682791.0,1967386.0,729553.0,803072.0,18220784.0
2021-02-26 09:15:00,11707444.26336648,19909990.0,2103433.0,3933813.0,31306177.0,732210.0,37133260.0,8465050.0,38633447.75996512,198544579.47498798,7549015.0,94115857.0,7534450.0,1695786.0,,2809732.0,9198218.0,27912846.0,13122512.0,1880371.0,20379210.0,3466911.11825581,57349273.0,46008683.48106714,12247085.0,15132388.0,11433748.0,,8400096.0,5579058.0,12073749.0,2687534.0,67331805.0,4537460.0,55154985.0,38070707.55555556,38106302.85099338,2636891.0,21843070.0,64450414.0,15404415.0,5553153.0,5615030.73073559,152224552.74469623,235515910.0,5254937.0,2715597.0,1056061.0,1307673.0,23463882.0
2021-03-01 09:15:00,6182742.07029544,11600468.0,678218.0,2545806.0,14301187.0,724589.0,20318810.0,3224370.0,62059517.26275065,55090448.78268826,2748271.0,22306110.0,3545365.0,1283153.0,,1607764.0,5397960.0,13536018.0,2210665.0,1176879.0,14556212.0,1248622.44331996,21527318.0,17189217.19804787,6358886.0,5756286.0,5834233.0,,3260044.0,2494481.0,9223619.0,1417600.0,27205189.0,1814360.0,41672980.0,31441946.66666667,17975632.77998015,2648545.0,9162830.0,29677890.0,5274758.0,3265871.0,2561140.60020082,101356004.32720295,140586460.0,3429569.0,1962042.0,442822.0,609302.0,12843392.0
2021-03-02 09:15:00,5275021.82884761,11486477.0,944553.0,2033586.0,14503453.0,735847.0,22086340.0,2970010.0,106691273.04066713,30622383.42863331,4275166.0,17565134.0,9188390.0,1491743.0,,1961883.0,6715548.0,16110038.0,2446910.0,1402320.0,12878208.0,2128108.4010305,24051433.0,27124874.15617729,4917345.0,10461434.0,5055665.0,,3837149.0,2089473.0,9706013.0,1395296.0,53649872.0,2461940.0,36303917.0,18223792.0,17436789.19303548,1583910.0,8570450.0,30534337.0,4776776.0,3306469.0,3088647.44274933,211535645.03346688,111133990.0,3703190.0,1293306.0,3800314.0,438046.0,29750468.0
2021-03-03 09:15:00,12032330.92295842,19961472.0,536623.0,1591567.0,13603791.0,615104.0,22524130.0,5041220.0,39659397.78927494,24668713.69449516,3265559.0,17610904.0,4253070.0,1289447.0,,2252806.0,5742015.0,11222410.0,1714037.0,965062.0,20104887.0,2063871.09341167,21036174.0,22084227.77829454,5695638.0,9056399.0,11903775.0,,2875618.0,2184001.0,5028771.0,796258.0,31702057.0,1857460.0,19434630.0,19350545.77777778,32456877.11417742,2127137.0,9383425.0,46268223.0,6626297.0,3509857.0,3645945.68878956,152398659.31770384,288428350.0,3203532.0,1227772.0,1535060.0,467421.0,17564904.0
2021-03-04 09:15:00,8394182.43813149,30607959.0,687383.0,2149984.0,16896947.0,611769.0,22346980.0,4121170.0,30333930.43326842,17678059.82374921,3640996.0,17162557.0,7364955.0,1353079.0,,1958643.0,6268541.0,16291438.0,2122634.0,934953.0,13623173.0,2326969.6022198,25057198.0,26378047.73464741,6128220.0,12041941.0,8655068.0,,4022514.0,3530366.0,4574138.0,906310.0,28057179.0,2599620.0,38272786.0,22865751.11111111,21793245.42687796,3140379.0,8576470.0,43603653.0,11530735.0,3916760.0,2653363.17332297,99156815.62490797,228738220.0,5134954.0,1822476.0,1173560.0,1303144.0,25927594.0
2021-03-05 09:15:00,7329483.16691447,17665200.0,1486110.0,1953642.0,16358252.0,719936.0,20757600.0,3551260.0,29141990.23742484,16658499.58302797,3832170.0,17323282.0,4131845.0,1153319.0,,2725021.0,5992152.0,17445822.0,2140241.0,1017875.0,15127687.0,2163356.54386261,26645968.0,18352487.77975225,13926140.0,6486176.0,7045618.0,,5407986.0,3306902.0,5179108.0,1821165.0,24778407.0,2054820.0,57756103.0,17342688.0,25937133.40948319,1268992.0,11926800.0,72179228.0,6127488.0,3203686.0,2874303.59861368,143673550.0457497,168819600.0,2618145.0,1954113.0,751162.0,1828811.0,87862344.0
2021-03-08 09:15:00,4025507.55872499,15286852.0,952087.0,1593838.0,13898556.0,818275.0,17210420.0,2640070.0,34685392.79898101,15293172.35171981,2915298.0,18727656.0,2782080.0,950809.0,,1406277.0,5621823.0,15117050.0,3203722.0,749107.0,10555735.0,1463398.22873765,19632433.0,24354107.31389404,10522267.0,5119392.0,4176709.0,,4698010.0,4150049.0,3474579.0,977572.0,28163362.0,1836840.0,63866178.0,15749450.66666667,19832163.36457534,1396479.0,19094895.0,39147858.0,4554461.0,2003125.0,1963614.03977586,135701411.28611252,106145960.0,2880739.0,1060584.0,462683.0,658514.0,24709676.0
2021-03-09 09:15:00,5734266.34709791,8548163.0,883183.0,1800442.0,18951683.0,526071.0,18114960.0,3062110.0,37113781.23532197,20181515.97511902,2783825.0,14621175.0,2715590.0,677915.0,,5099190.0,5440319.0,15066696.0,5412952.0,564852.0,13883599.0,1738783.10535448,23056249.0,23934954.28614344,9915907.0,6518173.0,5477847.0,,7918345.0,3779948.0,3536262.0,678485.0,20611697.0,1854340.0,26817643.0,12585008.0,15407220.72480418,11031435.0,10348870.0,28054083.0,4035628.0,1942397.0,3102790.05927509,123736066.58594245,195564380.0,2814747.0,941590.0,1947228.0,483037.0,23811258.0
2021-03-10 09:15:00,5634431.52360871,5235249.0,432551.0,1056102.0,13377990.0,545219.0,21912500.0,2446320.0,24247692.32709901,19013505.73071373,2512573.0,10788943.0,3149805.0,1977416.0,,1090281.0,7694950.0,11055016.0,2422642.0,787897.0,10886045.0,2738516.19985935,15838994.0,20767505.19833754,8832614.0,7925984.0,6536253.0,,2761470.0,2210547.0,3971353.0,659270.0,13207045.0,1275760.0,23841269.0,10661168.0,11711470.6138288,2362998.0,15206235.0,22677399.0,5825924.0,3053778.0,2812230.75178959,97137151.55065054,196858600.0,5268496.0,1257628.0,606764.0,302774.0,34582736.0
2021-03-12 09:15:00,6237397.44256325,10961076.0,1512021.0,1279203.0,16343307.0,1119478.0,25080130.0,4543480.0,39599364.72904529,11624349.64476104,2082799.0,14835735.0,3439260.0,1109504.0,,1210932.0,6447010.0,15631204.0,3271450.0,1098158.0,15035151.0,2071018.84227657,21757862.0,32616545.39639307,5735382.0,9462061.0,13448994.0,,2620265.0,4885349.0,4012449.0,946720.0,21763020.0,1698280.0,20691698.0,18173080.88888889,17146215.43653805,28967831.0,12544700.0,35336355.0,4264170.0,2938317.0,1907701.51102905,80104464.46059857,161214090.0,4674919.0,2631081.0,664299.0,673811.0,17920252.0
2021-03-15 09:15:00,5397351.01044702,13403595.0,918721.0,1524455.0,22466579.0,1024258.0,20870100.0,5459190.0,30187980.28684031,10876922.27506348,2651062.0,15784630.0,4608790.0,839738.0,,974805.0,5321081.0,12230484.0,2394247.0,781236.0,14049438.0,1657773.93056823,24348723.0,43557897.78091274,8020745.0,6658665.0,10146579.0,,2643554.0,3181524.0,3069343.0,700309.0,20350678.0,1379660.0,19679958.0,30092256.0,16976869.75620664,4581841.0,18506180.0,42722976.0,4030875.0,3097140.0,2799360.48488971,74675454.0604372,155432310.0,5203151.0,1482288.0,1045124.0,349036.0,15034248.0
2021-03-16 09:15:00,2634231.81890774,14979009.0,1081398.0,4230564.0,11358574.0,858553.0,15613050.0,3705870.0,29273399.36926431,13251883.94357169,3671229.0,11857531.0,4678635.0,654829.0,,1181285.0,8094575.0,13722366.0,1619213.0,523881.0,13294567.0,2675052.88465704,17925629.0,51659372.76968998,5161126.0,9352771.0,8103798.0,,2769224.0,3233903.0,2996797.0,796357.0,15360040.0,1689400.0,20680669.0,14767701.33333333,14105179.32850806,1422174.0,12723425.0,38196452.0,4189930.0,4894756.0,2511094.84824928,65042175.40666405,125699980.0,4797715.0,3191850.0,779547.0,614224.0,21347294.0
2021-03-17 09:15:00,4007040.2866345,8151544.0,740599.0,1623187.0,12380976.0,773240.0,11347580.0,2934490.0,35855867.97328927,8482655.05623951,3246092.0,15554810.0,4769865.0,634977.0,,1009571.0,6758901.0,21064428.0,2100094.0,991815.0,11028678.0,3761648.85249987,20214082.0,83245712.62618443,4712570.0,7626744.0,4738590.0,,2694994.0,5178384.0,2034583.0,688581.0,18850429.0,3143460.0,31017863.0,12571136.0,19530612.13250075,3809803.0,11266530.0,33143064.0,7667561.0,3838390.0,2290654.45534933,78285149.1622957,105409590.0,3477295.0,1195023.0,477076.0,443282.0,24269624.0
2021-03-18 09:15:00,4604292.40356103,10925357.0,789785.0,1851739.0,12261544.0,1285600.0,23390580.0,4011350.0,45353277.50180106,12465186.33387298,2894624.0,14401450.0,6054535.0,1066000.0,,1797697.0,8269566.0,18065540.0,2124421.0,1472097.0,23744146.0,2637964.22442501,22776537.0,97456838.73732163,5797610.0,10961755.0,6837030.0,,2197575.0,3381940.0,5033325.0,984545.0,20023557.0,1927300.0,26710696.0,14232657.77777778,20991825.82317298,2657918.0,14562505.0,39405038.0,5537584.0,3656306.0,3428570.27175849,122128891.9112732,143206510.0,3738712.0,1242978.0,400106.0,345807.0,20165862.0
2021-03-19 09:15:00,4943639.86922384,10373422.0,2288304.0,3738079.0,20377672.0,1132705.0,32203100.0,4881260.0,56393984.57866439,49596952.05469961,5262000.0,33294812.0,7062075.0,906718.0,,2441057.0,9004154.0,21235020.0,3146999.0,1554560.0,16753538.0,5466919.71139997,29162618.0,142154626.29923293,6838935.0,12767112.0,11116495.0,,4803016.0,9920812.0,7538327.0,838756.0,72249183.0,3988320.0,50386785.0,70334419.55555555,42484332.91953926,2849173.0,14402385.0,60309145.0,6186643.0,5776626.0,4933697.12208078,182091505.73149285,246378140.0,6208000.0,2360672.0,1242150.0,654457.0,33750804.0
2021-03-22 09:15:00,23296955.52915508,22864950.0,488626.0,1489853.0,14802230.0,502724.0,19384610.0,2930290.0,38945421.0729601,13581540.22319852,3563266.0,11414253.0,4336515.0,694227.0,,1593979.0,4745254.0,14015632.0,2585880.0,619756.0,8470164.0,2510412.91510155,21755401.0,48785301.35018764,12692489.0,4862758.0,7010923.0,,2434097.0,2964175.0,2906300.0,533767.0,31980425.0,2175720.0,15825065.0,29180887.11111111,18882218.4942816,1660688.0,9335185.0,28461974.0,7033955.0,2821646.0,3193003.39293234,93395639.1949436,137603700.0,3873143.0,1331121.0,655786.0,467719.0,13245968.0
2021-03-23 09:15:00,32062270.13210512,30612174.0,630061.0,1745466.0,15949688.0,581531.0,18490380.0,2964830.0,38253749.3790233,15239153.48628744,2118532.0,8887103.0,3326180.0,1134037.0,,1008013.0,5158305.0,19761428.0,2207365.0,944310.0,13880498.0,2001625.64816659,29486417.0,44033328.93625258,7530882.0,7165335.0,5066287.0,,4250856.0,2564844.0,3925212.0,757590.0,14060206.0,2007160.0,15815643.0,38455911.11111111,17711704.13026692,1642691.0,14529820.0,41032380.0,5341729.0,3305973.0,5001078.00505296,99781795.1466352,118738960.0,3782337.0,2534795.0,798486.0,890457.0,23150388.0
2021-03-24 09:15:00,23586220.10757248,21213413.0,627981.0,4132092.0,14379147.0,507559.0,17376430.0,3354390.0,32029055.13394434,10801367.78809417,6904173.0,10865477.0,3912020.0,1149589.0,,1496264.0,3874331.0,16368900.0,1735370.0,975533.0,20388678.0,1790485.18933515,24434219.0,29249035.26149662,5028085.0,6134303.0,7803892.0,,3046161.0,4237815.0,4066262.0,457147.0,15196366.0,1511100.0,31083656.0,24398963.55555556,17103373.98208312,1900721.0,10501700.0,42318999.0,7299582.0,2207104.0,2974130.91536294,101907501.37406208,210302830.0,2749823.0,1871092.0,1406039.0,716392.0,10280694.0
2021-03-25 09:15:00,13546478.15037774,16860086.0,1001626.0,2272545.0,21179280.0,808505.0,23432710.0,3820080.0,60718509.91735175,17572107.49982359,5292130.0,18629600.0,4707080.0,1119611.0,,2174526.0,4879437.0,23964356.0,2743208.0,1075251.0,20856373.0,2535112.61797887,27170186.0,43097460.21290362,7614686.0,8749994.0,10870751.0,,4113013.0,3894604.0,4501404.0,1338767.0,22543755.0,2174080.0,37295495.0,20272128.0,22368577.05877234,2711471.0,10425355.0,57495003.0,4710869.0,3179786.0,3017716.73468727,140011945.30568162,367224000.0,3654840.0,1609996.0,1361204.0,547365.0,25474258.0
2021-03-26 09:15:00,9687797.73347021,12350673.0,918204.0,3084607.0,13143312.0,691000.0,23474600.0,6786360.0,36092979.21117701,11148354.23745301,2934548.0,9505615.0,3626590.0,676278.0,,1772048.0,4271178.0,12021258.0,1761492.0,611318.0,13857627.0,1959598.46939241,20724410.0,27628367.56932848,4891178.0,4922071.0,12165673.0,,3310757.0,3093766.0,4170972.0,911299.0,17402475.0,2531560.0,26637085.0,25184867.55555556,20516754.25368917,1194885.0,18748345.0,40718848.0,5761818.0,3697370.0,3600694.78184822,134041805.21006204,429122470.0,2761824.0,1922278.0,703225.0,303751.0,18066738.0
2021-03-30 09:15:00,10795323.71389709,9109505.0,1420415.0,2333410.0,25965742.0,749230.0,18453910.0,3565160.0,42698202.83803151,10691703.09343765,4453933.0,20584678.0,4331750.0,980341.0,,2584592.0,5475051.0,25608064.0,3467886.0,899494.0,9159364.0,3379568.81654437,28012288.0,29443109.67946218,5832348.0,10546919.0,17646211.0,,5575571.0,2801283.0,5671140.0,1088917.0,36130210.0,2978060.0,31843605.0,53328976.0,20782632.54536222,1276847.0,11174055.0,39407496.0,4637898.0,4694261.0,20138300.45670975,74964326.99812229,284803380.0,4303081.0,3466049.0,628414.0,422442.0,26342780.0
2021-03-31 09:15:00,6640226.67153711,7752226.0,665173.0,1616044.0,14924620.0,694645.0,18459750.0,4241400.0,24134544.21358036,7712426.76191835,3075406.0,14900610.0,3862550.0,829495.0,,1247083.0,4445140.0,30774506.0,2368424.0,1212659.0,10387652.0,2752402.35514313,20119972.0,38652290.09375804,4453746.0,8220987.0,7635784.0,,3798383.0,2400871.0,3972382.0,735382.0,23063667.0,2206620.0,19587582.0,20694064.0,16521816.71382891,1929013.0,8632980.0,38651025.0,5269919.0,3530069.0,4478505.69267645,97013185.59024201,280445850.0,3780505.0,1431746.0,624642.0,647600.0,14890268.0
2021-04-01 09:15:00,13107188.63722523,15017049.0,842489.0,1219588.0,13090326.0,861229.0,21482340.0,3100650.0,30019062.11736897,7111429.18976891,1910949.0,6226087.0,3238200.0,744423.0,,1275277.0,5269079.0,35763762.0,3443437.0,1067722.0,25631843.0,1556774.01464087,15631940.0,30788882.93078098,7932671.0,5675155.0,35736230.0,,3802652.0,1380763.0,5678798.0,660759.0,13753303.0,1663520.0,22299747.0,11229345.77777778,11918826.60192827,1193426.0,12254460.0,31883453.0,6033653.0,4285076.0,3890997.99987044,73027550.38695066,368420980.0,3555291.0,1343989.0,810538.0,531749.0,15193886.0
2021-04-05 09:15:00,16285387.3997984,15622924.0,1241115.0,1268939.0,16239521.0,723573.0,37396800.0,6121660.0,61276837.47750774,9376534.63626126,2920638.0,9012457.0,3661290.0,1205767.0,,1402115.0,9452833.0,16006586.0,2074674.0,1152927.0,14771653.0,2585507.44705133,23260127.0,33241677.23982247,11223431.0,9479572.0,29711225.0,,2448241.0,2548649.0,4176802.0,668129.0,15666099.0,1631140.0,24878516.0,14484912.0,15123176.6166332,1091002.0,10865445.0,51743981.0,5353987.0,5317862.0,3612476.92158196,109617895.56815739,305759860.0,5118272.0,1376233.0,738836.0,540954.0,42432790.0
2021-04-06 09:15:00,22162847.27559795,64555516.0,1015604.0,3372846.0,12062011.0,501882.0,20709060.0,3441250.0,61173073.37340382,13114981.61338786,4569120.0,6689423.0,3711470.0,916830.0,,739848.0,4260257.0,15075734.0,1427470.0,788062.0,11185963.0,3741509.81359916,23284697.0,27199093.10206979,6925347.0,5793571.0,26533367.0,,2873045.0,1824079.0,2984229.0,628262.0,17393454.0,1283860.0,15156974.0,25301736.88888889,14242830.65982713,1351799.0,9011680.0,44147709.0,7444994.0,2291562.0,7729993.64331293,104405279.40377177,207789200.0,2395572.0,1400544.0,1267810.0,508328.0,16641040.0
2021-04-07 09:15:00,23720932.63023257,97717880.0,1240450.0,1937977.0,14433515.0,346982.0,24027820.0,3000030.0,38346536.47211425,21391242.50840717,2404472.0,5657926.0,5568060.0,684434.0,,609309.0,3551106.0,25088180.0,2890361.0,649751.0,12542475.0,1740944.59598749,23984399.0,16107944.68410201,5714921.0,5879234.0,20024702.0,,3158142.0,1841308.0,2271095.0,598115.0,15692013.0,3569300.0,10330347.0,22841724.44444444,24671051.3416731,2860132.0,14184300.0,48023602.0,4757224.0,2491268.0,3945757.6199268,64721799.56814908,171132080.0,2974419.0,2592185.0,1618249.0,301479.0,27735300.0
2021-04-08 09:15:00,12789321.02566767,34025873.0,800699.0,897483.0,9026398.0,414020.0,14078790.0,3536340.0,25322374.40530048,11367309.74091034,2459821.0,9330363.0,3303175.0,760845.0,,1573088.0,4852068.0,17613592.0,1817393.0,953450.0,28768469.0,1843071.98118301,19262565.0,14955315.70380633,3946239.0,5654434.0,72006147.0,,2890290.0,1644834.0,3324494.0,604553.0,11394998.0,2360120.0,26105970.0,20468885.33333333,15625505.72280497,1342782.0,11186950.0,33370259.0,3222479.0,2578118.0,2508105.7882292,103457808.83219565,530630560.0,6737118.0,2085919.0,613211.0,635298.0,25833228.0
2021-04-09 09:15:00,13323633.6852858,21804785.0,934037.0,1185017.0,12509114.0,484807.0,29026460.0,3286990.0,15591102.64216061,11641397.61726679,11189432.0,10149401.0,6810735.0,719036.0,,1129844.0,3708082.0,28157816.0,1586783.0,557093.0,16371164.0,2645853.46208789,23239564.0,17336166.64284639,4980026.0,6052712.0,51062079.0,,3139384.0,2015002.0,2065092.0,641327.0,19751417.0,1478880.0,17645822.0,11773024.0,14272000.38772541,1344813.0,10218235.0,46473100.0,16755446.0,2911129.0,2597883.87101999,124995526.68829381,321790690.0,6029994.0,3569146.0,344873.0,592763.0,23398770.0
2021-04-12 09:15:00,14114406.56516059,28112240.0,961549.0,1427691.0,14649541.0,724230.0,45000460.0,5668360.0,35499137.6153907,9869614.69152682,30141861.0,11334755.0,17568825.0,1050225.0,,1328980.0,5976427.0,22549128.0,3457470.0,859305.0,16096812.0,2297543.67005894,26601702.0,36561417.23129226,10674765.0,20384532.0,27047004.0,,3328336.0,3755497.0,4628388.0,1020746.0,20221362.0,1150640.0,27005598.0,18544320.0,21250064.16194585,1485108.0,24289800.0,75501713.0,15229597.0,3791828.0,4252341.24477699,174488434.08082625,221355040.0,7896295.0,1889829.0,921660.0,585717.0,30172534.0
2021-04-13 09:15:00,12513586.26031657,52812517.0,544916.0,1200230.0,12737650.0,412122.0,31750190.0,8309150.0,19430608.49424012,6657620.39326705,11667200.0,7809483.0,19686170.0,720904.0,,1428942.0,7773994.0,18600682.0,4171978.0,714921.0,12942071.0,1840294.95327386,25445897.0,21450204.45048255,6778840.0,14855206.0,26091257.0,,3118742.0,2063654.0,12501628.0,995718.0,19192856.0,2210540.0,25505623.0,19831075.55555556,19734916.98600774,1174856.0,21252365.0,49773360.0,7399207.0,8654596.0,3102849.77974282,193590457.09907576,204285020.0,6448995.0,1880575.0,437329.0,551188.0,40840640.0
2021-04-15 09:15:00,9640766.60623976,26108614.0,692875.0,1209829.0,15195951.0,614450.0,28971850.0,5875040.0,42679950.81971973,9989691.13944072,13218002.0,8924391.0,6934505.0,1979939.0,,2016958.0,7430279.0,34444984.0,2566125.0,683426.0,21825520.0,3405139.00695574,37614884.0,18571943.13216773,6862663.0,25342491.0,24006650.0,,3546886.0,2625838.0,5256004.0,1267365.0,13865351.0,2366280.0,28659714.0,10159349.33333333,20052655.75381199,1464475.0,17951785.0,52992349.0,8588761.0,6062760.0,3232958.41026139,124664541.66528884,218563570.0,4373215.0,1313429.0,871200.0,490675.0,53517782.0
2021-04-16 09:15:00,10991561.16185865,41791181.0,622872.0,2760777.0,12242522.0,526787.0,21426480.0,4001320.0,21451479.52172913,6273316.67171472,13746268.0,10358366.0,5990145.0,789681.0,,1443729.0,4677808.0,15606526.0,2784995.0,709663.0,28438547.0,1244804.28387941,24045008.0,14102559.5295182,5338683.0,10879878.0,14389029.0,,2912279.0,3752588.0,6915568.0,1000325.0,14654851.0,1883800.0,21627285.0,22020849.77777778,15918064.36902647,1310422.0,12006190.0,37766793.0,9804095.0,3224657.0,2741403.2892819,124777109.99908133,173985980.0,2660763.0,1501276.0,692021.0,636917.0,218723272.0
2021-04-19 09:15:00,8830579.99626984,22935238.0,3552506.0,1552036.0,17292072.0,601819.0,34265070.0,6974350.0,30034614.13297191,7368653.48964109,17805574.0,7131534.0,9219640.0,882318.0,,1241923.0,6239343.0,24069242.0,4936620.0,740714.0,15435944.0,1773799.65990448,28526176.0,16730249.00795353,8550122.0,12508028.0,17044636.0,,3865423.0,4157065.0,4317341.0,772219.0,11652043.0,1018760.0,19166492.0,18404993.77777778,18786985.64424652,1580387.0,14272335.0,53304377.0,11340358.0,2679106.0,2652089.81148576,108976920.2783396,191469960.0,2777425.0,1439975.0,715142.0,559506.0,87619710.0
2021-04-20 09:15:00,8517268.37373462,21315167.0,2575420.0,1489287.0,12296248.0,676558.0,33945970.0,7987320.0,26634365.72158832,7369019.22539641,10205616.0,7738871.0,17424880.0,1040931.0,,3702938.0,9742418.0,23186270.0,5373233.0,740095.0,15526407.0,1614523.80314643,24425842.0,22633803.72202579,8240669.0,8560766.0,13626064.0,,3317008.0,2989204.0,4830957.0,914142.0,16528675.0,2073740.0,23082015.0,14467664.0,17490579.48425912,3593124.0,12498725.0,41296147.0,13831258.0,3141893.0,8330844.30570401,93984108.54578422,169152930.0,4028636.0,1789104.0,475888.0,1272134.0,35461382.0
2021-04-22 09:15:00,7345654.40199371,26840536.0,1307224.0,1690758.0,19385102.0,1005711.0,25635390.0,5822100.0,23128238.20397888,6675065.68316717,8522208.0,8514980.0,12120670.0,834721.0,,1876277.0,4970596.0,38485312.0,2526780.0,1436707.0,12756931.0,1748354.40527687,34942633.0,24514070.34074377,9717099.0,6622446.0,22859059.0,,3590444.0,2398100.0,4576665.0,667911.0,18614270.0,4088620.0,14844968.0,11626460.44444445,14732624.77983916,1988641.0,19593930.0,49105833.0,11295290.0,1988980.0,3050251.23084896,101077912.83867407,319028150.0,5085190.0,2200432.0,422465.0,1795988.0,85241858.0
2021-04-23 09:15:00,6358332.71215583,18435449.0,1030125.0,1614593.0,19167768.0,631762.0,27295250.0,6280250.0,27613290.7037191,7123583.02698617,7972589.0,8992991.0,11774495.0,962271.0,,2851097.0,6023490.0,22713528.0,3140377.0,682515.0,12805877.0,1980441.41478216,33749097.0,20790988.76015202,7695324.0,7316262.0,17931094.0,,1893450.0,2062964.0,4796085.0,709306.0,29484794.0,1372000.0,12790334.0,38318048.0,12026131.81121738,3601606.0,17606370.0,44223940.0,7668180.0,1615309.0,2357535.30593075,96334022.20543326,247523860.0,3916517.0,1726070.0,3507205.0,968454.0,27192006.0
2021-04-26 09:15:00,7154957.54805929,9390549.0,557667.0,1103980.0,21646184.0,480016.0,29039890.0,4195960.0,16704943.75964935,5929089.03134031,10255697.0,4967884.0,4752885.0,1330072.0,,1238476.0,19619972.0,30170952.0,3274660.0,831133.0,16472269.0,1977506.94747071,62584522.0,21067313.38137985,4894557.0,7088606.0,16506538.0,,3253062.0,1431562.0,3528851.0,937344.0,24369413.0,3047240.0,11797791.0,19139361.77777778,21194447.59593726,3751088.0,13382655.0,49234985.0,6527947.0,2490260.0,1867855.81252227,50657636.83599731,212348580.0,5053998.0,1020499.0,824311.0,697792.0,18629288.0
2021-04-27 09:15:00,7329813.08691608,20573107.0,505348.0,866331.0,46559967.0,518487.0,26449970.0,3428470.0,19097284.15982422,9874913.27554753,5669049.0,3982954.0,4789175.0,523800.0,,1241275.0,6406825.0,20592906.0,10860187.0,811184.0,41263319.0,1694714.29304066,24239685.0,12124554.38373556,5202133.0,3636115.0,15799458.0,,4533360.0,4303909.0,3624649.0,1610651.0,17763436.0,893020.0,8886250.0,15270613.33333333,20325947.09090288,1926977.0,8343800.0,46003023.0,5112384.0,1471417.0,2286351.54503936,58040822.57861571,249045150.0,10497935.0,1145908.0,853518.0,512910.0,14418934.0
2021-04-28 09:15:00,5175775.7063613,11156977.0,575824.0,1065561.0,54060587.0,1252958.0,85764540.0,11138810.0,19394350.45786335,12195251.95243142,7251009.0,6206074.0,4219765.0,1681975.0,,1288877.0,6845677.0,24103940.0,4011121.0,1389833.0,15197329.0,1981923.37664004,33292864.0,13462786.87658476,9935828.0,4879234.0,15558949.0,,4174599.0,3220346.0,5214319.0,1406270.0,15160578.0,1737520.0,6887787.0,16383584.0,17407993.97263232,1904945.0,17059815.0,56696255.0,6069155.0,1639037.0,3948558.40864186,73987882.83480546,204479680.0,2968625.0,1037771.0,593276.0,414435.0,19231068.0
2021-04-29 09:15:00,4196889.65856476,13851910.0,589707.0,1295346.0,25939327.0,1335444.0,72584860.0,16964980.0,16660090.71464941,8846788.29807142,4953091.0,8345584.0,5359655.0,1170842.0,,1800173.0,8588734.0,24078552.0,3939217.0,1009327.0,34391622.0,3200743.04897167,34537860.0,13874608.90565461,12187280.0,5412357.0,56816962.0,,3960095.0,2221346.0,3642323.0,757075.0,11588556.0,1604140.0,14990087.0,14761971.55555555,17703002.33846886,830577.0,14470055.0,63692926.0,5676290.0,1621395.0,3286746.30745311,60702245.4156439,447186470.0,2747579.0,1927546.0,589571.0,406869.0,15282266.0
2021-04-30 09:15:00,4363707.52138217,12600934.0,906562.0,1384907.0,23011654.0,1340273.0,41248880.0,8353550.0,53187794.3619745,8331635.73340525,6459737.0,27396950.0,6534750.0,646257.0,,3274714.0,10921664.0,35232902.0,2742166.0,670258.0,19935239.0,4073899.94270933,23653258.0,17475381.46027957,7301455.0,8354677.0,36449711.0,,2621783.0,1968093.0,4466148.0,849997.0,15321193.0,1955660.0,81358264.0,16897107.55555556,20159460.88544587,1326833.0,20775365.0,53832840.0,10874266.0,3072305.0,2233172.99906067,59831606.54158049,281297380.0,3129105.0,3691399.0,1841225.0,475175.0,58231142.0
2021-05-03 09:15:00,11625791.12496638,25953577.0,728281.0,1034774.0,13752878.0,796444.0,40335910.0,3969310.0,19524469.5884086,14556168.96043023,6330144.0,10262391.0,4689495.0,461085.0,,1794026.0,6871176.0,22473700.0,4908079.0,668727.0,15890242.0,1718871.59178356,18010557.0,21835809.68412573,16854199.0,4560337.0,16906171.0,,5593869.0,1653245.0,3749870.0,834923.0,12186212.0,1280960.0,33975507.0,15528065.77777778,24034441.47163822,5424609.0,14320405.0,43691860.0,6567597.0,1545831.0,2010025.95309818,58597512.41132592,264841000.0,3506839.0,3945733.0,841965.0,402055.0,17199462.0
2021-05-04 09:15:00,10589933.04789067,31400296.0,581864.0,1058140.0,11980155.0,408324.0,48383470.0,5221010.0,52932560.1059044,14196055.75561921,8347795.0,9926789.0,3978090.0,623484.0,,2079285.0,6217026.0,21486328.0,4118750.0,642256.0,29767756.0,1475980.17632746,15115127.0,19343753.21582018,7499852.0,4887060.0,13790054.0,,4255151.0,2029558.0,3820769.0,507170.0,12992684.0,2115920.0,30811922.0,20857440.0,22214227.09914205,10515809.0,13762810.0,57749307.0,5604638.0,1990777.0,7491165.41962232,64002958.99282141,249616280.0,4064221.0,3194977.0,651087.0,330346.0,16204858.0
2021-05-05 09:15:00,8047784.99443415,29426971.0,1679977.0,1220186.0,11155033.0,371452.0,43786930.0,3077500.0,51816324.98601382,12095491.66728255,10491085.0,4877341.0,5055995.0,382620.0,,2165898.0,2696835.0,14421612.0,2249063.0,365152.0,15192338.0,1276637.51528851,17253943.0,14685997.90704013,5975741.0,3939788.0,12284261.0,,2411643.0,1813150.0,3102424.0,499160.0,14956169.0,706440.0,47588366.0,23178241.77777778,12600302.46987693,5475550.0,12337230.0,40872501.0,25296369.0,1939289.0,3373009.99255012,48615964.29424283,192498390.0,3041045.0,1819256.0,1229552.0,215973.0,23713182.0
2021-05-06 09:15:00,6433991.61652656,11926793.0,1124908.0,1518119.0,9484934.0,938078.0,22231110.0,2288400.0,61565566.76718255,9169630.07500368,17973153.0,7632817.0,4891875.0,628779.0,,1643357.0,6319104.0,11477044.0,2269126.0,2249529.0,31912131.0,1399422.98154332,16949763.0,15171447.74077939,3705397.0,4810090.0,18365325.0,,2380255.0,2333882.0,3662506.0,520125.0,13547274.0,1406380.0,26083818.0,18823616.0,14868566.59459233,1800692.0,11816670.0,36294427.0,11153908.0,1791671.0,4049010.25977391,74591431.96950197,464345370.0,4620827.0,1464006.0,665468.0,246632.0,48827088.0
2021-05-07 09:15:00,4726644.26716056,20782117.0,774478.0,1416102.0,7131970.0,486456.0,18510330.0,3434430.0,32525045.63155911,12894342.09543598,5479029.0,12644960.0,3924345.0,464237.0,,1272554.0,3651558.0,12048334.0,1913550.0,2287493.0,46343220.0,1187923.96716984,10941083.0,20619487.88552309,5419712.0,4991435.0,26586556.0,,1610730.0,2362325.0,4833670.0,605050.0,13229291.0,753320.0,28016564.0,12509592.88888889,12493488.52630199,11010394.0,6920815.0,38357618.0,6466334.0,1912540.0,14776921.78440709,68891493.9719779,540754330.0,2002597.0,1190019.0,513294.0,745582.0,29333162.0
2021-05-10 09:15:00,4013000.4976637,9201326.0,627199.0,1526814.0,7980462.0,306598.0,19973390.0,4320370.0,67119571.33937547,8365513.66323114,8379304.0,45098431.0,11222420.0,350564.0,,2080895.0,4029147.0,11060050.0,4342679.0,781259.0,39516234.0,1004052.01281857,12060808.0,17263196.72115109,5087341.0,7195348.0,15105182.0,,1332490.0,3929224.0,2095644.0,541534.0,23980945.0,953160.0,33477142.0,17845580.44444444,14173740.63593576,2370879.0,9092755.0,41739324.0,10924222.0,2137153.0,5088194.98429048,88220028.4623599,280808840.0,2036101.0,1322561.0,434021.0,872011.0,25088944.0
2021-05-11 09:15:00,4891820.77796992,12978165.0,670759.0,1168363.0,12736700.0,453808.0,16172480.0,1986640.0,70482763.71358167,8033372.62174572,5864464.0,66582000.0,4724450.0,500446.0,,1527230.0,3818154.0,14519034.0,2430724.0,684120.0,27497466.0,1035115.31476347,13818480.0,14564046.9558644,5732298.0,6420988.0,16277517.0,,2955976.0,1975828.0,2938331.0,406046.0,45613487.0,1201260.0,48355326.0,22995784.88888889,13703046.39817417,1297672.0,7293410.0,41892770.0,14760511.0,2415625.0,4675637.89557218,96852999.32737558,411083810.0,2029457.0,1582827.0,823028.0,1139377.0,15298998.0
2021-05-12 09:15:00,4272186.68193372,10615003.0,703372.0,2085630.0,10856584.0,499840.0,15393360.0,2269530.0,136025017.47047412,6814987.62554815,5224240.0,42959024.0,4400825.0,334233.0,,1354589.0,4076940.0,13774926.0,2428984.0,486996.0,18242276.0,2086256.94494406,14785569.0,17519828.28826382,5074561.0,5241898.0,14410802.0,,3181830.0,4283174.0,3480378.0,770204.0,62158914.0,1211520.0,49718697.0,55645383.11111111,13397734.67025166,3513520.0,7632385.0,53436590.0,7250661.0,1978558.0,3175586.272795,184828259.57576865,308891920.0,3070622.0,1358169.0,414426.0,392657.0,15742214.0
2021-05-14 09:15:00,6575349.96521922,10876267.0,842794.0,10543708.0,9377968.0,481619.0,15257620.0,3136030.0,47658038.81411003,7697622.10454692,15048471.0,23140309.0,14885055.0,429170.0,,1245209.0,5184569.0,10604142.0,1580599.0,518143.0,41384078.0,1410829.72017523,12675754.0,65308519.56533954,6169600.0,4824609.0,26344309.0,,2937892.0,4558155.0,4984389.0,647029.0,16227312.0,1931640.0,23626454.0,18820796.44444444,13513285.65338891,1331063.0,9702620.0,51722170.0,6851035.0,2043935.0,2962892.3331066,134673410.29587358,376480320.0,2090820.0,1876873.0,541416.0,405281.0,13599758.0
2021-05-17 09:15:00,8023996.73131758,12271212.0,847722.0,2134352.0,12099197.0,427552.0,24115830.0,3180210.0,51486321.65492978,13676842.40343015,14122085.0,17076463.0,6846935.0,577279.0,,755066.0,7956551.0,15120692.0,2453864.0,926624.0,20821967.0,824010.40676481,20453101.0,40258865.74193033,10987165.0,5017129.0,12706884.0,,4211441.0,9620003.0,3479938.0,995827.0,12832920.0,1214060.0,19960145.0,10996348.44444444,12071090.3345123,2181641.0,9550025.0,106555796.0,6318234.0,2890462.0,2691826.19117028,84744978.07382286,287534300.0,2281200.0,2218758.0,1956412.0,357292.0,11505300.0
2021-05-18 09:15:00,6734074.47799697,9877934.0,639445.0,1328605.0,19519055.0,1371585.0,31478830.0,4039590.0,97548790.86824502,34968474.38478324,5129966.0,10295029.0,4550200.0,1022419.0,,1049489.0,5913426.0,22165280.0,1809231.0,1288013.0,30540086.0,1171879.36846729,19242627.0,32289819.0998422,8715366.0,5620150.0,9477286.0,,4658414.0,3312380.0,8634396.0,805827.0,14892142.0,1108780.0,29395737.0,52885056.0,12266129.43199329,1342840.0,15594255.0,70917710.0,4080423.0,2098538.0,2295055.5501571,142703201.40139043,245738800.0,2000985.0,3075596.0,2275063.0,451024.0,18761492.0
2021-05-19 09:15:00,10232967.85414154,15666729.0,711069.0,1219067.0,20244016.0,788882.0,22509060.0,2275670.0,83953998.22893196,19583727.50500095,7242643.0,23999878.0,4594605.0,1086010.0,,912490.0,4178834.0,10130916.0,2252486.0,717841.0,16113667.0,1344420.7645426,13911576.0,25854821.01045195,4787294.0,4435878.0,6562006.0,,2372042.0,3215258.0,4360320.0,432774.0,12610425.0,1768740.0,25295575.0,28081045.33333333,16589126.7256259,1101773.0,6901040.0,48189573.0,7745431.0,1986041.0,3241147.19981861,197784725.7200933,174350260.0,2152740.0,1504440.0,1855576.0,475946.0,14980792.0
2021-05-20 09:15:00,6018717.18649172,6964023.0,752076.0,1211975.0,18840413.0,465579.0,14888270.0,1778970.0,67499998.72104867,14036411.58903966,12378690.0,22983457.0,3879585.0,509274.0,,886480.0,4753782.0,10684184.0,4316905.0,637388.0,30689219.0,869710.49443418,13900762.0,22124749.55568454,5835440.0,4490092.0,10104850.0,,2598038.0,1996254.0,10092542.0,470476.0,10303689.0,985060.0,21131045.0,10707137.77777778,11613030.21724739,1463348.0,6123645.0,42898608.0,6226376.0,2329027.0,2128420.26204127,89517829.04767619,284462530.0,1769194.0,3032029.0,556669.0,256088.0,12584608.0
2021-05-21 09:15:00,8571955.70700258,5274817.0,471439.0,1328308.0,15883692.0,378016.0,18569660.0,2775210.0,58163830.35430609,10492645.04133744,6740711.0,13009821.0,3558170.0,743110.0,,743104.0,4161547.0,19341646.0,1629616.0,1658538.0,22406993.0,783633.80236969,23975898.0,23982557.04549617,12591860.0,4969733.0,7340528.0,,4293112.0,2185322.0,5721630.0,434363.0,12171685.0,1345200.0,20562816.0,21702887.11111111,10965480.32238486,1245988.0,11258915.0,192810772.0,3434231.0,1685566.0,1855586.79914488,66849876.09112711,141049260.0,1534262.0,1158893.0,806206.0,307027.0,10395006.0
2021-05-24 09:15:00,8158726.78097776,8354397.0,611909.0,813091.0,15716900.0,500267.0,12150600.0,2142290.0,74623943.86832342,6385961.24682895,6420035.0,14192862.0,3532490.0,850202.0,,1450951.0,4191877.0,22146102.0,1785392.0,1587246.0,23694105.0,1213668.86453088,20323003.0,30580220.67295502,5385688.0,4225371.0,22332409.0,,3613907.0,5035538.0,3495533.0,1027484.0,11341268.0,1144120.0,24785960.0,22028931.55555556,8694380.95563298,1841255.0,6487950.0,142964052.0,3722957.0,1652260.0,2702570.81430376,52944877.6285818,189238420.0,1830838.0,1126532.0,684641.0,288501.0,14873624.0
2021-05-25 09:15:00,3811670.94067719,4730725.0,622276.0,2730112.0,11344261.0,297915.0,13155460.0,3941510.0,53594891.77040508,9412798.50797842,3695242.0,10434892.0,3478075.0,1018896.0,,3103700.0,5032874.0,19236974.0,3425396.0,501532.0,18155697.0,1115744.60350801,14884778.0,26839589.19003013,4583345.0,4099340.0,22058890.0,,2201625.0,2892219.0,5044078.0,438736.0,15289982.0,1439040.0,25820379.0,9165363.55555556,15026595.53961573,1235079.0,5680010.0,56048127.0,2800233.0,1841613.0,2110716.68610112,61919644.78079702,181137520.0,2719646.0,2530758.0,720336.0,176134.0,15909128.0
2021-05-26 09:15:00,5805282.65844589,7375242.0,260821.0,1250531.0,9081086.0,261524.0,29167460.0,10152650.0,45070728.21832647,6908816.67513299,5445187.0,9948786.0,2537400.0,1026040.0,,4319758.0,5017674.0,12283990.0,1938680.0,817054.0,15340621.0,823860.07752905,14487031.0,18620034.27163488,2972854.0,6850024.0,18721303.0,,2845100.0,3230579.0,3084558.0,691574.0,17466748.0,916060.0,12045621.0,18322117.33333333,7604954.07326468,1719675.0,6131915.0,52357719.0,6235460.0,1923753.0,2342959.46296116,47438570.08503078,154327030.0,2013788.0,3839248.0,499153.0,248015.0,17646380.0
2021-05-27 09:15:00,37828354.17035894,7909776.0,1084157.0,2415085.0,23040846.0,878610.0,21525900.0,4079730.0,360249568.4293188,22782891.5077105,6249606.0,24064196.0,3891965.0,1507004.0,,4469117.0,9078274.0,20439496.0,3565457.0,2097924.0,17374666.0,3814281.3525613,23349546.0,50378600.68687623,4427518.0,15365391.0,15110958.0,,5339988.0,3747221.0,6902630.0,922091.0,34169451.0,2393260.0,22821449.0,51194218.66666666,27266568.92755373,2428883.0,8648350.0,73392997.0,9875654.0,5959785.0,3587216.17594662,81965028.86449935,227910320.0,6393813.0,2810155.0,940317.0,1707144.0,58822252.0
2021-05-28 09:15:00,3071952.15005257,13623565.0,555829.0,711383.0,17149692.0,285520.0,15263750.0,2633150.0,44625359.77149953,10248863.31330782,2156991.0,16465504.0,4373725.0,2284342.0,,2700589.0,4098094.0,17750020.0,3030073.0,1077246.0,14862168.0,1234451.88137394,14191446.0,27117862.03475129,5388785.0,4261312.0,12698590.0,,3247009.0,2315923.0,11638455.0,393809.0,13383166.0,1063240.0,19331994.0,15307500.44444445,57411699.39384862,1137566.0,17020950.0,65137568.0,28316552.0,1763701.0,2917169.73569138,44091166.1577511,192085810.0,1839013.0,1028675.0,905813.0,285093.0,11757252.0
2021-05-31 09:15:00,2793719.27168922,7820165.0,635444.0,2093635.0,9275086.0,321021.0,17958110.0,2411520.0,29061215.15638524,12803314.64286266,3183414.0,11767444.0,4338240.0,838679.0,,2951363.0,4171524.0,15661054.0,3123672.0,662303.0,13703439.0,1197254.53716742,21786138.0,77377558.58435437,2643491.0,4429904.0,11685565.0,,2310809.0,2405318.0,17596018.0,718277.0,14754293.0,1140460.0,16430926.0,13102263.11111111,60110175.69908984,785669.0,7634365.0,38291043.0,13947126.0,1652799.0,3458759.47429793,51211153.02351114,154286470.0,1801746.0,1525715.0,1296401.0,328449.0,10772410.0
2021-06-01 09:15:00,10329223.04561319,17847137.0,706976.0,1194073.0,6660243.0,1248169.0,28534510.0,3024210.0,74882958.1281859,8435792.99771839,2904962.0,9307143.0,3736865.0,1126551.0,,1122089.0,2944472.0,11030162.0,1731330.0,971553.0,11399189.0,1159415.2464947,14123196.0,41056888.38343794,3766919.0,4791325.0,14156453.0,,2289816.0,2077742.0,7230033.0,642841.0,10271211.0,1155020.0,51620011.0,15733733.33333333,28481028.44164127,1420625.0,9322935.0,59299647.0,6443084.0,1377441.0,2384247.56259515,53991271.18471878,176909250.0,1262702.0,1111933.0,697195.0,397989.0,11930088.0
2021-06-02 09:15:00,25302749.54298347,27748928.0,843219.0,2067842.0,9973043.0,351583.0,20131950.0,1834210.0,24742773.82380181,10567466.01927101,2449102.0,10714318.0,2729755.0,659428.0,,1804729.0,3657189.0,10624016.0,4979822.0,793261.0,9587386.0,1130608.91456228,16025108.0,102395608.59957801,4177378.0,9272276.0,9653111.0,,3098849.0,2469417.0,4244490.0,598862.0,6492771.0,1485240.0,27162991.0,7995532.44444444,25040928.16175199,2488600.0,6900620.0,38657806.0,4978457.0,2240078.0,3058316.53062547,43602467.86367413,128625910.0,5252186.0,1859258.0,826415.0,567704.0,9427136.0
2021-06-03 09:15:00,19699568.66052789,24105079.0,1098294.0,1404434.0,8170508.0,323999.0,22303780.0,1838160.0,26792324.88006476,6289944.91405002,2258695.0,9282774.0,2833590.0,1265747.0,,1010786.0,4164240.0,10287260.0,2861563.0,851280.0,12441261.0,882201.02559683,11805702.0,49428644.15710289,14752885.0,5115645.0,8329454.0,,3444131.0,3025466.0,5001405.0,401590.0,12140851.0,1007980.0,64241347.0,10291329.77777778,24374084.52193568,1724751.0,5219995.0,38909199.0,3604574.0,1281706.0,2516210.56424708,35460633.50031848,121094770.0,2024676.0,7221910.0,404997.0,349479.0,11275982.0
2021-06-04 09:15:00,21756239.43160557,14457348.0,380548.0,1509084.0,10336011.0,374317.0,24453670.0,4107690.0,23574206.6514078,4878749.9364692,3057699.0,29422387.0,2007655.0,621362.0,,2566382.0,3550303.0,9424476.0,2532605.0,1023321.0,10040657.0,1303999.46767199,15111572.0,31915291.93747137,4323154.0,4194328.0,9653847.0,,1508706.0,5677538.0,5084092.0,575591.0,8930671.0,4036440.0,72354379.0,6142487.11111111,14709945.04653256,996919.0,6313570.0,36898769.0,3747803.0,1836060.0,2428063.15388851,68373749.2049553,97133470.0,2315912.0,2952017.0,781342.0,205504.0,9543432.0
2021-06-07 09:15:00,15826121.23054799,33684310.0,526855.0,802415.0,6986728.0,159646.0,28358050.0,5147270.0,16889656.94496743,9674355.60497424,2028426.0,31071589.0,1819835.0,602326.0,,2501096.0,3282517.0,8091668.0,1746210.0,612460.0,6176784.0,1146057.27501221,7556341.0,33300192.80515937,3823401.0,5154576.0,6872666.0,,1096139.0,3131245.0,2994862.0,520482.0,28407410.0,988720.0,28709907.0,18058792.88888889,16609024.08854239,693875.0,23267725.0,20201197.0,2793705.0,2559821.0,3554737.35140738,107643575.198102,122185920.0,1745475.0,1471576.0,463126.0,617042.0,8696866.0
2021-06-08 09:15:00,12794975.02969538,16422574.0,766456.0,762931.0,6426815.0,150816.0,17890070.0,2896090.0,31918358.02288471,12822806.62672501,2278534.0,12874065.0,3663570.0,441932.0,,1031496.0,6385642.0,9872540.0,3425861.0,555729.0,17334691.0,1124080.76592583,11912935.0,22524134.31242606,3141410.0,7360630.0,8230750.0,,1331031.0,3945382.0,2960405.0,538816.0,43191813.0,948940.0,15261479.0,22511765.33333333,9836084.67834763,3262160.0,20367070.0,31113823.0,5695920.0,2574057.0,4030218.55666764,73055049.79068261,108343730.0,4517995.0,1743285.0,370448.0,218632.0,10859468.0
2021-06-09 09:15:00,11974720.70467613,31225441.0,587528.0,1340352.0,8004726.0,262617.0,15381120.0,3082860.0,31016962.1185369,12674240.4841103,5498857.0,30443113.0,2365525.0,471760.0,,1734206.0,5521459.0,10223442.0,3041695.0,845692.0,11807015.0,1089742.72441288,15823094.0,26366089.30789765,4767864.0,5394317.0,6922786.0,,2037714.0,3025732.0,4176767.0,443778.0,49807823.0,837560.0,29718157.0,39865786.66666666,11599435.59517502,3809219.0,16223270.0,27784834.0,4492551.0,1710925.0,3076675.00728792,98281653.14696603,111143380.0,2163655.0,2551140.0,465156.0,345102.0,12413798.0
2021-06-10 09:15:00,5528538.54408984,11744190.0,749909.0,1344559.0,7795125.0,332571.0,52961200.0,6299980.0,17381081.43800125,7018107.48393379,4754350.0,11459484.0,1836400.0,571287.0,,879489.0,3878256.0,11483540.0,2217208.0,567660.0,5796380.0,1974939.16160593,10712418.0,32544111.52749147,2984339.0,3496575.0,8543092.0,,1854489.0,1584311.0,2264605.0,278027.0,22144392.0,841060.0,12245640.0,32690791.11111111,14391732.63689626,1041345.0,9991650.0,27397712.0,3099864.0,1874324.0,2602651.38632462,40336202.25056197,77767640.0,3934077.0,1850763.0,1034717.0,198704.0,11441488.0
2021-06-11 09:15:00,5521404.02405488,17460610.0,277612.0,878445.0,4840759.0,188155.0,37027210.0,3529940.0,25835923.92053177,7777269.9794407,3480545.0,61728565.0,7277420.0,596669.0,,899031.0,4777035.0,7205974.0,1716481.0,467264.0,9630564.0,1145851.08018209,9015059.0,22696741.19321434,2679470.0,6140828.0,11372473.0,,1621928.0,1909384.0,1783272.0,253689.0,13871562.0,979940.0,18360366.0,29142103.11111111,13992304.97246819,823207.0,8790865.0,26831924.0,3822099.0,3452954.0,2198119.10893013,60362146.92924093,174458560.0,4988857.0,761647.0,590610.0,193014.0,11224718.0
2021-06-14 09:15:00,44879436.40590924,89771631.0,317756.0,746823.0,5190670.0,200657.0,26336010.0,2887850.0,26533307.62019927,5714317.58567438,2377279.0,30836595.0,4489710.0,525550.0,,685498.0,2236373.0,8881964.0,1151855.0,489598.0,11601461.0,1789356.70432891,10170497.0,18727829.61524238,3982216.0,7132294.0,10470356.0,,2543002.0,2005404.0,1598770.0,322353.0,14179055.0,730460.0,19547491.0,18732632.88888889,20671527.18649041,514960.0,8612805.0,30106015.0,3640962.0,1847360.0,1820920.58594889,63741474.48066986,160312640.0,2757666.0,887780.0,226622.0,160001.0,11904318.0
2021-06-15 09:15:00,23012478.91476115,45408426.0,461588.0,2262031.0,9686490.0,138010.0,15236610.0,3148410.0,22951052.02621245,7264689.79021238,1289684.0,30153988.0,2844075.0,646742.0,,817886.0,2559001.0,7569602.0,2613877.0,454939.0,7929361.0,1234592.0532289,11039987.0,15736533.19617049,6026006.0,5403104.0,5124845.0,,1735824.0,1831871.0,1640381.0,207625.0,8148417.0,943920.0,32779493.0,15026688.0,15427281.10863031,1137725.0,11778790.0,16413658.0,3862284.0,1304985.0,2416808.37625109,58845210.78100902,97681020.0,3484298.0,868275.0,306451.0,193128.0,7674490.0
2021-06-16 09:15:00,13017559.68278604,29440056.0,419575.0,859505.0,8614096.0,216236.0,14816580.0,2475390.0,19709074.77361833,10045477.55789672,1684500.0,14098443.0,3492955.0,312868.0,,921346.0,3138753.0,7702098.0,3092360.0,444814.0,17978012.0,2187562.59803333,8601339.0,21298292.80946718,3325800.0,7661710.0,9016464.0,,2845543.0,1504791.0,3863280.0,283007.0,21585917.0,2339240.0,31654780.0,30706688.0,10977420.50252297,833286.0,9827690.0,19701175.0,4842448.0,1635552.0,4185017.04563858,45634546.58863453,175211070.0,1881596.0,1116772.0,246452.0,224100.0,10994538.0
2021-06-17 09:15:00,28791778.31107972,70812142.0,356502.0,1533864.0,6674329.0,357704.0,18718570.0,2201700.0,22419562.49298239,10214607.42257601,2429291.0,15784276.0,3536160.0,701970.0,,798614.0,3609989.0,9283802.0,3796926.0,782315.0,14321673.0,1580261.94198943,9720060.0,22752467.37711679,6126591.0,7677951.0,5639158.0,,2578242.0,1675778.0,1988175.0,595255.0,14466025.0,1515740.0,18124616.0,22261171.55555556,16008576.22163794,869613.0,12356210.0,23048331.0,2776147.0,2273413.0,4218476.70294432,48427861.2171071,162076870.0,3161931.0,546515.0,1820950.0,637296.0,8798696.0
2021-06-18 09:15:00,31473107.24121823,76266975.0,520516.0,2293860.0,8143792.0,701993.0,27096150.0,4895670.0,34091578.20322178,15000165.0360539,4978288.0,24823176.0,3487140.0,649498.0,,1491434.0,5622783.0,11938060.0,6580504.0,904203.0,22723111.0,3999723.63798335,13820690.0,24967293.44328816,4895262.0,13533974.0,13505600.0,,2678789.0,4649835.0,5793496.0,797389.0,43927941.0,2953400.0,87912730.0,49278220.44444445,29858823.8922564,1888723.0,14779290.0,45748727.0,4158743.0,3380431.0,3808884.38117449,81892823.4671085,403470770.0,4396398.0,2018319.0,1005831.0,367329.0,20014232.0
2021-06-21 09:15:00,21755216.67960056,51759617.0,200280.0,720491.0,6464497.0,374649.0,12719620.0,2948530.0,23199491.2754653,5742764.49234811,1625660.0,15038290.0,2077445.0,528922.0,,1150397.0,1639495.0,7260472.0,6100487.0,577938.0,13172227.0,2545720.98648035,13407446.0,20207585.3425949,3160990.0,5454052.0,8187341.0,,1279321.0,1970012.0,3024852.0,443795.0,34597018.0,803600.0,15669821.0,11719832.88888889,12389686.06358476,887943.0,7416025.0,33128978.0,2932177.0,1130569.0,1614331.29271532,48240544.92570638,130014320.0,1074790.0,925811.0,649897.0,361652.0,10781642.0
2021-06-22 09:15:00,12444152.53397635,35597113.0,567861.0,1199238.0,6727233.0,591793.0,15406110.0,2749230.0,28261357.35390805,9114446.76397707,2344400.0,12494441.0,2134275.0,477522.0,,1410283.0,2529648.0,14366824.0,2451368.0,522538.0,9787216.0,1976507.46120056,15270093.0,19114281.30379104,4141759.0,6427862.0,5398107.0,,1571743.0,3862264.0,2925669.0,1757310.0,16712010.0,1410640.0,23629008.0,10961546.66666667,13086582.82839075,2289172.0,7917570.0,28442965.0,4577152.0,1708688.0,3387652.64146665,44239651.67444466,90246340.0,2437289.0,2083172.0,427455.0,542280.0,11505842.0
2021-06-23 09:15:00,13072773.85705659,31168761.0,504942.0,1009007.0,6154147.0,418053.0,12382150.0,3785550.0,363894143.0858288,4767363.53310378,1807471.0,7983220.0,2055715.0,432919.0,,977680.0,2395543.0,7844868.0,1893116.0,1911546.0,14295574.0,1051967.42523916,10950633.0,13322087.84973659,3975716.0,5529809.0,6059813.0,,7602349.0,1818874.0,2700327.0,2227399.0,12590251.0,741680.0,21978870.0,10721152.0,16931695.34035572,1802617.0,4924915.0,27564829.0,2631031.0,1467104.0,2988412.20483918,42638201.48714427,78063360.0,4130539.0,1608518.0,437812.0,438444.0,22485404.0
2021-06-24 09:15:00,7486878.72068571,21503302.0,1754163.0,985596.0,5313822.0,314542.0,10824210.0,2785730.0,169690685.2463907,6419844.27046759,1769651.0,12929173.0,1830910.0,402741.0,,1150465.0,4686567.0,14785024.0,1652982.0,844653.0,9066954.0,771636.91991363,12815724.0,23767767.25929312,2285845.0,10785137.0,6985183.0,,3595393.0,2762042.0,3251137.0,1041762.0,14046692.0,1300900.0,24358397.0,12964209.77777778,92987318.5153201,932721.0,4667625.0,19214547.0,3460776.0,4155204.0,1689221.77145078,25806941.48360156,72394700.0,3617010.0,1271298.0,337562.0,278305.0,17337360.0
2021-06-25 09:15:00,5116814.87807239,12085421.0,3717669.0,786964.0,11170037.0,175051.0,9619940.0,2187170.0,71399663.63348426,5504137.7028197,2134441.0,7400514.0,2320365.0,455803.0,,1198976.0,5196000.0,10383176.0,2833717.0,631005.0,12815999.0,1130457.56958844,14785922.0,14701415.25152005,3499315.0,9780240.0,9066409.0,,9577645.0,2099002.0,1763201.0,1216123.0,12768348.0,780000.0,34557609.0,7736432.0,56278197.38527678,980203.0,6516880.0,29886797.0,3010243.0,2722861.0,1607684.1009944,37146808.08834705,180227700.0,3200049.0,1378327.0,302991.0,183496.0,10079644.0
2021-06-28 09:15:00,6369540.71321075,14139292.0,1213113.0,891695.0,7672743.0,158954.0,8284810.0,1655170.0,38881092.00842035,5265731.98476455,1759671.0,8217659.0,2964815.0,243077.0,,2457321.0,1844159.0,9356786.0,7428147.0,407079.0,14518487.0,705842.48581905,12093491.0,15495901.6396178,2819763.0,5019178.0,5669654.0,,3500507.0,1173658.0,1409432.0,433364.0,10709748.0,809000.0,23728169.0,9989596.44444444,20615210.07116744,1107325.0,4102820.0,29370660.0,3342385.0,1355238.0,1505059.03216403,29556599.97035017,116603350.0,2143755.0,1339433.0,414235.0,127275.0,6519660.0
2021-06-29 09:15:00,5724027.48604774,9303151.0,2268589.0,1242734.0,7500655.0,332405.0,13100790.0,1571780.0,49605295.7677439,8713869.32945671,4300755.0,21576435.0,2881305.0,290136.0,,737293.0,1895170.0,10971692.0,30820343.0,470337.0,9106037.0,1375712.60755536,12225470.0,14117541.46352733,4543628.0,5913567.0,4377422.0,,10394662.0,2174022.0,3167773.0,480219.0,33488455.0,1421920.0,20857415.0,61089584.0,27596754.56210711,2486963.0,5875000.0,22275961.0,2937766.0,1497322.0,1524772.85978039,37206347.06359971,78037590.0,2956332.0,1236704.0,324166.0,235008.0,15855760.0
2021-06-30 09:15:00,3357087.57344973,9100756.0,1291906.0,924522.0,5459970.0,331122.0,12257940.0,2315460.0,43091713.23283058,5760481.79184899,7195632.0,12919448.0,2340440.0,391735.0,,902736.0,2682591.0,9679022.0,3432606.0,758083.0,10110801.0,1470021.85675357,14276494.0,16889273.41271783,2628556.0,6058722.0,6112824.0,,8822099.0,2139362.0,2393862.0,729267.0,16739618.0,1031340.0,19094044.0,17437747.55555556,20092450.47964497,777901.0,6968565.0,18337773.0,3768943.0,1693146.0,1754233.06772908,30275251.71710144,80432670.0,1917370.0,803926.0,351060.0,283145.0,8586644.0
2021-07-01 09:15:00,3876471.35299471,8035542.0,876022.0,848235.0,5695690.0,755502.0,11206010.0,3215210.0,87835666.12331162,6575107.75808367,2291137.0,5668038.0,4157750.0,463026.0,,637586.0,2861509.0,16911442.0,2556547.0,634751.0,8232292.0,746611.16511283,10517081.0,10796586.34843228,3070067.0,4814317.0,4133198.0,,2988386.0,2060651.0,5697553.0,584331.0,12479506.0,534000.0,16012542.0,15924816.0,12743448.04644774,834379.0,5444075.0,16161469.0,4102748.0,990310.0,1937811.76108574,46287542.30809228,56149280.0,1459518.0,567971.0,138698.0,274106.0,8658748.0
2021-07-02 09:15:00,6859916.27661359,17676086.0,573795.0,805542.0,3557647.0,375525.0,8112980.0,3554370.0,40351132.48327494,13308901.02718766,1421148.0,20805994.0,2858690.0,621222.0,,745305.0,1646631.0,14827036.0,7942326.0,928741.0,5070326.0,873769.38379955,10999396.0,13452995.96765304,1501210.0,5166064.0,5499982.0,,2242551.0,1814564.0,1963778.0,434905.0,17215972.0,614460.0,20014124.0,9549992.88888889,14321547.72932801,581097.0,4228550.0,16423811.0,5071894.0,1682274.0,1939533.53253652,30319222.27314699,75734070.0,1669409.0,1259675.0,1945993.0,256489.0,8314614.0
2021-07-05 09:15:00,12619280.25683447,11105134.0,444545.0,863343.0,4680089.0,375703.0,8631790.0,1558690.0,22985591.0608646,6373508.91218464,1286458.0,10401054.0,1486705.0,489159.0,,787661.0,2598033.0,7373882.0,6776797.0,480881.0,12836172.0,773687.69509599,7358568.0,10856921.95072489,1993126.0,4058338.0,5427717.0,,1887671.0,1605396.0,1320469.0,484183.0,16409169.0,686440.0,12050022.0,6849185.77777778,11897451.03589875,431929.0,2911235.0,16483761.0,1600769.0,1972858.0,1033361.47280796,30476806.34571934,76799000.0,2597359.0,632904.0,1316486.0,134014.0,6878338.0
2021-07-06 09:15:00,9779482.50191947,14580124.0,344090.0,762630.0,5529485.0,515181.0,34913930.0,3205220.0,41588897.72509363,10494238.38596508,1157576.0,9579038.0,890540.0,331769.0,,1828332.0,2486069.0,17669032.0,6442552.0,452807.0,6153733.0,469049.5617918,9209891.0,11747246.31507325,3019919.0,4089574.0,4790854.0,,3692222.0,1072506.0,1420179.0,425103.0,14979094.0,1251020.0,30193164.0,5343937.77777778,10238067.80568348,1693798.0,12255020.0,20195278.0,2682423.0,2159420.0,1428839.5199689,271786982.71617967,91468350.0,3865594.0,960973.0,730080.0,681761.0,8386882.0
2021-07-07 09:15:00,5721793.30903679,8719991.0,466002.0,1234865.0,3573368.0,392794.0,19479250.0,4048000.0,17834957.89336406,6669111.0160645,1740439.0,6067804.0,2692540.0,517132.0,,1123581.0,3014899.0,9629190.0,3025732.0,668763.0,10577866.0,632952.10550163,7741559.0,18941354.48635513,3781022.0,4797120.0,8536360.0,,2726182.0,1096808.0,3004815.0,395336.0,14545289.0,1090380.0,18479814.0,7228897.77777778,10629251.89924867,888200.0,7910955.0,14473774.0,2576763.0,2640710.0,2130617.77281119,185819432.3680449,167456260.0,3713891.0,2188364.0,283658.0,382398.0,10755374.0
2021-07-08 09:15:00,4019693.7496965,7804439.0,459811.0,907391.0,4188267.0,625491.0,11305600.0,2066300.0,44887482.03448019,5400896.30603869,1662518.0,12349670.0,2255835.0,509968.0,,1079359.0,2555624.0,8420922.0,3568036.0,524837.0,12333337.0,1131964.92489831,10782941.0,22167804.34143373,4139752.0,3326813.0,7099529.0,,2208015.0,1456033.0,2010027.0,391940.0,12037089.0,597360.0,17151883.0,8740010.66666667,11372003.80235257,868890.0,6176635.0,21433043.0,2548016.0,2485811.0,1558838.83166521,144702856.2721132,124105850.0,2171947.0,1167637.0,2179864.0,365610.0,9131020.0
2021-07-09 09:15:00,4641896.06674529,14924156.0,469932.0,547082.0,5782119.0,656635.0,14475440.0,7919220.0,18512472.57309748,7303556.60024388,1301555.0,4963821.0,2304980.0,971880.0,,801771.0,3218471.0,10695842.0,2570371.0,328728.0,7375406.0,546562.56610868,7069698.0,12536902.93106326,3625932.0,3436594.0,7814242.0,,1698166.0,1248405.0,1658120.0,400686.0,9585144.0,538820.0,11240925.0,2990855.11111111,9188400.40138392,930387.0,5637260.0,16844494.0,1994075.0,6365067.0,1165856.8976128,80843831.03345944,178593560.0,1889035.0,831213.0,507064.0,170542.0,11449216.0
2021-07-12 09:15:00,2636461.87191866,8664504.0,464757.0,765566.0,4475466.0,512870.0,9787400.0,4091580.0,18021234.08025027,8932681.18739453,1122802.0,4010172.0,913295.0,273843.0,,1866473.0,2037878.0,14458978.0,1383135.0,392467.0,5679273.0,552457.90992165,6992783.0,13862497.92633115,2010018.0,4588982.0,11632489.0,,1737065.0,865284.0,2681410.0,496478.0,7651672.0,666020.0,8420962.0,5578309.33333333,8728472.15261401,1297301.0,4330990.0,12886781.0,1555035.0,1892226.0,3029229.62621061,53472143.33119357,166477750.0,3224820.0,792602.0,576161.0,610763.0,7731112.0
2021-07-13 09:15:00,4286851.62600557,12287372.0,246112.0,703484.0,9810976.0,614101.0,10021270.0,2741810.0,15530676.58153666,8137920.07211538,1317621.0,5717442.0,1852410.0,488409.0,,2184771.0,2997764.0,18178142.0,3119430.0,317264.0,5467940.0,1010045.88322525,19825411.0,11473660.22442198,2096758.0,4456160.0,6832695.0,,2066639.0,995833.0,2189466.0,350032.0,30663035.0,500080.0,8580799.0,8264289.77777778,6829157.39118079,2525938.0,5529040.0,12831125.0,7744032.0,1809339.0,1518736.03148382,42629389.48691213,79155280.0,1908081.0,797913.0,842102.0,372867.0,8344716.0
2021-07-14 09:15:00,3979174.41849796,13812481.0,395272.0,470744.0,5621924.0,527932.0,7765740.0,2401510.0,18423267.48360026,6666778.04982581,1729994.0,7216739.0,2506775.0,830881.0,,705293.0,4371180.0,9788494.0,2303846.0,429264.0,3341557.0,1399513.38223239,11648541.0,21696796.15133841,1566799.0,5657716.0,5996797.0,,2158984.0,4010254.0,2067565.0,460178.0,9539611.0,1017220.0,12709481.0,9228746.66666667,8674844.8823,1596046.0,6477460.0,12767351.0,2663467.0,2044279.0,1107624.38052667,36214090.99159567,83413880.0,3173326.0,891780.0,684507.0,379753.0,58696166.0
2021-07-15 09:15:00,2812882.46878312,7490612.0,399845.0,635535.0,4239868.0,310788.0,8709900.0,1779910.0,14669945.71798706,6886713.60285589,979315.0,7257500.0,1518410.0,730937.0,,911540.0,12701032.0,10438802.0,2774718.0,349469.0,10347950.0,704710.95359858,8244429.0,30565875.43406252,2748272.0,10021355.0,4735495.0,,1950556.0,9066480.0,2109663.0,430055.0,11278872.0,556780.0,28589465.0,5376823.11111111,9605929.99573722,796945.0,7322970.0,11030732.0,1905193.0,2232968.0,977393.2724387,39119978.92303381,96555510.0,5922995.0,943422.0,439404.0,292170.0,62132402.0
2021-07-16 09:15:00,2201096.34478537,6941246.0,226565.0,1062548.0,2913553.0,323569.0,9631210.0,2527820.0,21219657.28914772,11251000.67690503,2087320.0,10819800.0,2189520.0,1037591.0,,853204.0,8665827.0,5170628.0,2000951.0,459445.0,9287112.0,553988.62720733,9212875.0,30743394.71960263,1218164.0,6265593.0,3590287.0,,1838050.0,4157388.0,845054.0,281552.0,17198632.0,733700.0,19691248.0,15903786.66666667,8975415.78593152,699003.0,3058730.0,8713863.0,3479357.0,1256526.0,992354.76792019,41655925.17104222,84969250.0,2323939.0,907734.0,569938.0,436381.0,73815654.0
2021-07-19 09:15:00,6382201.39327279,13618862.0,1044561.0,837836.0,5554486.0,408067.0,12905320.0,1881970.0,45407172.55587261,9130440.31724394,854347.0,5158738.0,1204290.0,561172.0,,562044.0,4644600.0,25111600.0,2866929.0,338468.0,5708367.0,471173.47011587,9121737.0,17442875.04936625,2644846.0,5669162.0,5377227.0,,2146337.0,3027093.0,1265906.0,386598.0,14364285.0,1028040.0,14395883.0,13725927.11111111,8493779.32035702,643558.0,8523350.0,14426686.0,1940882.0,1597058.0,1716250.85025751,35357899.16001812,89046290.0,1409001.0,831260.0,759172.0,365109.0,21715702.0
2021-07-20 09:15:00,4670360.94588477,11533588.0,357815.0,6755922.0,5815740.0,467908.0,14018370.0,1451370.0,21901119.97284207,7646367.14191173,1520300.0,6271740.0,1322140.0,890122.0,,1735976.0,10216774.0,24174250.0,3629414.0,481836.0,9214553.0,1078181.5935929,13169127.0,25061859.08869836,3752725.0,5069939.0,5829609.0,,2143859.0,1847026.0,2179910.0,413816.0,11360716.0,891880.0,18634406.0,14178069.33333333,6853894.71272521,695099.0,6350305.0,14623321.0,2724983.0,1811945.0,2221964.78314385,45836591.50899467,85799400.0,1230858.0,819793.0,754030.0,953888.0,21047054.0
2021-07-22 09:15:00,5165107.94930903,9740403.0,760359.0,1982572.0,7876163.0,1707977.0,34885910.0,5248770.0,14278382.32514137,20220354.25979913,1783069.0,4772582.0,929240.0,1321161.0,,986622.0,6156400.0,13207114.0,4062964.0,613062.0,7381389.0,3601851.92210707,13123569.0,19399111.79039571,2181872.0,7854575.0,9472817.0,,1858253.0,3231269.0,2182264.0,439934.0,9520328.0,2266340.0,11710140.0,10378327.11111111,8105355.56732929,915518.0,8748020.0,11799761.0,2047831.0,2859334.0,1482301.48511644,35344669.56493277,78940240.0,7309727.0,1146821.0,1813383.0,1163215.0,24086770.0
2021-07-23 09:15:00,4839658.36371433,8682097.0,335985.0,815329.0,6604465.0,709478.0,9537390.0,2898700.0,12770223.81204392,33200430.31760047,1056183.0,3419739.0,1533805.0,379798.0,694895290.0,1414944.0,5265839.0,13126684.0,2796725.0,430659.0,5217004.0,1541472.93621245,19298083.0,47171354.44640542,3449852.0,4179719.0,8731309.0,,1995800.0,2259058.0,1179241.0,436330.0,10442400.0,1504620.0,7841690.0,6660369.77777778,10102753.84173093,1290998.0,5276030.0,17704661.0,3956261.0,1776193.0,2045802.56210929,55381649.12059416,86418650.0,2840803.0,1053239.0,614666.0,813619.0,28114910.0
2021-07-26 09:15:00,2118001.86837821,5339116.0,1982531.0,1136884.0,7890992.0,408134.0,7335020.0,4211700.0,13753273.79831321,5214528.9790194,1306026.0,4423596.0,934695.0,309303.0,249723854.0,1014916.0,2477027.0,13167166.0,2503714.0,313614.0,7083799.0,1332176.04199516,31054759.0,50070902.14571626,2335433.0,4586710.0,14645713.0,,3939095.0,2219416.0,1187498.0,431758.0,5370055.0,1069900.0,8149770.0,12963703.11111111,12596295.23967929,2151393.0,4858020.0,14037519.0,4715053.0,1259611.0,2180567.36468759,45554662.16246995,86784330.0,984581.0,1435514.0,613423.0,369346.0,12199806.0
2021-07-27 09:15:00,3070361.31704477,7133113.0,859687.0,904289.0,15441543.0,391373.0,20685280.0,4134150.0,14436761.48403919,5834947.22165273,3366104.0,4245486.0,29369105.0,492846.0,240341900.0,772381.0,2883514.0,22401430.0,3512513.0,427442.0,28240273.0,1683022.13200843,12598869.0,25888329.60702308,3311920.0,5892859.0,6840353.0,,4301131.0,3984778.0,1732564.0,417171.0,5280342.0,2783140.0,9704729.0,10832913.77777778,11005048.14073551,6096747.0,8150250.0,24119619.0,5327355.0,1121367.0,2026268.90810741,91321602.42902826,103413820.0,1397105.0,1075244.0,947007.0,297511.0,7966274.0
2021-07-28 09:15:00,3287452.80210852,11132158.0,455244.0,996594.0,11102486.0,235770.0,11491530.0,3194930.0,48274677.43276802,32531640.21034746,5094903.0,8834228.0,16190650.0,383896.0,159793731.0,1298602.0,2952249.0,20670342.0,2686658.0,415048.0,12775129.0,926731.99873679,18367497.0,15612103.26567208,8820340.0,4686788.0,8329455.0,,5052755.0,4119892.0,4016758.0,739427.0,11010096.0,1752740.0,11020097.0,13828090.66666667,13112950.35903152,4409570.0,6667670.0,17636515.0,3332667.0,1660654.0,3150469.26116672,59861515.9942481,128351250.0,2533035.0,1714957.0,740399.0,289531.0,9147860.0
2021-07-29 09:15:00,2616933.70082298,4572153.0,449417.0,762683.0,6855673.0,355185.0,14846640.0,7105140.0,27425226.51503904,15844141.55134385,4929314.0,8237916.0,5434680.0,341346.0,117973089.0,1223789.0,4732101.0,13702230.0,1981009.0,611448.0,61414603.0,1028600.37072205,11043138.0,16530483.53147453,3459503.0,4660873.0,18513875.0,,2994265.0,1672177.0,2489035.0,1519226.0,11897018.0,2710720.0,14142749.0,28609278.66666667,13995314.25034064,1555904.0,3888435.0,35263606.0,4397443.0,1731997.0,1763329.81083795,95629017.46430466,300610410.0,3821405.0,1346162.0,358868.0,227836.0,11668940.0
2021-07-30 09:15:00,4539718.81124462,13440904.0,627367.0,1067423.0,10358450.0,511767.0,14068850.0,3545430.0,28756804.85097804,10125289.453561,6280365.0,9526451.0,6866000.0,606230.0,88312522.0,1130875.0,9330054.0,11655488.0,2640763.0,745920.0,12987115.0,1735135.58991127,14536250.0,15827685.47774408,3115750.0,6234257.0,9971622.0,,3222001.0,2536568.0,4642619.0,715546.0,14546264.0,1667400.0,12236156.0,34142169.33333334,11539906.52733519,1238229.0,7132000.0,35196813.0,35893710.0,2999943.0,1632875.00404885,50668353.68590369,140492650.0,20425030.0,1199644.0,720404.0,245105.0,6356412.0
2021-08-02 09:15:00,2560787.50254786,8925708.0,344295.0,832285.0,6823345.0,351187.0,10124350.0,2647090.0,21084225.15327207,6372221.19632189,2981630.0,6164197.0,3781730.0,691444.0,66909732.0,2029686.0,2536478.0,13258786.0,2613866.0,464874.0,7683565.0,1249292.83045238,9348206.0,10248702.25511912,2149603.0,5553389.0,6971560.0,,2590976.0,1083353.0,2260861.0,433760.0,11742555.0,639480.0,10895726.0,9575756.0,11107306.31078174,1582968.0,16937480.0,16926025.0,18661462.0,2608669.0,2079310.80555825,31924270.14174517,97689200.0,2385223.0,1718511.0,1342173.0,202451.0,9247796.0
2021-08-03 09:15:00,4579827.80444116,18429941.0,981680.0,2433031.0,9265839.0,408981.0,10917100.0,2024300.0,17656997.7148211,21680088.17905778,2014511.0,5648929.0,2991305.0,678468.0,46610001.0,1650517.0,3359006.0,12033120.0,2936646.0,530085.0,8879300.0,1760757.5829647,10162609.0,19565425.87751872,4450926.0,5513668.0,6939253.0,,3230140.0,1777140.0,3235393.0,470570.0,21122697.0,1262560.0,15163353.0,20959436.0,12014381.08781209,1033719.0,10852865.0,40922962.0,14678219.0,3804735.0,2982267.06993166,51454117.427656,86405600.0,2603616.0,5956344.0,572016.0,385216.0,10331214.0
2021-08-04 09:15:00,3445396.84788244,14045587.0,305863.0,659295.0,9744349.0,363955.0,16320910.0,2831940.0,38353265.4788653,21816300.8069955,2517694.0,8839351.0,5520990.0,548192.0,41134419.0,1252510.0,3122161.0,22053948.0,3077649.0,308031.0,8621637.0,1613981.39901201,28730606.0,11651478.25875225,5055711.0,6740391.0,6680733.0,,7004160.0,2067087.0,2659372.0,484122.0,9432176.0,816440.0,14304543.0,23323277.33333333,13389438.22774241,1840302.0,12098915.0,129761158.0,5796169.0,2929598.0,5492682.72438701,43374666.06293622,112894350.0,1938175.0,2040687.0,335436.0,258018.0,9018712.0
2021-08-05 09:15:00,2169594.13963101,5851411.0,270458.0,693694.0,7246991.0,333818.0,8665670.0,2915270.0,33065601.17388487,72422576.57631752,4022548.0,6237158.0,2969750.0,2173169.0,38437134.0,718589.0,7896314.0,18822408.0,1985164.0,316844.0,11790679.0,936263.68487409,17774554.0,49980530.63669002,3955681.0,5420536.0,8613347.0,,6052092.0,1831728.0,1451370.0,495133.0,11045322.0,759280.0,11033147.0,6621382.66666667,21606507.17787674,6687775.0,7443930.0,58595639.0,5026619.0,2534521.0,2500053.64719982,34295412.10872036,162217990.0,5790873.0,2301814.0,1041009.0,173662.0,22588728.0
2021-08-06 09:15:00,14692014.00799087,17504802.0,717143.0,744159.0,6522599.0,504011.0,7297890.0,1374730.0,23813618.89160406,29055270.91787954,9727673.0,10812438.0,1998185.0,799082.0,31975356.0,688410.0,11584782.0,13339270.0,1749643.0,445529.0,18059875.0,1455208.33260327,14701949.0,24982218.17008215,7609448.0,3754855.0,8973665.0,,3640469.0,1192143.0,4471604.0,517575.0,8434733.0,767480.0,6606584.0,5340312.0,16898181.3255142,1654283.0,6201995.0,38236066.0,4064324.0,2292362.0,7945590.60505944,26505400.16741486,96740250.0,3894726.0,877876.0,636462.0,250068.0,10540400.0
2021-08-09 09:15:00,6218400.23647016,7521213.0,431991.0,825462.0,6064688.0,396098.0,8811790.0,3188650.0,110821596.18451631,10078526.2150072,3310964.0,12986298.0,2717725.0,516622.0,41358299.0,611601.0,6321578.0,10998048.0,1468932.0,422204.0,13778833.0,935978.26247377,8602980.0,21567274.77869264,4274598.0,5018477.0,5119564.0,,1596886.0,1223794.0,6700633.0,264983.0,7816050.0,612720.0,8294214.0,16415005.33333333,7619125.87747657,1491795.0,5444400.0,22196404.0,2873586.0,1510489.0,1682031.02225245,28135224.33290633,78594930.0,6585101.0,1770502.0,670460.0,236944.0,9293502.0
2021-08-10 09:15:00,3692473.93709312,5937282.0,364246.0,724335.0,8309248.0,253258.0,7310090.0,2063630.0,32690780.79783703,34513937.17305839,2552532.0,14022502.0,3083355.0,733892.0,43164004.0,933628.0,5871606.0,14838346.0,2024406.0,574570.0,10417993.0,1078073.92535648,10843554.0,19234258.60604448,3469468.0,6846517.0,6382357.0,,4594848.0,1429931.0,4724852.0,356726.0,9774255.0,1229340.0,14300982.0,11925264.0,12117978.67289965,1911046.0,6656495.0,27794251.0,5656020.0,2040777.0,1447265.81478962,25134060.78993575,84516230.0,6314469.0,862746.0,2198799.0,164588.0,14055564.0
2021-08-11 09:15:00,3296531.78815301,6297975.0,831738.0,987941.0,6429468.0,497724.0,7919290.0,2118500.0,27235575.32476677,18731058.90763744,2174054.0,8356558.0,2633925.0,361517.0,111702781.0,1273368.0,5011239.0,12585786.0,1361893.0,551805.0,19239106.0,1321062.8516682,9748084.0,16334390.97008602,2155833.0,4899639.0,11909486.0,,3101903.0,1370930.0,3147983.0,414311.0,8056886.0,699700.0,11308648.0,31279965.33333333,9338143.9188244,1458158.0,7777460.0,23827946.0,4275776.0,1929707.0,1408776.47944806,34456282.46107852,145353570.0,3430349.0,748179.0,2959134.0,129339.0,8565026.0
2021-08-12 09:15:00,2531561.74540465,5068665.0,556973.0,438552.0,3572081.0,316454.0,7946020.0,1609340.0,17966679.02551656,8430213.23523399,2127392.0,7685737.0,3107090.0,2248827.0,51256670.0,508936.0,6540144.0,8597674.0,1822952.0,410605.0,8349354.0,1245359.89260886,8840339.0,29336927.79120018,2453701.0,5659579.0,3506281.0,,1641690.0,1645811.0,3551026.0,330283.0,8640167.0,489880.0,13519139.0,58107756.0,8273326.58485514,1054244.0,4144010.0,16847144.0,2821380.0,1310205.0,891171.0880057,55742328.26543401,109431080.0,8613315.0,889082.0,592714.0,206051.0,7905016.0
2021-08-13 09:15:00,2160966.73158874,3390071.0,553736.0,572250.0,4239376.0,581862.0,6679320.0,1538430.0,27821268.9123784,21078787.01566854,2919925.0,9455100.0,3969475.0,4134045.0,33674300.0,2451346.0,7270809.0,16658428.0,1358720.0,1083905.0,13343808.0,1049418.93839789,12787590.0,19970550.42484584,2348979.0,5612790.0,5611264.0,,1839917.0,5439442.0,3391864.0,431784.0,9744939.0,822460.0,10342014.0,26776844.0,12994053.04127623,712776.0,4393670.0,20908992.0,4319920.0,4363584.0,8053651.24866388,57845916.70355642,289698720.0,4760344.0,1194666.0,738531.0,207505.0,16729368.0
2021-08-16 09:15:00,1968541.92164586,6385995.0,3709012.0,461742.0,3967629.0,294567.0,14233350.0,2432620.0,12560925.6020603,10506198.65829792,1954152.0,5259207.0,2096145.0,1022752.0,20305361.0,932968.0,3159376.0,6252778.0,1058059.0,396756.0,8288547.0,1164349.70208453,7920846.0,11854685.70267544,1132546.0,4564109.0,9095337.0,,1553661.0,1794407.0,7131928.0,750966.0,8768804.0,899420.0,14771886.0,21308656.0,22301269.24996062,479277.0,4215450.0,17608693.0,2310304.0,2083489.0,2635960.22414407,23767200.29377764,271144880.0,2912430.0,461655.0,436930.0,191968.0,7144852.0
2021-08-17 09:15:00,3157762.28047304,7262774.0,8069431.0,2036757.0,5576110.0,319770.0,16027760.0,2420690.0,18039057.09813166,11311091.36713329,3767678.0,13714266.0,2130070.0,1298630.0,15815187.0,1095295.0,5295838.0,8282666.0,2151413.0,877329.0,8413999.0,1952149.04631793,8669653.0,8325224.06050675,3082005.0,9510390.0,6482187.0,,1419337.0,1838525.0,3835522.0,752517.0,8758578.0,1504020.0,16025745.0,15962460.0,12869273.7528625,1991904.0,5186305.0,22957877.0,5686055.0,4336019.0,7673269.32108963,42302924.75500367,189709230.0,8042970.0,1917077.0,973907.0,203995.0,23645544.0
2021-08-18 09:15:00,4885723.44394005,7354758.0,2941548.0,1375320.0,5370460.0,493285.0,21537300.0,3917340.0,34210636.3226698,7136785.17086702,2323095.0,7654460.0,2768780.0,1901521.0,22566920.0,891889.0,4871006.0,22985932.0,1968944.0,613650.0,12169397.0,1569968.45229257,11069373.0,11373279.5715322,2344486.0,6686090.0,5905871.0,,2763653.0,1570228.0,2450964.0,434144.0,9357721.0,799760.0,10074307.0,25227528.0,10243899.10768082,3428721.0,4998005.0,17668574.0,4036305.0,2631309.0,3085830.45865319,29822193.98862501,123317450.0,2939739.0,1029077.0,477749.0,724989.0,13847154.0
2021-08-20 09:15:00,5086311.71192293,6274741.0,2331020.0,3931334.0,6092036.0,301943.0,21647320.0,2750520.0,15542178.59307634,12770017.40769006,2354874.0,8877297.0,4134540.0,2187864.0,53789580.0,777244.0,3467046.0,13150406.0,4035337.0,809463.0,23309477.0,5870891.95018126,13121808.0,20574473.22295896,3465186.0,6206972.0,13126219.0,,5643242.0,2416059.0,3050982.0,657982.0,11684504.0,2862140.0,23878081.0,18720468.0,9583488.18483928,2127671.0,4362450.0,25541790.0,6238261.0,2836148.0,3828568.85466265,53963152.29074494,273400690.0,4051399.0,1070166.0,879721.0,358744.0,12341386.0
2021-08-23 09:15:00,5016928.50458295,6636881.0,699991.0,1578949.0,3614761.0,455643.0,17383400.0,3266880.0,26688326.77572608,12790459.89701124,2081206.0,7768805.0,2837575.0,1271399.0,68470861.0,1168393.0,9383780.0,10843054.0,2173978.0,758426.0,15943020.0,2197264.92816797,10917371.0,10526514.26394055,2914978.0,6189051.0,11781361.0,,3093169.0,1973841.0,2512960.0,537302.0,6271685.0,2974840.0,16886027.0,13112745.33333333,10018740.79565219,1251406.0,5190075.0,26559937.0,2375417.0,3744176.0,2188077.9726622,40578754.21334258,229257290.0,3987240.0,1092285.0,710233.0,310220.0,14072750.0
2021-08-24 09:15:00,3466543.68898606,7640710.0,1576663.0,763704.0,4537435.0,276602.0,26229900.0,12743930.0,14925926.97480661,5884978.65046579,2588128.0,7452062.0,3084680.0,1277071.0,56713556.0,916685.0,3947317.0,18381314.0,3051984.0,567946.0,15050015.0,1506191.27402372,9821388.0,13231916.56596334,2510063.0,7602939.0,8283854.0,,4707971.0,1580003.0,1662376.0,646993.0,11791078.0,1661680.0,17368602.0,11029464.0,12062340.07703839,1211218.0,4803725.0,19012313.0,2732537.0,2511141.0,1184384.41356525,62262282.51463527,176075790.0,5366923.0,1003905.0,512709.0,174447.0,8967436.0
2021-08-25 09:15:00,5527335.36708394,21275432.0,469002.0,797870.0,6726509.0,398715.0,15096670.0,9745980.0,16571575.62584446,8127569.44461099,1697757.0,7817617.0,2220705.0,721584.0,51078811.0,842989.0,3447912.0,7727974.0,7608915.0,407780.0,17974391.0,1774057.65737666,9535359.0,11215680.050182,2105187.0,6153253.0,5539409.0,,2913810.0,1795313.0,1693443.0,722194.0,9491958.0,2003180.0,18637317.0,12001352.0,13603711.58957503,893931.0,5152555.0,16410980.0,2254852.0,2123263.0,1799529.5241797,52239472.0408261,125650100.0,3105863.0,1280400.0,761172.0,146150.0,12815436.0
2021-08-26 09:15:00,4823965.51263743,14969643.0,800419.0,1319516.0,6492155.0,283891.0,12345880.0,6068820.0,21301506.37126484,26316576.38122143,1522032.0,6845692.0,2408595.0,440543.0,20645403.0,940679.0,4654833.0,11119002.0,7671524.0,445529.0,7695674.0,2150613.09391818,10756731.0,15717335.93791993,1971408.0,5302248.0,5659963.0,,4382577.0,2051262.0,2576883.0,1199429.0,11668986.0,1264080.0,8779246.0,12115246.66666667,18899641.90474512,823814.0,6567660.0,15897679.0,1735864.0,1902533.0,2494665.64635766,29589856.98927139,91578980.0,1993944.0,1059290.0,3121784.0,183243.0,8416702.0
2021-08-27 09:15:00,5324575.81309042,6751256.0,937887.0,634375.0,5841967.0,274822.0,9359060.0,4414750.0,28167973.26021814,16444073.49786636,1878603.0,4418540.0,2816975.0,541875.0,22227595.0,899826.0,3050466.0,6382138.0,3396769.0,517155.0,15558923.0,1194740.58542085,9135827.0,11098606.54379329,2368969.0,6698514.0,4978277.0,,3661315.0,4903187.0,2907125.0,1428388.0,8095717.0,702080.0,9706825.0,8051700.0,10655425.56718609,2469538.0,3930010.0,15090541.0,2432862.0,3944728.0,2395292.81248988,22323827.78357388,73940810.0,3097939.0,1020589.0,638508.0,497367.0,8743108.0
2021-08-30 09:15:00,3247508.76891279,4757858.0,632354.0,1051747.0,12517507.0,561903.0,15043820.0,3360380.0,13619236.66383713,40505779.93993173,2016968.0,11333690.0,3141835.0,926194.0,45239080.0,767645.0,2956868.0,9049166.0,3023655.0,518747.0,11735730.0,1186575.06700037,10797869.0,12802597.604204,2868604.0,6559667.0,5891576.0,,2561253.0,3345934.0,3028708.0,819447.0,9915170.0,2679160.0,15933414.0,14512401.33333333,14260996.47632507,1690833.0,7071320.0,20308691.0,3617125.0,2033114.0,1898416.49661517,28518244.87983849,134443870.0,2742699.0,1670309.0,1981330.0,319952.0,8743710.0
2021-08-31 09:15:00,7458649.94054739,15419587.0,2883159.0,2283290.0,12114870.0,693952.0,29464380.0,6521270.0,21603723.67447186,60781227.8596531,2463088.0,14301855.0,3227635.0,2381821.0,24640924.0,1662883.0,7199002.0,12062576.0,3854510.0,708031.0,20847646.0,2575801.05396437,19760246.0,27341266.8037971,3138652.0,12255438.0,5399215.0,,4492609.0,3264644.0,3324467.0,938326.0,11386659.0,4547400.0,13376290.0,43248333.33333334,26927170.40862072,1719768.0,7881915.0,26262421.0,7435465.0,3207480.0,2158042.626243,61205309.58904667,247521080.0,6392991.0,1816071.0,968660.0,475968.0,15591816.0
2021-09-01 09:15:00,3151519.57544245,5320381.0,841956.0,2423168.0,19972195.0,585605.0,22277890.0,4618430.0,26940279.02850343,30795983.62338044,4434153.0,8415876.0,2814755.0,1997385.0,16162269.0,666680.0,3200410.0,12422558.0,4991772.0,442282.0,10038500.0,1803739.55553353,13729351.0,17206616.66659306,3854558.0,7801974.0,4316801.0,,7266354.0,3530101.0,6031309.0,1108476.0,7508413.0,2096860.0,10964080.0,11817592.0,11331363.1301777,1955177.0,6179385.0,18776721.0,2811619.0,2643336.0,2076719.54458588,54831790.24445487,88128970.0,1829925.0,1247432.0,861143.0,352822.0,9450444.0
2021-09-02 09:15:00,2239226.84897221,5788915.0,900686.0,847517.0,6799617.0,474397.0,11833780.0,2768790.0,25664614.74866159,18950875.26544921,3688123.0,7787657.0,6299320.0,898434.0,27882466.0,1022312.0,5224479.0,9618524.0,16281725.0,422436.0,5360608.0,1976812.18262438,8627956.0,15171739.07381945,2136382.0,6830050.0,3635439.0,,5763844.0,2400278.0,4879865.0,741052.0,5700524.0,1571540.0,13031666.0,13545024.0,10122823.03749811,2468599.0,3818570.0,14372717.0,2679549.0,3403717.0,1330681.33968192,24691822.60760901,61480460.0,3860958.0,1167157.0,600794.0,393057.0,9077556.0
2021-09-03 09:15:00,1740326.9775276,4491254.0,567961.0,832039.0,7509746.0,740269.0,8802470.0,2485550.0,52170712.34156173,7920216.62783157,3110583.0,12734022.0,2156575.0,2305890.0,113381518.0,1140191.0,4533364.0,10735334.0,15600504.0,981491.0,8516918.0,1586403.09441762,8993813.0,10836373.96656133,5363972.0,5339139.0,4145359.0,,4845134.0,2336258.0,4257842.0,1196077.0,9364904.0,939560.0,21326802.0,12286476.0,31175830.16745993,1295336.0,8012625.0,14233624.0,2860730.0,1746812.0,1088316.44964856,27486376.21656535,84523820.0,1919590.0,1548784.0,454344.0,198454.0,7549940.0
2021-09-06 09:15:00,5734743.70010024,5260360.0,439776.0,664394.0,4539192.0,779715.0,8970710.0,1769580.0,36365427.4845175,10223323.95495077,1699875.0,9712271.0,3080995.0,1197932.0,34811620.0,2520368.0,4331916.0,7876896.0,8084343.0,580935.0,12183840.0,1467719.17852752,5329995.0,11263630.29039706,3349749.0,4876026.0,5179490.0,,1901931.0,1850835.0,3682183.0,897444.0,7005043.0,681380.0,12505630.0,13950485.33333333,34202764.96680652,1166873.0,3295350.0,10694099.0,4613445.0,1723693.0,997171.88157937,27533964.33060094,69586760.0,1801171.0,679133.0,646921.0,212634.0,24676832.0
2021-09-07 09:15:00,1702355.24734154,3515903.0,479021.0,1285818.0,6926921.0,450262.0,8360130.0,1881930.0,15882585.93459845,28184783.14476019,1113880.0,9475870.0,2101070.0,545226.0,30421931.0,1162852.0,3721585.0,7245496.0,2891731.0,311022.0,5684070.0,1239114.11915849,6242711.0,39716155.72340861,5483796.0,3520341.0,3555927.0,,2922837.0,1734879.0,2273976.0,743783.0,7723357.0,683060.0,8530847.0,12485032.0,17639232.52399326,1164891.0,6181705.0,14928735.0,3851664.0,1585039.0,2874954.45049072,23729298.75443333,63527170.0,1940043.0,773091.0,597743.0,240683.0,12812218.0
2021-09-08 09:15:00,2148829.79952927,4036193.0,642506.0,702598.0,5903035.0,396710.0,8592560.0,1909320.0,19285582.34873905,20876685.91983254,1600457.0,7873034.0,2500145.0,616049.0,28133284.0,4094446.0,3118518.0,6724080.0,3070612.0,341207.0,6689343.0,961610.41290799,7118011.0,18256851.0881475,6385224.0,4584896.0,3288571.0,,15249557.0,1644392.0,2380939.0,847767.0,10508654.0,3447460.0,7801721.0,25370296.0,14540165.37810387,1909087.0,8546425.0,22817464.0,2548562.0,4147175.0,1621402.6009782,24714147.44579111,46762240.0,2256454.0,796813.0,2226426.0,198064.0,13432462.0
2021-09-09 09:15:00,1281686.62528026,2829060.0,838279.0,591745.0,4909325.0,479537.0,7004360.0,1808160.0,11581229.61915599,19784258.68774795,3769007.0,9519564.0,1812055.0,456149.0,18970691.0,845954.0,3388292.0,8250948.0,2867987.0,403669.0,6926659.0,893294.91690028,6243422.0,20182760.58940327,3193603.0,3331674.0,2381494.0,,3642925.0,1225239.0,3313559.0,515702.0,5757417.0,2207220.0,27242637.0,5078350.66666667,9112732.26349026,10115407.0,3792220.0,9662128.0,2008287.0,1441148.0,1705948.5634697,56352029.23638282,53130300.0,2303457.0,653397.0,1228907.0,159693.0,11611460.0
2021-09-13 09:15:00,1813999.1448886,2514604.0,1151299.0,610920.0,4814443.0,342427.0,8025650.0,2166140.0,10518994.5534423,19704423.36054503,865538.0,35672746.0,1493265.0,287427.0,17426798.0,971878.0,3723138.0,8959164.0,2883674.0,279930.0,16632808.0,1362523.24859406,6967906.0,16996789.07660687,2386618.0,4662374.0,3778975.0,,3271615.0,1578773.0,3139833.0,508397.0,6322443.0,750060.0,9921031.0,7522484.0,16583187.47735056,2374250.0,3625345.0,9567921.0,1935832.0,1691473.0,1077001.95154342,27065197.3896806,56702080.0,1937241.0,786459.0,448685.0,187063.0,11177578.0
2021-09-14 09:15:00,7365213.50308955,5615411.0,528943.0,569412.0,6301208.0,741880.0,7192580.0,1592270.0,29010344.10534759,11694457.82713995,1373821.0,8804432.0,1549905.0,672701.0,112358935.0,1087094.0,5593286.0,9758506.0,1974670.0,880592.0,15253798.0,1782682.28940903,5241865.0,20787246.98452479,7838383.0,4945167.0,3185808.0,,4168080.0,1407269.0,3089381.0,817280.0,7369292.0,1183700.0,16593684.0,8434428.0,9056924.03776357,1338821.0,3353550.0,9981562.0,1996844.0,1991188.0,630024.61697924,38485663.98151178,55037670.0,1554999.0,888765.0,529047.0,168408.0,7322676.0
2021-09-15 09:15:00,13232201.51183779,7039338.0,659281.0,587855.0,4075592.0,510406.0,6572830.0,1231990.0,35238554.35395407,56796103.83133079,2509424.0,24591822.0,1601600.0,412751.0,38892545.0,1003392.0,6063895.0,14822998.0,3172198.0,681873.0,12415050.0,1383790.77250101,5936741.0,21451389.91110737,6071710.0,4062344.0,2871538.0,,4814023.0,2757989.0,3336656.0,310138.0,48721413.0,752120.0,42437332.0,20064238.66666667,9222357.21626376,1875092.0,5161840.0,22181568.0,1393824.0,2461369.0,1969511.18291063,44405974.86604422,44174640.0,2410087.0,2795995.0,635701.0,235010.0,8290832.0
2021-09-16 09:15:00,7853030.12447985,4625316.0,779552.0,516746.0,15446511.0,558125.0,5771290.0,1542090.0,12378513.41905075,45001441.53857032,3574908.0,18440504.0,1482575.0,570872.0,17634206.0,855472.0,3616292.0,10260550.0,3209102.0,1118060.0,8011765.0,1279013.32665628,13557169.0,158102628.0849498,27230283.0,3246568.0,3372499.0,,4128783.0,2128381.0,2686018.0,556648.0,17684303.0,1025300.0,22431820.0,16214884.0,13673173.91797625,3028407.0,10142820.0,42637448.0,1353677.0,2946666.0,1310343.98989408,43479219.1205777,56067970.0,1800078.0,725123.0,286275.0,216078.0,9315692.0
2021-09-17 09:15:00,3433182.59082259,9701785.0,814867.0,1545695.0,14641298.0,1304667.0,34749690.0,6549510.0,16039165.09169038,26648995.5448829,2006356.0,17317065.0,2274150.0,1375879.0,23264091.0,1964563.0,4817180.0,20498102.0,11661592.0,1024040.0,12113274.0,3143741.85943065,17075003.0,84223645.6029464,5784278.0,7454864.0,7804735.0,,14638489.0,3473932.0,5504398.0,980793.0,15763396.0,1902580.0,25968166.0,21219226.66666667,35463874.89687275,4143024.0,9870725.0,41529478.0,4052622.0,6477148.0,1851465.07466071,41363510.86935408,195720300.0,2861623.0,1727410.0,562721.0,503207.0,10815562.0
2021-09-20 09:15:00,2343784.68348455,5570433.0,434640.0,689288.0,6306484.0,399648.0,10838060.0,3252040.0,12243603.28369881,14330723.93953166,2308294.0,12541523.0,1660330.0,1190719.0,19799941.0,777257.0,5453683.0,8781610.0,1447672.0,442234.0,18031539.0,2713371.60370325,7943459.0,74571690.87801197,2954179.0,5660743.0,10340874.0,,5881089.0,1820374.0,2933375.0,550405.0,7431359.0,1830260.0,29857432.0,7833069.33333333,11976276.05167763,2117784.0,4788450.0,18376916.0,2206369.0,2002008.0,1094655.92912901,32519408.12283665,282384120.0,2526342.0,411738.0,569477.0,291081.0,9092860.0
2021-09-21 09:15:00,2765303.88054999,7766479.0,462221.0,922057.0,7833561.0,354217.0,19931330.0,3846940.0,20777933.84597772,14216703.01621286,2438464.0,13645046.0,1701950.0,595121.0,19330196.0,771674.0,4645597.0,14774996.0,1850978.0,580932.0,18750888.0,2313279.48438535,10009615.0,60037734.91731058,6332732.0,4672222.0,14289169.0,,3866888.0,2029747.0,2380834.0,1085249.0,8629222.0,2168220.0,51537119.0,9481008.0,10081105.1055285,2117913.0,4585140.0,17279588.0,2123997.0,1568129.0,1496342.88051048,32199131.66778295,255935400.0,1713705.0,539788.0,432370.0,214916.0,7367102.0
2021-09-22 09:15:00,1715437.60640564,4343365.0,562041.0,825945.0,4359142.0,245919.0,15005410.0,2569820.0,9672651.70432784,16348422.90084276,2267730.0,18861877.0,1253645.0,424342.0,16923375.0,920410.0,5367303.0,10582202.0,1150957.0,561230.0,13613171.0,1605469.51390646,9740470.0,55747231.9200429,5587136.0,4553892.0,8147214.0,,1911809.0,1487933.0,2287017.0,548623.0,11698183.0,2150460.0,16424387.0,9165634.66666667,11179295.46328229,1399326.0,3449740.0,14321143.0,1817865.0,1744067.0,994106.90571049,48938491.78469418,111242470.0,5145820.0,1057480.0,252879.0,206063.0,9583304.0
2021-09-23 09:15:00,1672917.10419729,3526253.0,696944.0,694716.0,9043492.0,228970.0,21091470.0,7125510.0,19379665.44313024,26497021.64153963,1297533.0,31399318.0,2800365.0,452680.0,31779169.0,1218547.0,3037295.0,13664304.0,2336977.0,448036.0,12757667.0,1071068.3798227,10412491.0,23085325.43961624,4879235.0,3826090.0,4039612.0,,2989107.0,3702946.0,1890322.0,432740.0,11053966.0,1074480.0,18688982.0,10295913.33333333,16011039.15916459,2659260.0,5925930.0,20516770.0,2109768.0,2003869.0,1482145.60457358,87294564.70188981,99462510.0,2015302.0,711634.0,1207650.0,201988.0,6462586.0
2021-09-24 09:15:00,2845864.15894473,4445517.0,1949974.0,2775975.0,5184626.0,363519.0,11293460.0,3731750.0,17282372.3389689,72174183.9289882,1803409.0,17259638.0,1258075.0,806905.0,13099391.0,2009842.0,7951730.0,20806702.0,2219394.0,603710.0,9226843.0,1661020.22947006,11780868.0,26297617.56834086,4615559.0,8280446.0,7363339.0,,2114888.0,3612494.0,4967824.0,1649962.0,8598140.0,837880.0,33667173.0,7093412.0,15445528.43558306,1703375.0,5655830.0,10731274.0,1777859.0,2320754.0,2880810.09296149,47871759.40320938,132866160.0,3592146.0,540771.0,834581.0,341258.0,24253176.0
2021-09-27 09:15:00,4884543.97993427,3803939.0,1885178.0,902449.0,7715259.0,962801.0,6507740.0,4071680.0,10315870.34965291,11282248.0,1217035.0,9099672.0,1130285.0,1331462.0,26041244.0,912436.0,7653504.0,16415462.0,1906863.0,1187306.0,6825039.0,1489002.95424373,7712240.0,24250074.93377124,3083520.0,5045337.0,5889365.0,,1830064.0,1650711.0,9210666.0,2646138.0,8490460.0,919480.0,34196564.0,5205649.33333333,15630228.92321385,728019.0,5489955.0,11746892.0,2862731.0,1673362.0,1450730.61412885,93263321.71100678,86688770.0,2728552.0,507550.0,314717.0,261520.0,16798164.0
2021-09-28 09:15:00,3657958.11892399,3748173.0,1051440.0,961271.0,7369680.0,478682.0,15723010.0,3220580.0,29934036.03206444,21944239.0,1542732.0,41551332.0,1527230.0,838118.0,13489232.0,1569163.0,8572321.0,12773790.0,2407512.0,788979.0,6148679.0,1095018.4679974,13491839.0,16647243.45757285,3684708.0,6557197.0,4735779.0,,3899267.0,1442615.0,3853344.0,1346961.0,35900138.0,1153720.0,46109879.0,38873626.66666666,18336038.96640337,1588306.0,4231635.0,19241170.0,4938824.0,2253075.0,1956915.22527775,47202189.8351947,81007360.0,3995669.0,923489.0,612126.0,403030.0,16224924.0
2021-09-29 09:15:00,1819044.85891332,2734053.0,571896.0,973387.0,14241004.0,379896.0,9458790.0,3097120.0,27378252.46791116,16729859.0,4052980.0,100988643.0,3275350.0,386614.0,10801439.0,821925.0,4639821.0,16263036.0,5200234.0,613787.0,9508220.0,1527562.40321476,11453404.0,16367668.61901085,5574048.0,7792548.0,7345149.0,,3420314.0,1698747.0,2291977.0,643556.0,75859390.0,925900.0,68003697.0,53686662.66666666,9881977.26739505,1623118.0,4532205.0,38635938.0,18565413.0,2489161.0,2182774.99757069,32697407.2147438,94945770.0,7948104.0,912912.0,415354.0,490626.0,17679132.0
2021-09-30 09:15:00,2136381.50546827,4356469.0,808446.0,2077896.0,9178187.0,576711.0,14907070.0,3430000.0,34237285.34940609,13911568.0,2312926.0,48957916.0,3880075.0,861344.0,7825751.0,1081846.0,3589722.0,15975348.0,3235673.0,920513.0,14333358.0,1645697.82054198,18487517.0,17329444.79506759,3180267.0,6914031.0,4934499.0,,4572748.0,1792078.0,3264689.0,625717.0,34614825.0,887460.0,26714630.0,23618200.0,13817310.83791646,1234882.0,7981880.0,26530369.0,10478553.0,2252412.0,1641820.92767143,50136499.78016354,75145680.0,3856630.0,1374265.0,941677.0,422904.0,12027918.0
2021-10-01 09:15:00,2383525.60967928,4008108.0,534563.0,1512332.0,6089895.0,407091.0,9377400.0,4326770.0,22069954.14222914,14952128.0,1948517.0,25492957.0,1710665.0,411006.0,11940576.0,705310.0,3372796.0,11128596.0,1852758.0,329726.0,8072310.0,971158.35085456,10935810.0,16903824.17382767,1940798.0,5733906.0,5193048.0,,3373978.0,1563937.0,7704216.0,901588.0,22452069.0,797380.0,42893182.0,16994904.0,9108339.51087118,830634.0,4632325.0,14777309.0,5730355.0,1578374.0,2014097.06701649,49489145.72852358,90374700.0,2661824.0,626710.0,3294173.0,366658.0,8417708.0
2021-10-04 09:15:00,3308790.37821307,3414151.0,535335.0,921241.0,5845527.0,237249.0,10901980.0,4013250.0,16627603.68205599,8917898.0,4097873.0,23341448.0,3801765.0,874865.0,11995299.0,1154231.0,2706626.0,7051028.0,1615207.0,386779.0,10303925.0,1041136.61009828,8976533.0,11321257.02511356,1817348.0,2947154.0,5617530.0,,2043053.0,1588493.0,6544700.0,466994.0,58612212.0,655920.0,16099471.0,10757286.66666667,11100644.48333937,1664614.0,6773440.0,16246765.0,4007435.0,1356860.0,1730337.79516082,48951443.10608799,96902370.0,2538936.0,870878.0,1043541.0,339796.0,10494244.0
2021-10-05 09:15:00,2623724.89785625,3270764.0,425555.0,909337.0,3945224.0,287612.0,7732430.0,2681630.0,18733548.79489769,25598885.0,4986700.0,42359592.0,1774235.0,452282.0,10912142.0,543453.0,3710314.0,10257178.0,2236948.0,316991.0,8162109.0,571641.13928962,7497208.0,9771412.92468013,5270013.0,4373310.0,4186464.0,,2719807.0,1705242.0,2647442.0,546004.0,24390676.0,546560.0,131238378.0,17200858.66666667,13759339.28065922,2282814.0,4110305.0,16487568.0,2987134.0,1877966.0,3542608.02319179,52775905.86773954,57952160.0,2481825.0,1329784.0,675246.0,229310.0,10912148.0
2021-10-06 09:15:00,1833115.94698227,3615568.0,480575.0,786378.0,5092479.0,383507.0,17646310.0,3004210.0,15618666.6698149,10406502.0,2615582.0,41926821.0,2646320.0,589264.0,9988184.0,1041165.0,2861608.0,18600830.0,1939154.0,468624.0,11231113.0,876044.63709745,13200810.0,18544841.74369215,3329243.0,4271698.0,5994344.0,,2979275.0,1845661.0,3288323.0,726695.0,14421296.0,1452160.0,101221817.0,8929508.0,10429972.05513191,2630744.0,3570155.0,19056690.0,2910453.0,1678154.0,5279206.34535031,41861294.46818167,86316930.0,2769341.0,895210.0,1324497.0,279814.0,9673198.0
2021-10-07 09:15:00,1978598.29569513,3237419.0,276775.0,1177283.0,6622698.0,343916.0,9405500.0,2241000.0,7587430.61227804,8121590.0,7008049.0,16517664.0,1719870.0,897524.0,7317664.0,3216078.0,2421641.0,11265724.0,2453970.0,552458.0,9774465.0,1099857.44420777,10041549.0,10987530.2604583,4002618.0,5476108.0,3042177.0,,2222130.0,1378863.0,9515673.0,1646727.0,10035682.0,953900.0,59769140.0,6733700.0,6442344.02038202,2674007.0,3739840.0,9984651.0,4089061.0,1647233.0,1518761.33676675,270386096.6356666,46033670.0,1956325.0,8361061.0,1988186.0,583113.0,7448686.0
2021-10-08 09:15:00,2728141.48536789,2878232.0,269607.0,882436.0,4295686.0,215542.0,7565710.0,1522380.0,9881751.91411282,6297352.0,2075219.0,28978175.0,1741550.0,572893.0,6207969.0,696372.0,5197831.0,7245562.0,1573419.0,300133.0,7086881.0,1604806.23694059,9383924.0,10317681.44386206,2344868.0,4738376.0,3826818.0,,1937834.0,1755402.0,3938358.0,630622.0,10686586.0,1744920.0,30561341.0,8165176.0,16035536.35531509,1661548.0,2327330.0,16521128.0,2753935.0,2934339.0,1769255.29588961,155250411.42140007,107220150.0,2665924.0,1845797.0,439597.0,234324.0,22091966.0
2021-10-11 09:15:00,1969307.95464961,2118247.0,331320.0,460197.0,4417455.0,239321.0,9086480.0,2340900.0,21749241.82046654,8792050.0,1449593.0,34952223.0,3440320.0,622401.0,4395523.0,1703947.0,5264998.0,13080848.0,3007329.0,658779.0,5565678.0,1103347.52024866,9337637.0,22442632.04053209,2535840.0,8840633.0,2257738.0,,2376167.0,1528151.0,5493159.0,1069536.0,17449923.0,776040.0,18143592.0,12982042.66666667,15014968.18338531,822914.0,2474965.0,20686981.0,2988841.0,11845402.0,1794366.23424999,187842995.58676594,63496580.0,3073366.0,1056932.0,681017.0,346054.0,20422932.0
2021-10-12 09:15:00,1959672.22860239,2152513.0,612692.0,564524.0,5098502.0,1353877.0,10994490.0,4545920.0,18331059.3910902,8579567.0,1164581.0,25216411.0,1427440.0,786357.0,5600652.0,771626.0,12811641.0,8176946.0,3241303.0,956819.0,8685800.0,1192818.80897458,7376091.0,30957608.1960828,2354120.0,7439300.0,2930894.0,,1890902.0,1671988.0,3433345.0,406814.0,16030831.0,1444980.0,11619888.0,8539966.66666667,6793449.20301501,815338.0,2928570.0,33763609.0,2407031.0,5752877.0,1261714.32157549,161248448.45459664,60970190.0,2965629.0,3517011.0,1064340.0,407411.0,18680432.0
2021-10-13 09:15:00,4045600.71782344,9083125.0,302343.0,770144.0,4381414.0,648769.0,10524380.0,3183880.0,16863469.91869465,7062149.0,1821818.0,17378156.0,1207980.0,687451.0,6351349.0,1353183.0,5705730.0,6225644.0,3092746.0,754779.0,8901206.0,1686132.32200762,6357766.0,53138749.23439399,1235622.0,7104171.0,5601758.0,,1742478.0,2105025.0,17519612.0,1084436.0,19100941.0,1078500.0,16690451.0,33075614.66666667,10125865.36014954,1281752.0,7442435.0,17638983.0,4113083.0,3545655.0,7321607.87743336,327881587.2548036,132857180.0,1738985.0,4023645.0,1433510.0,347921.0,18925882.0
2021-10-14 09:15:00,5419845.36855724,19754735.0,436160.0,648597.0,7157116.0,272066.0,11348490.0,1968050.0,15404892.45534061,9820591.0,913675.0,29542941.0,1460300.0,497012.0,8688177.0,2318420.0,10360519.0,14757288.0,4077281.0,572466.0,8876529.0,2192784.50749964,8950350.0,90479463.27877177,3315820.0,19655776.0,4751065.0,,1652356.0,4440909.0,3354982.0,831546.0,29263867.0,843800.0,14821875.0,19185456.0,8767286.55000391,2080766.0,8878410.0,23431826.0,2300231.0,6442299.0,2380920.42399508,171653293.92268044,82273710.0,4328124.0,1546459.0,563063.0,599817.0,118377606.0
2021-10-18 09:15:00,3908749.90115288,8883845.0,345049.0,1576121.0,11014585.0,463126.0,8550980.0,2939480.0,40084663.21593304,8574445.0,1913667.0,15468914.0,1668255.0,360160.0,31446800.0,1339116.0,23861603.0,28856456.0,4597120.0,440831.0,23481789.0,1785847.32926451,15345601.0,63873869.60833823,4512591.0,13438109.0,9493244.0,,2166779.0,1918546.0,2885649.0,913963.0,25346029.0,1126060.0,22899876.0,38546365.33333334,13821199.10690977,934860.0,5899405.0,20084248.0,2632795.0,3590107.0,1937611.34324491,119794543.35804923,109232300.0,3579606.0,2572741.0,571535.0,1413642.0,21198892.0
2021-10-19 09:15:00,1879139.78720779,5543852.0,285362.0,1042069.0,10633732.0,275481.0,12449890.0,3878460.0,15424077.47458846,7328862.0,1360282.0,17403803.0,2698595.0,999095.0,14688308.0,551980.0,10189780.0,8987540.0,2137420.0,447221.0,11017925.0,5516608.60250723,11349799.0,62569613.96370998,3879525.0,10324260.0,4164143.0,,1695203.0,6639827.0,3476818.0,658869.0,20234486.0,1186040.0,10331930.0,16174177.33333333,8980727.18340623,1313098.0,14910045.0,20645100.0,2029762.0,3135441.0,1938750.08097691,95124278.67957957,87569240.0,8645334.0,3546129.0,832711.0,868388.0,21865148.0
2021-10-20 09:15:00,2854835.9209887,5467049.0,510321.0,1205540.0,9023067.0,321450.0,11028990.0,2247980.0,16082959.13562784,21217306.0,1941581.0,15921230.0,1580485.0,1159620.0,12607297.0,837991.0,8222562.0,10908568.0,2606119.0,424722.0,9440844.0,4941214.31101415,12762996.0,50662460.76960928,2850772.0,5876115.0,3256699.0,,1794893.0,3295376.0,3551282.0,488082.0,16129487.0,4355380.0,17118996.0,21909934.66666667,12922548.54553405,2063277.0,10061990.0,34080545.0,2089252.0,2933693.0,1553904.30149321,91838292.07497042,69757740.0,5159270.0,2868983.0,574423.0,703897.0,16108782.0
2021-10-21 09:15:00,3226276.35480875,4607499.0,698306.0,5103543.0,7405639.0,373336.0,6394610.0,1925330.0,15707502.75894191,8908979.0,2723509.0,15586097.0,2584000.0,816204.0,5951873.0,1374634.0,5998795.0,9738190.0,3427729.0,737326.0,14173662.0,3305853.65690645,12166996.0,23856178.89150442,2408608.0,8779629.0,5811087.0,,9495518.0,2774633.0,2614538.0,563128.0,20818539.0,1519240.0,31555789.0,16946548.0,21179086.17968209,1985866.0,11697925.0,20808243.0,3155655.0,4871211.0,2285483.06772908,87140531.93166667,83575730.0,4261416.0,2303014.0,470149.0,318247.0,15916912.0
2021-10-22 09:15:00,2660700.68203743,3860760.0,347114.0,2855592.0,10646970.0,408499.0,15173760.0,5053300.0,10288885.32257951,6587256.0,1360319.0,13603152.0,1814980.0,519029.0,11468458.0,719112.0,3812305.0,12175554.0,3533890.0,387942.0,19392383.0,1874668.5456196,13248928.0,37647804.49402869,2618946.0,7369809.0,10162556.0,,5931826.0,1520637.0,1999394.0,224520.0,11379569.0,910300.0,27317028.0,7705870.66666667,11211384.14665714,1112991.0,19446090.0,24080485.0,1709523.0,2691670.0,2984987.89395264,70798765.28989105,80712890.0,5223521.0,3063724.0,814132.0,330818.0,10758302.0
2021-10-25 09:15:00,2346607.56149838,2973109.0,1151030.0,2161537.0,29193770.0,306195.0,11697290.0,3018040.0,13207783.25103629,9540441.0,1901039.0,11744666.0,1380835.0,457696.0,13530512.0,576106.0,6690819.0,16426766.0,2786630.0,326076.0,9196105.0,1584938.40010709,96124084.0,23660394.61344193,3612312.0,5905209.0,3987950.0,,6777262.0,2488386.0,2833933.0,248058.0,14079380.0,1082920.0,34568006.0,7862420.0,17485241.65096122,1843700.0,8858895.0,35619415.0,2129988.0,2595594.0,2990778.7548991,54839530.55969638,64185010.0,3890467.0,1446182.0,772852.0,245401.0,17621916.0
2021-10-26 09:15:00,1713298.28139516,3093933.0,790450.0,1988263.0,16771909.0,170050.0,16605750.0,2967490.0,9505155.53628315,10953878.0,1405411.0,11602891.0,1363565.0,677512.0,6445894.0,1340123.0,5126660.0,12090656.0,2616174.0,282346.0,8120433.0,1620163.18096338,16925115.0,20058724.75305359,3413917.0,5871709.0,4238644.0,,10669001.0,1930107.0,3410657.0,292203.0,16224116.0,2133160.0,33022684.0,8525850.66666667,9912786.01633073,1572647.0,9988515.0,21107457.0,1628608.0,3878763.0,1798497.06863602,96116677.20121142,77228750.0,16978043.0,2567357.0,999447.0,372893.0,12193966.0
2021-10-27 09:15:00,2187041.7527165,3246881.0,623848.0,4609951.0,39606414.0,251226.0,31122330.0,3253010.0,9493008.52409636,11878571.0,5111161.0,9535881.0,1929040.0,430370.0,8982174.0,527986.0,3536653.0,13249642.0,2103049.0,444512.0,8972879.0,3132413.33263085,22898400.0,27450457.36781825,4329232.0,5090259.0,3330934.0,,4550568.0,1408879.0,3362019.0,1218064.0,15072448.0,1057640.0,21652522.0,9862680.0,10061342.1247132,1916766.0,4678970.0,29463032.0,3569869.0,2510813.0,1954207.56000389,50290123.42180449,72418040.0,3624131.0,2082690.0,476913.0,364657.0,12631178.0
2021-10-28 09:15:00,7313248.00983492,18160551.0,537955.0,1791065.0,19320926.0,706705.0,15723020.0,3425500.0,11429717.46714767,8884507.0,2224983.0,24509136.0,1341975.0,1332301.0,11936370.0,652113.0,4096585.0,17797750.0,1471621.0,366561.0,12659503.0,2047515.67885681,18750423.0,49031313.563142,17223159.0,5329972.0,3080237.0,,3102289.0,6379424.0,2171227.0,961511.0,19999659.0,629000.0,24815027.0,11095238.66666667,10051056.38650936,3565017.0,5604320.0,28140401.0,1647229.0,2424942.0,1845133.69287079,41712477.67328388,93076820.0,3054565.0,3330380.0,495393.0,556897.0,10357542.0
2021-10-29 09:15:00,3263260.38698998,7612968.0,705546.0,1118903.0,21343427.0,316325.0,9483340.0,3205360.0,95295119.60719341,8602343.0,2783659.0,14826816.0,9725820.0,1628906.0,12925877.0,1156714.0,3558520.0,12406874.0,2021722.0,614962.0,8306338.0,2492011.80405474,15701200.0,28224459.33532482,5112475.0,5875091.0,3612552.0,,4666345.0,3984689.0,2482056.0,819875.0,29217522.0,985500.0,18736450.0,12988036.0,14470394.63176551,1518940.0,6972315.0,31355893.0,4321416.0,3960501.0,2247963.43082953,51438133.25430259,79147600.0,3795495.0,1450019.0,446580.0,659277.0,13522634.0
2021-11-01 09:15:00,1591282.52379728,3233662.0,239375.0,750393.0,11694854.0,228051.0,10373140.0,3849290.0,23954034.03247904,17121001.0,986133.0,13585170.0,3383505.0,1071806.0,6200243.0,1416558.0,4511112.0,8122320.0,1575508.0,502481.0,7466267.0,1971663.40629979,11406421.0,24575307.48637125,10563295.0,3636806.0,3234840.0,,1966588.0,2316925.0,4146270.0,1005690.0,10043407.0,851420.0,11444653.0,5475153.33333333,15739298.72370049,972538.0,8517215.0,20679604.0,1935341.0,2020718.0,1571792.09989311,56840200.79811509,96875330.0,2271900.0,1276469.0,539353.0,469658.0,8802466.0
2021-11-02 09:15:00,1719390.46042501,3028354.0,389193.0,881916.0,11812106.0,250053.0,6871160.0,2719290.0,19613128.67735803,7725455.0,1038025.0,14278962.0,2046660.0,657518.0,7367792.0,1122014.0,3016082.0,13237722.0,1898373.0,813089.0,5953912.0,1371402.83088437,9452457.0,15195781.99507084,3730392.0,3471772.0,3204544.0,,1536206.0,1687119.0,3704926.0,1302733.0,21525811.0,698980.0,20609479.0,10946890.66666667,10745395.4854223,1159884.0,16632400.0,26797820.0,17608860.0,3087414.0,1266848.257377,85437841.46876694,72161370.0,2041689.0,1546219.0,1518927.0,177655.0,8079378.0
2021-11-03 09:15:00,1763854.39764289,3036191.0,667752.0,879227.0,10529505.0,261709.0,6687040.0,1838020.0,25307740.39061854,23261507.0,1275433.0,8974463.0,1862160.0,930846.0,15919925.0,1007492.0,2063067.0,10207338.0,1256308.0,504184.0,6928590.0,1616655.83737513,11839149.0,18903093.453356,2922214.0,3530713.0,2265795.0,,2067291.0,11580233.0,3288759.0,656492.0,9808728.0,889580.0,11591857.0,13957728.0,12189381.83131962,1941052.0,15816895.0,80775924.0,9452138.0,1537639.0,1057318.49026658,38014501.89917498,57302440.0,2697346.0,1554405.0,5869336.0,388455.0,6871182.0
2021-11-04 18:00:00,280701.09237544,453287.0,69818.0,263595.0,793433.0,65679.0,940330.0,315060.0,1434760.43945901,1064714.0,96347.0,973260.0,104180.0,1389327.0,4101820.0,95578.0,256369.0,1096808.0,409164.0,93301.0,1615558.0,249586.14513758,3149310.0,7442018.81626456,278458.0,483407.0,352700.0,,205177.0,764191.0,973315.0,53365.0,1026849.0,138100.0,1114216.0,830214.66666667,1734101.88145957,119047.0,1071505.0,9796046.0,485870.0,328991.0,177984.20140576,9163055.74514529,6744340.0,166444.0,181506.0,141116.0,32611.0,1565810.0
2021-11-08 09:15:00,2644532.53995821,3227351.0,285968.0,787824.0,13872770.0,261609.0,9003010.0,3161990.0,35893866.01141175,7565546.0,860650.0,8761953.0,1191260.0,3081804.0,17645794.0,1498496.0,3808317.0,18943580.0,2429656.0,644351.0,13018619.0,2595752.18132038,13967995.0,21474484.67573748,29099645.0,5245903.0,2919045.0,,2121996.0,3674523.0,4481883.0,428433.0,12765483.0,866240.0,16568525.0,11947324.0,20676353.92720676,1361707.0,8351745.0,36802110.0,4280584.0,2526082.0,902003.77352379,52567931.06752394,54936670.0,3050392.0,3449086.0,1102344.0,825196.0,9504460.0
2021-11-09 09:15:00,4859832.97181318,3456614.0,547476.0,668840.0,12120207.0,521920.0,8002470.0,1980870.0,51756651.92614534,5278131.0,843911.0,5723308.0,1249435.0,726392.0,26457361.0,1049528.0,3565461.0,12695476.0,2647708.0,723569.0,8628327.0,1723655.71813764,10084357.0,12205071.42025769,7752739.0,4016134.0,2494969.0,,1777573.0,3550645.0,15376349.0,632879.0,9556650.0,872960.0,13601954.0,10381150.66666667,15944039.76829001,1521269.0,12628955.0,25451967.0,3232291.0,1782692.0,1499216.54844038,83579440.31153968,47565160.0,2061369.0,1097405.0,1034509.0,253056.0,8284130.0
2021-11-10 09:15:00,3843906.18683514,2751881.0,359967.0,872975.0,10844883.0,373526.0,4649890.0,1784330.0,15949600.00183198,15180490.0,1597922.0,9212143.0,1711170.0,861635.0,16816048.0,507319.0,2401325.0,13714126.0,2077910.0,390217.0,14672997.0,1822751.12516608,9507347.0,14228820.09090106,6796906.0,4780368.0,6871348.0,,1445788.0,3208195.0,17083220.0,562432.0,5479056.0,761180.0,13900618.0,13857852.0,10424471.20092437,842679.0,6427920.0,15805538.0,2900645.0,1516489.0,1388625.37654261,44086134.04182906,118804170.0,1299996.0,911235.0,503041.0,209152.0,8091390.0
2021-11-11 09:15:00,4609301.00158558,2325810.0,1110123.0,958143.0,6195359.0,446382.0,6344000.0,2155580.0,23431850.50858546,7421118.0,1180372.0,6453205.0,1586300.0,533140.0,83582039.0,949322.0,2861259.0,7999404.0,1102633.0,264937.0,7789754.0,1302833.40035681,9221059.0,8618120.76444599,4527396.0,4731349.0,3868489.0,,1547153.0,7061537.0,4935551.0,486991.0,11418813.0,839120.0,14158749.0,8851354.66666667,10901300.75264992,1271079.0,5065025.0,23086898.0,2107377.0,1284514.0,1428476.13610598,48459728.52396163,136638600.0,3027565.0,1726010.0,979707.0,125814.0,12067796.0
2021-11-12 09:15:00,5515013.88602357,4585484.0,423439.0,682344.0,9372897.0,745428.0,4971280.0,2078020.0,23132045.20779836,9207508.0,936613.0,7027513.0,1166710.0,879209.0,140547798.0,1157549.0,3812518.0,14914092.0,5345270.0,352693.0,17010073.0,1677972.89801562,15380106.0,12559665.04633127,3479296.0,5069009.0,2542949.0,,1434428.0,2026320.0,6239600.0,349666.0,9306659.0,1330240.0,10552485.0,9590673.33333333,8857639.78767628,1281030.0,5511415.0,19836221.0,2076523.0,1747259.0,1194855.73964305,34339980.62192451,232395580.0,3713868.0,1673817.0,502799.0,180509.0,12126506.0
2021-11-15 09:15:00,4121477.16319524,2434426.0,3044498.0,696377.0,12849161.0,551238.0,4025180.0,1704610.0,8602547.63071938,5454742.0,2615304.0,19400018.0,1337395.0,686532.0,121197599.0,653731.0,3619915.0,9533594.0,1917369.0,2023708.0,8882843.0,1023862.96831963,10934583.0,41057053.64872614,3105993.0,4354074.0,3143670.0,,1819328.0,1127678.0,3757546.0,314414.0,3991733.0,1016660.0,45750584.0,24821341.33333333,4883375.0615459,662558.0,3522305.0,13328183.0,2109222.0,1809157.0,1205308.84591714,29839846.14773665,121082150.0,2448280.0,846885.0,724923.0,119066.0,9435996.0
2021-11-16 09:15:00,2239452.63797332,3378779.0,1118231.0,1400107.0,8978763.0,473529.0,5980490.0,2189550.0,8030726.05702519,4639931.0,1925000.0,8505431.0,1679855.0,1233796.0,109342731.0,518998.0,3141207.0,8245406.0,1900114.0,1246961.0,8937525.0,1264806.1981394,12785837.0,15547616.96210328,2685826.0,6034233.0,2795558.0,,1545107.0,2279531.0,7368780.0,2619355.0,5762128.0,922400.0,12956283.0,23206330.66666667,11526662.17992001,694696.0,5549900.0,19553216.0,1512946.0,2013204.0,1689422.18929161,92588582.54661533,123148800.0,2864344.0,1133767.0,1245041.0,277983.0,11327094.0
2021-11-17 09:15:00,1522152.94245855,2444025.0,6482125.0,1616452.0,18083445.0,348752.0,6455740.0,1461000.0,18084624.14384793,8002927.0,1996857.0,7477627.0,983295.0,848875.0,44505156.0,669430.0,3172985.0,7598878.0,2453920.0,570038.0,7474301.0,971867.336034,11657214.0,49471339.80866816,3042496.0,4732492.0,2882577.0,,1446763.0,2166686.0,5416608.0,2377268.0,15264066.0,1085520.0,11420415.0,18359498.66666667,10372172.33072537,2862829.0,3780655.0,20488483.0,1662900.0,1632914.0,1456930.40844751,80274365.45680366,87802040.0,2304359.0,892518.0,792324.0,183623.0,8854994.0
2021-11-18 09:15:00,2325923.63939703,2202581.0,2165157.0,1609821.0,13458109.0,384426.0,7725390.0,2745560.0,28766170.86037472,4469597.0,1009418.0,12981172.0,1168320.0,823299.0,46802082.0,477121.0,5384530.0,9152874.0,1708655.0,559569.0,9688141.0,1256410.10717489,20644385.0,21427355.46499896,3244457.0,4326924.0,4010171.0,,2793199.0,1883794.0,3463426.0,1337493.0,9942974.0,832140.0,18351511.0,10742933.33333333,8647477.19634877,1527355.0,4825755.0,22471070.0,3177648.0,2136598.0,1145891.02937842,78177916.0639821,101083510.0,2938804.0,739912.0,1003276.0,196805.0,7842498.0
2021-11-22 09:15:00,2631287.28289331,3557560.0,1204625.0,2146970.0,16741079.0,422572.0,19352430.0,3707000.0,17243243.29971172,36884348.0,1443344.0,11522286.0,910090.0,1013413.0,79417849.0,748115.0,3961223.0,15261272.0,2109072.0,636253.0,10007050.0,1654931.895422,20403786.0,23914975.19595264,6198324.0,6621839.0,3944981.0,,2748329.0,2407464.0,3731367.0,672298.0,15990636.0,882760.0,21558590.0,25095721.33333333,24526636.84558946,772737.0,5279665.0,28800269.0,2894426.0,3167936.0,1975212.96926117,66329928.32404647,96210010.0,1951782.0,1361329.0,724443.0,383629.0,11582434.0
2021-11-23 09:15:00,2549239.27149127,3487221.0,763056.0,1482618.0,16575348.0,713102.0,11875890.0,2513150.0,17089343.14530757,18240414.0,1820473.0,13305061.0,1063495.0,611137.0,38236588.0,1470883.0,4545069.0,11235214.0,2081366.0,626376.0,9020906.0,1962953.45226875,24913042.0,14231232.32847274,8136685.0,8436160.0,9033812.0,,3229625.0,2028470.0,3195288.0,567198.0,11510010.0,739200.0,21216047.0,19671538.66666667,25749386.19323045,820238.0,3311240.0,20000371.0,2739763.0,2153461.0,1037603.65043889,45639674.77523578,93829630.0,1823592.0,1247942.0,1337545.0,475377.0,9134924.0
2021-11-24 09:15:00,4704306.6210511,11647665.0,697909.0,1056213.0,11463429.0,287005.0,10993800.0,2740240.0,11478326.5159159,21653712.0,1392190.0,18809310.0,996290.0,455215.0,53749976.0,698627.0,2675632.0,30802286.0,2093430.0,564230.0,7761523.0,1014793.44300847,23186419.0,14979660.55202651,6646771.0,7333061.0,4374307.0,,1947483.0,1361828.0,2708554.0,571078.0,7570759.0,687100.0,36294271.0,18120478.66666667,17100814.1132048,1136850.0,2310765.0,13963769.0,2404041.0,2161746.0,1654085.89220354,34644804.60514258,67671010.0,1644163.0,614145.0,1045914.0,292766.0,7985552.0
2021-11-25 09:15:00,2414459.73383085,6140941.0,1575738.0,728825.0,9760486.0,264226.0,6154860.0,1616200.0,9875478.90781927,8483653.0,1325422.0,22402592.0,2726870.0,525539.0,48900473.0,708591.0,3106454.0,10251652.0,1943112.0,625134.0,8633424.0,1384727.28301024,17749726.0,25324623.48115254,5711537.0,4476260.0,2850008.0,,3164428.0,1930012.0,2288825.0,1007618.0,13919886.0,594900.0,11554142.0,18537454.66666667,43109088.5258614,768462.0,4290100.0,12894211.0,1861259.0,1849619.0,1788832.47497814,25403305.49402105,47502860.0,1557493.0,662071.0,602587.0,173989.0,6661362.0
2021-11-26 09:15:00,3619645.12773626,7219931.0,2613669.0,1029110.0,10252753.0,341506.0,16890820.0,3424860.0,22881391.95632426,11142921.0,14458893.0,11829847.0,5361365.0,554629.0,35968151.0,751255.0,2207274.0,18624936.0,2236662.0,685448.0,14826141.0,2489474.49033234,18987552.0,28632234.48362003,6746021.0,4494181.0,8921840.0,,2647553.0,2796595.0,3934155.0,1154876.0,13323593.0,1128820.0,23135841.0,12814537.33333333,16026026.06792464,2315515.0,6705735.0,26305817.0,5432649.0,1941251.0,2648556.18177696,85781159.97931486,106455260.0,1522173.0,1289322.0,904556.0,265808.0,8277074.0
2021-11-29 09:15:00,2185540.61670915,5930351.0,1189390.0,876651.0,12084376.0,403739.0,14918150.0,3042180.0,14850605.89923887,15885643.0,8303735.0,18176163.0,4500925.0,342547.0,43972445.0,1454339.0,3661152.0,12990996.0,4901166.0,594113.0,19069247.0,1751754.0806287,15878074.0,23447491.6059456,11905868.0,3942776.0,4230776.0,,4171900.0,2111420.0,3936245.0,733010.0,16077669.0,962140.0,18736522.0,16066148.0,24731036.42746286,1120859.0,4893890.0,22407465.0,4664270.0,2981745.0,1603913.61383733,70925255.59021571,93929910.0,1995524.0,1094276.0,850287.0,382413.0,10376060.0
2021-11-30 09:15:00,3043891.42291507,6190734.0,1352746.0,2340489.0,24699809.0,682518.0,21955390.0,4586420.0,32274095.37978704,14272616.0,4771579.0,56643275.0,3589115.0,1101715.0,258130152.0,1650017.0,7421904.0,25221542.0,11535239.0,1527406.0,14850682.0,3992901.94104195,23965914.0,24899390.59770413,6964145.0,14808963.0,6606473.0,,4265816.0,3385628.0,6067618.0,1287938.0,22883512.0,3395600.0,22980651.0,37739648.0,32708847.95987042,2253521.0,8840830.0,23026652.0,5505266.0,5588446.0,3572454.08609465,58755171.02149421,133559840.0,5662900.0,2675375.0,1075312.0,547664.0,26850200.0
2021-12-01 09:15:00,2553127.17251032,5582125.0,835169.0,1741820.0,16184200.0,551434.0,11367680.0,2383490.0,14136098.18239128,10488561.0,3879683.0,16283427.0,2127105.0,1691658.0,32604856.0,867189.0,2918586.0,8677634.0,3209799.0,769987.0,8183556.0,1283018.38190344,15214913.0,13767657.89816685,14626216.0,5193264.0,6580138.0,,2585693.0,1359786.0,5121634.0,1669583.0,17010938.0,1096240.0,14278744.0,20332817.33333333,10273128.31618126,1239348.0,5539860.0,17156956.0,3687799.0,2102118.0,1279277.20014252,46803296.09310755,93791140.0,2761193.0,2177426.0,839843.0,509749.0,9453644.0
2021-12-02 09:15:00,2226610.50191039,8478638.0,1236317.0,939320.0,8612601.0,502905.0,8477040.0,2138810.0,13228390.27171079,11507427.0,2749084.0,15647910.0,1163740.0,363180.0,23508261.0,984833.0,4011279.0,11203110.0,2331496.0,921229.0,7775405.0,1699448.64822885,21924640.0,16849480.49762442,5703967.0,5559574.0,4017457.0,,1932929.0,2813690.0,4677008.0,618573.0,12916313.0,972000.0,8561767.0,33758844.0,12932554.5046092,1030248.0,3870920.0,12962679.0,4896650.0,3152938.0,1788395.19968905,34804101.38603072,91286810.0,2664202.0,1682636.0,904904.0,239691.0,10210456.0
2021-12-03 09:15:00,1591943.39480052,5578503.0,844674.0,1216263.0,9505985.0,315536.0,8164110.0,2034590.0,12481443.52231793,11024093.0,2388529.0,20414051.0,2738865.0,659154.0,26452896.0,921227.0,2571036.0,8124694.0,1878712.0,499760.0,5938378.0,1919925.77148634,20130259.0,14613950.71653716,4928235.0,6754012.0,4885753.0,,3491724.0,3612772.0,2933597.0,603798.0,12827354.0,1508960.0,10690334.0,47614182.66666666,19543061.20223515,1327943.0,3863635.0,16653993.0,3135454.0,2486263.0,1425435.45330872,34699569.8614725,100737840.0,2400296.0,1062389.0,661928.0,401430.0,13405010.0
2021-12-06 09:15:00,1623495.08795513,3537411.0,489242.0,1107363.0,8022785.0,251407.0,8582530.0,2036900.0,14751737.800047,8804487.0,1573419.0,24185368.0,1336375.0,537938.0,33244501.0,851268.0,2493755.0,7029532.0,1393577.0,347297.0,8160853.0,1096155.07890827,20129080.0,13918679.64916896,4617346.0,3991449.0,13699768.0,,3081336.0,1566109.0,1552749.0,609507.0,8158812.0,698540.0,7749262.0,11322446.66666667,10504569.54218662,936271.0,2886375.0,14353300.0,2577704.0,1849642.0,1674342.265086,28942244.54063214,82159400.0,2911781.0,547641.0,373519.0,173852.0,9409906.0
2021-12-07 09:15:00,1521768.37945667,3993342.0,595254.0,2056459.0,15123987.0,286908.0,10796080.0,2300780.0,23275247.35146946,10238693.0,2471419.0,7866368.0,2662500.0,262328.0,36835410.0,824454.0,2299958.0,12427534.0,2459318.0,347226.0,18303734.0,909403.50710184,30513303.0,9432666.75659288,3434735.0,4202122.0,12896360.0,,7344475.0,2097201.0,1976433.0,637151.0,8701301.0,1408580.0,10253663.0,8049102.66666667,11422494.02164874,2090791.0,3802710.0,13644942.0,2583462.0,1484458.0,1763064.61147281,35249321.0721954,85053900.0,1758254.0,904175.0,644619.0,162646.0,8557090.0
2021-12-08 09:15:00,1449992.22110496,4621331.0,557196.0,1171484.0,11670826.0,334037.0,14026910.0,2842990.0,9462435.49342321,8296393.0,1663728.0,7313306.0,979280.0,404128.0,37324365.0,1008522.0,2525711.0,15295534.0,3678237.0,308181.0,13700443.0,852985.35121841,33432411.0,10447570.42583474,3774244.0,3029169.0,9676621.0,,5125595.0,3433206.0,2346456.0,930339.0,12093435.0,671560.0,12266948.0,8788449.33333333,8890008.25017982,2315306.0,4314475.0,20397660.0,2530785.0,1428660.0,1014676.05189,34091536.87628192,74485010.0,1604565.0,926476.0,550648.0,209590.0,15360658.0
2021-12-09 09:15:00,1346891.18959977,4687479.0,689987.0,1287243.0,7021395.0,237723.0,10769500.0,2103820.0,12294135.33439634,9069515.0,1645541.0,9423435.0,1130885.0,831115.0,18377899.0,653399.0,1734844.0,11747744.0,1650779.0,402958.0,5586232.0,727944.94642728,16007459.0,40513158.16957958,3111606.0,2082171.0,9692290.0,,4654453.0,3791595.0,4078098.0,615037.0,11518172.0,810440.0,7989291.0,5755422.66666667,13433914.29726422,1136171.0,2145005.0,12560970.0,2604449.0,1567957.0,947255.69267645,28078466.43817805,52123940.0,1947954.0,1250492.0,214644.0,198582.0,6865604.0
2021-12-10 09:15:00,2792543.93168347,10049545.0,416165.0,2554394.0,5549743.0,220039.0,6791450.0,2333140.0,18276372.33622406,4251339.0,947538.0,7419042.0,802565.0,325670.0,27881031.0,973312.0,957733.0,7779384.0,1011025.0,327197.0,5308752.0,735941.85232657,7627774.0,37251313.99861603,6605152.0,1823469.0,2430834.0,,3054922.0,1771926.0,3434165.0,431682.0,8389566.0,788980.0,10324085.0,6164402.66666667,8503910.84959228,949040.0,2745385.0,13261408.0,2950388.0,1510718.0,1430046.07585916,24129997.96273346,48121300.0,1776362.0,2288164.0,232075.0,144726.0,8525212.0
2021-12-13 09:15:00,1138836.4195803,4985928.0,480443.0,1265832.0,13634563.0,214515.0,12985990.0,2199130.0,27024867.11336853,9896899.0,1785608.0,9888293.0,1355025.0,403776.0,20318225.0,716294.0,2225682.0,10322142.0,2026297.0,332491.0,9401208.0,1833299.56512088,16855546.0,23364212.7322037,2681792.0,4040584.0,4149735.0,,4085110.0,1857829.0,2683048.0,883009.0,13223189.0,1089800.0,13595587.0,21648126.66666667,13116900.31161227,2187282.0,9169260.0,14047645.0,2491218.0,1883864.0,1968153.80753409,36310198.11142069,53537780.0,3163063.0,992852.0,337088.0,220084.0,13123680.0
2021-12-14 09:15:00,1235811.24905548,2919015.0,1007056.0,863179.0,8612512.0,181626.0,12764810.0,2420260.0,19438732.50239074,9275631.0,2651452.0,8474759.0,1195915.0,395362.0,19474412.0,615381.0,1972685.0,9191100.0,2093071.0,365318.0,8027659.0,1238216.20669628,17488089.0,39736179.30810006,2725729.0,4768144.0,2942047.0,,10111252.0,1685243.0,1979863.0,749704.0,11649242.0,1381340.0,12331999.0,48042036.0,13208187.61503714,1171502.0,9079580.0,11642447.0,3224172.0,1747007.0,2362285.61364299,29355467.72144264,53522640.0,2725454.0,765269.0,616598.0,210516.0,8609412.0
2021-12-15 09:15:00,893235.72237686,4673906.0,377883.0,811946.0,7692888.0,295667.0,18175280.0,2532210.0,14031695.07764627,7674319.0,1192775.0,5410912.0,1537725.0,314822.0,12791660.0,573835.0,1604301.0,10115148.0,1981529.0,470021.0,3651118.0,767006.17000955,7358740.0,36711185.72052566,2266938.0,3053149.0,4724542.0,,5305747.0,2176709.0,3208613.0,529018.0,11916145.0,1298180.0,10361033.0,15207306.66666667,9523185.86917131,857540.0,4271675.0,8639835.0,6231786.0,1603233.0,1697174.71577106,26939084.74650875,44308330.0,1622068.0,567271.0,1671114.0,113049.0,7123544.0
2021-12-16 09:15:00,775193.43879845,3303620.0,265216.0,502930.0,7309187.0,324140.0,17683180.0,3253500.0,23209979.28598765,9633006.0,2280037.0,7539061.0,1006605.0,680394.0,17182101.0,886888.0,2121810.0,13210432.0,1404782.0,496003.0,8879417.0,941074.22041823,14123215.0,25636465.30783859,2457432.0,4481031.0,2474595.0,,3054462.0,2469902.0,3965285.0,595582.0,10758513.0,808340.0,12156709.0,13410737.33333333,9924071.90984503,993629.0,6199315.0,11107781.0,6186549.0,2072320.0,1470650.93285395,22496029.50690725,42460080.0,2225836.0,998086.0,1121604.0,140591.0,12437240.0
2021-12-17 09:15:00,1253565.06914247,4973404.0,1133941.0,1019403.0,7844705.0,3170631.0,16805110.0,3054350.0,12549345.59044237,13850460.0,2824703.0,8758284.0,2417560.0,670901.0,95386202.0,617793.0,6373455.0,14994768.0,2377387.0,492339.0,14337902.0,2477610.66956469,13227787.0,31446998.97130939,4786306.0,18887243.0,3003978.0,,2935126.0,2352938.0,2675800.0,1081907.0,13041775.0,1085560.0,17667617.0,15209414.66666667,21400876.12724002,982598.0,5310545.0,12648603.0,7171030.0,4333992.0,1714502.76131247,45287681.74491046,47435020.0,3405084.0,1591893.0,805803.0,279606.0,104600018.0
2021-12-20 09:15:00,2005512.55082701,4559002.0,994682.0,948872.0,9934646.0,595625.0,22263190.0,3371600.0,16835359.89049257,11812939.0,8501360.0,8858645.0,1708885.0,475319.0,36064413.0,948608.0,3091768.0,21156668.0,2473370.0,687713.0,5952052.0,2209946.41808956,16900016.0,39558566.79598714,4700733.0,5773891.0,4070706.0,,3269179.0,2488158.0,2907378.0,867425.0,14185935.0,1426200.0,17238729.0,22539246.66666667,14564763.91157658,1341693.0,8903280.0,22336114.0,7474026.0,2312310.0,2550966.86425032,54673353.13050667,73526500.0,2233189.0,1063366.0,852808.0,285814.0,26298202.0
2021-12-21 09:15:00,1612330.38890042,6943546.0,1004676.0,712026.0,10116104.0,326850.0,13755910.0,3368050.0,10884196.91984064,8084499.0,2301316.0,8097050.0,1293770.0,333858.0,20442777.0,949097.0,6217986.0,9118750.0,1640601.0,401977.0,5029410.0,1616460.81566388,14563335.0,20547564.64398626,3568436.0,5353584.0,3127861.0,,2264231.0,2077840.0,1973119.0,415744.0,10168470.0,693560.0,8615570.0,17566512.0,13050641.12378684,878721.0,6125145.0,16617447.0,5599344.0,2340989.0,2728708.13493992,31203183.50019292,70268490.0,2237445.0,883858.0,377839.0,241099.0,27362096.0
2021-12-22 09:15:00,1023789.19101657,3626585.0,779992.0,619865.0,7489534.0,294578.0,12678980.0,2612920.0,8943995.9732859,8522226.0,1271710.0,6798820.0,1068395.0,625661.0,19425711.0,899046.0,3809814.0,8577484.0,1212183.0,367785.0,7765878.0,1687755.47145854,9843359.0,18263386.48278067,3619713.0,4156428.0,1273217.0,,3453839.0,1692505.0,1979912.0,368978.0,7885198.0,732240.0,4968143.0,14750232.0,17953041.16608416,846447.0,4092265.0,13102553.0,5871235.0,1224328.0,1048398.88413824,37651010.20238132,43669170.0,1656110.0,643034.0,843395.0,158971.0,12327754.0
2021-12-23 09:15:00,1009372.71794593,6641505.0,582129.0,1051596.0,6884683.0,224147.0,13393990.0,1811180.0,8703845.73234921,5602466.0,1970110.0,4857807.0,831200.0,326496.0,21934786.0,1111249.0,2814281.0,9779166.0,2150523.0,472868.0,6986665.0,1445477.56180241,9994049.0,23528819.07801553,2642247.0,4112933.0,2971327.0,,1919649.0,1677127.0,1495208.0,249919.0,9836979.0,951380.0,6324169.0,15932489.33333333,9223705.44324614,1026376.0,6141175.0,14471377.0,4277384.0,1792861.0,1108729.7152852,20070181.91367891,46214780.0,1715034.0,613686.0,577082.0,210152.0,12944908.0
2021-12-24 09:15:00,1272651.97223599,3946754.0,348742.0,651404.0,6028893.0,123753.0,9807740.0,2087360.0,9183234.2133076,3756020.0,1114033.0,4568316.0,1259130.0,265892.0,17625584.0,1124366.0,15952929.0,5561024.0,1183083.0,343453.0,3122116.0,909596.49733693,8800690.0,17566412.97106565,3462247.0,3780347.0,3973912.0,,2271570.0,1203991.0,1071730.0,357447.0,8509575.0,684400.0,5657495.0,8975969.33333333,8018020.41947043,1930715.0,5577935.0,13221159.0,3076272.0,2209923.0,942884.96420821,25653137.2953393,40936300.0,3343946.0,534065.0,288355.0,270337.0,13182426.0
2021-12-27 09:15:00,1724507.31345009,2663285.0,315490.0,640701.0,6996729.0,94069.0,9123600.0,2351140.0,8676968.70538417,3658572.0,4596248.0,3534825.0,1696340.0,345113.0,13934154.0,1202041.0,3372907.0,4705098.0,1185438.0,223494.0,6146709.0,593497.79128263,7955163.0,8637342.38873263,12325932.0,2647733.0,1838919.0,,1653833.0,1139744.0,1492196.0,190180.0,5097217.0,531760.0,4404298.0,8648188.0,4084220.12669368,798129.0,8997655.0,8856482.0,3598487.0,1534135.0,700379.37680174,20800237.9126103,27588510.0,4512000.0,537545.0,834703.0,142927.0,10188656.0
2021-12-28 09:15:00,1601058.46584519,3604123.0,348173.0,1211648.0,4645547.0,214640.0,8624640.0,1457220.0,10372111.40607814,3892590.0,1907169.0,4907497.0,3342970.0,632949.0,11170275.0,1432942.0,3446067.0,5450678.0,1217603.0,265463.0,2889804.0,796044.09022407,17833655.0,12255907.44665864,4660498.0,3340933.0,2232852.0,,1285671.0,1916098.0,1677680.0,214533.0,6511374.0,420980.0,8738089.0,15736206.66666667,6480924.9013338,776910.0,4005800.0,8832210.0,5477769.0,1456218.0,829257.15835844,37866615.99603103,28807810.0,3605483.0,871453.0,335064.0,185895.0,10158044.0
2021-12-29 09:15:00,1134696.95456002,2396416.0,861183.0,598421.0,3969894.0,563709.0,5323790.0,1724280.0,24965086.04684206,3847574.0,2687014.0,4216568.0,2528020.0,693263.0,18914246.0,755582.0,2254162.0,7668702.0,1505964.0,270407.0,3050356.0,1432430.40617223,7143073.0,12162840.84216364,6067054.0,3236635.0,3014867.0,,1411908.0,1287946.0,1575343.0,287776.0,8960770.0,585380.0,6571286.0,17172944.0,15682565.24416237,1400668.0,5363660.0,11757303.0,8748856.0,1456923.0,793512.94010948,17001005.29899182,41935200.0,1902921.0,764644.0,252419.0,219901.0,7898416.0
2021-12-30 09:15:00,1401720.80086843,3654532.0,617460.0,691223.0,5119705.0,594987.0,6589920.0,2831460.0,42195897.33408106,5701612.0,1729705.0,24782255.0,2765730.0,797282.0,8369208.0,1165566.0,4518139.0,7215918.0,1280995.0,366389.0,3843627.0,978877.96025817,14326182.0,10319755.73510727,12354342.0,4584738.0,3713255.0,,2498395.0,1805349.0,1874659.0,296041.0,32394253.0,797360.0,11556524.0,87481206.66666667,29822371.09507093,1335116.0,4008980.0,28879190.0,5179861.0,1966475.0,2258177.65523273,19750741.93609084,41140930.0,4650594.0,1152684.0,607040.0,243710.0,18087350.0
2021-12-31 09:15:00,1351599.76662284,2538092.0,504012.0,570671.0,5586980.0,248103.0,7699070.0,2300860.0,12683199.72473485,4598628.0,2039044.0,5320232.0,1442840.0,406763.0,11452243.0,1663140.0,2231508.0,6325736.0,1592842.0,253608.0,18257598.0,1141280.25882469,6973055.0,8034239.56070317,3606043.0,4619420.0,2499623.0,,2212892.0,1145546.0,1528983.0,313398.0,9155163.0,797740.0,6393760.0,9842224.0,9635346.45798522,843128.0,5290815.0,10005842.0,3346523.0,1207141.0,875843.17202734,25742711.60897719,36870210.0,2378048.0,2225749.0,452416.0,258372.0,8549558.0
2022-01-03 09:15:00,1128643.95353036,2377227.0,310798.0,696276.0,8550860.0,266680.0,12697250.0,2710610.0,8974350.00373933,2939833.0,2013140.0,29486720.0,1463005.0,2457647.0,22518241.0,628976.0,2661272.0,9069184.0,1892087.0,234912.0,5549693.0,893116.14699831,9653095.0,8226710.05785909,5594214.0,3329616.0,2383218.0,,1985109.0,1906676.0,1537088.0,456599.0,9034081.0,517380.0,3765911.0,7410054.66666667,5512029.95178767,925281.0,2860025.0,13124509.0,3726756.0,2346158.0,937003.00424319,54244193.81168238,38658030.0,1779147.0,921729.0,363953.0,250533.0,9280810.0
2022-01-04 09:15:00,1228115.86501777,4068551.0,369814.0,790886.0,9705906.0,244503.0,9591730.0,2300430.0,31336768.43939053,6473875.0,1238138.0,13744440.0,1267190.0,736616.0,10705792.0,895201.0,3367100.0,8857352.0,2293391.0,181575.0,5063834.0,1507634.63783458,12114437.0,9587773.52651305,4102750.0,3921999.0,1999008.0,,2635575.0,1643920.0,1886453.0,495182.0,33986738.0,700680.0,16351836.0,14784090.66666667,11028639.90994196,1409464.0,6387390.0,23296671.0,3027262.0,2488606.0,2381208.90422052,39920655.15314889,59757310.0,2701533.0,1037293.0,258035.0,315188.0,10228800.0
2022-01-05 09:15:00,1632689.54600018,5409002.0,966342.0,1024506.0,11312955.0,312215.0,25832620.0,6082100.0,11957522.99668166,4586105.0,1407995.0,8454060.0,2684010.0,1040082.0,15874857.0,1771286.0,3510253.0,14332638.0,3326875.0,294097.0,4489031.0,1221437.2293623,19741360.0,11897604.8861369,5448165.0,6995719.0,6342812.0,,4208167.0,1711667.0,2634010.0,710043.0,16122852.0,648640.0,12977680.0,9565108.0,11838001.27552847,378090.0,4206620.0,24694169.0,2436343.0,1733031.0,2101909.43542902,25541723.4660885,61861760.0,3138050.0,1244568.0,741560.0,400874.0,14711264.0
2022-01-06 09:15:00,1665451.63316071,5440633.0,585391.0,1312743.0,7955578.0,410181.0,15359860.0,3511360.0,8820923.84981074,21642414.0,1384402.0,12446900.0,1908215.0,1056323.0,23780419.0,1158730.0,4409632.0,9628930.0,2548339.0,406402.0,12132277.0,1217769.39915751,13018067.0,9482190.19522425,5209239.0,6449205.0,4714784.0,,2258030.0,1372015.0,2962301.0,739981.0,8037648.0,614180.0,9012777.0,5615932.0,14688366.80585862,1387627.0,4892065.0,18190843.0,2423850.0,1810293.0,2103126.11343245,27435185.45205892,53354000.0,4290750.0,1130508.0,408431.0,403448.0,12883220.0
2022-01-07 09:15:00,1336106.92954692,2590751.0,549876.0,964364.0,10454143.0,263996.0,11659510.0,3229140.0,12974977.01746766,4315015.0,1546099.0,11679683.0,1335615.0,572036.0,22846951.0,2905863.0,3898684.0,11179384.0,2168995.0,308537.0,9300149.0,1042336.19677008,12250210.0,9380967.32500048,4207773.0,4834389.0,2862614.0,,2303351.0,1447123.0,2531717.0,523116.0,8820039.0,979660.0,30889365.0,11908249.33333333,13330790.35400872,1050768.0,4311580.0,22746330.0,1475374.0,2460591.0,2132785.92945292,25727338.64391056,39738570.0,2103362.0,4625230.0,482099.0,543512.0,13120326.0
2022-01-10 09:15:00,1722338.08943946,2173107.0,542304.0,657511.0,9595787.0,318473.0,6390600.0,1697970.0,9408906.43971886,3565324.0,1637506.0,14655298.0,1575095.0,493242.0,11389370.0,1468510.0,2529949.0,8856496.0,1480419.0,783876.0,4746931.0,933917.32991062,10905080.0,16782159.25872764,2569322.0,7857560.0,1841965.0,,2862087.0,2397846.0,3403434.0,827930.0,7324926.0,412340.0,16418985.0,11085710.66666667,9400942.21679798,1379165.0,4850740.0,15832274.0,4837873.0,3937092.0,1611538.6016908,41730736.07150922,38225000.0,2330348.0,1894316.0,604941.0,213126.0,27537820.0
2022-01-11 09:15:00,5284925.61489614,8959781.0,742409.0,734344.0,7252279.0,225782.0,10379120.0,1648180.0,10022128.05494866,10642484.0,1578147.0,7670386.0,1547160.0,334700.0,15396652.0,1416548.0,6772189.0,8389198.0,1484964.0,372092.0,5346073.0,1342130.2751735,9982061.0,8497067.11903364,3383081.0,5142287.0,6912370.0,,2714019.0,2232435.0,2117911.0,688923.0,11971883.0,635760.0,14457548.0,7208789.33333333,16475424.04712626,985871.0,3000215.0,16107950.0,4950526.0,1906106.0,1928613.79684514,26948145.20539404,96978850.0,2704832.0,1123968.0,861357.0,234296.0,15487458.0
2022-01-12 09:15:00,2596998.28472529,5775798.0,360219.0,594543.0,5294563.0,198452.0,14584040.0,2233940.0,7794751.82027818,12366953.0,2090537.0,6334581.0,1188845.0,440995.0,8004430.0,701264.0,3162044.0,21085530.0,2091488.0,410716.0,9296587.0,1510965.242997,13034848.0,13940438.51938629,5506622.0,5362535.0,5343630.0,,2149396.0,1585970.0,9022415.0,288174.0,10439580.0,474220.0,21220614.0,11018140.0,15047274.96230141,1371034.0,6283615.0,14489616.0,3953446.0,3203744.0,1839405.58902601,26925189.28223292,50358430.0,3013194.0,1293999.0,741670.0,297378.0,23460682.0
2022-01-13 09:15:00,1939382.14850297,4049411.0,457570.0,1153984.0,5196538.0,291271.0,6163740.0,2480130.0,12144699.18447082,5829874.0,2739659.0,20271714.0,2270255.0,266122.0,6535224.0,844560.0,4598005.0,41963896.0,1807858.0,243121.0,9366574.0,1611264.29964956,9372244.0,12184170.65826744,2109207.0,14277630.0,7202966.0,,1487152.0,2373324.0,5658001.0,684931.0,15114699.0,707660.0,7445346.0,20522808.0,12054451.18680324,933511.0,3167295.0,10450974.0,7395140.0,6684507.0,1624266.14679493,45670929.21741252,157231160.0,2768371.0,1023670.0,682225.0,274893.0,61505934.0
2022-01-14 09:15:00,2430702.10791044,9627761.0,207639.0,1558978.0,16302342.0,127752.0,5696350.0,1553280.0,27463677.55361599,5344096.0,2321761.0,10211720.0,1594300.0,324014.0,9443928.0,1239517.0,5636243.0,11208968.0,1292789.0,267065.0,5461072.0,1621155.55706697,7552844.0,11197491.33394648,2557488.0,7688506.0,2054419.0,,1828762.0,3124945.0,2027852.0,299536.0,9344382.0,743800.0,11646259.0,14183654.66666667,20262558.39287819,895522.0,4270915.0,8724574.0,2351963.0,3348123.0,8839990.64716743,20962625.51914378,52679070.0,1889385.0,1166457.0,744286.0,250253.0,26514548.0
2022-01-17 09:15:00,1753241.28359088,3187871.0,337077.0,1103159.0,19680557.0,646271.0,6797740.0,1352730.0,28842916.93737213,4340924.0,1058857.0,8384625.0,2693245.0,680219.0,7515979.0,1256261.0,11973283.0,22989372.0,1255654.0,2357848.0,6721706.0,926561.35473944,6722700.0,13049932.99885666,3048497.0,5262464.0,5920282.0,,1676473.0,1858651.0,3617269.0,862249.0,9803141.0,728060.0,32577835.0,7574540.0,8170480.21774306,1427239.0,2446195.0,17422211.0,1750754.0,3442604.0,1880046.88562822,46283563.65685965,89696070.0,2522806.0,1172956.0,501455.0,1216949.0,20457876.0
2022-01-18 09:15:00,2365264.5375898,4300929.0,3507266.0,558543.0,24055886.0,656590.0,11300240.0,2056670.0,17939792.99854249,4312058.0,1830577.0,6574122.0,2122640.0,1221493.0,9428096.0,945516.0,7799487.0,12341152.0,979679.0,1082632.0,6194537.0,1693823.49074501,10835146.0,15249003.77422165,3088062.0,3690315.0,3450193.0,,2081456.0,1460676.0,3468168.0,785199.0,6473378.0,724160.0,11175409.0,8475422.66666667,6318679.44251255,869578.0,7134135.0,12592506.0,3354708.0,2389041.0,2706803.88203284,32056458.42718235,58408970.0,4878369.0,1221314.0,543636.0,565178.0,14329980.0
2022-01-19 09:15:00,1592488.7938032,5843870.0,2404880.0,1495218.0,7746270.0,694189.0,50003170.0,3481740.0,30378747.47823223,5879490.0,1413292.0,11503199.0,1539435.0,769880.0,27812341.0,809311.0,8464215.0,14317626.0,1945857.0,763040.0,5799747.0,2179017.19357115,16416144.0,12155257.70797913,3628266.0,5747770.0,4889920.0,,1521702.0,2336679.0,4215758.0,681632.0,21136414.0,1647660.0,36648534.0,13724368.0,9918181.12724553,625670.0,5312500.0,16079457.0,1677779.0,3102539.0,2455876.69646617,36107785.47225386,73043210.0,2610709.0,629040.0,1671916.0,439305.0,17382766.0
2022-01-20 09:15:00,1290829.53332506,4741333.0,2747887.0,3075678.0,8505400.0,874508.0,29103830.0,5444730.0,20278211.34461872,4812496.0,1614683.0,17462235.0,1588695.0,521734.0,23290545.0,716191.0,6172404.0,15197846.0,1429228.0,1022978.0,4243563.0,2874245.21646024,13567654.0,18359168.31120902,3565267.0,5533463.0,2862609.0,,1489821.0,2031107.0,2486026.0,522850.0,8466412.0,1581120.0,14474454.0,30170344.0,16769571.04572406,716954.0,6465015.0,17724642.0,2886894.0,6176776.0,5362417.20111424,30418711.74343705,59205970.0,2440011.0,1215237.0,968296.0,249483.0,16827124.0
2022-01-21 09:15:00,1989486.68674848,9244367.0,1008450.0,1441694.0,10689060.0,1609260.0,13704500.0,5582910.0,17723915.78195831,6704622.0,1669132.0,14466758.0,2787740.0,459191.0,59805922.0,527064.0,5514748.0,11537694.0,2963518.0,1170753.0,14173177.0,4668382.99992899,12078277.0,17571369.87031814,4042974.0,8252758.0,3836844.0,,1753896.0,2209132.0,1872843.0,1041476.0,12437749.0,1104820.0,8625926.0,29509593.33333333,13561046.37394133,2421446.0,5834040.0,16947941.0,3218477.0,3112358.0,4913554.11686587,29726953.16130402,71662670.0,4079190.0,1457884.0,961910.0,207851.0,19646694.0
2022-01-24 09:15:00,2454926.48402914,5349759.0,737762.0,1575665.0,8812501.0,788137.0,25025820.0,4736430.0,20025557.09113707,11091633.0,4992078.0,10854431.0,2782490.0,465912.0,167044739.0,1022847.0,5878438.0,11868508.0,2628472.0,593277.0,11020372.0,2266216.27621339,29612316.0,18385701.86510469,4657809.0,7116712.0,7296421.0,,2547434.0,2307120.0,3386669.0,1153538.0,14284658.0,1068740.0,28783449.0,12850189.33333333,22233653.02321176,1073781.0,9353860.0,20233933.0,5300160.0,3258414.0,3152724.46798173,41789021.15875894,83920760.0,3250275.0,1411443.0,979818.0,319304.0,26150716.0
2022-01-25 09:15:00,1874319.86218417,4482325.0,917284.0,2699779.0,38088158.0,571406.0,25259340.0,4090640.0,29718371.81569396,14128764.0,2322693.0,7267866.0,1704510.0,687092.0,138336211.0,838017.0,4725254.0,13594248.0,1827902.0,971148.0,5498495.0,1872556.82615248,19513184.0,19411186.75036149,5165597.0,9137653.0,5007835.0,,2569065.0,2998042.0,4742388.0,2162832.0,10007486.0,1157600.0,14249846.0,27389036.0,24918970.89746316,1083251.0,10473610.0,21791739.0,3779497.0,3330501.0,2055341.64156383,37377619.55157026,57330630.0,3910618.0,2849686.0,866941.0,467078.0,34712370.0
2022-01-27 09:15:00,3659620.09093214,4749083.0,1244330.0,1834684.0,34927774.0,664333.0,17610280.0,3497270.0,23800334.87827655,8937312.0,7859401.0,9269062.0,3527530.0,985827.0,106488772.0,817891.0,8304735.0,28617838.0,1914985.0,559824.0,6746500.0,2661715.22793615,23984679.0,24524610.24043666,4323258.0,11231734.0,4760551.0,,3718619.0,2932713.0,2927566.0,2899559.0,18760325.0,1085180.0,25936832.0,28512473.33333333,20354319.33813511,1793456.0,14742195.0,35409230.0,3593525.0,5718297.0,3156616.42049687,44186042.57904746,90566560.0,4434890.0,2460051.0,1611802.0,418032.0,31351744.0
2022-01-28 09:15:00,1675117.25820807,3543413.0,932049.0,892060.0,17765524.0,575466.0,14675220.0,3509310.0,24666357.74713548,21450677.0,2428175.0,10310726.0,6514920.0,871638.0,61452438.0,1141629.0,7654724.0,24925208.0,1317526.0,466238.0,6616401.0,1998689.14937898,14072314.0,16184335.38538404,5520247.0,10998502.0,3719102.0,,4971964.0,2233620.0,4208702.0,1045088.0,34009553.0,748460.0,32790065.0,18932049.33333333,14912346.5207703,635096.0,9290465.0,24715250.0,5073701.0,3143862.0,2099480.12826742,36083882.0934287,78648930.0,7080683.0,1317407.0,1230291.0,511605.0,29899780.0
2022-01-31 09:15:00,1056504.88317687,2152066.0,934551.0,944530.0,12319200.0,470500.0,12512490.0,3129920.0,53776313.95242138,10745370.0,2008278.0,5811200.0,3092775.0,416447.0,20203799.0,513210.0,7572995.0,12842546.0,4374943.0,442531.0,4846015.0,1665683.48299269,14824509.0,15932215.77251717,10148990.0,8788872.0,2892647.0,,4516625.0,3161064.0,2335040.0,561419.0,27928927.0,595220.0,24031034.0,19907760.0,12346207.94638815,1771932.0,4867125.0,28674232.0,8041517.0,2739393.0,1703004.04074758,45230370.61558114,55709390.0,4406035.0,900510.0,408254.0,250406.0,26252174.0
2022-02-01 09:15:00,1623166.19895351,6052108.0,548762.0,1008915.0,15457534.0,487464.0,13834490.0,3571870.0,29395523.49178837,4814511.0,2033319.0,7248713.0,1858315.0,671852.0,32606751.0,1145269.0,6783774.0,14739484.0,4159628.0,414159.0,9809417.0,1290503.3558107,20031583.0,45773266.25623506,11628936.0,5119935.0,5150345.0,,3097086.0,5392787.0,2921070.0,819689.0,17413984.0,535820.0,14220953.0,8622356.0,13420658.93492271,1593083.0,5528990.0,32245356.0,12337459.0,2105169.0,2088950.09393321,79556843.36872877,170752680.0,2542754.0,1246431.0,521498.0,731348.0,20920202.0
2022-02-02 09:15:00,1448839.56309931,6167378.0,676206.0,667265.0,13478899.0,212256.0,13398210.0,5257450.0,30206055.30497452,3286577.0,1735750.0,5369074.0,1525005.0,1042951.0,18674088.0,691693.0,6982539.0,13969290.0,2989002.0,283071.0,7283452.0,1265722.39388704,11214375.0,43573504.7567169,14380553.0,4253717.0,2562721.0,,2710508.0,3579380.0,1341479.0,580433.0,10783943.0,1208320.0,12478192.0,9921100.0,10184759.96823295,937000.0,4547020.0,21661864.0,4404741.0,1984212.0,1793635.41767888,23704678.15829602,75247340.0,9031146.0,1144427.0,878597.0,324627.0,16368826.0
2022-02-03 09:15:00,607120.84897489,2689612.0,777217.0,899753.0,10802708.0,760774.0,8398560.0,2891370.0,11555237.59307885,3651578.0,1116446.0,4654885.0,1107685.0,664625.0,9769090.0,482354.0,4169794.0,10564762.0,2076930.0,1436881.0,5078613.0,1470828.35278863,9755335.0,29499814.74237922,5623611.0,3832922.0,2456228.0,,2239713.0,2262217.0,2630289.0,810019.0,9571728.0,687080.0,12529302.0,4594389.33333333,9732489.29624534,1236574.0,2367305.0,22717677.0,2292825.0,1960538.0,8253654.08285557,25258712.49622702,65140900.0,2433692.0,3883564.0,416753.0,167162.0,14082780.0
2022-02-04 09:15:00,882531.88032441,2453595.0,829635.0,705765.0,10776387.0,296588.0,8232080.0,2945050.0,17933093.99182154,3284198.0,1428601.0,6402287.0,1234965.0,380540.0,15354384.0,571691.0,3625482.0,11579958.0,1909456.0,585251.0,12631663.0,1030528.2415968,10314067.0,60073880.34274246,5000045.0,4700077.0,3284062.0,,1771267.0,1440816.0,2080640.0,404421.0,7213085.0,898480.0,17434362.0,7329264.0,11245713.26604682,856452.0,2633985.0,25332894.0,4222492.0,2307366.0,1955246.08881547,20975209.12173091,93174180.0,2406272.0,2718069.0,305527.0,462491.0,13633558.0
2022-02-07 09:15:00,881372.00531872,2610637.0,597040.0,860393.0,10939179.0,286849.0,11830120.0,3566640.0,18325047.38505851,6833983.0,949273.0,5871041.0,1279790.0,448637.0,10900141.0,483221.0,3824483.0,12268042.0,3030728.0,688838.0,10939353.0,1226404.18857068,14659368.0,25606673.06146574,2587054.0,4310209.0,2768417.0,,2053959.0,2641464.0,1801701.0,446099.0,10562489.0,969380.0,11723574.0,7869237.33333333,10893156.31612398,1519928.0,2030295.0,52289545.0,3494623.0,1919149.0,1932061.38859197,22183895.87011316,145105250.0,2741520.0,1119632.0,648493.0,391483.0,15091358.0
2022-02-08 09:15:00,1526087.23847783,3207780.0,628869.0,799206.0,12300670.0,397493.0,16405420.0,4103730.0,26278904.36496289,7167684.0,1812035.0,14158927.0,1982015.0,386391.0,9026735.0,423305.0,3267641.0,13981130.0,1954492.0,625615.0,9863290.0,1209398.70164499,14642455.0,17163520.56452182,3160992.0,6053401.0,3184065.0,,3569370.0,2040523.0,2729631.0,998182.0,8721631.0,787700.0,13231599.0,9074237.33333333,12261992.225665,1511667.0,3807905.0,26567546.0,4766558.0,2946443.0,2439880.72101837,38724141.22238054,140839840.0,1981111.0,1524580.0,377585.0,270604.0,13953814.0
2022-02-09 09:15:00,1725916.69045699,3186942.0,842211.0,472725.0,9399830.0,352729.0,6491660.0,2510230.0,15305217.3553391,10185173.0,2513281.0,35079516.0,994400.0,677550.0,7876462.0,455820.0,3772972.0,11308342.0,2644690.0,359950.0,9235351.0,1066129.86128055,8855292.0,12600214.36793596,4101202.0,3867244.0,2200828.0,,1624058.0,1390810.0,2165223.0,1403525.0,5144026.0,964860.0,17938632.0,9833985.33333333,11677784.76613659,1741687.0,2220130.0,14856155.0,2874380.0,1638721.0,2233785.38690765,20590149.5574518,73520600.0,2282701.0,826261.0,304759.0,253643.0,10207476.0
2022-02-10 09:15:00,1802129.24183043,4752601.0,487802.0,728666.0,12848281.0,239918.0,12442000.0,2997700.0,12104253.14389232,6074014.0,2044733.0,17724098.0,1189325.0,558179.0,13257124.0,624880.0,2053245.0,14314530.0,6231536.0,448648.0,10906403.0,1213908.57871762,13159771.0,20725517.22121139,4037566.0,4334630.0,4284880.0,,2508081.0,1288856.0,6949276.0,811887.0,6081460.0,1008440.0,26763203.0,19180334.66666667,12672366.5238765,2030639.0,3166790.0,18659370.0,3159839.0,2112459.0,1791909.59738283,24080521.56293384,93920570.0,1850405.0,788689.0,411046.0,284223.0,11603824.0
2022-02-11 09:15:00,1233078.06804208,3621116.0,572726.0,587840.0,9717894.0,339577.0,12764610.0,2446960.0,11505944.54362437,5646980.0,1292417.0,10097767.0,1687690.0,731373.0,39976783.0,987554.0,3912397.0,10711104.0,2557745.0,1235994.0,9110193.0,2133086.53335775,13138408.0,19171367.74814234,7171664.0,7551371.0,3122555.0,,1859755.0,1744894.0,5146850.0,671572.0,8426925.0,1919600.0,12884995.0,20071130.66666667,16209263.77333925,1942394.0,2919870.0,14607095.0,2682532.0,3851488.0,2037909.33825673,22419085.17480509,96762260.0,2426039.0,1030760.0,1656107.0,265177.0,15442458.0
2022-02-14 09:15:00,1978979.765697,6219506.0,1094132.0,681236.0,8617389.0,282645.0,11697660.0,2961150.0,31961642.0663105,7441445.0,2346622.0,9478670.0,2246930.0,675126.0,35049550.0,828037.0,3243813.0,14656620.0,7168038.0,576694.0,4995178.0,1687649.83469828,16170656.0,24096132.43661843,3652419.0,7459637.0,6491576.0,,3026821.0,2290199.0,4202165.0,995540.0,7705072.0,858340.0,44604164.0,12109376.0,10898408.23299653,2448602.0,6578230.0,26153332.0,5163415.0,5951745.0,2094679.20998931,36701300.1901447,80216130.0,2149302.0,816491.0,536059.0,266661.0,16241546.0
2022-02-15 09:15:00,2331662.18542514,3319096.0,791080.0,676844.0,7426563.0,357052.0,13468200.0,3592130.0,10746265.7814578,4650249.0,8304774.0,16850616.0,1790055.0,2216629.0,106216252.0,1199629.0,3000492.0,13135066.0,4282324.0,1131545.0,8233217.0,1557197.57741999,18880659.0,13640012.71029906,3985559.0,4669915.0,4001839.0,,2055275.0,2602134.0,2728328.0,682766.0,12674466.0,1003400.0,31146458.0,19046061.33333333,11399668.89131462,1245681.0,4886570.0,23842951.0,3219287.0,3931683.0,2236604.39542642,50723808.00089838,101889210.0,1955525.0,1293933.0,619460.0,255775.0,13676992.0
2022-02-16 09:15:00,1715186.04240441,9382605.0,584166.0,624320.0,7457765.0,244587.0,10540410.0,2738740.0,13420642.46459257,5433910.0,2480569.0,10653203.0,1903065.0,804882.0,33106605.0,1208876.0,1885868.0,10032264.0,6991082.0,1127829.0,4348474.0,1011337.90206227,10549784.0,11898672.75415282,3683264.0,5350642.0,1939683.0,,2269756.0,1898439.0,4401342.0,422704.0,12946623.0,808200.0,15960268.0,20270061.33333333,10566165.01020533,1294606.0,9347585.0,19773807.0,2136415.0,3256906.0,1232059.5666116,33420990.03756482,66092140.0,2164650.0,1008929.0,343162.0,322839.0,14607822.0
2022-02-17 09:15:00,1108827.10243325,3407347.0,520450.0,636735.0,6516308.0,513917.0,9036160.0,2144330.0,19166488.22925492,5107708.0,2843010.0,6906440.0,1145155.0,572432.0,29566401.0,1071656.0,1644055.0,7351208.0,3542326.0,1166885.0,5340469.0,883056.27705971,16683808.0,14857083.49966287,3152042.0,3937950.0,2382178.0,,2810229.0,1459905.0,2041741.0,305313.0,5811964.0,2276800.0,24640791.0,16405552.0,13067610.7192857,1182862.0,11096160.0,16408356.0,2275289.0,3134372.0,3484124.47769896,46284661.84410663,56557920.0,1669669.0,960885.0,287521.0,499955.0,14228840.0
2022-02-18 09:15:00,974398.10477455,2151557.0,388145.0,423801.0,5466662.0,277299.0,7625170.0,1743270.0,10616896.65166502,4099366.0,3643338.0,23740696.0,1790540.0,311304.0,15037123.0,1205204.0,2166690.0,7796128.0,2613689.0,662754.0,3344269.0,904731.1119365,8945567.0,9185939.45344928,2417043.0,5602215.0,1458069.0,,1229668.0,1912482.0,1616856.0,385273.0,6760078.0,1926560.0,11829998.0,14600644.0,6888455.14556776,1734791.0,6084335.0,15111223.0,1797851.0,3688883.0,1706880.81009296,25635637.52420161,47251200.0,2374188.0,654373.0,205306.0,510600.0,13411838.0
2022-02-21 09:15:00,1494219.02832167,2805791.0,392246.0,547472.0,5635224.0,344326.0,8166640.0,2275920.0,10470895.50518574,4307430.0,1860041.0,14870901.0,2939755.0,273281.0,18853339.0,1035769.0,1706058.0,7468066.0,2415405.0,522214.0,6308263.0,749532.42782924,10967164.0,17086965.65734448,3535914.0,5120890.0,1857572.0,,1343911.0,1262585.0,2255753.0,626049.0,12212740.0,740720.0,14222260.0,10682638.66666667,11292431.97456874,1020384.0,4546015.0,16866932.0,2305713.0,7465922.0,1561646.70585949,37421452.62716106,49787320.0,2109461.0,788568.0,576902.0,424346.0,17534002.0
2022-02-22 09:15:00,1770823.95767704,6112926.0,833525.0,1147209.0,6923558.0,432562.0,12587320.0,3223740.0,20409719.47655752,9148804.0,1884736.0,11654816.0,2404200.0,575201.0,28814770.0,884493.0,3254855.0,9536196.0,2952243.0,644900.0,10664925.0,916873.24493791,13156371.0,27278667.27893501,2866135.0,8878515.0,3353278.0,,3022075.0,2288298.0,2768989.0,620828.0,13578566.0,1261740.0,29399172.0,13606058.66666667,13719974.13695299,2115917.0,4408165.0,27108772.0,3171552.0,5408531.0,1884714.19201244,46308624.85300857,93858570.0,2111878.0,874150.0,714429.0,359236.0,21490124.0
2022-02-23 09:15:00,1324847.37849175,2978284.0,755051.0,935896.0,6303173.0,209392.0,7952280.0,2418300.0,10145359.17858334,4124469.0,1399309.0,7627472.0,1857420.0,479284.0,19847603.0,675786.0,1937649.0,9029562.0,1929381.0,631227.0,8928934.0,1345254.6855058,11624282.0,11668452.91075539,3507003.0,5478811.0,2339927.0,,6915921.0,1583872.0,2265060.0,557954.0,9263264.0,1184960.0,21301826.0,6493464.0,7432024.13590657,1743770.0,4670295.0,13899433.0,1979574.0,2426203.0,1838837.73847699,29324743.32439266,49608380.0,1319711.0,2096198.0,393547.0,506540.0,14408512.0
2022-02-24 09:15:00,2884805.02913555,9547717.0,814710.0,1823450.0,13085009.0,628362.0,19300400.0,3615630.0,24915363.99695718,14139461.0,2003438.0,12115340.0,3485635.0,775965.0,22035319.0,1260619.0,5469084.0,23630766.0,5515851.0,1934361.0,24819208.0,3044805.92328067,28023104.0,43796914.82272708,7305449.0,13592379.0,5487481.0,,4956043.0,3616355.0,5677898.0,947351.0,18045779.0,2242100.0,28766189.0,13145037.33333333,25261026.21662615,2088599.0,7525505.0,32356037.0,3679222.0,5039136.0,3129046.82084669,94854366.44991277,121268670.0,4108603.0,1875086.0,633017.0,610393.0,26953888.0
2022-02-25 09:15:00,1795573.11279831,5738223.0,1187316.0,1239456.0,10066136.0,327777.0,14132810.0,3203370.0,22461862.53542096,6452099.0,2825642.0,17079977.0,1527165.0,515028.0,22876044.0,1125844.0,3213276.0,18318654.0,5087685.0,715496.0,13815949.0,2228253.06549498,16935750.0,25037326.72793967,4821342.0,9737281.0,4524909.0,,3993886.0,2476882.0,3470318.0,1344343.0,10424521.0,1619780.0,20225258.0,10920938.66666667,14813080.00471439,1415912.0,9287685.0,21792287.0,2098988.0,2549723.0,1793518.00116607,80958069.00940119,92128860.0,1885454.0,1284338.0,543759.0,376464.0,15922624.0
2022-02-28 09:15:00,1926977.15644219,4288186.0,1617666.0,1678348.0,14463418.0,387040.0,15808910.0,3732570.0,35587724.70426789,8301523.0,1534018.0,20872239.0,4914250.0,815191.0,41975659.0,1217131.0,4571884.0,24880832.0,10669560.0,1008620.0,35212827.0,2370769.24394257,20547432.0,21224547.41218888,3299912.0,15076542.0,7142843.0,,2712562.0,2553662.0,5026913.0,961303.0,13262687.0,3157460.0,20210070.0,31938385.33333333,21652631.08037702,1566146.0,6854355.0,18069367.0,4123139.0,3288942.0,1958977.09973116,57104855.64268098,176054460.0,4983140.0,2355891.0,1102621.0,557289.0,18316874.0
2022-03-02 09:15:00,1288561.33331395,4448558.0,1194676.0,3014206.0,11691602.0,982580.0,16080090.0,2817150.0,51608142.77714985,10220908.0,3276260.0,72648396.0,7703175.0,630235.0,20353225.0,1150973.0,3867328.0,38505560.0,41081069.0,855090.0,41248362.0,2066710.08134366,25252492.0,20442038.5199126,4507940.0,6771489.0,8894940.0,,2830955.0,3152628.0,5779175.0,1783011.0,12587947.0,1732620.0,41103406.0,20502616.0,21829878.86885518,3762611.0,8430100.0,22003848.0,3807036.0,2761341.0,1962111.91818093,42720202.78103378,248475320.0,2160190.0,3536974.0,661272.0,686927.0,16354110.0
2022-03-03 09:15:00,1374658.08173582,7533817.0,930907.0,4406840.0,8357181.0,536758.0,13339990.0,3400140.0,28625725.71946965,6517030.0,2622469.0,74050073.0,6673625.0,558686.0,16067224.0,1150392.0,3969380.0,17527922.0,5811568.0,831912.0,18676314.0,2410344.43099303,23190595.0,30227305.12519218,3731807.0,7344147.0,5940599.0,,2962143.0,2259979.0,2763929.0,1050154.0,15628119.0,1339280.0,42345653.0,19805556.0,10356636.87863424,1105747.0,5518095.0,20358590.0,2657776.0,1928039.0,2138124.33194053,49028630.92767026,174503380.0,2730530.0,2153478.0,645290.0,2406110.0,25911326.0
2022-03-04 09:15:00,1477928.19724185,7941457.0,738388.0,6979253.0,11660648.0,509620.0,19965090.0,3380590.0,46128424.27948629,7094874.0,2453781.0,36095156.0,6040250.0,862528.0,15145236.0,1633887.0,3522375.0,21219364.0,4687979.0,1266961.0,20490598.0,6419584.51904248,18697223.0,70805302.37616725,3623960.0,9074499.0,7605400.0,,2549194.0,3906819.0,4829850.0,2511658.0,15883138.0,1034100.0,32658756.0,12794317.33333333,10985877.76295658,1586668.0,5340955.0,20684268.0,4082674.0,2370257.0,2867764.71350371,64210304.364449,162829230.0,3567738.0,2652474.0,653153.0,1336552.0,26948372.0
2022-03-07 09:15:00,1555594.45862241,4890958.0,643012.0,3233760.0,20147061.0,335205.0,28435880.0,3715210.0,38244071.3693136,12615451.0,2604231.0,41642776.0,3015430.0,1513430.0,9764606.0,927461.0,5249845.0,27054458.0,9156126.0,1284637.0,20963374.0,3023296.65371083,27799873.0,47946711.37739648,6323502.0,9742588.0,5507113.0,,2697935.0,6318251.0,7008637.0,2469925.0,14985637.0,1330840.0,132538155.0,17635653.33333333,18283224.59765228,852067.0,4901560.0,33720472.0,3065234.0,3054130.0,2163417.46833803,74266287.38123731,110400010.0,3341715.0,1545686.0,372706.0,1280108.0,21112334.0
2022-03-08 09:15:00,1439633.76405421,3831397.0,670238.0,2611102.0,24828458.0,557492.0,28857830.0,4625690.0,20461862.52887132,8462985.0,5826939.0,22940456.0,3920845.0,1533255.0,12381953.0,819710.0,3805165.0,39212492.0,7443036.0,1081826.0,19477245.0,3262487.73534359,26716975.0,38176637.52530774,6163433.0,10984500.0,5422987.0,,5436496.0,4421730.0,4000294.0,2840376.0,28572640.0,1954480.0,73127816.0,28410490.66666667,21644424.96026366,1580056.0,12217785.0,42510207.0,4864275.0,3300992.0,2885671.74391863,92001560.88152714,91078220.0,2365949.0,1467595.0,461151.0,955847.0,22039998.0
2022-03-09 09:15:00,1544619.46356864,5351552.0,447387.0,4076068.0,20438651.0,508262.0,22801310.0,3913410.0,30245295.34434307,9896395.0,3501351.0,13870658.0,4046845.0,1577642.0,11887757.0,1698005.0,3781326.0,23134694.0,4515965.0,670764.0,15686460.0,2924390.17396516,33728639.0,44806921.97811018,6967640.0,10193515.0,3784214.0,,6919461.0,3306502.0,5490287.0,1827539.0,14286413.0,1422440.0,51977091.0,22830958.66666667,20754683.27130094,1409037.0,6415045.0,32331325.0,7276355.0,2719654.0,1944087.4712532,80129939.75450274,69348880.0,3667977.0,1581979.0,757000.0,813790.0,23527232.0
2022-03-10 09:15:00,2365602.70559145,5850213.0,363906.0,3971987.0,23224756.0,350154.0,20915610.0,4764050.0,37328731.45097611,5989327.0,4146797.0,30890343.0,3560495.0,1021481.0,13476206.0,1492252.0,3834327.0,22273206.0,5059007.0,716132.0,14824703.0,4956589.53832236,35959638.0,38278242.83635865,6312569.0,6547182.0,5201836.0,,4188469.0,2776325.0,4064470.0,1535070.0,13101323.0,1329780.0,62112814.0,16516553.33333333,18280360.71680735,1580932.0,8349665.0,34553299.0,2899758.0,2005441.0,2605892.48696272,99013782.9474558,136740620.0,2835942.0,1051744.0,557825.0,967482.0,16161966.0
2022-03-11 09:15:00,1396107.00584092,2864685.0,436703.0,1265493.0,14224356.0,156038.0,12647710.0,3296320.0,29348420.44453106,3353880.0,11106725.0,14663558.0,5566315.0,621070.0,18964704.0,1206976.0,2770879.0,15150780.0,2924919.0,467988.0,7635725.0,2520699.29463186,20546724.0,44175818.33705603,3451877.0,4758657.0,8172290.0,,2506340.0,1577597.0,2364792.0,1024452.0,8669803.0,1465580.0,26187452.0,12992850.66666667,12461844.84595075,698477.0,5890485.0,22091309.0,7194497.0,1623423.0,2333862.7198523,85321103.99877438,118822990.0,1116432.0,812330.0,476838.0,533023.0,9927188.0
2022-03-14 09:15:00,679624.89333016,1905433.0,626924.0,1214217.0,10720884.0,245299.0,12668460.0,2852010.0,28491592.58489725,4016137.0,5590771.0,8306420.0,2850290.0,681806.0,7261387.0,550232.0,5740660.0,25018126.0,4517379.0,382149.0,7904911.0,1757556.99227644,24648981.0,37199137.84023082,3718477.0,10289724.0,2529995.0,,3316649.0,1558334.0,3563695.0,1023874.0,5670284.0,773300.0,20214021.0,12598660.0,8479779.34899583,1278905.0,6630425.0,27750689.0,3861194.0,1765688.0,1604076.57985942,67450357.5896526,52780820.0,1372791.0,1004492.0,614586.0,466938.0,15006442.0
2022-03-15 09:15:00,1119563.93648586,4228582.0,686998.0,1857685.0,12157425.0,229544.0,14792700.0,2965110.0,23328512.40490895,6006439.0,7945333.0,14074860.0,2356470.0,611025.0,18900800.0,916912.0,3003066.0,18867928.0,4513513.0,612285.0,13005715.0,2428653.10987461,27714580.0,34958169.13613388,4390735.0,7140443.0,4754984.0,,4807455.0,2062332.0,4811450.0,1586111.0,6895190.0,1244220.0,42333127.0,14528285.33333333,16191368.92402895,1068905.0,7772955.0,27204899.0,4039746.0,3651133.0,9501123.55456224,79020015.3207523,96143130.0,2188506.0,1571483.0,400312.0,819263.0,13853244.0
2022-03-16 09:15:00,1309231.85241524,2693057.0,477521.0,1287234.0,10038170.0,262987.0,16335960.0,2983170.0,23656169.73363929,3843706.0,3379138.0,11846738.0,1793880.0,758341.0,42383305.0,1406660.0,1894018.0,13364108.0,6339842.0,493507.0,10485661.0,2852888.3076023,14621688.0,22914160.39252803,5705364.0,5233979.0,3150421.0,,2927241.0,2101909.0,2277631.0,584457.0,5561866.0,967800.0,25545119.0,11933774.66666667,11335777.91264943,1616431.0,7527250.0,16211288.0,3134307.0,3090475.0,1983709.47105885,45039209.84062052,63024510.0,1453944.0,757197.0,486972.0,888929.0,11150296.0
2022-03-17 09:15:00,2466491.21108581,4957379.0,852493.0,2867519.0,13657428.0,429272.0,16706780.0,4020680.0,36269562.38833846,8168953.0,3712730.0,20052773.0,3862935.0,1229513.0,34440238.0,2739102.0,6987787.0,14823954.0,11303983.0,781757.0,11581454.0,3043038.53902248,18329844.0,36256386.24138634,4492246.0,17731459.0,9991824.0,,3359007.0,3383036.0,3787641.0,1133271.0,13995384.0,2017800.0,66314748.0,28464621.33333333,21779362.21373583,1867149.0,5977670.0,22947673.0,5484100.0,3600452.0,3137083.77870631,44233161.93442408,106239760.0,2346185.0,3336088.0,4537229.0,979987.0,16881290.0
2022-03-21 09:15:00,1114564.61746137,6662688.0,509842.0,1259015.0,7495685.0,432309.0,9620190.0,2016350.0,38413871.53966982,6317305.0,2039889.0,20271556.0,2008195.0,480116.0,28669864.0,1291466.0,4046440.0,12257876.0,4064003.0,516893.0,14159371.0,1701342.99974697,12866839.0,29636657.57916988,2363059.0,8362085.0,4609771.0,,2397699.0,2301462.0,3008019.0,1354525.0,9172207.0,806700.0,20614652.0,17797416.0,12199586.05906864,849763.0,6308350.0,19064060.0,3878744.0,2413831.0,1912295.93819843,30263912.06417114,84227630.0,2110200.0,1889261.0,1520151.0,531422.0,15592952.0
2022-03-22 09:15:00,993952.05087037,5010054.0,1255679.0,1515772.0,11117081.0,213667.0,12737960.0,2652790.0,19632097.69638917,3000133.0,2269544.0,12372751.0,6451110.0,661123.0,23798591.0,1017787.0,4516870.0,10461814.0,3457606.0,470208.0,7490300.0,5440600.92202405,11761758.0,39139720.9921697,2764481.0,5709382.0,4811589.0,,3397456.0,3986030.0,5436875.0,1093502.0,10343712.0,2804480.0,39742745.0,13285297.33333333,22933257.25690884,998586.0,8069535.0,26157969.0,2174495.0,2907611.0,3085189.72888932,50423015.67342562,81795880.0,3030660.0,1279904.0,713407.0,1073804.0,15580500.0
2022-03-23 09:15:00,1601520.35384745,4698808.0,896055.0,948403.0,5886245.0,281347.0,11767500.0,2290790.0,33279807.38879257,7974713.0,2781735.0,13731315.0,5220570.0,439287.0,12522850.0,844646.0,2338886.0,31188256.0,2654149.0,1137046.0,13581577.0,3262715.26067338,7140403.0,42896547.41394323,2433056.0,6192824.0,8964532.0,,3226340.0,1574226.0,3277274.0,808597.0,11892811.0,1185580.0,10994784.0,9408784.0,15720055.6474078,1054362.0,4335075.0,15800195.0,2578669.0,1596195.0,1116723.14805817,42182308.01723976,130552380.0,3741783.0,1281815.0,713104.0,664235.0,11393836.0
2022-03-24 09:15:00,1062079.50020419,2914647.0,719101.0,1243917.0,7559843.0,385957.0,7837160.0,1839240.0,15609315.66043327,3597143.0,3344649.0,16323203.0,8690735.0,568611.0,12996477.0,1080743.0,2351703.0,20160044.0,3192575.0,692836.0,12139664.0,3102738.54464053,17727969.0,40510567.95400526,2923793.0,3784303.0,6069039.0,,19710178.0,1580887.0,2248114.0,565485.0,11276181.0,863620.0,20332589.0,11188958.66666667,13387878.51417456,526345.0,3329035.0,18174877.0,3141478.0,1879046.0,1193485.20551939,28340391.5503412,94605270.0,2085571.0,1835380.0,453482.0,642226.0,7751490.0
2022-03-25 09:15:00,1408464.57190148,4003497.0,968414.0,1083275.0,5430894.0,492945.0,7023730.0,1477480.0,22413391.48679118,2930336.0,1680031.0,10044811.0,4321985.0,446420.0,13585986.0,662865.0,2489854.0,16366462.0,2874297.0,467568.0,11087146.0,2268800.31388744,15263007.0,31023942.080822,1984601.0,3438588.0,16121868.0,,3039150.0,1483897.0,3148869.0,686637.0,7266868.0,1064340.0,13608989.0,9842670.66666667,14459681.51442019,598919.0,3234280.0,11541196.0,1571676.0,1690133.0,3004871.77307032,25018815.72825319,69457440.0,1755511.0,2863040.0,662176.0,321023.0,11986194.0
2022-03-28 09:15:00,1954196.58757556,5691095.0,524802.0,680332.0,7077669.0,688267.0,9369730.0,1751870.0,13461490.50557438,7960258.0,3847112.0,19132062.0,2484535.0,690955.0,10034667.0,1283176.0,3406258.0,15754886.0,4968964.0,493636.0,7075442.0,1822775.50287999,13806166.0,26396258.69813327,2654339.0,4008555.0,8935680.0,,3070204.0,1799629.0,4719388.0,599515.0,7778682.0,1602220.0,15253027.0,12823578.66666667,10056387.61085146,926829.0,7168470.0,16738684.0,1545077.0,1760990.0,1855489.62685842,27757636.7485233,46554910.0,1928306.0,1316800.0,939603.0,325668.0,11476810.0
2022-03-29 09:15:00,1768266.0466645,11423551.0,778391.0,1120936.0,6174137.0,376929.0,7159500.0,1981380.0,12104079.14371775,15833573.0,3194089.0,10622472.0,2105420.0,1317033.0,13466521.0,1743982.0,2443230.0,12377448.0,3428962.0,2475877.0,5245788.0,1268783.82845842,11489374.0,19199074.04994836,3351562.0,3917785.0,7285191.0,,2585790.0,2071779.0,3519610.0,446257.0,5116935.0,1675180.0,14210783.0,10470516.0,8828893.03294895,2864668.0,6632010.0,14301429.0,3177777.0,2689063.0,997744.79318498,30992295.10817124,43202370.0,2311150.0,908172.0,539919.0,671879.0,9402006.0
2022-03-30 09:15:00,3315645.49724666,6913983.0,4839707.0,849545.0,16618114.0,343930.0,12722540.0,4547640.0,22181920.25456192,9938988.0,3083750.0,10298319.0,3084130.0,1198770.0,41305975.0,1510742.0,3073672.0,20109742.0,6695548.0,3115035.0,11195965.0,1500071.4520952,20154520.0,18649368.86028662,4849869.0,7795839.0,5994838.0,,3358154.0,1712835.0,4407033.0,589206.0,24047012.0,1499400.0,95239532.0,54218485.33333334,16075245.16472272,1287813.0,2494090.0,16461225.0,2084073.0,1583455.0,8429797.0718751,30062648.96037294,58483160.0,3792481.0,866666.0,366894.0,705385.0,15488764.0
2022-03-31 09:15:00,2873369.17707951,5468951.0,1225845.0,1464862.0,20449544.0,511249.0,16330110.0,2986920.0,21738054.8092429,7371181.0,1976418.0,9435203.0,3058595.0,840572.0,34672910.0,781406.0,3006639.0,14295714.0,5976662.0,1338490.0,23497993.0,2580506.96848633,16046383.0,27180626.82490156,2311242.0,5399145.0,5946576.0,,2848408.0,1401916.0,7059986.0,434317.0,11615450.0,1245620.0,33523683.0,10326026.66666667,13444255.1100997,749342.0,4371685.0,10240982.0,1901705.0,2168110.0,2927449.75383021,23600333.80592317,40067950.0,2036984.0,910316.0,755068.0,399272.0,14476178.0
2022-04-01 09:15:00,1306391.44740132,6816743.0,827880.0,637392.0,9321859.0,391985.0,8715130.0,2101410.0,45845925.99606288,5920139.0,1285646.0,13505929.0,1569355.0,745769.0,15586812.0,844698.0,2479745.0,14568556.0,3675121.0,3541517.0,15300787.0,1741986.74325697,12658848.0,15155366.15696814,5222165.0,6171518.0,5079937.0,,2373773.0,2050573.0,3406177.0,449386.0,32589741.0,623180.0,28335224.0,39663961.33333334,8055012.9480459,1519104.0,4473460.0,18527226.0,1184766.0,1387014.0,3119946.02889256,32101394.65919318,55321590.0,2537230.0,1208002.0,491523.0,216837.0,8567994.0
2022-04-04 09:15:00,1375627.22174057,13743062.0,619577.0,873264.0,10959783.0,419517.0,10497590.0,3243940.0,29426609.5229762,5783224.0,1665075.0,9490374.0,1298870.0,660191.0,18040882.0,808270.0,2282137.0,97450970.0,23976331.0,1417392.0,15845385.0,1719663.86748551,17192197.0,16852184.06823616,5033678.0,7364074.0,4901374.0,,3997566.0,1955281.0,4163250.0,491029.0,15437496.0,795680.0,17745513.0,9907530.66666667,8061399.4023301,1802143.0,2766255.0,16257176.0,1876408.0,1472994.0,1584769.66119263,30903620.2148578,69670320.0,1675276.0,1424995.0,762394.0,268314.0,8855948.0
2022-04-05 09:15:00,5124338.08510926,21090646.0,487075.0,805874.0,7334134.0,339228.0,10720820.0,3855370.0,29299226.39517592,3990794.0,1596381.0,7637664.0,2399325.0,1240010.0,28433443.0,1206141.0,2634464.0,30922582.0,4898169.0,715666.0,7065571.0,1297759.7886501,12290391.0,28797626.89894358,3827808.0,5472024.0,3524949.0,,2132871.0,1718581.0,2669967.0,488132.0,23958626.0,795640.0,20054934.0,17167488.0,13369175.16927188,773451.0,7478890.0,13602384.0,2911697.0,2314947.0,2947842.7752405,47257614.33515102,63296420.0,3207223.0,1586304.0,1337792.0,412049.0,12862488.0
2022-04-06 09:15:00,2329047.56941233,8785541.0,653418.0,736379.0,9954921.0,240470.0,7670310.0,2465520.0,27765681.8566093,7490027.0,1487844.0,46157039.0,2059755.0,469837.0,10697018.0,448775.0,2838968.0,27027860.0,5626902.0,812337.0,9648592.0,1763438.11575629,13518142.0,20761919.01971852,2406015.0,5407453.0,4111360.0,,2349001.0,2245496.0,2049292.0,393628.0,52737388.0,941160.0,12969222.0,17153676.0,12461633.35936528,1354847.0,5148520.0,13738275.0,1881754.0,2051729.0,2028648.61691446,41367499.45893283,114097540.0,2627895.0,1349078.0,907711.0,297453.0,8235902.0
2022-04-07 09:15:00,3607514.38167682,11662093.0,413722.0,1025244.0,9820244.0,224527.0,7182660.0,2167900.0,162897667.431127,5818505.0,3496357.0,21712301.0,1397010.0,451071.0,9709022.0,867385.0,3391918.0,40781732.0,3159512.0,853476.0,9357569.0,1853449.77714046,15087175.0,17015003.21827134,3182285.0,5797544.0,2954985.0,,4388783.0,2003954.0,2913537.0,458566.0,37738903.0,749740.0,24550313.0,11913912.0,15754939.91908435,966698.0,10215730.0,19620958.0,2728625.0,2494829.0,1989235.13264017,33045400.06075321,55650640.0,3336784.0,2785215.0,1038577.0,234000.0,15721530.0
2022-04-08 09:15:00,1983699.68372013,5777924.0,685882.0,678898.0,8104237.0,229962.0,8819730.0,2133830.0,86792418.07664712,5583587.0,3001682.0,20151959.0,3358875.0,800707.0,14851737.0,2508067.0,2656091.0,41256322.0,3232920.0,694946.0,7157576.0,1720113.83945469,15480705.0,40073442.32616521,2659878.0,5131446.0,8125253.0,,2381671.0,1903321.0,4145522.0,849846.0,17585569.0,685620.0,9529874.0,6746769.33333333,15405198.38433061,2390240.0,12013760.0,13572638.0,1453271.0,2296773.0,1423390.78644771,27025185.60817543,52287710.0,5402943.0,1217812.0,874307.0,309692.0,8636632.0
2022-04-11 09:15:00,1665802.17316243,6030153.0,652187.0,672652.0,6340427.0,135225.0,5975080.0,1696860.0,53098295.27218231,4927865.0,2094493.0,12393619.0,1077795.0,332108.0,17609808.0,3289488.0,5679058.0,20799066.0,3034500.0,408871.0,8297062.0,1401827.23357731,13216391.0,48888494.69115508,2413145.0,8248407.0,7926472.0,,1917942.0,2262446.0,2922901.0,496254.0,15583159.0,753380.0,9724979.0,12413822.66666667,9408544.71894865,1318874.0,5541150.0,12370288.0,1102625.0,2291660.0,1246271.01350695,23752405.40917737,44778820.0,3268704.0,660112.0,509264.0,359038.0,17164216.0
2022-04-12 09:15:00,2713926.05729824,5597246.0,574409.0,794265.0,7672215.0,266145.0,8055980.0,2476470.0,34166980.27887079,3904026.0,2746930.0,18907630.0,1855070.0,359805.0,12913673.0,1507835.0,2906617.0,27435402.0,4518691.0,502227.0,16701775.0,1391797.83578109,14020000.0,24952687.59374892,1963842.0,6456184.0,8595936.0,,2412242.0,4215141.0,2961076.0,598047.0,11306524.0,1098000.0,13184429.0,14769908.0,13438179.27673791,1506254.0,5301495.0,14460680.0,1420380.0,4483476.0,1208064.08512292,37597916.24459167,69191680.0,2021088.0,1182427.0,845636.0,385829.0,16338532.0
2022-04-13 09:15:00,1023279.87701407,2955807.0,812061.0,1121350.0,7640132.0,198206.0,6723170.0,2483900.0,35185799.30102626,6343030.0,1890795.0,14216953.0,1847180.0,383935.0,52988189.0,839424.0,1971580.0,28892520.0,2313264.0,426929.0,7396320.0,1088465.94164705,16119956.0,22686244.72862924,2060127.0,6257693.0,6722613.0,,1923692.0,1673417.0,3695363.0,527991.0,19454061.0,546600.0,23458303.0,11015440.0,10526916.62471816,509293.0,2337810.0,15440525.0,1825531.0,1621672.0,1049398.94891977,27857152.7210697,44937800.0,1430399.0,1165453.0,742352.0,386535.0,11204576.0
2022-04-18 09:15:00,1801604.46282786,3969878.0,579482.0,1032504.0,11478317.0,373718.0,7582220.0,2818890.0,58066771.25692914,8950327.0,2092141.0,13052104.0,1698380.0,322926.0,14209908.0,466593.0,4391701.0,45620376.0,5765896.0,422209.0,7550655.0,1856902.27087242,17651530.0,25848597.07732342,1575552.0,30523965.0,5866740.0,,1960141.0,1808707.0,3076843.0,551783.0,82098517.0,1075460.0,23916912.0,19069924.0,10140568.08381037,2382085.0,7199895.0,14492183.0,1287320.0,3820792.0,1499038.39924853,25340067.79761831,80700420.0,3968044.0,1109814.0,395195.0,240392.0,18930062.0
2022-04-19 09:15:00,1690034.79728117,4472320.0,1713344.0,749782.0,8711816.0,211918.0,11911100.0,2596960.0,39192885.32123474,9957060.0,1813890.0,59341710.0,1550720.0,636517.0,13439870.0,747907.0,3422431.0,74096022.0,2958108.0,484466.0,8143101.0,1803946.76610174,31088359.0,24768751.56557741,1747142.0,17044923.0,7301285.0,,2389574.0,2737766.0,3301212.0,425990.0,38522118.0,1318840.0,17880666.0,15036942.66666667,26577796.77240629,971382.0,7289265.0,20362934.0,2001066.0,3170014.0,2490527.7264924,20984885.75807605,64772190.0,2677360.0,929834.0,1575212.0,353426.0,13286008.0
2022-04-20 09:15:00,1153714.7806532,3071216.0,777140.0,838182.0,6676491.0,174080.0,15581810.0,2517070.0,31402858.50569703,6632292.0,1796999.0,38356653.0,2252075.0,1193877.0,12797463.0,678144.0,2573318.0,49325736.0,3278202.0,424461.0,4725779.0,1535596.89142299,15984202.0,25966367.66422253,2421543.0,10678747.0,4679947.0,,3201545.0,3832617.0,2208791.0,542622.0,20047692.0,1763540.0,10076403.0,9814641.33333333,25490379.01259998,645638.0,3195385.0,11881305.0,1455897.0,2640370.0,1541044.15670651,32530343.61635782,54100210.0,3025261.0,639190.0,743805.0,328054.0,8660976.0
2022-04-21 09:15:00,2313188.72733462,5539106.0,771623.0,1069035.0,6851615.0,216475.0,8753430.0,2364890.0,32102525.20765501,6111830.0,1526774.0,43683145.0,1972180.0,1090334.0,6780602.0,711016.0,2547848.0,52446270.0,3111307.0,341987.0,8575442.0,2280142.04528227,8953098.0,24802801.51190661,1957820.0,7766514.0,3995936.0,,2730691.0,1797489.0,3206906.0,772708.0,21966151.0,3706820.0,12246720.0,11134333.33333333,22070676.17328242,731288.0,3891400.0,10035638.0,2410164.0,2280996.0,1360665.06332394,23396311.15468386,66690280.0,3728173.0,880723.0,516906.0,181457.0,13388782.0
2022-04-22 09:15:00,1841409.31102291,17864000.0,381911.0,681191.0,6255027.0,228316.0,8079870.0,2148760.0,14025437.07136777,5182247.0,2455188.0,24007670.0,1953715.0,829575.0,7211263.0,900072.0,9567571.0,20659148.0,2703271.0,598737.0,23871439.0,3576239.07069636,14411607.0,16602034.92611297,1942893.0,8134245.0,2244262.0,,2256038.0,1474689.0,4924905.0,960818.0,9922564.0,2174140.0,10267952.0,12032249.33333333,15305218.10104873,824665.0,4432385.0,16760456.0,1745381.0,1581465.0,1903633.4337447,23789147.47480694,55848230.0,1954666.0,878780.0,481960.0,237385.0,9782424.0
2022-04-25 09:15:00,1735814.29050549,10145325.0,421185.0,1096774.0,8023525.0,444222.0,6849530.0,1642190.0,15988708.04106809,3571031.0,1309361.0,26465084.0,1705680.0,630796.0,16717052.0,453324.0,3565801.0,20935488.0,3225681.0,596296.0,10749312.0,2475668.57835683,35417460.0,25646465.97655915,2096910.0,7000570.0,4935672.0,,2149394.0,1964344.0,5476626.0,701521.0,12008027.0,1690140.0,12583497.0,11042684.0,17347784.1823455,1073577.0,5391300.0,14057444.0,1146270.0,1960694.0,1208196.68480549,24396998.2569852,72310460.0,2686619.0,682383.0,403163.0,227496.0,9473768.0
2022-04-26 09:15:00,3298538.11416284,21010788.0,548203.0,1703441.0,11087204.0,1107122.0,10124190.0,2206380.0,16455577.50946647,4987848.0,1806747.0,20819291.0,792225.0,616251.0,9548939.0,753448.0,3213714.0,17016842.0,4153518.0,1311255.0,11623406.0,1469862.3858751,18727514.0,21756448.44522798,2673266.0,5345435.0,3260695.0,,1454777.0,2440990.0,6384561.0,801963.0,11735823.0,1411860.0,20086229.0,15389156.0,12431591.24930193,922785.0,7799210.0,12137213.0,3142879.0,1943469.0,1300903.09493732,22489670.62177732,44812710.0,2568317.0,1232557.0,640781.0,279555.0,8718740.0
2022-04-27 09:15:00,2639232.16893224,20793885.0,476441.0,963536.0,11485697.0,541564.0,39843570.0,3411920.0,13818508.86376191,4571399.0,1033333.0,12214126.0,993500.0,499338.0,23626624.0,426085.0,3288792.0,18054334.0,4744055.0,2082863.0,17623544.0,2249332.67785724,21441480.0,17565606.77308934,1476543.0,8819356.0,3391522.0,,2822592.0,1346726.0,3154605.0,570519.0,17873048.0,1348600.0,13981957.0,12680209.33333333,19661467.25427627,1202603.0,5002305.0,12367342.0,1586283.0,1727648.0,1201301.50131183,22694327.67077771,71209740.0,2382463.0,801135.0,705547.0,327597.0,16275078.0
2022-04-28 09:15:00,1731969.69148665,8778304.0,552600.0,2001838.0,11037317.0,1628318.0,24990940.0,3475000.0,9256530.2868437,6101866.0,1840948.0,12706800.0,1504805.0,739026.0,21338831.0,814453.0,5202061.0,20773722.0,14954957.0,1182758.0,25042778.0,5957668.48578247,18649559.0,29582893.39086813,2003774.0,9245177.0,4079934.0,,2342497.0,3117433.0,2869224.0,561932.0,29123808.0,1579160.0,13030499.0,18378146.66666667,26041250.89909336,1643102.0,12255960.0,12154792.0,3150038.0,1703660.0,1824601.99851003,22983502.07162862,51295830.0,2576887.0,933881.0,1076903.0,243308.0,13241338.0
2022-04-29 09:15:00,1975581.58968035,11543840.0,465103.0,1088970.0,34401710.0,594650.0,13375170.0,2211070.0,21932515.00433992,7219115.0,1972427.0,21654415.0,2615175.0,479794.0,24873682.0,1115588.0,2988180.0,28401476.0,8916828.0,839920.0,12462169.0,2720849.46744395,19560317.0,21632700.76373974,3476442.0,9831395.0,3622889.0,,3688659.0,2404830.0,3467791.0,1162749.0,28941216.0,1267960.0,15964743.0,9026332.0,18518637.80609103,3259418.0,30651345.0,12894773.0,4290688.0,2051115.0,2296627.51433291,36426940.5505863,57173520.0,3811317.0,1496781.0,439063.0,1139560.0,24151260.0
2022-05-02 09:15:00,1037746.86908496,5760499.0,568610.0,595522.0,16136040.0,376660.0,12387410.0,1907980.0,13942168.987827,3938533.0,1767117.0,21289439.0,925300.0,497152.0,18464589.0,438848.0,2584604.0,19494316.0,3025011.0,667551.0,14625673.0,1567836.41806386,10903446.0,20092254.53748217,8962019.0,7072627.0,2802163.0,,1979466.0,1399802.0,2740823.0,544053.0,13368198.0,831940.0,23405519.0,12634353.33333333,9624891.08991595,1925857.0,9994595.0,18590895.0,2119174.0,1324161.0,1457395.01344217,31380715.48983212,54426170.0,2149957.0,1287401.0,488409.0,329548.0,43822854.0
2022-05-04 09:15:00,1798771.27481398,7969164.0,1729814.0,1120002.0,14548684.0,575428.0,16491150.0,3164040.0,16041349.09388153,6785271.0,2086372.0,18239949.0,1712475.0,515077.0,43049544.0,607708.0,3385725.0,29055916.0,3587834.0,1263034.0,10366562.0,1633708.04825248,12212165.0,27493362.77917236,4565643.0,6220959.0,3011231.0,,5746474.0,1777673.0,2408261.0,599211.0,24511385.0,1217140.0,23661920.0,23124644.0,19568659.89101832,1169983.0,9729470.0,14645323.0,3925917.0,2305825.0,1839698.11809672,24737772.55092475,138374020.0,2797667.0,2357806.0,489438.0,228457.0,17267854.0
2022-05-05 09:15:00,1687536.68426893,6597383.0,1122769.0,724601.0,12726146.0,323081.0,14860280.0,2969280.0,18857430.9191855,4836692.0,2161283.0,12651103.0,1264655.0,477759.0,40296393.0,524869.0,2982126.0,17862912.0,3860357.0,1675043.0,6328868.0,1118785.7233178,9121547.0,18997981.15419958,4679266.0,6144870.0,3131221.0,,3568047.0,1707752.0,2690817.0,524174.0,33396072.0,1266260.0,26878516.0,16481936.0,17497697.32965141,814132.0,5106630.0,14130385.0,4462293.0,1612262.0,5141753.10951317,20275433.60705586,87338160.0,3563713.0,2118580.0,464980.0,344367.0,10869532.0
2022-05-06 09:15:00,1197587.95486818,6150326.0,891448.0,923941.0,15511195.0,436366.0,30648650.0,3516160.0,16795474.85047691,5912312.0,1828238.0,14257553.0,1197395.0,407390.0,47189321.0,527682.0,4075606.0,26731268.0,3969111.0,2491483.0,8595262.0,1610556.3302082,12455025.0,36538590.493059,3713381.0,6171472.0,3930624.0,,2847483.0,1439520.0,4247088.0,650559.0,22604305.0,1799940.0,16768573.0,17715186.66666667,19977657.323439,1350057.0,9524820.0,16710020.0,2350532.0,2010812.0,2027859.09208694,41645355.73993672,69256760.0,5745203.0,1465638.0,840078.0,499910.0,18441782.0
2022-05-09 09:15:00,1495863.47332973,4768026.0,521295.0,998324.0,13999329.0,502719.0,19356480.0,4034090.0,23472818.54968767,4819274.0,2047297.0,10549451.0,886775.0,403218.0,38279098.0,965430.0,4207192.0,32762434.0,2774773.0,996952.0,10773327.0,1362525.28007022,13055889.0,22674937.82849634,3283626.0,6832202.0,3380947.0,,2169362.0,1400010.0,1790691.0,570578.0,22958742.0,2302940.0,9952775.0,54118806.66666666,18385341.77664153,1201027.0,7602625.0,13544947.0,2522123.0,2481830.0,1763736.71978752,29942507.60683207,50552970.0,5712061.0,968069.0,873730.0,355285.0,16675250.0
2022-05-10 09:15:00,1517493.85343572,5344522.0,836241.0,2460016.0,9523698.0,507087.0,11779330.0,2563120.0,13234972.27831435,6746893.0,1662201.0,19965511.0,1014140.0,841473.0,45135581.0,856659.0,2473518.0,20113812.0,3953646.0,644415.0,9661841.0,2196261.3789455,12797419.0,19104307.1198923,3972560.0,6212545.0,4293241.0,,1989854.0,1176030.0,2436623.0,663616.0,20322427.0,1343540.0,22602956.0,30997494.66666667,19837080.42768756,1410429.0,4513380.0,10884328.0,6975331.0,1622685.0,1342378.45366501,27397209.37511865,145537420.0,2852416.0,1092429.0,663951.0,359456.0,14969534.0
2022-05-11 09:15:00,1441252.43406214,8985117.0,524764.0,1883969.0,9352398.0,437746.0,18613390.0,2918480.0,17541413.59885847,6919703.0,5296875.0,20641617.0,1356280.0,459255.0,99812774.0,840104.0,2895668.0,17102924.0,4283207.0,575504.0,14197501.0,1887887.3609852,13516852.0,18374214.8681834,4209334.0,7846080.0,4158341.0,,2621884.0,2988788.0,3048794.0,605312.0,13794764.0,1235740.0,15084514.0,15412618.66666667,16921475.69170984,1886732.0,8918120.0,14771351.0,2768829.0,1841769.0,1303493.34369838,48391753.54923862,107063150.0,3244609.0,1472911.0,805254.0,217452.0,21029342.0
2022-05-12 09:15:00,1601849.24284906,10570456.0,717916.0,1254245.0,11166084.0,777332.0,24940440.0,3256960.0,23454827.53163773,6754953.0,2242769.0,10406343.0,1468145.0,419477.0,37338266.0,693608.0,3195189.0,22382290.0,3079554.0,966472.0,23831422.0,1555618.10470649,16685166.0,21235239.86445547,4776857.0,7034979.0,4123927.0,,4282268.0,3407191.0,4908042.0,571754.0,11818556.0,1435520.0,21459069.0,26538994.66666667,20832045.50486364,1457225.0,9397425.0,18947096.0,2700591.0,2807195.0,1506729.18083763,55508210.64573272,94191610.0,3110220.0,1362031.0,1433291.0,323730.0,14573000.0
2022-05-13 09:15:00,1595593.13481841,7247809.0,957908.0,1121729.0,9618627.0,633218.0,21053150.0,3487640.0,12118299.15798433,11938252.0,1734146.0,11590435.0,1092005.0,650616.0,79292212.0,489405.0,2496626.0,16768238.0,3154166.0,691344.0,17007818.0,2089615.99077271,15717043.0,12629686.67766118,2932319.0,6723761.0,5567335.0,,2737022.0,4328846.0,4956950.0,703097.0,22913410.0,1108780.0,12934346.0,15074553.33333333,19630797.2934123,1108831.0,8482405.0,61403008.0,4870689.0,2187823.0,1499489.84549606,118308966.00462839,82924410.0,1892084.0,2580348.0,467140.0,319217.0,16775318.0
2022-05-16 09:15:00,1796571.1208032,5606071.0,600622.0,733044.0,6159695.0,401803.0,14149550.0,4340040.0,15258552.30852123,5412233.0,1456551.0,7437937.0,1089575.0,2801368.0,37036105.0,814367.0,1415370.0,9804356.0,1260662.0,473407.0,13900633.0,1418801.23262254,9025623.0,8673100.07637301,1971123.0,6145331.0,4641172.0,,3039181.0,1775914.0,2856221.0,369545.0,16286682.0,1049660.0,13205775.0,7960529.33333333,13662020.20357787,590395.0,6833390.0,27940958.0,2739020.0,1195813.0,839209.22003045,41308245.38293579,62665270.0,3474480.0,1370151.0,536424.0,685657.0,7314066.0
2022-05-17 09:15:00,1093978.6403605,4430294.0,843357.0,1179081.0,8152237.0,402398.0,14017700.0,4286060.0,17055917.11177207,4847812.0,2301253.0,28092052.0,1277320.0,1462487.0,21460388.0,772266.0,2620776.0,16641444.0,2057634.0,517525.0,37772554.0,2087439.26406851,12765052.0,18855046.8083895,2038983.0,6516378.0,6309092.0,,3020781.0,1608711.0,3469290.0,811448.0,13925542.0,1726100.0,17843200.0,15470937.33333333,16827868.64480057,545334.0,4101275.0,16880698.0,2317400.0,1754076.0,2567677.46088816,40832664.04935474,112876010.0,4434968.0,1256142.0,438660.0,637179.0,11321450.0
2022-05-18 09:15:00,1337189.47955223,9020504.0,427461.0,1379763.0,13013873.0,507061.0,16550940.0,3740540.0,18879000.94082616,18992703.0,2580102.0,15425248.0,2500790.0,1173271.0,57728111.0,776079.0,2865869.0,15732384.0,2377852.0,332168.0,18052317.0,2171094.43655165,11835013.0,21400087.75184233,2665522.0,6594126.0,4941565.0,,5321784.0,2984009.0,3203522.0,576970.0,17611218.0,1920180.0,12616832.0,19181550.66666667,17564919.22203778,775879.0,4296340.0,15644497.0,2878378.0,1866781.0,2783728.90551615,33940306.71966643,81575800.0,5294021.0,1188772.0,623123.0,371945.0,15390968.0
2022-05-19 09:15:00,1017524.83498587,4445667.0,572640.0,772390.0,9216948.0,261026.0,10650250.0,2864010.0,11176916.21351854,7322668.0,1198917.0,9396007.0,9129055.0,1592952.0,31970099.0,525827.0,4729354.0,20537506.0,3998270.0,556405.0,10319381.0,1761901.30404213,16661023.0,82937445.1910517,2656251.0,16561140.0,5816509.0,,3108321.0,1798843.0,2658159.0,363255.0,11701170.0,1410040.0,8932407.0,15085602.66666667,14944261.16830918,1069562.0,8110880.0,14201420.0,2715634.0,4642963.0,1523195.83454799,29329258.64631612,66545630.0,4393100.0,981115.0,1247443.0,259111.0,22945978.0
2022-05-20 09:15:00,1489591.900299,5434279.0,692428.0,778957.0,9708672.0,396832.0,10986100.0,3233300.0,17729150.78721046,5577407.0,2594816.0,6365038.0,12401575.0,687007.0,32411623.0,645089.0,2005622.0,13919350.0,2607708.0,751633.0,9703961.0,2640416.21614874,11695528.0,34293364.08900571,2286465.0,10488908.0,6187868.0,,2649672.0,2175224.0,3426756.0,742204.0,17841739.0,3049540.0,7235654.0,15148281.33333333,22156541.9299693,941175.0,3296315.0,13596860.0,2877917.0,3065125.0,1220019.31299193,38932205.4677113,65527500.0,2461651.0,1017542.0,629720.0,374540.0,12731912.0
2022-05-23 09:15:00,1500568.95735279,4787481.0,401917.0,813294.0,7919353.0,339483.0,9680210.0,2788860.0,15413706.46418349,3788601.0,1220231.0,7794071.0,3035360.0,892535.0,36830591.0,959810.0,2285466.0,19486320.0,3094798.0,744827.0,15828786.0,2400499.89752726,17438451.0,22989000.14264407,2577890.0,5887569.0,17554373.0,,2826078.0,4177811.0,6613972.0,1161175.0,26055890.0,2063460.0,18029557.0,11572501.33333333,15507130.51255757,620152.0,6070490.0,13499415.0,2195036.0,2293690.0,982682.07657176,27074221.40796344,273883460.0,2783695.0,1346294.0,302084.0,528566.0,14111568.0
2022-05-24 09:15:00,1040220.23809708,4653281.0,471324.0,691307.0,8088546.0,369304.0,10840690.0,2554750.0,36815868.93643406,4053608.0,1622192.0,8572565.0,5054480.0,481731.0,193577787.0,1863269.0,3418456.0,12870796.0,3835802.0,616849.0,12840838.0,3127107.11690395,13779981.0,16471406.48791498,2149695.0,5693167.0,7517949.0,,3421900.0,1970395.0,4546511.0,581609.0,16581141.0,1848200.0,19141394.0,16336858.66666667,13753426.46820707,847697.0,8069565.0,17175179.0,2911410.0,1711510.0,1532208.56411751,24060101.57442599,123116660.0,3666196.0,1150314.0,337854.0,458962.0,13779460.0
2022-05-25 09:15:00,1425303.89498399,7699306.0,370431.0,3381427.0,5169619.0,225253.0,8675980.0,2175990.0,12376119.41664891,4188088.0,1950710.0,7926434.0,2500200.0,556605.0,104446924.0,3391052.0,3904551.0,12887112.0,5339885.0,525893.0,11103850.0,1913914.63353232,10457589.0,16196684.72810391,3664893.0,9630092.0,4725882.0,,6252602.0,1417130.0,1363358.0,454335.0,19926619.0,1630020.0,19366472.0,11062614.66666667,12926588.82051067,3185769.0,5017540.0,12728644.0,2405811.0,3548046.0,832643.00521491,22427544.36374973,99343400.0,4711542.0,1125068.0,407027.0,571568.0,15481506.0
2022-05-26 09:15:00,5121506.95909538,13569693.0,1730687.0,3212196.0,10114633.0,419826.0,12595460.0,3792040.0,11313515.35056501,5780597.0,1630614.0,23140556.0,2145360.0,854405.0,46556399.0,1562812.0,4278059.0,26992428.0,3444955.0,362813.0,13391224.0,2335310.84332802,14028733.0,19514185.16304031,3909078.0,13040065.0,8178844.0,,4949829.0,3578710.0,2384886.0,476799.0,22698086.0,2111620.0,12824105.0,14150454.66666667,18180248.25440955,1177148.0,3514895.0,17055257.0,4113170.0,2813186.0,1356108.08797331,29338493.02625863,150536730.0,2946857.0,1382368.0,444559.0,512954.0,11583082.0
2022-05-27 09:15:00,1395979.1618403,5815428.0,1733752.0,1879534.0,5539060.0,422591.0,16258050.0,3295340.0,11187734.22437197,7131633.0,1249374.0,16408080.0,2171455.0,404877.0,32064280.0,1274744.0,2795530.0,24031718.0,8795852.0,654718.0,20350558.0,1027218.96693404,8110620.0,14267974.19209209,2509528.0,8284860.0,5193961.0,,2440367.0,1279218.0,3269005.0,431411.0,10245727.0,850540.0,52469252.0,8430492.0,16797515.91381481,687512.0,2271910.0,10977001.0,2374509.0,3103153.0,1052100.54092573,27939061.25706204,74772200.0,3367600.0,865917.0,293538.0,290626.0,11414472.0
2022-05-30 09:15:00,1427506.11099478,5546106.0,666686.0,2525482.0,3818060.0,271827.0,8174840.0,2803920.0,8326172.35343902,4675033.0,2171285.0,10577525.0,2324015.0,589423.0,124103679.0,784393.0,3562969.0,12624674.0,5399271.0,924244.0,7161082.0,954348.9013782,7628515.0,12521072.4233629,2036338.0,10904213.0,12211769.0,,3987800.0,2119326.0,11690785.0,389517.0,12513990.0,1041160.0,40261336.0,9305758.66666667,14084436.01924969,580398.0,4176795.0,9365470.0,3541617.0,2094624.0,1159638.88349043,30643674.48996484,72701590.0,2469771.0,1691435.0,547836.0,330562.0,12291148.0
2022-05-31 09:15:00,2950264.2504563,6346866.0,1361696.0,2408221.0,10410424.0,1154256.0,15489660.0,4199190.0,13674085.71886581,44593174.0,4874664.0,21380248.0,2380075.0,1766731.0,184333915.0,2034055.0,5185485.0,13485388.0,5609885.0,1859231.0,39115757.0,3173144.42961568,20272212.0,24586755.28575625,1249259.0,16033857.0,20152169.0,,14830306.0,3534742.0,13301109.0,2494005.0,124665699.0,7190740.0,57675204.0,26351545.33333333,71798418.03628096,2649820.0,13941420.0,15441579.0,24360628.0,4840965.0,6200386.46228096,36951133.64785398,121248850.0,9674664.0,7005071.0,1673884.0,431470.0,31587004.0
2022-06-01 09:15:00,1493106.57931622,3196984.0,794887.0,1770795.0,6966674.0,784215.0,8876200.0,2812330.0,34360054.47257727,3749781.0,1285579.0,30867456.0,1772530.0,358924.0,127949782.0,871165.0,2554081.0,12091896.0,4893225.0,430807.0,12551513.0,2232184.98760043,10102092.0,15572854.87851536,1144864.0,8738508.0,8495547.0,,2382645.0,1425466.0,7889745.0,522004.0,16084988.0,1164940.0,22780094.0,10282009.33333333,9940043.5530187,683413.0,5176220.0,9424008.0,5999099.0,1493835.0,1661776.67379263,19761853.00706024,94055290.0,2419021.0,2126105.0,521752.0,268629.0,10514566.0
2022-06-02 09:15:00,1912677.18637212,3536560.0,1891062.0,1164197.0,6347433.0,346754.0,7508090.0,3661460.0,26049881.13518965,3466993.0,2639988.0,17646759.0,1639675.0,558032.0,47866809.0,888813.0,3560227.0,11475020.0,5252011.0,1093645.0,7202046.0,1483317.86821321,10949759.0,15086807.54719577,1735855.0,7205840.0,7010273.0,,2664301.0,1852251.0,4081658.0,352848.0,17646975.0,1377980.0,25429955.0,10071898.66666667,22495581.36230406,950691.0,2790370.0,9370989.0,3553217.0,2657939.0,637803.46095294,21106459.88985016,79177040.0,3206663.0,966727.0,433531.0,320094.0,10535040.0
2022-06-03 09:15:00,1702887.24334415,2960614.0,1305662.0,1228489.0,8475726.0,409815.0,10434650.0,3171800.0,11056739.09294786,6673615.0,1057504.0,25335178.0,1423865.0,808873.0,35779760.0,4829554.0,3556955.0,6957244.0,3679222.0,753558.0,12229014.0,1874344.52517226,8563791.0,13229552.00107094,1398174.0,9395707.0,6367536.0,,1815375.0,2928263.0,2660682.0,591905.0,14063328.0,1053720.0,16747177.0,16082518.66666667,24339043.83830529,917466.0,5396720.0,11306291.0,2618353.0,1913622.0,1769026.5361319,21168879.32908848,53954860.0,3229236.0,1228695.0,843397.0,2216480.0,23269778.0
2022-06-06 09:15:00,1716086.10540882,2753267.0,561188.0,1193698.0,6756864.0,1136609.0,7376570.0,3097470.0,13057267.10002722,6407024.0,1412548.0,22020642.0,566055.0,906875.0,30078469.0,2364378.0,1997494.0,6173266.0,3348790.0,965347.0,8810058.0,2164949.22117115,9107831.0,11574059.94638347,1417254.0,6624883.0,10383944.0,,2588097.0,1538005.0,3443406.0,606990.0,18485464.0,720020.0,30327268.0,12693293.33333333,11278156.63004938,1199089.0,2524525.0,10661432.0,2095566.0,1084210.0,1458991.2706896,19704601.50780768,57262490.0,3938875.0,1285097.0,620866.0,999722.0,13791156.0
2022-06-07 09:15:00,2110122.9663396,2488075.0,490554.0,1403598.0,8312778.0,561644.0,8969820.0,1765480.0,28241458.33394386,8349903.0,1759986.0,12961285.0,3605015.0,453936.0,41755337.0,2011523.0,1839248.0,10253966.0,1652408.0,550257.0,7636671.0,2066752.74234299,9938912.0,11471677.04096383,929573.0,4904592.0,3735461.0,,1711639.0,2157491.0,2162861.0,991192.0,14911957.0,1015240.0,61411715.0,9103196.0,12564358.56228776,848821.0,4116090.0,7672515.0,3031449.0,2308256.0,1363052.86982153,18475168.46188642,43341570.0,1656444.0,3255286.0,284321.0,1203977.0,4701342.0
2022-06-08 09:15:00,1578191.91673314,2839931.0,342056.0,1743575.0,9282494.0,346603.0,13341460.0,2368430.0,24623421.70405883,13904149.0,1874689.0,13059792.0,2264910.0,260633.0,46697875.0,2671182.0,1665512.0,5986588.0,2129427.0,539786.0,6911005.0,1530557.81481098,9369224.0,15214967.5999998,1905868.0,4697608.0,4138705.0,,1465616.0,2122442.0,4293398.0,813596.0,16416591.0,1632720.0,45994327.0,11240130.66666667,12687371.05651869,1387431.0,3753885.0,17168871.0,3208941.0,2185707.0,2491287.89719172,21275473.06046795,64734340.0,1303551.0,1775344.0,469020.0,605175.0,5627652.0
2022-06-09 09:15:00,1485036.94227668,2604731.0,483671.0,1857501.0,5682743.0,627869.0,12376740.0,1742390.0,6650820.67260087,6774925.0,1405851.0,10562238.0,3702930.0,531562.0,47653877.0,1360859.0,1654005.0,7311816.0,2320898.0,327503.0,8798828.0,1521440.54981008,7444368.0,10445819.24941576,1031195.0,4361061.0,3922515.0,,1280868.0,1361104.0,2757706.0,687937.0,13821409.0,574960.0,31122996.0,9468041.33333333,17566461.31172352,1142045.0,4476645.0,12635601.0,2297715.0,1279197.0,893450.58789233,21604915.9834323,98547810.0,1323539.0,1035771.0,557580.0,375314.0,7402238.0
2022-06-10 09:15:00,1346239.59759657,3377686.0,624657.0,1592920.0,6758832.0,1412838.0,21518910.0,2906700.0,9887901.92028296,3221484.0,776457.0,6741014.0,2107480.0,666106.0,42040372.0,1149985.0,2260855.0,9155430.0,1988641.0,324452.0,14541630.0,1667822.62738795,7990818.0,8868242.36235449,882217.0,6516436.0,3374125.0,,2859950.0,1337799.0,2425545.0,442921.0,7908849.0,896200.0,17812698.0,9019240.0,18394801.39537087,611509.0,2121945.0,8621104.0,2124778.0,1527582.0,3270424.39996113,19734630.22062881,95225630.0,3119792.0,927889.0,859171.0,493489.0,17453098.0
2022-06-13 09:15:00,1818861.34091242,4535069.0,523342.0,1674206.0,6135431.0,519745.0,19327850.0,4877320.0,13056541.09929884,5982102.0,3016612.0,8516696.0,1839815.0,556912.0,34863276.0,1204042.0,1738804.0,10892572.0,2280937.0,625967.0,12269608.0,1543354.08313554,16622521.0,11751516.72774407,3353078.0,6987685.0,4071346.0,,2349445.0,2460367.0,4047155.0,565826.0,19208167.0,2369280.0,12237777.0,10186776.0,17914671.77171785,1014220.0,4399480.0,13426836.0,2191412.0,3030921.0,1473571.16250445,28891833.93629663,82235750.0,2012004.0,928411.0,514725.0,441354.0,14130822.0
2022-06-14 09:15:00,6717070.19491364,6144330.0,655865.0,2296040.0,5391833.0,1733394.0,18845410.0,3669480.0,11702255.74057845,8878530.0,1570434.0,6727598.0,2035905.0,739832.0,66677006.0,1069841.0,2461791.0,11870356.0,4065780.0,509259.0,11273145.0,1617537.49802807,13348598.0,7863018.3657927,3770890.0,6090247.0,3413396.0,,1551047.0,1983405.0,3614327.0,553462.0,17034328.0,1321620.0,12844437.0,17023962.66666667,14959708.50098969,768306.0,3860780.0,11351101.0,2461692.0,2611493.0,1224506.44576167,32509368.7368579,77202600.0,5775453.0,893733.0,495087.0,610906.0,13056384.0
2022-06-15 09:15:00,1354228.81663572,2447673.0,466405.0,928842.0,4638336.0,753821.0,16599430.0,4962890.0,9599076.63051182,6005970.0,1112618.0,5805589.0,1585315.0,339705.0,33246369.0,1062172.0,2408630.0,11810470.0,2601467.0,673444.0,8393144.0,1454919.86298872,9199591.0,5359970.69643037,3911673.0,4651958.0,3803101.0,,1770169.0,1461683.0,3333753.0,604566.0,15172295.0,1295060.0,16223385.0,5898564.0,11382247.68383637,947417.0,3345520.0,9920926.0,2008725.0,1404536.0,853235.43225472,25165260.57120879,92443330.0,3238141.0,783714.0,882202.0,286759.0,11391596.0
2022-06-16 09:15:00,2197874.46976959,4301251.0,678602.0,1280628.0,5960283.0,438590.0,21796860.0,3940410.0,12906042.94830784,9525587.0,1898194.0,14490962.0,1750035.0,542478.0,41879881.0,954622.0,3198618.0,12169192.0,2366283.0,493824.0,16614475.0,1374786.25442693,13237239.0,15142280.53620158,3141825.0,6641772.0,4899759.0,,2973292.0,2329325.0,3255301.0,1319566.0,18494040.0,1615080.0,25130676.0,11883333.33333333,17396849.070175,1385141.0,6698850.0,10780703.0,2327414.0,2032028.0,1073908.63375765,36872973.52474234,122741050.0,5600443.0,1265289.0,387582.0,732233.0,17944686.0
2022-06-17 09:15:00,2350819.19651901,6103963.0,768620.0,2043251.0,6849201.0,727356.0,19379390.0,4193620.0,20333801.40039082,11085830.0,2715476.0,15215695.0,4764870.0,836170.0,33597224.0,1027160.0,4302066.0,14723922.0,5050203.0,725864.0,18606308.0,3303372.20877842,16335613.0,17643828.10525582,2624540.0,9692047.0,6776372.0,,3163864.0,4548572.0,5318310.0,1317656.0,21387729.0,2912380.0,22922034.0,19675226.66666667,24865068.25399098,1535565.0,6730740.0,14326050.0,5719089.0,5240434.0,1345547.68729958,41119739.80278194,121290260.0,7043370.0,6066708.0,753097.0,819352.0,41550546.0
2022-06-20 09:15:00,2684305.4271531,3507676.0,673219.0,1595360.0,5305222.0,268242.0,11194560.0,2428580.0,12914712.95700624,3883001.0,942685.0,23276003.0,1387575.0,717655.0,27409011.0,670786.0,1305407.0,15936840.0,1278783.0,377385.0,20646347.0,2053822.39659195,10981042.0,18095633.74013621,3103978.0,4595194.0,5614520.0,,1767577.0,1837431.0,3722583.0,1043423.0,16578770.0,978040.0,28656582.0,7402273.33333333,12268039.42021834,532685.0,4386785.0,12368534.0,2745302.0,1502769.0,1041441.95575422,28239832.05145152,139866890.0,2985094.0,1967950.0,518858.0,506142.0,20750838.0
2022-06-21 09:15:00,1372776.50672661,3313116.0,596024.0,1042074.0,10333886.0,424763.0,10023590.0,3079180.0,12811449.85340497,3515991.0,521963.0,7564329.0,1191555.0,1177839.0,22905677.0,582033.0,2128325.0,13220684.0,982122.0,381831.0,15208306.0,1631465.29857311,13319648.0,14707587.2743978,3425596.0,6270787.0,4657829.0,,2503603.0,1458922.0,6263423.0,954884.0,51398446.0,1112620.0,20581784.0,9459620.0,11915508.90611868,659138.0,4280930.0,13801891.0,1342717.0,2964461.0,826548.48087326,24420779.06287482,124526970.0,3433536.0,3289922.0,1352719.0,292408.0,12187804.0
2022-06-22 09:15:00,1829135.25596276,2964156.0,359601.0,1871760.0,5899024.0,585483.0,8983460.0,2848330.0,11056184.09239104,4348884.0,1698830.0,6560404.0,2847785.0,273509.0,35026600.0,506457.0,2575065.0,8159698.0,1215189.0,873408.0,19176515.0,1768783.94526829,6838249.0,11993299.84434966,3066728.0,6253366.0,8511658.0,,1771925.0,1906619.0,2629024.0,796824.0,8317317.0,1047280.0,31824106.0,10257637.33333333,10794273.11950424,560136.0,4890975.0,11066447.0,2032073.0,3336315.0,1204728.84883231,20583315.28809883,109877390.0,2719988.0,1507811.0,673346.0,214821.0,16202862.0
2022-06-23 09:15:00,1058613.27818721,2762533.0,646244.0,1612872.0,8450777.0,1186420.0,11018570.0,2535530.0,9004851.03434025,4336533.0,615616.0,9304799.0,1675510.0,1338537.0,33785882.0,829841.0,2169033.0,15372244.0,1592871.0,1846048.0,18756690.0,1610709.70665819,14960412.0,9605782.14596017,3888446.0,6254281.0,5037690.0,,2490801.0,1828491.0,7303072.0,1676430.0,11257409.0,633500.0,26829020.0,13114525.33333333,19770636.18909985,895014.0,3954310.0,12229833.0,1778752.0,3692578.0,723570.15029314,43917558.15844083,111515840.0,2915172.0,1632845.0,486409.0,296712.0,19655010.0
2022-06-24 09:15:00,1192388.6218427,2740927.0,1024811.0,2215583.0,6918584.0,558798.0,13049330.0,3662910.0,9668967.70063177,5621332.0,722838.0,8171322.0,1518295.0,1078547.0,23948418.0,761767.0,1922313.0,8013432.0,1021604.0,1354569.0,11621311.0,1960423.24871291,10856736.0,7429662.05779457,4706175.0,6114340.0,3406061.0,,1617721.0,1731440.0,7273273.0,1156788.0,21879039.0,607600.0,25461812.0,9499105.33333333,14477723.96374327,492066.0,4996020.0,10833364.0,1404748.0,2132118.0,1025531.00605707,24525280.77239466,85433810.0,4056588.0,854618.0,462900.0,265862.0,15362102.0
2022-06-27 09:15:00,1239781.63007493,2711512.0,708737.0,1295734.0,4552114.0,1819576.0,10490080.0,2463700.0,14977968.02701809,5284297.0,846797.0,7063839.0,1663765.0,532402.0,110751340.0,1127455.0,3626024.0,9804164.0,2738127.0,1005184.0,15014176.0,1473217.36875143,8285225.0,8658379.81240349,2569316.0,4511097.0,6550599.0,,2128112.0,2389778.0,6316257.0,921090.0,12872030.0,1276840.0,24188349.0,17545390.66666667,15732603.85147914,793805.0,4127285.0,9509175.0,2980249.0,2037686.0,703957.54380851,19908079.20640105,72814730.0,3796002.0,1067849.0,344510.0,226613.0,12447870.0
2022-06-28 09:15:00,1321790.46347677,4596840.0,463753.0,1838358.0,10711123.0,799053.0,7395000.0,3490570.0,9497574.52867732,3216376.0,931109.0,9844211.0,1412215.0,770778.0,120959477.0,661045.0,2702471.0,9770574.0,2194297.0,714029.0,15742835.0,1426205.96322153,8339931.0,11907739.03835945,1280737.0,4412178.0,4285360.0,,2799443.0,2072405.0,11020641.0,691242.0,14272044.0,1044480.0,54387675.0,6770088.0,13799206.70500595,572706.0,3527135.0,13261290.0,2823691.0,1400046.0,889025.20001296,21927865.85359403,84647330.0,2755698.0,3397585.0,442089.0,278114.0,12091828.0
2022-06-29 09:15:00,1744960.29155031,3332554.0,567477.0,1066354.0,13620084.0,524392.0,7559820.0,3902730.0,20182643.24873766,5011798.0,2455089.0,16856241.0,1905735.0,856258.0,96955320.0,1556170.0,3150015.0,9994046.0,4268386.0,653929.0,12659696.0,1709399.83419295,9570557.0,16969830.70616914,3774208.0,5060038.0,3334027.0,,2932830.0,1480197.0,5052023.0,655413.0,53487394.0,1939440.0,165860322.0,41502918.66666666,19525437.32011248,1224658.0,2727410.0,11800876.0,2975927.0,2133994.0,1762716.41077965,21705866.39060295,72318470.0,3770663.0,2375427.0,1397225.0,490615.0,16684176.0
2022-06-30 09:15:00,1617035.87292348,3502799.0,534241.0,1291447.0,10563138.0,715926.0,11982750.0,3481840.0,19573918.63801958,6505666.0,2433648.0,8693744.0,1845325.0,928852.0,106893631.0,1138112.0,3741119.0,12475822.0,6228299.0,643735.0,21225418.0,2424782.13205393,11970404.0,20406082.72580498,2686640.0,9165177.0,5646362.0,,3982064.0,3308971.0,4165189.0,1130302.0,19270932.0,2056840.0,38725546.0,22260722.66666667,23498422.11180371,1569542.0,9956150.0,16926328.0,3809670.0,2719603.0,2054837.56032779,33329760.98929687,84672090.0,3264301.0,2489709.0,529542.0,572821.0,12123284.0
2022-07-01 09:15:00,2208137.04381987,3151179.0,316894.0,1477191.0,6549359.0,756589.0,12218900.0,4089830.0,15324057.37424081,4488771.0,1793834.0,17248729.0,1523995.0,367512.0,112078641.0,518570.0,2827579.0,11472452.0,2052291.0,393346.0,11278576.0,1255058.15979118,9884899.0,37254254.87323132,2796110.0,4651635.0,3737790.0,,2300514.0,1294305.0,2839545.0,530569.0,9592229.0,770940.0,125788305.0,11133664.0,83364643.62858109,696341.0,5358285.0,9405495.0,2316527.0,1502879.0,966642.57603731,24391995.95610154,54761890.0,1842102.0,4064801.0,555368.0,329610.0,8907248.0
2022-07-04 09:15:00,1630174.93698786,1874921.0,300790.0,653147.0,3933384.0,536505.0,7898180.0,3004250.0,13538440.58277646,4229588.0,1004832.0,8780396.0,1303490.0,443843.0,56902459.0,787159.0,2738846.0,8487480.0,1488372.0,499627.0,10905377.0,2448177.62723727,8303732.0,42250426.87891512,4711395.0,4800224.0,6026463.0,,1868781.0,1269969.0,2784613.0,625431.0,17526429.0,974580.0,85993413.0,20178280.0,42555804.37050247,1436248.0,2008615.0,9186358.0,2097164.0,2622535.0,1297334.03783241,19090126.81793613,77554410.0,1814322.0,1023678.0,736578.0,165959.0,6372716.0
2022-07-05 09:15:00,1398836.0628543,2472875.0,468762.0,1073043.0,5044787.0,294980.0,12284530.0,4223480.0,14922533.9714025,3494504.0,1532205.0,5313753.0,2434495.0,616329.0,51276627.0,704856.0,2476050.0,14325718.0,2528269.0,401190.0,20928565.0,2501843.13292547,11460367.0,19671500.76710055,1836183.0,7379669.0,3562565.0,,2642097.0,1445200.0,3675577.0,610290.0,11370649.0,828760.0,44595740.0,20083997.33333333,17941638.5143508,1020111.0,6272225.0,12003244.0,2682730.0,2170627.0,1384471.26129628,27779353.69120066,79058290.0,3045188.0,1555345.0,635508.0,307970.0,11513210.0
2022-07-06 09:15:00,1077872.35828157,2634839.0,390568.0,2085735.0,6684686.0,333226.0,22229520.0,4782940.0,21103485.17259516,4697006.0,1390651.0,9367397.0,1678505.0,1058465.0,32403447.0,709060.0,2998254.0,15049078.0,3309296.0,739745.0,22317536.0,4845470.8396478,12163533.0,19379394.37024453,1660551.0,5209162.0,3281658.0,,5572949.0,2422594.0,4957228.0,976098.0,15929985.0,1567820.0,59092334.0,19203528.0,24343044.45954713,602752.0,3157810.0,12059857.0,2364840.0,2182144.0,1368022.82738963,20202868.77281342,81439710.0,2188175.0,1952701.0,835710.0,371948.0,10522910.0
2022-07-07 09:15:00,975461.06577976,2896584.0,398354.0,1469087.0,11171714.0,534547.0,13352470.0,2729250.0,19351486.41485894,3485283.0,1390277.0,6322630.0,2161110.0,650305.0,35759428.0,546518.0,2985141.0,17743142.0,4548159.0,382303.0,18699515.0,3385721.14209143,10374018.0,14614315.14768545,3868679.0,3323472.0,4952962.0,,3170065.0,1697912.0,4917004.0,547662.0,18144208.0,1037580.0,36229792.0,14069302.66666667,23689632.42089355,792663.0,4945940.0,11497832.0,2327906.0,1989921.0,2089405.58902601,29180309.34013665,111007940.0,1901699.0,5915740.0,291188.0,261593.0,10706024.0
2022-07-08 09:15:00,926431.86053952,3880791.0,268377.0,1274148.0,12669533.0,326804.0,8032820.0,1690110.0,21179439.24879798,2732170.0,1072803.0,14647592.0,2089480.0,617742.0,21413556.0,1079842.0,3141642.0,12474030.0,3509988.0,532145.0,25506273.0,1368168.72083949,9797700.0,11770297.64459557,1342616.0,3652582.0,3313755.0,,1778149.0,6516138.0,10482265.0,686327.0,15375888.0,1176500.0,42778692.0,17142257.33333333,19327146.61637986,1135110.0,3652815.0,9057231.0,2927832.0,2136916.0,1474178.48929485,39306203.65275163,112000630.0,2841036.0,2039331.0,954902.0,410980.0,9535432.0
2022-07-11 09:15:00,2028294.55793864,3814715.0,199806.0,1081885.0,14864285.0,372417.0,7613370.0,1613680.0,10090576.12362088,18687521.0,1037956.0,9048841.0,4797040.0,1346337.0,21739009.0,761252.0,5787815.0,7462880.0,1848324.0,428940.0,13745531.0,1612229.25082501,12440573.0,13086327.38161368,1503503.0,4702815.0,4900994.0,,1533179.0,1316037.0,4520273.0,536114.0,16779135.0,787640.0,31522017.0,10826080.0,14078406.44857847,543156.0,3691540.0,7704792.0,1768048.0,6974600.0,1302834.39413079,20905559.53568558,150193340.0,2892507.0,1219508.0,877368.0,189671.0,16689574.0
2022-07-12 09:15:00,1312471.25443111,5846548.0,1125104.0,1115524.0,6446810.0,244636.0,9754460.0,2272440.0,12953886.99630857,7416645.0,672406.0,6942704.0,2079370.0,1069397.0,57986568.0,318846.0,5305354.0,9876974.0,2088278.0,422887.0,16896696.0,1134047.18796112,10219829.0,14910560.59249606,1221366.0,4710356.0,3425619.0,,1828832.0,781516.0,2452632.0,424358.0,19138561.0,523780.0,25216226.0,8503696.0,10958754.6083698,331672.0,3442455.0,7364457.0,1695338.0,3734815.0,616517.66916076,15766891.29204499,100175050.0,2013304.0,1096542.0,583382.0,171919.0,9777472.0
2022-07-13 09:15:00,1012632.7399619,2373553.0,385514.0,2153712.0,9614674.0,308508.0,8869340.0,2672490.0,12866331.90846675,12030163.0,1511059.0,7842930.0,1893835.0,768270.0,73383005.0,470499.0,12874342.0,15945610.0,1169625.0,539917.0,13690887.0,2568590.32933855,8674121.0,9828591.53621138,10850036.0,5264025.0,4569908.0,,3613468.0,1914814.0,3379695.0,413855.0,13644449.0,455020.0,27166975.0,10210005.33333333,14461353.58023658,368619.0,3151325.0,8208853.0,2663538.0,3863530.0,706165.17669161,16864873.14653346,70135110.0,2067142.0,1169721.0,325971.0,263686.0,11956780.0
2022-07-14 09:15:00,962494.17871622,2859869.0,656393.0,882479.0,8026311.0,377688.0,6929200.0,2405440.0,16879240.93451731,11379990.0,1713101.0,6795141.0,4423835.0,901976.0,43024089.0,380852.0,4916497.0,10372410.0,1770641.0,620757.0,9511166.0,1689484.25766971,7044542.0,14211074.20088642,2463571.0,6157606.0,4660656.0,,6570982.0,1170472.0,2423203.0,606496.0,9775869.0,1045880.0,38464081.0,10898404.0,17253335.59506487,728701.0,3203265.0,9385630.0,4934156.0,4764908.0,1718341.0666278,17797171.1763565,74498580.0,2212219.0,767221.0,453534.0,285686.0,13161242.0
2022-07-15 09:15:00,1206051.43390965,4127381.0,318645.0,1668006.0,6015057.0,281730.0,5698590.0,1711040.0,24300129.37970779,5567877.0,1046876.0,5610793.0,1504725.0,536541.0,47995067.0,288791.0,5591590.0,13595646.0,1079168.0,816619.0,10062417.0,3044130.45745786,6358018.0,11680251.36918133,1365475.0,5620018.0,3051005.0,,2333732.0,1345141.0,3879759.0,631246.0,11518139.0,990020.0,18088858.0,22067480.0,9763366.33772425,591171.0,2703045.0,6945602.0,1413559.0,4574806.0,3039615.92653775,26128051.10333886,81253510.0,2544737.0,1742573.0,315845.0,255753.0,22328354.0
2022-07-18 09:15:00,966257.32873466,2403691.0,291155.0,823390.0,12464664.0,513318.0,9664320.0,2834830.0,114055590.42910129,8982417.0,846036.0,7600779.0,2337315.0,568164.0,47689463.0,606119.0,5156225.0,20332220.0,1543573.0,369313.0,13863266.0,1591547.80778989,8045363.0,11987958.38548429,2536142.0,5835171.0,3583550.0,,3117038.0,3200640.0,3480683.0,478682.0,8286352.0,879540.0,21010247.0,15155654.66666667,15413752.5761159,1044459.0,5420345.0,9934786.0,2866600.0,3202795.0,1352299.13678619,35091909.26428924,73060810.0,3946821.0,2016386.0,980588.0,512929.0,13632394.0
2022-07-19 09:15:00,869443.33526027,2864129.0,412946.0,638171.0,10171314.0,512451.0,9785600.0,4230630.0,30352683.45208285,7836419.0,1162631.0,9913955.0,1961920.0,728004.0,35427093.0,764770.0,4636293.0,15792538.0,4654412.0,661056.0,10868823.0,1496305.0952967,12825591.0,9734145.60219581,2608372.0,3418540.0,3586372.0,,2895175.0,1351783.0,4056414.0,478458.0,6798359.0,874560.0,33778758.0,14922396.0,16714062.42599346,1099874.0,4993150.0,11724183.0,1604458.0,1865074.0,1198509.82249862,19137014.2785698,85341580.0,2985845.0,867223.0,491128.0,555572.0,12897178.0
2022-07-20 09:15:00,715102.634504,2176017.0,753440.0,867436.0,11620331.0,377717.0,8270920.0,2721470.0,16157329.21024146,4458819.0,1627220.0,5519522.0,1130700.0,432912.0,37683099.0,810432.0,4827089.0,20347862.0,9053768.0,201509.0,10150339.0,4076052.29169962,8152179.0,16727051.76026299,3995680.0,5079392.0,4550328.0,,2571469.0,1509911.0,3028752.0,398132.0,7271345.0,1093260.0,60317150.0,14181034.66666667,24323239.62201179,1608377.0,4629925.0,19280117.0,2885666.0,3402251.0,1187542.51287533,28414036.35152938,77088650.0,5574762.0,1620332.0,604230.0,371187.0,25237412.0
2022-07-21 09:15:00,1354904.12163903,2639283.0,542974.0,1184060.0,8036515.0,371547.0,13254930.0,2713300.0,56209304.39337942,3550107.0,1681422.0,6167419.0,3126100.0,469152.0,29402446.0,780142.0,3498709.0,12640278.0,5528757.0,314132.0,12521152.0,2022024.71601563,8312338.0,16995670.35773304,23581540.0,5008061.0,3773423.0,,2186674.0,2827327.0,2062279.0,421090.0,7521568.0,1013120.0,20853780.0,12461554.66666667,16798793.6452687,1048591.0,4855305.0,13814893.0,2321107.0,2420640.0,2273406.37450199,18107335.36422652,50877140.0,4935223.0,1117118.0,476539.0,328612.0,45382342.0
2022-07-22 09:15:00,859361.18621087,2854708.0,378496.0,1268141.0,9713490.0,280291.0,9532950.0,3024220.0,28925570.02029588,2415220.0,977238.0,4844223.0,1806315.0,1461794.0,27302087.0,1650108.0,3514659.0,12729592.0,2944287.0,576270.0,9498042.0,1935773.31700148,12267898.0,10559546.13371886,4842122.0,7020642.0,4351458.0,,3349580.0,1495629.0,1983433.0,415294.0,6800124.0,1264000.0,11630255.0,9272200.0,11152945.55652365,753148.0,4810415.0,14699129.0,1939758.0,2075886.0,1767426.23003919,17128590.47378142,48608940.0,2985409.0,1185176.0,942665.0,1441549.0,15468542.0
2022-07-25 09:15:00,1258181.88716509,1592179.0,1127478.0,985844.0,6230411.0,372987.0,7240230.0,1747020.0,27481590.57158767,2913348.0,1024751.0,10207034.0,1726910.0,623585.0,232841112.0,1205310.0,2120224.0,10143126.0,3800562.0,421977.0,7734139.0,1273553.73447938,21034148.0,11272710.34671103,6043152.0,7859626.0,5783353.0,,1886515.0,1916615.0,4380502.0,623462.0,7996687.0,719180.0,21705935.0,6635194.66666667,23495873.25785172,934158.0,4721665.0,10229778.0,2419358.0,1797504.0,951721.56900852,20713272.41483061,99635630.0,2888919.0,1248393.0,381778.0,919050.0,12535662.0
2022-07-26 09:15:00,891961.40637061,1803260.0,363638.0,2876310.0,14135744.0,882407.0,15304060.0,13270240.0,16387807.44147446,5016687.0,988405.0,12853314.0,2971165.0,676813.0,412304740.0,882268.0,2780103.0,8527964.0,7812371.0,347002.0,5532712.0,1712103.72896037,7374145.0,10317614.70211106,2983144.0,7268273.0,6031921.0,,1802447.0,1585897.0,2598868.0,429454.0,5774871.0,2789420.0,22172845.0,11451316.0,11491797.73511085,687125.0,4102640.0,8862656.0,1560211.0,2639367.0,1160411.20072555,19153723.95119044,126264690.0,5939871.0,1142159.0,331124.0,549442.0,15186298.0
2022-07-27 09:15:00,983149.23281743,2539587.0,440198.0,1976407.0,6106880.0,514997.0,14449890.0,5339660.0,26434439.5210074,6237523.0,904733.0,7343180.0,1866270.0,527215.0,411205170.0,1287105.0,1742497.0,9212778.0,8672870.0,498259.0,4744697.0,1426231.35667351,9536564.0,9901240.46186618,3405140.0,4517285.0,2913380.0,,3479645.0,5369460.0,1647876.0,1298855.0,5403197.0,899460.0,20187969.0,9209354.66666667,8799430.30801038,1554002.0,6702695.0,15101546.0,2797789.0,1389808.0,1069824.36109222,16698115.98048638,52559020.0,2546052.0,1456382.0,532946.0,424070.0,14084158.0
2022-07-28 09:15:00,782984.70583663,2696358.0,364711.0,1332572.0,6964838.0,423758.0,64857820.0,16276260.0,26787665.8753905,7374170.0,1043837.0,5096403.0,2832835.0,486390.0,267544569.0,966113.0,2843497.0,17420406.0,11504269.0,294368.0,7586494.0,1464749.16038329,11124518.0,11482833.50730877,7001490.0,6636841.0,5104503.0,,2154401.0,1831059.0,1929675.0,725196.0,6030744.0,2609140.0,25736737.0,13192642.66666667,12704475.03411873,1043318.0,8557735.0,12160734.0,3183169.0,2106333.0,1207142.97282415,60260240.78445111,137156107.0,3428026.0,1126799.0,504060.0,462464.0,15898464.0
2022-07-29 09:15:00,1141518.05059344,3182798.0,333278.0,1836550.0,6624854.0,412805.0,26067620.0,10442350.0,14660201.70821114,7669970.0,2941566.0,12477455.0,9872475.0,570564.0,177187972.0,804712.0,3617725.0,20019736.0,14236016.0,400652.0,15509534.0,1486084.73874155,11095993.0,17938427.25354187,5862550.0,7009465.0,4732970.0,,2387998.0,1747781.0,2230572.0,821432.0,11771461.0,2276500.0,19738642.0,15433068.0,15383023.13464976,7628351.0,9296570.0,11921058.0,11315800.0,2430257.0,878031.57289541,26509040.91487918,166959934.0,6185909.0,1239445.0,656479.0,360851.0,15919784.0
2022-08-01 09:15:00,1306317.21540095,6459641.0,311325.0,1076122.0,5493105.0,459482.0,12270770.0,4320160.0,24181137.26032599,8812526.0,4647912.0,7849924.0,2136850.0,891876.0,135944043.0,556571.0,2489519.0,13193036.0,4482787.0,961562.0,15535311.0,1584468.11337632,7974903.0,16833282.38059715,4299697.0,2983249.0,3055387.0,,1655537.0,1341943.0,12673841.0,1009408.0,14221965.0,1171340.0,20592826.0,12136557.33333333,15961879.54296868,2973441.0,4709025.0,8295631.0,4219890.0,1306913.0,1284786.66634276,71364838.57773568,125365761.0,2540084.0,581266.0,793553.0,414339.0,10365748.0
2022-08-02 09:15:00,1130470.88553931,4393310.0,440869.0,1650536.0,7275626.0,398168.0,12491240.0,4248930.0,32577644.68433042,6236599.0,1184696.0,12615631.0,2635115.0,1843785.0,528899750.0,907669.0,2545241.0,15036510.0,5856552.0,1137765.0,15535733.0,1381336.74930112,11106772.0,41297843.0548169,5074834.0,4374635.0,3053206.0,,3357606.0,1749346.0,5626351.0,848311.0,18278835.0,1124380.0,15037928.0,17748748.0,14150027.70253971,1673860.0,4861880.0,16845027.0,2043767.0,1269114.0,2188081.00929615,31580236.07027613,64935371.0,2802273.0,777687.0,502117.0,274658.0,16912426.0
2022-08-03 09:15:00,841121.7651215,3326267.0,367949.0,1169005.0,9458761.0,312355.0,12186210.0,3096500.0,15700269.75168522,5237250.0,4052763.0,9949919.0,2600985.0,1218915.0,599688340.0,539775.0,4119614.0,10975498.0,4152018.0,600314.0,6883530.0,1795727.41356305,11073975.0,18746198.4282663,2753893.0,6011955.0,4446383.0,,2535679.0,1264299.0,3820503.0,753729.0,10147608.0,1026500.0,15853543.0,12406038.66666667,14488646.36468879,1409000.0,3733035.0,24262125.0,2863168.0,2895824.0,919506.9316231,31679978.96839242,61428846.0,3509019.0,1207016.0,393606.0,266360.0,12034938.0
2022-08-04 09:15:00,1261736.77518251,4641779.0,358472.0,981434.0,7466635.0,310996.0,9494810.0,3113610.0,39840027.97049666,6352142.0,2865077.0,8058280.0,3006675.0,928111.0,420183400.0,720576.0,3513266.0,12012206.0,4868831.0,396416.0,20678616.0,1208102.61985565,11113742.0,16846378.59529245,2142720.0,7402209.0,4705675.0,,2361186.0,1856927.0,3075648.0,643264.0,15754128.0,1765600.0,14311959.0,9712268.0,14708400.75386156,1015838.0,4646770.0,18072293.0,3151481.0,2150567.0,15545676.03569462,30710160.36915991,79526154.0,5360632.0,1015590.0,393725.0,275815.0,17789134.0
2022-08-05 09:15:00,1690820.41928502,2807602.0,207510.0,792478.0,4583196.0,287542.0,7580780.0,2078470.0,80363864.62704134,5811092.0,1561405.0,31999040.0,2075395.0,518285.0,315019030.0,951129.0,2565683.0,9268982.0,5466554.0,512072.0,12217436.0,1195184.46296155,16056522.0,10687921.2432761,2382020.0,5361971.0,2455459.0,,1664571.0,1430542.0,5766297.0,558385.0,33864055.0,1251200.0,66480753.0,14099224.0,14174961.08977275,922856.0,3153135.0,21110734.0,3317738.0,1106933.0,2135646.4386357,19740535.25461896,54469112.0,2641829.0,2443597.0,242951.0,741250.0,12967586.0
2022-08-08 09:15:00,1630728.58399057,7519923.0,445755.0,724644.0,8191870.0,238574.0,9574820.0,4870730.0,21774324.84563171,5918607.0,767289.0,16358151.0,2041885.0,595708.0,178185076.0,461672.0,1746911.0,15357736.0,2560379.0,675310.0,7643955.0,1040634.83548705,12142951.0,8800524.91052323,2057991.0,3763409.0,2446698.0,,1555925.0,2625195.0,5412651.0,520993.0,16964235.0,1149180.0,12451233.0,8392041.33333333,10334706.16031785,1002771.0,4775785.0,32566317.0,2677742.0,1068836.0,958715.94921128,17494394.49244049,41384943.0,2579239.0,1576547.0,438066.0,313912.0,9557496.0
2022-08-10 09:15:00,1345107.55959103,5541103.0,867000.0,1089295.0,9069541.0,218912.0,19065230.0,4425480.0,28967369.06223181,12201239.0,1293683.0,14267910.0,2108115.0,814819.0,200699912.0,567658.0,3271939.0,17353102.0,3597072.0,895054.0,23766201.0,1116244.34664309,23658553.0,9453564.34040451,2727232.0,4423829.0,3252353.0,,1657327.0,3422074.0,2530492.0,445375.0,14055597.0,1444140.0,15829467.0,8585266.66666667,10903547.79762056,1187710.0,4003980.0,16904151.0,3077870.0,1878359.0,1199647.5480193,22130641.24239446,73880698.0,2823021.0,1065998.0,313632.0,271291.0,11329742.0
2022-08-11 09:15:00,1008953.10094387,2140171.0,446510.0,1410533.0,12384073.0,277432.0,10270510.0,2536510.0,23053907.12940439,7142902.0,838963.0,28800337.0,1285185.0,2187872.0,130942734.0,451991.0,3594584.0,18301766.0,2333537.0,422152.0,14865139.0,823432.45179762,22787391.0,11532540.22090717,3998702.0,3462090.0,3480693.0,,2778338.0,1918049.0,3077633.0,508318.0,15810624.0,1009220.0,19479706.0,5040626.66666667,8334950.6916823,943196.0,5658525.0,13862195.0,1526395.0,1449248.0,3412507.49036375,21164541.24100427,75321498.0,3201408.0,1127878.0,1702218.0,303393.0,9154644.0
2022-08-12 09:15:00,869158.77925888,2281608.0,1412625.0,548472.0,4614341.0,217139.0,10369410.0,2052510.0,13774861.81997193,4540159.0,1140717.0,8861089.0,2021290.0,1327610.0,351208960.0,1803777.0,3022304.0,8850370.0,2904816.0,435760.0,9420634.0,1496717.48495694,10792853.0,6803954.96403517,2463516.0,3562286.0,3476671.0,,1396522.0,1041383.0,3355489.0,712782.0,17998843.0,978060.0,40876891.0,13279062.66666667,12861565.5074191,1572048.0,5225265.0,12154012.0,1384417.0,1472354.0,2284869.66767078,22332937.93418981,95942333.0,1771561.0,761420.0,1159339.0,269932.0,7092398.0
2022-08-16 09:15:00,2030546.26194968,6820860.0,596342.0,911189.0,7051498.0,302627.0,8044640.0,1522190.0,18326553.38656944,6679663.0,776409.0,7844356.0,1314065.0,1700743.0,250686966.0,1431568.0,2784861.0,12563756.0,9780995.0,1213957.0,11154059.0,1609047.95916026,13804836.0,9121228.55859142,3083931.0,3004430.0,2747244.0,,1313624.0,1426893.0,4085782.0,963726.0,8309725.0,1321660.0,31230003.0,11298246.66666667,6717571.78152114,1710276.0,6555990.0,10721167.0,1635836.0,839942.0,1826774.20399702,27821366.3930593,69207437.0,2222701.0,1035928.0,1476050.0,270299.0,4774208.0
2022-08-17 09:15:00,1556986.30862923,3694850.0,502434.0,817912.0,7674390.0,313179.0,23444140.0,9435810.0,12973054.01553836,8812954.0,1102323.0,6119157.0,2169055.0,1654567.0,258066522.0,1052560.0,4649125.0,12384350.0,8775717.0,2510869.0,12297570.0,1738314.85009986,9058040.0,8449562.88321809,1768441.0,4067324.0,2349839.0,,3383334.0,1748371.0,2197165.0,623749.0,19674110.0,792000.0,15694770.0,11225465.33333333,6705968.65812863,1209377.0,6599875.0,12054183.0,1828327.0,1622326.0,3058428.88608169,26417374.57938168,54008422.0,4280823.0,863500.0,1594684.0,341063.0,10401476.0
2022-08-18 09:15:00,3610866.16269324,3836669.0,580509.0,599877.0,9449924.0,451908.0,8353540.0,3616590.0,16134541.18737881,10354897.0,1201720.0,4233196.0,5137920.0,591901.0,303566870.0,1010995.0,2829269.0,8342138.0,7123366.0,805655.0,6755688.0,1488552.98227455,13137856.0,10470881.30661093,2407824.0,4635706.0,1806855.0,,3661316.0,2519639.0,2659857.0,442229.0,9585888.0,978420.0,42597708.0,11360485.33333333,7533614.8014174,1498235.0,4383855.0,9013662.0,2989998.0,1430659.0,3230330.7096816,19994252.94927266,49396425.0,3041422.0,827663.0,1748382.0,300992.0,16888260.0
2022-08-19 09:15:00,6299357.44986685,24506694.0,719126.0,581829.0,7553270.0,223883.0,11004270.0,5126830.0,17598695.65632811,13743828.0,654004.0,8783707.0,1928705.0,1151041.0,295737750.0,815566.0,2880969.0,8063702.0,3992396.0,510610.0,8116871.0,1345353.21209951,10787199.0,11041430.05104779,3660413.0,4739884.0,1961510.0,,4563906.0,4134598.0,2513148.0,572597.0,9599472.0,733960.0,35382493.0,9829530.66666667,9618504.63563175,961803.0,3815695.0,11087222.0,1708425.0,1398410.0,1788932.68389855,27556703.26653831,57134813.0,4577717.0,751505.0,1284783.0,641293.0,17253908.0
2022-08-22 09:15:00,3581260.99754818,14693558.0,723542.0,2336567.0,4994311.0,388178.0,10608620.0,3722010.0,18811110.87271376,8118490.0,993053.0,10390480.0,1692810.0,928071.0,226773007.0,962585.0,3616799.0,8234066.0,2575136.0,570304.0,7407485.0,1433099.77756657,13848023.0,12030292.78407988,2662510.0,3950555.0,2303053.0,,4162757.0,3175874.0,2443323.0,488485.0,11400211.0,795880.0,31231393.0,9190493.33333333,9629642.92913327,966451.0,4246725.0,9676954.0,2860170.0,1536532.0,2193237.21374664,24929766.49056898,74037526.0,2157609.0,947292.0,3129067.0,345960.0,12900580.0
2022-08-23 09:15:00,4298379.23706206,13515300.0,497236.0,831446.0,6594634.0,172256.0,10886030.0,7064070.0,30535788.63578766,8229797.0,1868332.0,9344364.0,1398150.0,1604447.0,218585102.0,1878493.0,3753715.0,14966884.0,2725513.0,396875.0,8605014.0,1325583.90185971,13254855.0,9893550.3290015,3030759.0,5551574.0,1751341.0,,2214300.0,1811509.0,4449168.0,558231.0,14362373.0,857620.0,24268146.0,8903752.0,9839895.84285665,803737.0,4383165.0,8597965.0,2314528.0,1849256.0,1913410.38285881,29449370.18481861,70531639.0,2875768.0,1417877.0,2092763.0,379309.0,17028776.0
2022-08-24 09:15:00,3583124.01455731,6558722.0,956039.0,1182154.0,6875820.0,245586.0,9530960.0,2649190.0,20796527.86463263,14922081.0,1562062.0,10825973.0,1467185.0,856684.0,116401002.0,908017.0,1494361.0,13455520.0,3475352.0,324008.0,6538727.0,1262043.39056337,10494109.0,12020816.51483143,3685015.0,2888426.0,1781643.0,,1415625.0,1534933.0,2570071.0,442582.0,20602844.0,675360.0,22730039.0,13007225.33333333,10542560.02308729,684029.0,2029850.0,11930650.0,3223687.0,1691923.0,1371924.90201794,20231347.10363883,55686404.0,2180800.0,672569.0,633681.0,223101.0,7429170.0
2022-08-25 09:15:00,3216198.32975937,6287921.0,414795.0,615392.0,6320890.0,374693.0,13542960.0,3693150.0,22580260.65420681,9849958.0,1112617.0,13077805.0,1552875.0,1244869.0,81137105.0,872172.0,3316314.0,11823040.0,2146845.0,363945.0,6818164.0,1124008.64852219,9827829.0,8219939.47800813,3775014.0,4331088.0,1525852.0,,2204409.0,1121363.0,1769049.0,525721.0,12889454.0,518180.0,14620592.0,12124365.33333333,8003229.57639898,1286241.0,3292195.0,15473450.0,5016244.0,1946930.0,1282959.62491497,18644020.96257517,42186335.0,2734931.0,732577.0,1144010.0,470687.0,8753902.0
2022-08-26 09:15:00,2987427.6766384,8513113.0,342452.0,1384783.0,4613713.0,453561.0,7591390.0,2071780.0,31345099.44774882,5928897.0,1264070.0,12673156.0,818685.0,1742915.0,87939030.0,1352913.0,2195046.0,7706176.0,4009744.0,475372.0,11051127.0,1065296.95605542,5976725.0,7369759.74718699,3662548.0,3079136.0,3070661.0,,3343088.0,1119310.0,4325600.0,398063.0,30724938.0,559780.0,12105053.0,7966045.33333333,10921187.10064008,869870.0,2107620.0,12855886.0,1542618.0,1457962.0,1269545.80053769,18638639.34814768,71257092.0,2624896.0,2398253.0,1047852.0,415698.0,7904194.0
2022-08-29 09:15:00,1984658.51372483,6652807.0,914112.0,1031166.0,5904146.0,608621.0,9967350.0,3079400.0,27834222.92537483,5878942.0,1305557.0,8757016.0,966050.0,1436918.0,98493347.0,1007479.0,4974880.0,8653178.0,2582228.0,339203.0,7716457.0,1472854.75025708,7755134.0,12036186.18663205,1642550.0,8079050.0,2728484.0,,3639673.0,1183546.0,2554692.0,459057.0,10928330.0,969240.0,9198908.0,7517013.33333333,20169836.94604559,737193.0,2128080.0,9421339.0,2068888.0,2539173.0,2207937.55870826,19293187.10599219,59895805.0,6118233.0,1149676.0,575626.0,366457.0,23519514.0
2022-08-30 09:15:00,4528340.69518887,9490984.0,848217.0,1426459.0,9193270.0,740581.0,17313810.0,7661440.0,25458373.54174498,8894800.0,1571042.0,12991363.0,2359905.0,1236651.0,162054037.0,830066.0,2998417.0,10135400.0,3057037.0,918526.0,8824878.0,2263006.54388242,12544701.0,18888368.95181499,3200407.0,6725875.0,2321586.0,,3885850.0,1394462.0,5078317.0,1016312.0,24663153.0,2195020.0,21720398.0,7214498.66666667,23524952.66335411,1086386.0,5142225.0,14835308.0,3672052.0,3431525.0,2725846.61354582,23886924.2367812,67401780.0,4453769.0,1794736.0,1311053.0,467147.0,19750992.0
2022-09-01 09:15:00,1938654.26249941,3888408.0,390072.0,1417762.0,9353805.0,510034.0,14625790.0,10171920.0,33768969.87955698,11869518.0,1528731.0,9682321.0,1656700.0,1592544.0,192477817.0,1368971.0,2953921.0,22403136.0,3491926.0,838699.0,14093149.0,1729059.44472017,15877583.0,14042236.63994007,3487969.0,8140604.0,2472832.0,,4207842.0,2014905.0,4913035.0,888864.0,14554158.0,1581240.0,20349294.0,13109081.33333333,20241984.71348524,2045072.0,2217970.0,16670228.0,2939235.0,3546935.0,6304362.83321997,22171057.18330878,52454732.0,6112823.0,1438313.0,738051.0,386222.0,11778706.0
2022-09-02 09:15:00,4985818.07943051,8840020.0,735146.0,740821.0,7767812.0,556543.0,9063700.0,6944080.0,37018690.13991946,5693707.0,1655229.0,4599518.0,1008280.0,1038097.0,137946710.0,601429.0,1750283.0,12038086.0,3282784.0,776170.0,10102220.0,952356.02326637,8401284.0,27288752.69908541,2428618.0,5175653.0,2022058.0,,3331376.0,3201140.0,2316436.0,632909.0,25106698.0,624820.0,17495310.0,6897237.33333333,13216140.39184499,1141002.0,2321585.0,10017930.0,1963435.0,2052900.0,1908463.70615101,17900132.44222675,45601352.0,1645341.0,800453.0,462018.0,268505.0,9815080.0
2022-09-05 09:15:00,3801245.4686261,5434684.0,522750.0,518438.0,5894055.0,799837.0,7070250.0,3700530.0,24073575.15241164,3660135.0,1275368.0,4909470.0,1581715.0,561306.0,84539046.0,790452.0,2279812.0,12131932.0,1218242.0,930716.0,14707728.0,1294125.47780192,8744999.0,18509612.69309537,2419887.0,3669352.0,4930594.0,,3806770.0,2474746.0,2271837.0,386455.0,15226001.0,994480.0,14865879.0,18055474.66666667,11516733.32532915,440939.0,2988435.0,7819994.0,2808538.0,2147912.0,1572651.46730153,15533813.88590495,40352735.0,1677079.0,733481.0,633249.0,385312.0,18018508.0
2022-09-06 09:15:00,2660775.9450378,3380947.0,1078704.0,540937.0,7606181.0,508096.0,7919050.0,5077980.0,28364122.45700968,10166270.0,1369910.0,5307321.0,1129375.0,355149.0,70186636.0,833843.0,2108615.0,12238696.0,3339197.0,481401.0,6180669.0,1270460.81202754,9879326.0,12681727.23375866,2516672.0,3428442.0,3295941.0,,2767854.0,1172733.0,1930221.0,397902.0,27866331.0,1187400.0,10870488.0,14103701.33333333,11081394.79809089,1792194.0,8058715.0,8657868.0,2252661.0,1936453.0,2652566.56301623,16242363.30381865,59505849.0,3051076.0,680071.0,342940.0,341220.0,18226162.0
2022-09-07 09:15:00,2255941.42105411,8930248.0,396347.0,682921.0,10156460.0,724097.0,7919940.0,3207730.0,14016218.06211857,126794211.0,2471263.0,12751679.0,1073975.0,662832.0,59843737.0,800859.0,2709547.0,9776206.0,3210212.0,551689.0,7043379.0,1366131.15025217,8814960.0,8566064.31745542,3165749.0,3600574.0,2310672.0,,1976258.0,1238549.0,3162428.0,496785.0,19415892.0,1114720.0,12042788.0,7866745.33333333,7613389.30384564,839563.0,3464835.0,8445359.0,1698682.0,1291534.0,1338047.20143815,34394144.60831378,43945660.0,2615897.0,438635.0,887074.0,918604.0,12248532.0
2022-09-08 09:15:00,1608786.84188306,7943521.0,562760.0,1143090.0,13410790.0,493973.0,7722510.0,4301170.0,13824856.87013071,10648073.0,1755391.0,7677716.0,1577545.0,640524.0,128430049.0,608747.0,3214686.0,11164690.0,2397242.0,519141.0,12076714.0,1020342.42013635,12163106.0,11559173.3577329,2995969.0,4061475.0,1889770.0,,2412183.0,1632797.0,4026323.0,428924.0,11595205.0,1092940.0,14629497.0,7187736.0,7174770.5315473,1205449.0,3184610.0,12240707.0,1772605.0,1346113.0,1108268.1469245,32027999.97304919,71228405.0,2634786.0,754150.0,604853.0,879685.0,14064948.0
2022-09-09 09:15:00,1664687.66215697,18369177.0,476210.0,702805.0,8732302.0,485613.0,6496070.0,3957300.0,16733653.78845339,4627905.0,1092235.0,8436280.0,1570630.0,567370.0,139369425.0,695730.0,2206526.0,15128888.0,1230807.0,522672.0,8000436.0,1813542.44373804,9936230.0,9966871.96913062,4751837.0,4816910.0,3953738.0,,2817973.0,980869.0,3415016.0,632296.0,16415150.0,968680.0,12327341.0,9162028.0,8453519.76463305,548609.0,3022760.0,18587927.0,1405210.0,1561185.0,894806.95105756,23676931.95230193,63647166.0,3394349.0,777186.0,594999.0,567059.0,14671342.0
2022-09-12 09:15:00,1698836.4443243,12571292.0,331303.0,641280.0,15521649.0,369281.0,8347160.0,4250820.0,39074685.20264754,2654087.0,936787.0,19053188.0,1262745.0,761569.0,64044347.0,420093.0,2517615.0,11080492.0,2014300.0,313906.0,5530132.0,1620822.39497692,6016978.0,9230160.63075158,1918731.0,5494819.0,2582240.0,,1483681.0,791708.0,3077887.0,383641.0,15469466.0,871200.0,13500202.0,8778920.0,7559422.77380078,1002755.0,4745365.0,9677415.0,1571387.0,1785928.0,1316463.81951867,14845624.82642233,40838533.0,5230075.0,808360.0,733357.0,488043.0,11678424.0
2022-09-13 09:15:00,3587538.75657894,9651873.0,309270.0,776044.0,9887516.0,507487.0,13827000.0,10413183.0,18851946.91368354,8335652.0,1144685.0,9884429.0,2209365.0,528699.0,199032705.0,812193.0,2442828.0,13001966.0,10170913.0,766550.0,7628228.0,1363252.54853509,10400475.0,11145032.31766418,3571187.0,4947158.0,2094822.0,,1584581.0,1761021.0,2460291.0,405093.0,15644741.0,1022920.0,10846178.0,11278384.0,9036896.69871643,1160040.0,3598305.0,16707275.0,2216354.0,1972678.0,3351161.41126551,17659248.46520435,44179394.0,2483685.0,1536444.0,934852.0,412295.0,9408334.0
2022-09-14 09:15:00,2825287.46084391,8500355.0,362669.0,816678.0,10494713.0,576311.0,14933880.0,3784309.0,48838506.99844403,6645392.0,998799.0,7705022.0,1723540.0,508971.0,119824317.0,710564.0,6761712.0,20219760.0,3032306.0,519643.0,12387075.0,1635393.15772624,14712947.0,12995598.85718926,9043198.0,14332197.0,2755630.0,,3742429.0,2322752.0,2955136.0,509547.0,38751148.0,1232020.0,8597956.0,25072958.66666667,8822949.37870308,800852.0,3689160.0,21632641.0,1889322.0,5090269.0,3865560.11725456,17160974.57463453,86379872.0,5179539.0,915281.0,786238.0,543948.0,17583964.0
2022-09-15 09:15:00,4862905.35182824,8703534.0,427750.0,590182.0,5996899.0,351737.0,7174200.0,3051984.0,25552945.0,5485310.0,927244.0,5386854.0,1881365.0,1625125.0,88185944.0,1078095.0,2995215.0,13539372.0,2651988.0,1010823.0,13039806.0,1218790.21592733,16253099.0,8918681.11642809,4063705.0,12784100.0,2887795.0,,3747498.0,1566565.0,2555055.0,1392132.0,29483891.0,669100.0,10810473.0,23606369.33333333,10538471.28243483,1441219.0,4760095.0,12749947.0,1780723.0,2138023.0,1718405.84815211,17154766.42108752,62926791.0,3392174.0,753648.0,552868.0,437578.0,10640314.0
2022-09-16 09:15:00,5863739.32773232,10712402.0,458526.0,1598265.0,11467351.0,579176.0,11870360.0,3277213.0,27675466.0,20211162.0,2850439.0,8750965.0,1893520.0,957393.0,196537446.0,1031804.0,5095937.0,20560046.0,7125860.0,1906557.0,14826674.0,2556429.9130517,11966860.0,13234837.31211404,16270762.0,20464045.0,4073365.0,,5168822.0,3881617.0,9047956.0,1056382.0,26126152.0,2323260.0,20909579.0,29399642.66666667,20554885.72564682,1717631.0,5117185.0,14739280.0,5625488.0,5322221.0,4844879.62783014,34771496.98517181,107967267.0,6635089.0,1425731.0,936253.0,831639.0,20192486.0
2022-09-19 09:15:00,3188353.08162293,7922869.0,266140.0,1013563.0,11427799.0,454942.0,16481170.0,2309647.0,18503444.0,5760313.0,2073673.0,4011597.0,1506440.0,517408.0,70453100.0,517390.0,2686561.0,12076038.0,4657454.0,534862.0,6080201.0,1185087.01071402,11235656.0,15218666.99991211,6074889.0,6595241.0,1708723.0,,1675912.0,1755456.0,4476773.0,727024.0,13304030.0,1072620.0,19411428.0,13920046.66666667,7706672.5119209,859607.0,1969205.0,11194003.0,1920725.0,2072220.0,1728409.5326013,25237008.80467782,51146568.0,2485826.0,808421.0,625902.0,808807.0,13584188.0
2022-09-20 09:15:00,3442203.8408668,7539047.0,1173769.0,708184.0,8274079.0,268923.0,16134500.0,2832208.0,13735873.0,7936714.0,2491392.0,6890375.0,2957845.0,854400.0,77904810.0,1023153.0,1836721.0,10781668.0,8499419.0,1009201.0,8758050.0,1273058.05429662,12090663.0,10091848.54635147,5704241.0,7219797.0,1802967.0,,1612730.0,1666658.0,3780649.0,747257.0,15395199.0,1676000.0,13080582.0,20162973.33333333,8551728.8477616,671787.0,3808500.0,8484017.0,4408042.0,1544295.0,1566101.44786707,29082352.03154109,52140254.0,2321528.0,844553.0,551632.0,373825.0,8989822.0
2022-09-21 09:15:00,6278631.25676529,13178269.0,1177984.0,605378.0,6567084.0,197924.0,12392620.0,2080898.0,16931740.0,9966193.0,2283817.0,5673523.0,1894725.0,883098.0,59131994.0,1132011.0,1819649.0,9072304.0,2075187.0,447919.0,6859320.0,1990896.40683365,8917640.0,22238859.94020764,6121456.0,7917054.0,1806929.0,,2238276.0,1618385.0,2887754.0,440725.0,7370283.0,925980.0,11156865.0,14468837.33333333,9360863.30586578,453755.0,3779985.0,9392526.0,4153228.0,2253818.0,1095753.166197,17940483.78389124,46142823.0,2760138.0,1052572.0,1496404.0,616165.0,19290112.0
2022-09-22 09:15:00,3598985.94963503,8855564.0,511789.0,829396.0,7804275.0,149651.0,12810390.0,4480817.0,20701188.0,7721133.0,1634304.0,7677219.0,2391915.0,659825.0,34716572.0,477982.0,2315711.0,12048144.0,3493307.0,328914.0,8704463.0,2661477.54522556,11125669.0,25616105.89560641,5463724.0,9168498.0,1504203.0,,1857227.0,1875115.0,2010645.0,511112.0,7447846.0,1558620.0,11366882.0,26264530.66666667,10480083.36096244,932867.0,4041540.0,11869435.0,2317690.0,2017983.0,1270562.06070029,22528219.81001089,61380323.0,3867282.0,1352472.0,878084.0,492098.0,16500324.0
2022-09-23 09:15:00,3094519.70916315,6646619.0,1205497.0,513370.0,10278805.0,158122.0,14123310.0,2759913.0,15215768.0,9271829.0,3268298.0,5495315.0,1659940.0,436539.0,56730282.0,638961.0,2569608.0,15806252.0,2118150.0,408930.0,9228856.0,1817958.87290737,15927517.0,24195269.36227538,4197496.0,10426200.0,1558314.0,,2613759.0,1948766.0,4639618.0,574213.0,12264388.0,716840.0,10407849.0,87162722.66666667,9686953.59081091,415333.0,5578410.0,12563239.0,4802181.0,2652374.0,1244433.84996599,22264560.45644867,109765520.0,3230711.0,1226889.0,743035.0,570526.0,13966710.0
2022-09-26 09:15:00,3220749.16378167,9880236.0,843901.0,1429914.0,11090327.0,517637.0,18752050.0,4915173.0,41567351.0,13144297.0,1219450.0,7832594.0,2055290.0,979894.0,65832873.0,784075.0,4182702.0,8923486.0,3974804.0,610918.0,13092570.0,2720706.24837476,14208640.0,17168297.36698591,5082576.0,9414587.0,2192702.0,,2285176.0,1529101.0,3345338.0,865432.0,21951865.0,2261700.0,12848954.0,167547134.66666666,12687648.63266212,1271968.0,3960710.0,16158750.0,3760536.0,2925489.0,1449428.91037476,55043427.32521808,101291962.0,3314114.0,1371409.0,877826.0,497458.0,18994144.0
2022-09-27 09:15:00,3656268.30991572,11598728.0,651304.0,1455383.0,11358306.0,344198.0,11428290.0,2624336.0,28782718.0,5965026.0,2343041.0,5795048.0,1485445.0,651919.0,79641870.0,571544.0,3545337.0,12639700.0,2994372.0,740040.0,14934966.0,1928379.75952137,12493809.0,10584449.28198308,4493527.0,8561254.0,2512782.0,,2740144.0,1443698.0,3588217.0,686285.0,8367800.0,1386280.0,14465123.0,54127096.0,16424242.09045678,821405.0,3060765.0,11066799.0,3096645.0,2227447.0,1853223.28571891,36329205.19838757,104949032.0,4448875.0,1246270.0,599701.0,467962.0,12454694.0
2022-09-28 09:15:00,2329886.80341645,7040943.0,395837.0,1843428.0,13170668.0,181128.0,8690690.0,2114266.0,24892912.0,5546932.0,3450534.0,6134706.0,3133240.0,670814.0,64334024.0,550309.0,4154139.0,11816132.0,3564554.0,923391.0,10751444.0,1550216.40960012,11411458.0,16476643.06688592,4898528.0,7022098.0,2164186.0,,1771117.0,1853503.0,3361451.0,663740.0,14261815.0,2110340.0,15267018.0,52877873.33333334,17280524.83920961,1102669.0,7037355.0,12233485.0,5559336.0,2739767.0,1432363.02756454,30005324.57991546,71724106.0,1965519.0,1419969.0,341570.0,378895.0,8921590.0
2022-09-29 09:15:00,15527089.98908274,7476709.0,631907.0,2624894.0,12090981.0,350931.0,9696320.0,2418856.0,74476855.0,5413233.0,2093772.0,8962595.0,5442790.0,578779.0,76969699.0,543945.0,2928360.0,14410388.0,5428542.0,1057406.0,14020084.0,2051451.66391458,13803629.0,19367118.12563288,4998273.0,6119965.0,3577828.0,,2799627.0,2377718.0,3474302.0,817007.0,17623352.0,1743900.0,20597761.0,36761869.33333334,14916514.56889231,1382993.0,8863220.0,17310168.0,8519098.0,2493902.0,1150721.30178473,34330352.02091898,60884592.0,3176310.0,1177076.0,513074.0,407574.0,11883068.0
2022-09-30 09:15:00,4441245.93876211,10406215.0,761064.0,2159720.0,9536017.0,276996.0,16186650.0,2788387.0,28502920.0,7469164.0,1834565.0,12875386.0,3164565.0,517861.0,71494895.0,815280.0,3229901.0,15781756.0,3216079.0,706844.0,17706821.0,1361143.87628221,13175031.0,13166048.81408823,4392250.0,8120130.0,1588501.0,,2804653.0,2339518.0,3320684.0,658982.0,12015533.0,1619460.0,33530494.0,62897614.66666666,18923440.75456651,1344894.0,3689185.0,17466950.0,4182345.0,2817353.0,1453898.8355521,34703507.1029296,66436616.0,3848885.0,1453944.0,721128.0,442887.0,13570530.0
2022-10-03 09:15:00,7813791.29528758,12903551.0,454169.0,934543.0,6405645.0,442640.0,8201980.0,1464138.0,21407465.0,12619046.0,2601710.0,11397506.0,3476290.0,2180504.0,44528871.0,474888.0,1598950.0,11541112.0,2951085.0,658511.0,8504297.0,1709687.28806942,8232026.0,9652434.62990587,3397982.0,4943169.0,1285991.0,,2440064.0,1850414.0,3150821.0,1123076.0,10528629.0,1040920.0,50966493.0,11740864.0,12050395.49092976,981699.0,3393565.0,9351162.0,4444578.0,1763331.0,1672856.33887215,33678454.4887082,37282313.0,2431236.0,1049142.0,487553.0,337932.0,8140834.0
2022-10-04 09:15:00,5817383.50550518,10445528.0,307009.0,994382.0,5438934.0,317554.0,11914950.0,1806381.0,14768228.0,5772140.0,1911413.0,10862095.0,1543270.0,961129.0,47077008.0,515673.0,2331351.0,11538526.0,2257640.0,391128.0,9017446.0,1348838.20945001,8975095.0,9326105.60568236,4446589.0,6631341.0,1384242.0,,1668922.0,1637532.0,3011962.0,503140.0,9013773.0,745780.0,14137567.0,19179333.33333333,9098093.42640212,420656.0,2886230.0,8745887.0,1856830.0,2145875.0,1254096.41920124,21137909.78616737,40186702.0,2715420.0,1291070.0,669791.0,307268.0,12591696.0
2022-10-06 09:15:00,2933365.12937349,6175752.0,272050.0,922770.0,9376433.0,353529.0,15100600.0,1661891.0,20520361.0,6503205.0,1561938.0,12795784.0,1231195.0,530684.0,59866072.0,616107.0,3713623.0,12549198.0,3033739.0,463669.0,11758976.0,1779929.6392138,12116698.0,23555697.99398779,2773277.0,6180672.0,3704140.0,,1748151.0,2771898.0,3531469.0,474445.0,6456408.0,1340720.0,14570735.0,20692745.33333333,13574841.46767284,900769.0,4285510.0,9507322.0,3449485.0,1790816.0,2092283.30580119,21154099.35200739,48169310.0,2397633.0,1409852.0,572255.0,495617.0,11203878.0
2022-10-07 09:15:00,1990113.53475156,6086925.0,501530.0,774544.0,7500540.0,591544.0,9911960.0,1150275.0,20045623.0,6025982.0,1182984.0,14641624.0,1338865.0,458833.0,170879536.0,691368.0,2174327.0,13297994.0,2762228.0,1065099.0,5241693.0,1042069.05765519,9705750.0,11130064.1557624,3338767.0,3994466.0,1601796.0,,1063844.0,1469264.0,3501889.0,428616.0,8825983.0,792260.0,13532236.0,14282850.66666667,7842995.44312498,570691.0,5047815.0,11065307.0,1762328.0,1939879.0,1066776.59281573,17675106.75284016,36080875.0,1539126.0,5284814.0,633829.0,454883.0,7580186.0
2022-10-10 09:15:00,1640106.56003652,4642360.0,207878.0,734377.0,14106654.0,240975.0,6531130.0,1229639.0,11511957.0,3519416.0,1583891.0,10850668.0,1218745.0,412736.0,87158481.0,771400.0,2758812.0,13109302.0,2979552.0,1076512.0,6519737.0,1060154.27415931,7357588.0,9946635.4464717,2547644.0,5274677.0,1089870.0,,1037722.0,1656954.0,2230590.0,411218.0,10484521.0,692380.0,10183057.0,16834226.66666667,6435087.38691801,539842.0,3026365.0,9649292.0,1683827.0,3064063.0,2362671.26615489,54519497.59412277,36641275.0,1660433.0,1290447.0,532783.0,282642.0,18714926.0
2022-10-11 09:15:00,2623270.22685402,6193388.0,258216.0,1411316.0,15953495.0,258827.0,7322060.0,1402150.0,11739022.0,3699862.0,1538943.0,19154740.0,1486910.0,661794.0,70171064.0,409465.0,3134969.0,14521620.0,2358152.0,407068.0,7054654.0,1147563.614584,11130051.0,11240111.76861777,21664338.0,12824774.0,1644047.0,,1496718.0,1047963.0,1569478.0,422610.0,13805741.0,1098520.0,13176461.0,17807162.66666667,9368862.3453642,712461.0,2086380.0,10825440.0,2426935.0,4730645.0,1980719.39882745,24251719.51330844,41083734.0,2310765.0,1067626.0,670168.0,276525.0,22723292.0
2022-10-12 09:15:00,3064751.64601728,5628537.0,621343.0,1812549.0,21228018.0,496229.0,7407310.0,1538819.0,6659580.0,5984299.0,1231143.0,9256951.0,1470100.0,660964.0,67799710.0,412170.0,3502390.0,9225050.0,1768526.0,401910.0,6584436.0,896767.72539383,14557532.0,10951520.43731416,3412460.0,5481467.0,1530483.0,,1035118.0,1907748.0,2884899.0,380365.0,12496248.0,774960.0,9401804.0,35288330.66666666,7540800.93935292,721135.0,2322665.0,8522604.0,2875040.0,1665247.0,1389727.67466719,23665428.31666054,41357469.0,2192421.0,1131702.0,402168.0,223353.0,12610118.0
2022-10-13 09:15:00,1897238.99229647,7491563.0,277038.0,779890.0,13024911.0,336605.0,6086550.0,1065166.0,7795689.0,2842056.0,1438932.0,7231841.0,1513920.0,753969.0,73750800.0,751079.0,9698562.0,14714234.0,1463375.0,239037.0,16565725.0,765186.9831093,11563124.0,7698315.61522943,1982808.0,4821514.0,938662.0,,1172979.0,1303645.0,2137351.0,355605.0,9447511.0,605540.0,13320136.0,16436904.0,7450712.05991239,689562.0,2016655.0,12972765.0,4498223.0,2054781.0,1213127.16613222,20844213.43782891,34668093.0,1344162.0,1038687.0,286921.0,314360.0,84896212.0
2022-10-14 09:15:00,1386091.87179185,4562526.0,254366.0,845765.0,8220645.0,499983.0,8390120.0,1239168.0,7476515.0,3608210.0,1131139.0,6241886.0,1244005.0,387253.0,85139332.0,568199.0,7424383.0,12849920.0,2214367.0,250851.0,6115990.0,1017298.25311232,8199540.0,6806509.16025183,2918993.0,14990688.0,1386827.0,,1670238.0,1819114.0,1696759.0,274160.0,9588164.0,441300.0,13205955.0,23365190.66666667,9257955.25516628,717290.0,3429520.0,8545479.0,3307000.0,2245977.0,1294344.97781233,21326812.90016628,32456805.0,3492929.0,1326916.0,441023.0,249291.0,27864794.0
2022-10-17 09:15:00,2046842.24802953,4602870.0,254734.0,1067773.0,9463827.0,921084.0,6174010.0,1551410.0,9943468.0,4566333.0,1076392.0,5623812.0,1050700.0,492114.0,56007734.0,711265.0,2136170.0,18410500.0,1486039.0,257635.0,8966396.0,791176.67334748,8936947.0,7340599.95835929,3419791.0,4286396.0,2281559.0,,1104283.0,2588147.0,2158727.0,304671.0,13426449.0,348500.0,9320940.0,9520537.33333333,17008357.02460404,1615547.0,1567175.0,13485349.0,2647369.0,1517005.0,952132.52680336,15807860.46756035,37568783.0,1426207.0,1111199.0,418522.0,453912.0,16909538.0
2022-10-18 09:15:00,1685766.45726026,7372253.0,387469.0,1015424.0,8470882.0,496519.0,9069750.0,1661431.0,21766333.0,4391263.0,960283.0,6674374.0,721180.0,522357.0,49431277.0,471755.0,2487826.0,10561108.0,2757284.0,454003.0,7081590.0,1141053.74923298,8097552.0,22127980.70394701,3451130.0,4692004.0,1809430.0,,1609858.0,1401849.0,2722206.0,369973.0,20635735.0,1070220.0,6490293.0,13256574.66666667,12622883.06884659,1367703.0,4394830.0,20440781.0,2065146.0,1793722.0,1378319.04090953,23546499.4413471,30722156.0,2395805.0,771852.0,651226.0,558284.0,22328480.0
2022-10-19 09:15:00,1439804.91005504,5222275.0,249672.0,943543.0,10868663.0,456361.0,6271770.0,1804532.0,22878764.0,5219180.0,1300144.0,13886387.0,860840.0,645494.0,52638798.0,1082599.0,2517099.0,12967040.0,2135162.0,375698.0,6208852.0,1261525.36414286,5529462.0,17263951.00887663,3896969.0,3553171.0,2157157.0,,913286.0,1636141.0,1449579.0,385416.0,6947654.0,2609600.0,7381712.0,11595368.0,19568133.37753991,947326.0,1833905.0,9540583.0,2424533.0,1194289.0,1128896.00136041,14325190.08038149,38764542.0,1304927.0,1001916.0,451427.0,919146.0,10198278.0
2022-10-20 09:15:00,2279836.9081712,4481441.0,370651.0,2284352.0,11813817.0,310251.0,10260540.0,1438398.0,25579790.0,4756732.0,1633570.0,10755972.0,1287620.0,515240.0,57513138.0,430643.0,3931399.0,7898078.0,2285817.0,364460.0,8222063.0,1450600.94467501,8107159.0,19571971.86608062,11242103.0,4583939.0,2686775.0,,1591107.0,1374019.0,1831346.0,328270.0,12020720.0,2257080.0,18748363.0,16371066.66666667,8862431.28062838,878595.0,3339120.0,11225588.0,1669666.0,1587601.0,967230.67081268,17801537.42308807,38091315.0,1852905.0,1022636.0,439690.0,476962.0,11868814.0
2022-10-21 09:15:00,1155534.49566212,5266210.0,364601.0,1738731.0,58057724.0,207556.0,23869600.0,2734130.0,19880033.0,4807736.0,1349759.0,3285505.0,1002975.0,532326.0,65825881.0,471486.0,2071897.0,10492606.0,4221644.0,360297.0,7988528.0,2496990.95212007,17022807.0,28997871.22100115,5309754.0,3594485.0,2547197.0,,3941971.0,2225676.0,1750934.0,356203.0,7414335.0,1143860.0,11945173.0,11634492.0,8380931.40014033,1020728.0,5002910.0,11767639.0,1791608.0,1021913.0,1712943.95588378,17027066.95531747,30973997.0,1202009.0,986521.0,458912.0,307899.0,8931540.0
2022-10-24 18:15:00,255944.72025413,665021.0,30919.0,178709.0,3085307.0,29986.0,2278840.0,499690.0,3728536.0,522406.0,129688.0,730136.0,158840.0,63729.0,7775480.0,56290.0,398105.0,2167794.0,389166.0,35097.0,793366.0,731237.96928077,4390050.0,3358872.90480336,674170.0,982837.0,834558.0,,649081.0,269400.0,318933.0,30052.0,685185.0,903960.0,2154912.0,1132860.0,3426236.89361454,157253.0,395760.0,3692065.0,191840.0,260949.0,296130.5185761,4755838.18167585,7480281.0,231316.0,184595.0,70262.0,56532.0,3472470.0
2022-10-25 09:15:00,906686.14844276,4485050.0,474364.0,1016316.0,13187308.0,351456.0,9098990.0,1870289.0,13217298.0,3184277.0,2210622.0,6976548.0,3118275.0,571186.0,81043498.0,708687.0,3068136.0,13773394.0,2362781.0,410336.0,6156624.0,2969803.82349613,15838120.0,18266275.44714518,3514202.0,3914341.0,4787246.0,,3511650.0,2136147.0,2809493.0,727441.0,8131380.0,1427060.0,10232002.0,20622688.0,12437259.53038963,1260061.0,4718435.0,19899324.0,2119595.0,2069643.0,882643.20765718,29781349.04243624,37163180.0,3097049.0,505759.0,244221.0,313500.0,5783256.0
2022-10-27 09:15:00,1141182.9755918,7110289.0,421237.0,2005709.0,11967044.0,333703.0,16414580.0,2177395.0,29990758.0,8159181.0,2359658.0,6422639.0,2207370.0,583285.0,64853360.0,568792.0,3313674.0,15937276.0,4849578.0,473043.0,9752346.0,1875386.67244175,16080842.0,19660845.39358451,2590606.0,6760137.0,8328955.0,,4593492.0,2245395.0,3279938.0,849108.0,16225577.0,2029480.0,13865026.0,24298489.33333333,12721744.23561368,1512949.0,4543535.0,13613533.0,4379157.0,2438421.0,1713055.29912869,24207891.4068907,74349009.0,2342818.0,2117791.0,441597.0,248556.0,11723118.0
2022-10-28 09:15:00,1364357.36068535,6898541.0,691801.0,715736.0,7320207.0,500485.0,8396690.0,2115388.0,20059496.0,3905093.0,1087865.0,14076967.0,1767930.0,478514.0,56787309.0,443770.0,2423629.0,10474278.0,1207153.0,717856.0,6569623.0,1183285.09136112,9854094.0,13845382.37507591,2778938.0,3053981.0,2500826.0,,3048687.0,2013794.0,2111224.0,1873029.0,16185760.0,1298600.0,22918037.0,11669880.0,17903273.52595502,528795.0,2765695.0,10043644.0,3934980.0,1355739.0,1617831.51945065,20686564.76600674,51006232.0,1542568.0,1003160.0,325536.0,151834.0,7609676.0
2022-10-31 09:15:00,593569.38490849,4487537.0,433481.0,814364.0,9038777.0,314769.0,8189860.0,2217631.0,12793983.0,5487233.0,1554670.0,8365329.0,9128805.0,678149.0,45949861.0,594278.0,2418565.0,12830528.0,1625350.0,511816.0,4257977.0,1345287.18912435,9000840.0,14647134.07949629,2048520.0,4542336.0,1380329.0,,1874348.0,3176507.0,4306893.0,1932020.0,24233760.0,1591100.0,8753855.0,11755682.66666667,12627075.34980652,539055.0,3104155.0,9894639.0,3546309.0,1919414.0,1010050.24616979,16445011.15051047,38715841.0,2629847.0,1144647.0,2085522.0,538107.0,6638382.0
2022-11-01 09:15:00,4529528.40719469,7769108.0,866656.0,939335.0,29191921.0,514106.0,7627420.0,2002317.0,26521676.0,10488759.0,1491658.0,8813106.0,5350980.0,746053.0,50425928.0,862660.0,2275488.0,19073756.0,2726938.0,368266.0,7483252.0,1300278.81908706,9823761.0,20833172.72495966,2664189.0,4542692.0,2846573.0,,2545417.0,4464211.0,3405472.0,805517.0,41101936.0,794120.0,11630848.0,15220278.66666667,14196034.84682093,1038607.0,6675575.0,12069579.0,5264069.0,2991060.0,1916797.2419266,28696797.20634667,69031178.0,4709472.0,890107.0,999663.0,429855.0,11540196.0
2022-11-02 09:15:00,2613332.41780533,11859603.0,643118.0,787012.0,11029140.0,317571.0,5859140.0,2036615.0,19881462.0,11729925.0,1479828.0,14974441.0,3708780.0,1177767.0,52915032.0,682124.0,2799322.0,12720406.0,1479779.0,565598.0,11554760.0,1359346.01988163,7690974.0,17778208.91300976,1947283.0,2938906.0,1912908.0,,1864081.0,1889651.0,2298917.0,788679.0,22146420.0,866340.0,21117499.0,12884449.33333333,9131691.15468371,369486.0,2733960.0,10241440.0,5923662.0,1405955.0,1086837.60891394,20594866.95907983,42336049.0,4104485.0,1704942.0,535001.0,255634.0,6716614.0
2022-11-03 09:15:00,1314747.70244226,6632872.0,457168.0,563798.0,10185978.0,637882.0,6323130.0,2205874.0,34173239.0,5897840.0,1992697.0,6754654.0,1766075.0,738117.0,31729457.0,370950.0,2396164.0,10332352.0,1782757.0,311401.0,7304472.0,741939.78568556,9022366.0,11373806.08979005,1742221.0,3174027.0,1639039.0,,1591871.0,1052241.0,1931917.0,616860.0,16719953.0,706560.0,7561534.0,9358216.0,6805078.7622307,431610.0,3636250.0,17557998.0,2386317.0,1422652.0,1593013.11016098,18199627.81553,39110676.0,3460133.0,1227960.0,504000.0,217701.0,10312476.0
2022-11-04 09:15:00,6301572.0378777,11128361.0,669679.0,609757.0,7323879.0,230932.0,9219250.0,6981242.0,22356935.0,3768226.0,1712836.0,5511411.0,2463380.0,631943.0,35296904.0,445799.0,1709158.0,10818060.0,1514523.0,855256.0,13317485.0,903047.01820082,7099336.0,8884968.05703248,1571565.0,4509682.0,3624889.0,,2081413.0,2312753.0,2204968.0,465775.0,14881752.0,377460.0,7498344.0,8059668.0,12785547.09486826,336277.0,3337760.0,25759031.0,1576349.0,1464013.0,951680.06834451,20335550.66277488,70299020.0,2531080.0,1172058.0,591976.0,646411.0,9023630.0
2022-11-07 09:15:00,6171207.24223892,7995787.0,356178.0,1669943.0,9931261.0,272013.0,7224940.0,2464569.0,15333789.0,7171570.0,2006468.0,10513106.0,2100085.0,505944.0,56815391.0,772154.0,2213508.0,9835834.0,2976001.0,314060.0,9887999.0,1303887.73648325,11100219.0,10647219.36909771,2601148.0,4898592.0,3121786.0,,2624601.0,1395070.0,2599224.0,469017.0,12799401.0,1354440.0,9987481.0,14862038.66666667,11986370.13016338,474230.0,2258285.0,44265903.0,2853521.0,1474498.0,1016470.70255563,24942061.88111845,74426059.0,2588984.0,1825529.0,501244.0,353341.0,8252598.0
2022-11-09 09:15:00,3848178.65085608,20088415.0,378028.0,1391333.0,10190209.0,249436.0,6896340.0,1762741.0,17033165.0,3969171.0,2068940.0,40391668.0,3565560.0,490411.0,87424592.0,616993.0,2307691.0,9269790.0,2253327.0,459177.0,13898567.0,1459050.86975773,11590409.0,21835225.95865274,3456108.0,3334755.0,1632827.0,,2322634.0,1301233.0,2459869.0,617256.0,14929008.0,1044900.0,12033732.0,22831150.66666667,11441895.71288052,992095.0,1989790.0,18939854.0,2268760.0,1162267.0,1271876.9232015,23970368.24725008,38295904.0,2697639.0,1184702.0,328444.0,312745.0,6862546.0
2022-11-10 09:15:00,2385522.65668906,9906420.0,527721.0,1375007.0,18956575.0,291055.0,10081820.0,2030748.0,12937603.0,4425290.0,2028565.0,20832572.0,2959765.0,442138.0,44332611.0,613444.0,2321667.0,12774182.0,1377280.0,706321.0,5574432.0,1482116.25006525,10009741.0,20475548.1758766,2072769.0,3435763.0,932886.0,,2510124.0,1261210.0,2792546.0,445700.0,10668583.0,779820.0,15908521.0,16217632.0,6065743.68927333,497796.0,3089160.0,11618405.0,2419991.0,1573092.0,849578.3127652,43483013.912407,27864285.0,3285774.0,1198585.0,584753.0,330402.0,5494908.0
2022-11-11 09:15:00,1522658.13246103,8777095.0,1685313.0,810288.0,19329819.0,268871.0,12333420.0,1671510.0,11075218.0,4325441.0,1513809.0,20165337.0,1625215.0,2463500.0,397758850.0,1083129.0,3923101.0,56722338.0,6425663.0,474615.0,14060782.0,1181147.97844202,17921457.0,11601307.53107551,2198448.0,7214098.0,2607860.0,,3424030.0,1203125.0,5308986.0,461074.0,16963169.0,716740.0,18492513.0,12123886.66666667,12515432.46252997,1136441.0,2488040.0,15525267.0,2390487.0,3265394.0,932250.67210831,31962385.35553121,77933417.0,5299457.0,833729.0,2812289.0,293195.0,28417046.0
2022-11-14 09:15:00,1858987.86110904,7653024.0,886587.0,811702.0,6985306.0,200313.0,8550600.0,1459293.0,10547759.0,10406576.0,1501491.0,18762693.0,3722425.0,659139.0,186727024.0,1571394.0,2170007.0,19195390.0,2050388.0,352558.0,30135088.0,2170765.33741392,12641308.0,18687572.68607062,2007506.0,4908813.0,2089880.0,,2142267.0,1175155.0,3794391.0,282822.0,10224241.0,969520.0,12743505.0,18460862.66666667,9193927.69141464,772676.0,1655990.0,12957268.0,1764788.0,1342074.0,717404.77115927,29808550.29578439,55474425.0,2229790.0,565428.0,1122597.0,484476.0,17623428.0
2022-11-15 09:15:00,1098577.93138303,10675723.0,492794.0,873840.0,7124767.0,296104.0,7195210.0,1401141.0,11675691.0,6229710.0,1262746.0,20225373.0,1872600.0,552511.0,68397103.0,1013432.0,2172420.0,11030202.0,2529334.0,1012827.0,11841577.0,1582858.16852043,15176911.0,16369114.69028241,1802234.0,3497614.0,1065114.0,,1990292.0,1450841.0,3192070.0,359888.0,13899999.0,786820.0,24636519.0,15258104.0,7204616.57592203,775345.0,1474635.0,10286417.0,1703050.0,1400708.0,765673.08003757,17716798.11484071,35007427.0,1577944.0,1033296.0,710092.0,625270.0,12462712.0
2022-11-16 09:15:00,3154696.08645801,11504802.0,499585.0,770953.0,6521854.0,329588.0,13362040.0,2040699.0,27372424.0,3445345.0,1649021.0,9764275.0,2610960.0,1048177.0,75425523.0,903840.0,2213697.0,13578150.0,2993826.0,647740.0,7137989.0,1351332.86217307,13008311.0,8056602.28485808,2331206.0,4497697.0,1395043.0,,6437651.0,1195832.0,2478281.0,350737.0,9781274.0,895520.0,11460200.0,9825808.0,9878201.35065027,1280120.0,2486780.0,11555749.0,1485506.0,1748235.0,1084796.9908982,13592624.64905317,40404167.0,2335937.0,835064.0,467953.0,307352.0,11039528.0
2022-11-17 09:15:00,2336361.48344817,5190475.0,430622.0,706271.0,4909607.0,185433.0,7339440.0,1875515.0,26985734.0,4545534.0,1270387.0,5737884.0,1561865.0,889808.0,60115704.0,638366.0,2460883.0,12100930.0,2836626.0,517393.0,6533823.0,975592.04757124,12584194.0,10587858.4082482,1721557.0,3469515.0,1391449.0,,2408671.0,3786182.0,2319979.0,409572.0,12778124.0,555640.0,13368536.0,9449665.33333333,6772547.27881753,796479.0,10895855.0,8167131.0,1758031.0,1417986.0,2980839.85197422,25875824.16060413,32894825.0,2089630.0,1265647.0,944775.0,196795.0,6057616.0
2022-11-18 09:15:00,1485440.06327866,5384458.0,385705.0,1258576.0,7065304.0,327528.0,13276890.0,1581747.0,23962357.0,7405949.0,1486381.0,6413585.0,1693670.0,868754.0,62855692.0,753558.0,2623894.0,10459232.0,1947066.0,469583.0,6128677.0,1092604.05858261,10874061.0,8303835.97779494,2082130.0,3126064.0,893816.0,,4272040.0,1248459.0,4525364.0,515615.0,11134908.0,733720.0,19958908.0,5828998.66666667,5391641.21300775,1253218.0,5665580.0,12933675.0,1130682.0,1164540.0,1434407.69442555,16318701.3968071,28992538.0,1617331.0,1038751.0,591196.0,296995.0,9546202.0
2022-11-21 09:15:00,1538255.10053745,6108453.0,336664.0,612194.0,7209207.0,226673.0,10717480.0,1943750.0,16407321.0,5527122.0,1488424.0,6430876.0,2153040.0,631291.0,85998316.0,417553.0,1733741.0,8344816.0,2063314.0,467604.0,6372470.0,1376204.2247858,9245704.0,9745160.10989578,2602264.0,3071764.0,3360316.0,,1192610.0,714687.0,4120736.0,520644.0,12788632.0,996880.0,16348881.0,4712052.0,6496841.46987583,1040107.0,11427320.0,7412419.0,1108922.0,1304194.0,769952.70948725,15732090.51669213,58404309.0,1475958.0,629040.0,457376.0,249498.0,7904612.0
2022-11-22 09:15:00,1757899.34161371,5466001.0,310657.0,764079.0,5535233.0,322261.0,9587690.0,1508906.0,11999335.0,7601660.0,1302811.0,5885877.0,2015475.0,461525.0,50715391.0,792666.0,2529146.0,8546314.0,2913409.0,361527.0,6108017.0,935763.94173901,11256509.0,6881651.89672953,3927395.0,3399329.0,2421572.0,,1166755.0,1337869.0,2469455.0,455948.0,15198091.0,948440.0,11198874.0,4366445.33333333,6721750.84456948,750489.0,9851655.0,8048595.0,1723123.0,1149739.0,879128.8099634,10613514.29613723,27846186.0,1696991.0,912070.0,770340.0,393509.0,8410828.0
2022-11-23 09:15:00,2949851.85045427,5319949.0,799422.0,488341.0,5861417.0,340707.0,8936670.0,1837952.0,21024176.0,4596816.0,2192276.0,5693274.0,1964345.0,738556.0,69815602.0,515998.0,2217599.0,10185738.0,5516902.0,264132.0,6031033.0,745706.14248406,10959704.0,8229672.12033184,3265438.0,3245067.0,1735389.0,,2500563.0,1046988.0,2396267.0,621006.0,12004998.0,1034440.0,9010911.0,13510578.66666667,6520367.14952432,880563.0,6956495.0,12435924.0,1311376.0,1150011.0,886473.41528196,10879575.41668002,22809651.0,1704144.0,992873.0,1390277.0,258946.0,6717760.0
2022-11-24 09:15:00,2883893.62513108,5111180.0,1822610.0,571872.0,4928778.0,397640.0,7546110.0,1660403.0,12820212.0,3455310.0,2933085.0,8198891.0,1188110.0,407602.0,90679986.0,861261.0,3295202.0,17197960.0,10593189.0,498023.0,4733568.0,1015665.96201869,10844395.0,8624365.88543198,3496170.0,5282215.0,1654760.0,,1400421.0,1611889.0,2133523.0,455343.0,10986350.0,1193920.0,11803087.0,7622244.0,9546030.82637282,1717980.0,3504165.0,8960032.0,1994268.0,1296591.0,6287764.59203835,11211469.79835557,23737867.0,2208145.0,752066.0,602103.0,297230.0,13370266.0
2022-11-25 09:15:00,2584042.73866181,5079099.0,1069669.0,898769.0,7614047.0,224797.0,8590580.0,1140578.0,8834584.0,2991065.0,1454838.0,10046363.0,1477045.0,512690.0,74237526.0,584180.0,1977441.0,8410496.0,9556330.0,423634.0,4800030.0,795810.47046581,9815055.0,7345039.87388979,4715695.0,4563255.0,1466688.0,,2097541.0,2652761.0,1370326.0,545439.0,12358833.0,1157160.0,9789098.0,10989672.0,7472499.58418653,1429364.0,4325525.0,9994513.0,1948596.0,1588981.0,2414743.46516374,31080642.0360625,27361785.0,1943246.0,633047.0,541513.0,377893.0,13648550.0
2022-11-28 09:15:00,1153860.15165391,4168244.0,598162.0,914689.0,7928147.0,185431.0,6040540.0,2005182.0,11289089.0,3668846.0,673339.0,8146840.0,1530840.0,435882.0,53453545.0,410423.0,2368293.0,16105980.0,5799007.0,1223958.0,5613201.0,843981.84888241,9381474.0,10490891.11919504,2846018.0,3825766.0,2418509.0,,1564504.0,1105372.0,2126619.0,439956.0,5471921.0,1060000.0,8925344.0,4526153.33333333,32053279.19864208,1073327.0,22810780.0,7934274.0,1427648.0,2195437.0,2068662.34249992,17725384.84589398,33516118.0,1749691.0,665149.0,290527.0,239438.0,13679200.0
2022-11-29 09:15:00,1560360.77164577,3663099.0,910558.0,877720.0,5661158.0,134922.0,6818600.0,1346735.0,8717535.0,2680296.0,1899345.0,6628470.0,2045690.0,456872.0,32230342.0,494672.0,1785948.0,12638236.0,3215187.0,731879.0,6518828.0,2582952.86578158,13096845.0,10795059.76330237,1875146.0,3131710.0,3306817.0,,1363505.0,1413764.0,2435651.0,606692.0,7693168.0,1474460.0,13558920.0,6476054.66666667,11243347.25987185,1070183.0,8742450.0,6942919.0,1179559.0,1576028.0,1293949.20318725,14294828.43296512,40661568.0,1233868.0,866621.0,476040.0,336266.0,9102602.0
2022-11-30 09:15:00,2029449.2779443,3797377.0,1113421.0,2547283.0,10452798.0,1267676.0,14828310.0,2900845.0,27869373.0,6874390.0,2680903.0,12154948.0,4256840.0,1151772.0,549718630.0,1137779.0,6053488.0,15184806.0,3502958.0,1379225.0,13921394.0,3756473.66698521,20858573.0,23896197.45727976,2421938.0,11868134.0,3962572.0,,2950734.0,2104550.0,7536690.0,1087650.0,9133076.0,6267780.0,17720938.0,17317952.0,26601348.88787796,1401332.0,11378515.0,15606230.0,3060171.0,3410702.0,3432086.69387491,24395148.06821465,61142050.0,3909954.0,1569918.0,960009.0,489956.0,13892346.0
2022-12-01 09:15:00,975158.98277828,4491806.0,611403.0,761717.0,7053100.0,514227.0,9816160.0,2111362.0,19098551.0,4506664.0,1360439.0,22435771.0,1936730.0,518865.0,83610566.0,898607.0,3919684.0,20446366.0,3187533.0,782249.0,13243436.0,1701939.23799959,15920653.0,17618145.24383711,2693170.0,5407928.0,1942307.0,,2471005.0,2614357.0,2613761.0,694489.0,9214914.0,1058520.0,27727625.0,13241961.33333333,9643999.78410744,949604.0,8011285.0,14209313.0,1878374.0,2180856.0,978081.57613449,14757301.08800536,91702642.0,4264917.0,539844.0,392526.0,1086727.0,15852984.0
2022-12-02 09:15:00,1338064.79855652,6279538.0,996306.0,932259.0,7988851.0,349992.0,14386020.0,1682841.0,13020973.0,3505272.0,2586376.0,6325649.0,2080040.0,1453049.0,96262543.0,1357682.0,2944923.0,7811078.0,2788220.0,526214.0,6621056.0,2134969.711757,14228874.0,8887072.01127815,2299901.0,4283343.0,1392199.0,,1590968.0,1957264.0,2892150.0,971612.0,6376672.0,1392340.0,24518337.0,12880949.33333333,11782875.97523404,1614314.0,5168550.0,7533838.0,2284133.0,2411749.0,2917364.08026431,13835267.71333994,70541914.0,3418928.0,731396.0,286105.0,442739.0,11726622.0
2022-12-05 09:15:00,2467044.85808852,3966501.0,684834.0,926122.0,5098164.0,163476.0,10292500.0,1383542.0,17476086.0,3311316.0,1236554.0,8732711.0,1961695.0,518257.0,85107187.0,837300.0,2646466.0,11592622.0,2199625.0,397713.0,14599958.0,1666329.4924112,10984608.0,10293474.31671535,3842074.0,3824966.0,2129340.0,,1245509.0,1767537.0,2764806.0,519621.0,9861212.0,1699980.0,18440387.0,16477957.33333333,15075836.66626646,684421.0,4417660.0,11585602.0,2294634.0,1475065.0,1559008.88316652,21297556.06556097,96441799.0,2760688.0,747114.0,462047.0,235887.0,9947062.0
2022-12-06 09:15:00,3054462.26596687,4836193.0,354855.0,958365.0,5351099.0,251515.0,8409800.0,1177485.0,13880227.0,5567349.0,1180968.0,7394839.0,1742295.0,944559.0,40042683.0,631078.0,2807894.0,12353092.0,2751347.0,339117.0,7409338.0,1507926.15466337,18220912.0,6703234.24603317,3130375.0,4822398.0,1468238.0,,1366698.0,1530731.0,1686075.0,551379.0,7008295.0,1362180.0,10977472.0,11299945.33333333,8737574.88773036,1991151.0,10171880.0,12996244.0,1321211.0,1166999.0,836303.16133839,14016100.89028415,50581245.0,1838107.0,706596.0,501781.0,312838.0,8832518.0
2022-12-07 09:15:00,1296236.09735156,2867882.0,354913.0,1832282.0,9103656.0,167024.0,9610270.0,2376490.0,11943855.0,3771882.0,1031921.0,4519547.0,1661035.0,943407.0,29775697.0,657590.0,2399879.0,11674720.0,2831232.0,340800.0,5510513.0,2405837.60113463,15675663.0,10396042.61588776,2752097.0,4898087.0,1162282.0,,2362280.0,3438327.0,1731982.0,546450.0,7718718.0,1139120.0,9731670.0,5813973.33333333,8603236.84625035,636553.0,6943485.0,7613892.0,2954262.0,1167505.0,2045113.24620218,20097514.02191772,39494279.0,1478573.0,712914.0,233857.0,324940.0,6568616.0
2022-12-08 09:15:00,922822.32952183,2822061.0,336491.0,851312.0,17466047.0,141912.0,11377840.0,1161239.0,15789329.0,4822179.0,808315.0,3135706.0,1386625.0,862490.0,35341241.0,334386.0,1752350.0,14803634.0,3171602.0,190468.0,4902003.0,1335393.90023077,10136870.0,6568709.3608485,3666432.0,4206837.0,1053397.0,,12619838.0,3743754.0,1906386.0,476001.0,4225180.0,812480.0,10150945.0,11176440.0,7886374.42598465,608199.0,2846375.0,10020015.0,10021644.0,1285619.0,815048.74809704,15801842.79898077,32416724.0,1110431.0,648288.0,325774.0,262827.0,8940712.0
2022-12-09 09:15:00,2195823.81075954,6979639.0,271785.0,847879.0,8018981.0,166035.0,11312920.0,1766412.0,12630851.0,4615843.0,994866.0,4197165.0,1539865.0,660249.0,36490408.0,523243.0,12415478.0,11963384.0,3243513.0,254995.0,5405738.0,1913038.05156977,9575331.0,8615224.38433137,6171282.0,8880658.0,1338271.0,,2648455.0,2573609.0,1308941.0,790406.0,6174919.0,1535100.0,9438307.0,6020032.0,12866828.43921798,679420.0,3202765.0,11202267.0,4231753.0,1797896.0,1094166.01885142,16431761.67873286,35665257.0,3138360.0,935047.0,381953.0,211582.0,15423336.0
2022-12-12 09:15:00,827376.47305414,3412185.0,445259.0,1323816.0,7621788.0,171844.0,11000480.0,1365732.0,19335542.0,3149823.0,1544297.0,7881379.0,1367975.0,541993.0,20602398.0,457743.0,4275785.0,14434808.0,1747003.0,166357.0,4809486.0,1181510.59693637,8493863.0,11880732.99524244,2790292.0,8037679.0,1224081.0,,3281447.0,1536090.0,1723401.0,445039.0,7153044.0,1621200.0,8946335.0,8194429.33333333,9637941.57462778,498780.0,5938835.0,9285187.0,1875104.0,1527610.0,959798.00310951,13266415.00136196,37082389.0,1689393.0,726330.0,266399.0,260579.0,10365880.0
2022-12-13 09:15:00,1252982.55413961,3821073.0,363818.0,886601.0,8136559.0,126272.0,9586360.0,1279634.0,7421330.0,3832999.0,1282727.0,4878457.0,1087545.0,584450.0,21917723.0,452465.0,2284909.0,17031702.0,3212182.0,440848.0,4359377.0,1285760.87471788,10415140.0,11328539.29172215,4161518.0,6135067.0,1201367.0,,6939565.0,1233124.0,2164600.0,330236.0,5166993.0,982680.0,12593054.0,8235450.66666667,8472326.6498432,598044.0,1977965.0,7455415.0,1863361.0,1378016.0,1239697.71321219,16096632.36539314,32264080.0,1983827.0,832740.0,392861.0,285708.0,6813842.0
2022-12-14 09:15:00,1149041.2576303,4930906.0,356293.0,1103870.0,8573479.0,132320.0,6782830.0,1137059.0,6168426.0,7491333.0,1013627.0,4730078.0,1392005.0,676995.0,24599687.0,535876.0,2425507.0,14227640.0,2800824.0,438317.0,6639699.0,900815.44164033,12319827.0,7818190.1563742,3913725.0,4976020.0,1471083.0,,3747141.0,1516631.0,1436837.0,343670.0,8562333.0,1633600.0,17692988.0,10055353.33333333,7390174.02482104,609946.0,4138030.0,14010673.0,1570685.0,1213311.0,983135.54724193,10459915.5003616,38606984.0,1983937.0,767737.0,247467.0,226179.0,9995152.0
2022-12-15 09:15:00,892988.28237564,3679459.0,316614.0,799124.0,7359261.0,161541.0,8577060.0,1041690.0,10186774.0,2996482.0,710477.0,5221433.0,1209055.0,338209.0,19011713.0,319021.0,1906369.0,18182648.0,1991517.0,299314.0,3986930.0,1006314.06152145,8929748.0,8639275.78072575,3097282.0,6443866.0,1690335.0,,2041799.0,1323412.0,2417555.0,472176.0,10644546.0,791080.0,11426194.0,5385778.66666667,8833453.21244819,1303760.0,3778060.0,10622271.0,1304660.0,1415694.0,792613.08424837,12493496.57197811,34361613.0,5184673.0,1225728.0,383487.0,241610.0,7766926.0
2022-12-16 09:15:00,1648527.76807779,7791763.0,342890.0,1192821.0,6926928.0,228381.0,8802330.0,1533418.0,38364152.0,4309644.0,1309491.0,7757065.0,16783045.0,771552.0,48220919.0,711885.0,5159215.0,14647958.0,2787126.0,271086.0,6460140.0,1822095.97410485,9157260.0,13167490.64778831,1944616.0,9630453.0,1498658.0,,2487828.0,2822390.0,2136354.0,624222.0,9433166.0,1386420.0,20540447.0,11166617.33333333,16101473.90729177,722024.0,9071230.0,9435071.0,2618988.0,2703680.0,859704.47478379,84391794.09835339,34736665.0,2994364.0,1177053.0,505066.0,285180.0,18012634.0
2022-12-19 09:15:00,1694349.53230231,5205837.0,308464.0,655594.0,4842336.0,238078.0,6595590.0,1508476.0,22872344.0,6397169.0,779326.0,4073907.0,1661755.0,890120.0,21470297.0,313196.0,3328172.0,9604542.0,1960076.0,276490.0,3690005.0,1571286.88031966,7015083.0,8276825.69710644,1382378.0,6222740.0,944749.0,,1713647.0,1592779.0,2767603.0,464106.0,7706855.0,1308960.0,10635055.0,7758862.66666667,7858848.12509432,378502.0,3297195.0,8322012.0,1547342.0,2120965.0,1133896.32526803,16247710.1340347,17297590.0,1529622.0,572224.0,467614.0,251219.0,8838046.0
2022-12-20 09:15:00,3895557.22508823,4023275.0,282355.0,739257.0,9511818.0,152284.0,6077160.0,866377.0,10478941.0,2828863.0,795748.0,3784271.0,1214105.0,711013.0,32487667.0,443036.0,2629849.0,7174698.0,2166279.0,234062.0,7580480.0,840591.3151733,6384331.0,5807822.67710895,1245359.0,7396259.0,1512103.0,,1410586.0,1747181.0,1286604.0,694906.0,7387632.0,933520.0,6714207.0,6541929.33333333,7592128.29304991,1478618.0,2851545.0,6753785.0,1352408.0,1529971.0,685428.00343342,20441591.15955331,34836506.0,2149130.0,597902.0,270778.0,488123.0,8778558.0
2022-12-21 09:15:00,3697045.39111552,4660583.0,877375.0,616324.0,8368960.0,149348.0,6223900.0,1397725.0,11606766.0,5079337.0,3224730.0,3675466.0,1739615.0,485199.0,39979212.0,411553.0,2878658.0,9269198.0,2694392.0,328455.0,5557133.0,791353.4117733,11341147.0,7463635.72783692,1495106.0,6236361.0,1605753.0,,2382869.0,1979681.0,1251993.0,800720.0,8454254.0,1407560.0,10011408.0,7005861.33333333,8669767.00126341,1281437.0,4286630.0,9217253.0,2043630.0,1432566.0,821422.64276228,19224171.91770793,32303565.0,2037666.0,519326.0,585477.0,388167.0,10215214.0
2022-12-22 09:15:00,2968927.41254774,5517570.0,902304.0,663202.0,9202717.0,158182.0,8497060.0,2100618.0,14577136.0,3626834.0,2070809.0,4755089.0,1737350.0,613152.0,53936114.0,421645.0,2623451.0,9747096.0,3424491.0,483991.0,4435416.0,865984.76715886,9788367.0,6975514.10527211,2126536.0,6302640.0,1403642.0,,1714093.0,1993744.0,1557590.0,580858.0,6979001.0,753760.0,9123323.0,6961416.0,7575387.80801865,1176517.0,1549960.0,8740149.0,5163443.0,1384101.0,1030395.69364817,24695016.12949765,39639329.0,1925482.0,557608.0,879064.0,338708.0,9093800.0
2022-12-23 09:15:00,3130277.88233836,9112806.0,473498.0,1230858.0,6371695.0,122024.0,9943030.0,1673592.0,23099245.0,2804496.0,2773210.0,6561011.0,2498780.0,581956.0,93022114.0,358706.0,2177675.0,10693152.0,3234932.0,328855.0,7766201.0,1208425.6245649,11059215.0,10672200.91243453,2621761.0,6283822.0,1687270.0,,2102126.0,2026125.0,1913648.0,503012.0,5313321.0,1488080.0,8007752.0,4554652.0,10428176.62214066,877135.0,1564975.0,13047046.0,3612433.0,1360281.0,1231503.86259839,32966961.66395004,46756489.0,1504806.0,1310439.0,1182635.0,289661.0,12120710.0
2022-12-26 09:15:00,2229704.53292555,7205540.0,247357.0,536884.0,4764440.0,140091.0,5305350.0,1329547.0,12096095.0,6023206.0,1279529.0,3116608.0,1593040.0,530294.0,83571451.0,385653.0,1680715.0,9907322.0,1962030.0,175951.0,3939359.0,614667.80433395,6943159.0,10134374.69505707,2100374.0,4115459.0,1168456.0,,4746738.0,1154610.0,1677560.0,315102.0,8321609.0,667640.0,7150680.0,6864332.0,6090143.95407216,567165.0,1606850.0,13201587.0,2307374.0,870157.0,1026611.03553267,28123906.2130593,33995681.0,966423.0,1076808.0,835478.0,328414.0,7261148.0
2022-12-27 09:15:00,1860863.25011823,4872234.0,226485.0,729041.0,3346083.0,115917.0,7810350.0,1102198.0,10240049.0,1782053.0,1209316.0,2961726.0,1366245.0,422130.0,54205000.0,236583.0,554319.0,7926772.0,1511387.0,181947.0,13898138.0,884667.23765367,4994381.0,7126899.22802963,1462244.0,4860076.0,4992699.0,,1548286.0,1059351.0,1304940.0,423308.0,9244387.0,805820.0,8765357.0,13115852.0,5859387.85648432,471890.0,2420365.0,9638618.0,1870105.0,835883.0,608441.23505976,23806415.35120168,76033410.0,1615647.0,791283.0,868094.0,295144.0,7685840.0
2022-12-28 09:15:00,1420666.45696127,3624974.0,313366.0,972274.0,5956496.0,229748.0,7559340.0,1411078.0,9470020.0,2907741.0,872940.0,3015714.0,1088005.0,318724.0,70502428.0,362782.0,1397806.0,8691870.0,1452719.0,225857.0,7519133.0,835597.94677486,8980300.0,8197118.03673923,2834356.0,5029860.0,1917734.0,,1904268.0,1153883.0,1959508.0,538632.0,9652984.0,706920.0,9534858.0,16815549.33333333,7583796.60277642,376439.0,2201075.0,7988631.0,1686511.0,910795.0,617691.83428886,13986428.30153255,50660601.0,1077963.0,2443430.0,565769.0,260015.0,7676002.0
2022-12-29 09:15:00,1579174.45973796,5308353.0,530411.0,596265.0,12204113.0,748244.0,5218800.0,3417120.0,11367064.0,6110313.0,1625961.0,4784105.0,4064660.0,881072.0,24973807.0,384509.0,1277244.0,11012896.0,3393061.0,243791.0,8427104.0,1367044.29878557,11994220.0,8586759.55722832,3134405.0,4624745.0,2103907.0,,2154490.0,1517150.0,1289676.0,452134.0,19571340.0,797020.0,36752195.0,22536873.33333333,7046232.95027091,678487.0,19945730.0,20130392.0,2162872.0,1037927.0,1712615.99941697,25885090.01197604,51751642.0,1977329.0,1583143.0,572355.0,449116.0,9485398.0
2022-12-30 09:15:00,1576138.16472308,3252956.0,348965.0,836220.0,3704449.0,287867.0,15202660.0,2638505.0,9236774.0,3113243.0,1185711.0,4102247.0,882895.0,663451.0,33251260.0,296859.0,1860560.0,7122640.0,1690896.0,211762.0,8024424.0,707392.50212825,9688527.0,7373654.07538793,1767556.0,5060544.0,2190914.0,,2692688.0,1189427.0,1372710.0,433976.0,8626291.0,852880.0,9644998.0,4643134.66666667,7411045.1072248,1052741.0,7329350.0,13052895.0,1629162.0,1163131.0,724536.81210119,15236599.36303771,56048485.0,1317151.0,1057182.0,310890.0,232317.0,8256556.0
2023-01-02 09:15:00,951665.58566316,2042294.0,246577.0,1015990.0,3498198.0,471328.0,5793400.0,1061404.0,6973552.0,1626846.0,895053.0,4210225.0,663630.0,381581.0,18759536.0,312131.0,701880.0,4381378.0,841928.0,131296.0,11255811.0,692431.69595644,4315403.0,6305393.02470752,2587946.0,3801140.0,3360043.0,,1125001.0,807344.0,1718385.0,398159.0,7322962.0,503280.0,9631496.0,5959394.66666667,5404834.89176183,703923.0,2184945.0,6726084.0,1616012.0,709547.0,1074043.25786286,17394353.44394041,143444095.0,1348611.0,697408.0,195562.0,212580.0,5559512.0
2023-01-03 09:15:00,824702.05904104,2166531.0,430096.0,860367.0,6927819.0,218996.0,7420810.0,1306648.0,8833881.0,1717603.0,952230.0,3643132.0,810895.0,323237.0,49702768.0,548712.0,2484372.0,8378030.0,10096217.0,136701.0,5906501.0,834777.23040668,5846855.0,6353233.08806379,2195814.0,4551130.0,1635681.0,,1663448.0,1260225.0,1510751.0,493207.0,9629995.0,628300.0,14991139.0,2873110.66666667,7786662.90690515,1871263.0,2678225.0,6818062.0,1810117.0,1245178.0,795086.92870793,15621788.12581647,74419090.0,1439615.0,852511.0,233893.0,188315.0,5994422.0
2023-01-04 09:15:00,1060256.69219526,3260112.0,414977.0,836382.0,9059392.0,250071.0,6712530.0,1036103.0,8927128.0,2970216.0,1369415.0,9550461.0,832835.0,372617.0,48975781.0,435977.0,1219170.0,10351600.0,7722662.0,178937.0,9899885.0,1698973.28280768,12454582.0,7087093.60022175,8001367.0,7059590.0,2819669.0,,1664104.0,1015547.0,1344532.0,566744.0,11995082.0,639680.0,13535874.0,9954542.66666667,9419405.43630674,1073081.0,2709675.0,7011191.0,2573870.0,1231668.0,1016647.83953616,26702760.81396738,55634568.0,1702044.0,832054.0,589604.0,319221.0,8926522.0
2023-01-05 09:15:00,1027913.19103677,3119740.0,468816.0,1113920.0,6998980.0,294998.0,51023000.0,5979381.0,10448282.0,5297349.0,1605744.0,8815728.0,994925.0,383751.0,34448671.0,487194.0,2294943.0,10941436.0,5704967.0,258988.0,7087634.0,2040102.82235319,16547196.0,8656762.11948651,2364186.0,9868404.0,2452379.0,,1732618.0,1881403.0,2745160.0,417716.0,18887530.0,1027860.0,16320559.0,21273509.33333333,13864529.62409361,878852.0,2309935.0,8241475.0,2246533.0,1826057.0,3237577.13050238,17299195.43617047,58806907.0,1376035.0,1544601.0,617568.0,236570.0,9568980.0
2023-01-06 09:15:00,940435.93360814,2892006.0,299640.0,1045526.0,5787783.0,173591.0,29319220.0,5207616.0,7215940.0,3199618.0,824772.0,12237065.0,630680.0,242107.0,30272416.0,587231.0,1887689.0,9092462.0,5415866.0,162618.0,6004013.0,1007390.74388564,14804613.0,8776153.57748122,3029739.0,6443714.0,3536096.0,,3799655.0,1877917.0,2214972.0,368978.0,13216749.0,787720.0,16804116.0,11510472.0,6455491.43644553,1675874.0,1599915.0,7972036.0,1773153.0,2488376.0,610414.03491724,14436224.59608847,58551863.0,2346808.0,879019.0,1046858.0,160184.0,8484754.0
2023-01-09 09:15:00,777354.41480904,2040072.0,407803.0,808263.0,7025747.0,200031.0,14005480.0,4513767.0,11920266.0,4340729.0,893437.0,6967190.0,830195.0,391801.0,35490334.0,656443.0,4562242.0,10729340.0,3969535.0,110658.0,6047398.0,1287019.37419828,16811853.0,11249466.20768584,2836421.0,11498717.0,1761359.0,,3426868.0,1844365.0,3634805.0,613406.0,6012344.0,722880.0,18660445.0,52485126.66666666,10901580.53177861,1432882.0,2348255.0,8878905.0,1567316.0,2885060.0,738077.16289314,24337517.25541826,37763131.0,2190779.0,2324487.0,852556.0,298470.0,7347432.0
2023-01-10 09:15:00,3707267.75616561,4545808.0,557940.0,864325.0,7140150.0,247609.0,11203750.0,2903001.0,10397112.0,8392344.0,594426.0,5400260.0,1170765.0,607830.0,45966335.0,594524.0,2297082.0,16371766.0,4073524.0,206381.0,7092319.0,1435327.29117474,13470142.0,7362362.00675525,2442613.0,7158624.0,2289489.0,,1474131.0,1425414.0,3139930.0,493677.0,7557693.0,633360.0,18490715.0,17248326.66666667,8181347.54405695,1000059.0,2849300.0,10622660.0,1607654.0,3864655.0,883722.22492145,89480527.1218815,56750710.0,1411099.0,948787.0,588497.0,263888.0,7879496.0
2023-01-11 09:15:00,2295527.69724809,3618663.0,462687.0,890426.0,7100355.0,308958.0,11088910.0,2327598.0,11130194.0,28389020.0,2168577.0,7637956.0,1273265.0,856148.0,32626665.0,646347.0,3594167.0,15195798.0,3576811.0,150551.0,11383752.0,1494848.52689081,15558460.0,4856567.33167339,2675249.0,6173092.0,2794465.0,,1603701.0,1455621.0,2041750.0,327536.0,8463293.0,650200.0,12538238.0,9164361.33333333,11701502.10550317,652049.0,1445245.0,7419630.0,3258157.0,2720512.0,696779.9533573,36812232.00960838,49321252.0,1294200.0,1000412.0,680945.0,295408.0,7656600.0
2023-01-12 09:15:00,1236978.34106119,2670641.0,207917.0,1558620.0,8661375.0,182941.0,14769490.0,3168742.0,9299447.0,12732671.0,1188988.0,7161675.0,1280325.0,690116.0,38856261.0,908696.0,4748542.0,9250070.0,2358813.0,163626.0,7278634.0,1730643.99612407,16659001.0,7032696.95437484,1862790.0,6591385.0,2422254.0,,3529605.0,2726901.0,2448619.0,283772.0,7628932.0,661240.0,13270422.0,21179556.0,17983775.01352082,1377949.0,2259350.0,8183715.0,1641398.0,2250391.0,772338.49156221,20670159.86933398,33740024.0,1948321.0,874520.0,566434.0,566492.0,9510500.0
2023-01-13 09:15:00,1407018.07889439,4059998.0,366497.0,1507864.0,9083608.0,180876.0,11084900.0,3754686.0,11684608.0,12279288.0,1089004.0,3671193.0,1234630.0,964656.0,38735350.0,637895.0,8253765.0,9244546.0,3272285.0,196440.0,7445162.0,1369230.16713249,11223103.0,15268680.93744366,2184432.0,11610426.0,1816006.0,,3983197.0,2180210.0,2600139.0,705220.0,5090393.0,695420.0,8854484.0,6560245.33333333,20962446.8116745,1214977.0,4597480.0,7877610.0,1491367.0,1742837.0,1080635.79017264,17308673.30559308,68884010.0,2837817.0,1416869.0,819106.0,462134.0,13621860.0
2023-01-16 09:15:00,1921627.29741597,3601251.0,210854.0,644073.0,10008273.0,226147.0,9083390.0,3480545.0,16485682.0,5779293.0,825308.0,3987352.0,446555.0,653373.0,35892303.0,360578.0,4508538.0,14748094.0,2170216.0,362194.0,3294109.0,944705.48405217,8319812.0,8744167.32846851,2398823.0,6073063.0,1673126.0,,2118161.0,1009649.0,1651972.0,500575.0,10321015.0,485300.0,9696320.0,8362194.66666667,13851064.97815189,600742.0,2549280.0,5483191.0,1437532.0,1843607.0,849072.20710653,18985785.77834532,44362359.0,4286551.0,737012.0,372068.0,440500.0,23867444.0
2023-01-17 09:15:00,1720100.81942849,2948618.0,294500.0,716489.0,6904960.0,106465.0,8170050.0,3681802.0,11762030.0,6594428.0,762941.0,5871758.0,778125.0,495809.0,77122987.0,515008.0,4390338.0,10786354.0,1807515.0,254062.0,7819426.0,1922655.05970574,12624859.0,14526963.96773998,1803413.0,5922644.0,1480994.0,,2132394.0,4645453.0,1607137.0,409248.0,13015434.0,803740.0,18484595.0,13000572.0,10930298.6476975,895667.0,3167635.0,13461999.0,1245848.0,1688475.0,1445170.53736274,20436501.06994553,27880531.0,2466876.0,926137.0,528204.0,385734.0,14310032.0
2023-01-18 09:15:00,3765459.45845075,5585785.0,331806.0,893808.0,5730939.0,306275.0,7962810.0,2589016.0,13005273.0,5800899.0,1299797.0,6441530.0,1318465.0,330814.0,84541855.0,716993.0,6905092.0,19090642.0,3291651.0,159791.0,12045667.0,2070150.38621866,11313898.0,13301235.81981849,1865108.0,5843098.0,1740579.0,,2835232.0,4090049.0,1179938.0,402883.0,5536057.0,727980.0,12139643.0,11171369.33333333,13672568.09702828,1078873.0,2375830.0,11538075.0,1238451.0,2421189.0,756721.08314709,22047087.9101182,64749065.0,1138627.0,601233.0,802598.0,447736.0,16080426.0
2023-01-19 09:15:00,3810904.90767343,5086667.0,162244.0,2379947.0,7721730.0,226186.0,5481420.0,1910318.0,4842895.0,4169463.0,376954.0,12938871.0,1242455.0,320900.0,54523340.0,624189.0,2298287.0,11172162.0,3615736.0,140565.0,7945795.0,1675807.34443029,6694679.0,8841830.6386392,9691261.0,6165284.0,2185302.0,,4425644.0,2176835.0,2066881.0,184776.0,6812613.0,619980.0,18437610.0,11586816.0,12139182.40607848,1189082.0,2489795.0,7475688.0,824263.0,1585044.0,1154348.05493473,21742649.86600805,53564076.0,1768051.0,1116874.0,334432.0,412001.0,9447456.0
2023-01-20 09:15:00,1557076.00562967,3328697.0,242706.0,3171005.0,4511360.0,191361.0,8330900.0,2091612.0,7912700.0,6289718.0,954230.0,13444947.0,1182675.0,389881.0,47355757.0,317049.0,4747128.0,18843404.0,4255202.0,300399.0,5664588.0,4641464.92508622,8127162.0,13881928.25101376,4144033.0,6496429.0,3001352.0,,4270294.0,1962410.0,1332666.0,346337.0,8545359.0,1440440.0,17512691.0,10112645.33333333,15179284.44835597,966855.0,1984570.0,6750607.0,2963571.0,1529349.0,889563.69643378,39597872.57848029,37784498.0,1160517.0,1229902.0,373948.0,353292.0,9265614.0
2023-01-23 09:15:00,1005077.57192488,4283589.0,161350.0,1402260.0,5236124.0,173482.0,8560640.0,1832743.0,9725869.0,2685320.0,750581.0,8736715.0,770265.0,424691.0,24658884.0,675082.0,1696834.0,15444400.0,3884783.0,434312.0,5559031.0,1410210.11994678,16882379.0,7547969.75688026,1848813.0,4855020.0,3335294.0,,7764627.0,1466706.0,1681075.0,410827.0,7787735.0,758000.0,16742252.0,14393610.66666667,11136804.28348455,1367408.0,1269830.0,6604469.0,2106604.0,1067916.0,690490.0722314,21720558.57895992,28601260.0,1344952.0,932554.0,485408.0,998103.0,8815290.0
2023-01-24 09:15:00,1565184.82066941,3011438.0,178860.0,1061471.0,18527897.0,212778.0,6081450.0,1311451.0,10169994.0,5012125.0,712627.0,4252051.0,1320270.0,367438.0,47720352.0,450822.0,4861107.0,24983940.0,2219052.0,129633.0,3293586.0,1485478.34310814,11504090.0,13033577.03229132,2472106.0,5200802.0,3146984.0,,4159188.0,1036962.0,1408040.0,1039571.0,7033092.0,754240.0,8276792.0,6150893.33333333,16763744.14969726,657428.0,1061495.0,7609623.0,2088556.0,1387863.0,661719.98995886,50018826.44924406,27707765.0,1578750.0,714000.0,1173927.0,444188.0,9552640.0
2023-01-25 09:15:00,3800718.62762352,17085455.0,423714.0,857953.0,11921748.0,375571.0,8278370.0,1549899.0,9232812.0,6560514.0,2226483.0,3855827.0,1470210.0,353061.0,237764175.0,503557.0,2692236.0,14704142.0,1443501.0,356744.0,7341066.0,1616862.03220526,14918485.0,13239806.92408101,3420414.0,4158617.0,1567673.0,,4280333.0,2134447.0,1359090.0,1131883.0,9257370.0,823200.0,9827342.0,5790332.0,12591567.63329989,599832.0,2130930.0,25686294.0,1753333.0,874110.0,879234.0799404,38056546.072463,46522102.0,1049973.0,650664.0,765489.0,509299.0,6355554.0
2023-01-27 09:15:00,15222063.48258811,64194046.0,421866.0,1801498.0,17300736.0,2375899.0,16213520.0,1829556.0,24624255.0,6745926.0,2947920.0,6171667.0,4781440.0,627913.0,169788452.0,915524.0,3864525.0,35179948.0,3632289.0,464092.0,4591590.0,1606269.91551304,39718683.0,22289773.3022883,4781085.0,6209955.0,2706934.0,,7516979.0,1647900.0,1914769.0,743546.0,13756671.0,895540.0,13052535.0,10458604.0,26261767.52116793,1164597.0,2410525.0,40163464.0,3448013.0,1785879.0,782297.63871344,104949708.63014396,58771746.0,1651820.0,1238620.0,1368360.0,635582.0,7410134.0
2023-01-30 09:15:00,21597291.19182673,58256575.0,623069.0,1171912.0,21233998.0,654472.0,24481600.0,4411750.0,62828817.0,5420851.0,2118395.0,6172517.0,1873685.0,656403.0,54376637.0,467309.0,3508427.0,18512822.0,2843943.0,459196.0,5804476.0,2787224.90371997,36301441.0,14928454.79751291,7991091.0,6964719.0,2277856.0,,4939556.0,3441304.0,2402331.0,1036998.0,30768122.0,996600.0,12688399.0,24288177.33333333,22135203.81468929,1694822.0,5905675.0,40797825.0,3320916.0,1953798.0,1311498.92300716,30339688.64060344,46551837.0,2654212.0,1401847.0,932999.0,699269.0,7261256.0
2023-01-31 09:15:00,11926628.67844048,33272489.0,671038.0,1961805.0,16856151.0,359118.0,19967880.0,2213909.0,59004021.0,8537557.0,2705095.0,7424552.0,3159705.0,612164.0,95398497.0,1534312.0,4582858.0,18596244.0,3073978.0,579601.0,5679604.0,2404042.79194829,27291226.0,18151945.76829738,6080048.0,9448126.0,2294866.0,,4385384.0,4516463.0,5265862.0,643670.0,24990701.0,2350000.0,19050398.0,20997546.66666667,23070029.59710704,1760628.0,6053500.0,21911943.0,5265462.0,2820375.0,2216640.55161468,41665646.52994494,43986769.0,5797831.0,1252600.0,965496.0,593220.0,9566846.0
2023-02-01 09:15:00,13944598.80232853,46557720.0,321331.0,1176872.0,12409819.0,328212.0,26348660.0,4761664.0,44092961.0,4472974.0,1598213.0,24008324.0,2027270.0,885327.0,68752685.0,741983.0,2393911.0,17302790.0,22671272.0,408279.0,6075062.0,2046321.17087541,39237711.0,68350933.80931658,7563064.0,6194199.0,3271508.0,,3652098.0,6868872.0,3010838.0,707460.0,13878016.0,1376100.0,11526089.0,20246369.33333333,19670470.85505569,8470232.0,7936630.0,38218810.0,4717887.0,2205161.0,944424.53762187,39419769.13393882,72919626.0,1939670.0,1521514.0,1724393.0,648015.0,7029896.0
2023-02-02 09:15:00,35542776.6541596,115517458.0,479256.0,1308570.0,9567053.0,309024.0,20250440.0,2419664.0,24502896.0,2841909.0,1291262.0,6806578.0,1946775.0,613267.0,40751688.0,721354.0,3048359.0,17497106.0,17269387.0,453723.0,3356544.0,2011838.89455518,16798190.0,59056036.85827818,4494575.0,6916834.0,2299091.0,,4184470.0,3488506.0,2029111.0,456995.0,19898080.0,1418440.0,11886667.0,12820664.0,13890520.44425401,8566734.0,2552580.0,39287056.0,2117181.0,1813847.0,713307.3397467,18791017.38374078,38768010.0,3860090.0,1788381.0,590000.0,647192.0,10835460.0
2023-02-03 09:15:00,45246032.17070556,89662866.0,413966.0,1278409.0,7365732.0,242350.0,14868920.0,3271913.0,15906920.0,5493687.0,1617105.0,8776614.0,1874895.0,500037.0,42497841.0,754433.0,1814055.0,14411100.0,10593983.0,328028.0,5707642.0,1664020.71975668,14914366.0,23619504.16733216,9207051.0,7040194.0,2558496.0,,2675212.0,2045634.0,1803085.0,351157.0,11730514.0,1111560.0,9250428.0,10815686.66666667,25111498.59174167,4061171.0,2600590.0,32317232.0,2332076.0,1804469.0,1774099.73925436,21644728.99801494,46977350.0,2980262.0,3693638.0,304320.0,364197.0,8850236.0
2023-02-06 09:15:00,19907169.79054513,38363919.0,257669.0,1120284.0,10129098.0,205412.0,10738200.0,1546926.0,7015869.0,2407975.0,979035.0,5742881.0,1516105.0,346025.0,35956956.0,499067.0,2070175.0,11167672.0,7441590.0,252416.0,4398369.0,1724160.53996311,8463833.0,27321904.28025835,2865938.0,4570612.0,1202963.0,,3040209.0,1332484.0,1504382.0,205161.0,7588936.0,1382680.0,6436143.0,6948201.33333333,15085335.93873058,2909587.0,2088355.0,25338586.0,1215157.0,1138714.0,862576.11829106,11255316.12507454,49546361.0,2003960.0,1049075.0,365009.0,314446.0,5958022.0
2023-02-07 09:15:00,19782902.32893622,46650736.0,319090.0,732250.0,5055187.0,246673.0,14721930.0,1604424.0,10315670.0,4126502.0,965322.0,4907167.0,2987405.0,447240.0,61077398.0,595086.0,1931191.0,10264588.0,7117626.0,421543.0,16652967.0,1519285.15360555,9337066.0,21869796.06688256,3603258.0,4336238.0,1946683.0,,3643187.0,1089248.0,1413825.0,318669.0,8699758.0,797460.0,8681511.0,10035526.66666667,15387854.28133664,1741642.0,1940780.0,16195947.0,2360600.0,1455647.0,1259440.89495676,14946684.55540038,110953246.0,1697633.0,563195.0,499648.0,295067.0,6683580.0
2023-02-08 09:15:00,19767369.28286011,31111885.0,250175.0,811956.0,6572818.0,309039.0,19032080.0,1516979.0,11577350.0,9951783.0,746863.0,6316867.0,1196855.0,378309.0,265595807.0,513931.0,2848255.0,8444826.0,10571918.0,793670.0,6121515.0,1078669.14787102,8082983.0,11039363.17555268,1675932.0,7983338.0,1793312.0,,1446690.0,1452145.0,1241238.0,391645.0,8839686.0,465340.0,10325869.0,12432720.0,21513230.57875728,3265863.0,1715770.0,15502847.0,1815142.0,1986946.0,1539678.68363943,14358039.62711152,66523699.0,2611176.0,539085.0,336510.0,559696.0,8300976.0
2023-02-09 09:15:00,18846537.81434804,22494005.0,284239.0,946372.0,5993312.0,249061.0,18381540.0,2593600.0,6577385.0,5913945.0,1331902.0,4383159.0,2054810.0,265006.0,216398621.0,1022903.0,1501083.0,11777336.0,9516815.0,1266011.0,11431814.0,1119834.98075385,6299265.0,12565666.50695648,2284751.0,6904911.0,956700.0,,2163825.0,1563181.0,1866387.0,392186.0,5507650.0,694680.0,8078404.0,7011082.66666667,13392449.70860012,2186484.0,1437655.0,15061047.0,1474402.0,1655427.0,696647.35367473,12173509.9853531,64710455.0,1782899.0,464715.0,4103779.0,334529.0,5277374.0
2023-02-10 09:15:00,11686259.27526267,12527188.0,359807.0,700072.0,4603464.0,170034.0,12912820.0,2069492.0,10685751.0,2954992.0,1106858.0,4954439.0,685110.0,328745.0,176950201.0,333266.0,3185163.0,8172116.0,7239045.0,283858.0,6648361.0,1546980.26807908,8656405.0,10889072.4056329,2126093.0,4786762.0,997205.0,,1445942.0,1454665.0,3282665.0,276298.0,9468345.0,527660.0,6396208.0,10892160.0,10970401.79146762,1655228.0,3358630.0,13824475.0,1530150.0,1187821.0,659587.26071324,24511920.32241864,60810058.0,1116554.0,597337.0,820161.0,407822.0,5160140.0
2023-02-13 09:15:00,12589479.20168845,19528545.0,272935.0,467228.0,5707194.0,372862.0,7365570.0,1467695.0,13582939.0,3705892.0,1042379.0,6142208.0,1872775.0,405135.0,86162276.0,242609.0,2009185.0,5736944.0,3063664.0,327921.0,6437475.0,1164569.10150968,9394365.0,10489205.62513419,2112106.0,4001199.0,863438.0,,2389142.0,2978938.0,4401219.0,253037.0,9829152.0,649780.0,6563018.0,7710133.33333333,10525145.42456483,812659.0,1789390.0,18488732.0,1355766.0,1087939.0,607086.89631717,13803976.83056075,56186469.0,1682312.0,1856317.0,338292.0,323236.0,4825356.0
2023-02-14 09:15:00,15030980.0036518,17976429.0,339582.0,524746.0,7527755.0,251160.0,10340900.0,1390992.0,9624926.0,3502010.0,759416.0,6758731.0,1202135.0,1519235.0,79395202.0,1051071.0,3938046.0,10908592.0,2233957.0,409279.0,3951666.0,1974964.55505792,13402934.0,30854872.51283647,2433798.0,5043736.0,931784.0,,1614893.0,1874906.0,2373179.0,227030.0,12916373.0,771780.0,6991500.0,6010681.33333333,14560772.10227579,990530.0,1050085.0,18559909.0,1832842.0,1579818.0,570048.05979335,14187915.01811859,31163587.0,2440189.0,843477.0,316603.0,328419.0,4638822.0
2023-02-15 09:15:00,7873311.95657923,9259895.0,2724361.0,817717.0,7322266.0,214072.0,6189790.0,1518171.0,11575131.0,3602838.0,662924.0,9612884.0,1283685.0,2093492.0,49655881.0,644550.0,1648954.0,11438712.0,2497424.0,643367.0,3623450.0,2040753.9104621,12070288.0,12934498.37324239,2050158.0,3465747.0,859372.0,,2409292.0,1946344.0,2007214.0,452568.0,11855678.0,639960.0,12631259.0,8107497.33333333,34062342.28002366,1243115.0,1236070.0,12796579.0,2251350.0,1429449.0,736285.54886146,16327072.79702763,35544190.0,6712218.0,707224.0,821781.0,404971.0,5227672.0
2023-02-16 09:15:00,5751448.9931821,9909820.0,1419679.0,788964.0,5843235.0,166844.0,5290480.0,2153424.0,32927840.0,3399428.0,667265.0,13093683.0,1352330.0,679170.0,48841966.0,312426.0,2369355.0,8062500.0,1983991.0,433077.0,4282249.0,2014063.36094912,10715685.0,10355861.96300285,1918858.0,4290289.0,649802.0,,2291602.0,2464602.0,2646301.0,247514.0,7923121.0,3480140.0,30949761.0,3963116.0,17552412.87468649,356750.0,3304915.0,12767016.0,1678410.0,1618931.0,847343.35017653,12705658.728695,30956191.0,14422445.0,704946.0,584385.0,264069.0,11189362.0
2023-02-17 09:15:00,5559680.93024244,8880620.0,408098.0,840526.0,8420479.0,167844.0,6160440.0,994199.0,20383244.0,3093216.0,1509783.0,7243093.0,1056035.0,491317.0,52862406.0,877114.0,1958807.0,8956270.0,4312084.0,705628.0,4014137.0,1417300.98747923,9990618.0,8127805.13924132,3146155.0,2857734.0,1142716.0,,2587909.0,3753179.0,2150027.0,214587.0,10182025.0,3768700.0,19874561.0,6491149.33333333,12006472.37070955,909951.0,2077315.0,14192008.0,1847026.0,1061369.0,632026.77096492,11520936.64560571,34107244.0,5333732.0,607239.0,535675.0,1063293.0,5616244.0
2023-02-20 09:15:00,6971962.26416262,9507162.0,232327.0,646218.0,5992322.0,169828.0,4657320.0,993735.0,17505922.0,3381774.0,5829572.0,8479587.0,761745.0,515895.0,93315254.0,447746.0,1706036.0,8086706.0,6129396.0,182493.0,3749802.0,642038.89836014,9013430.0,8268535.94787568,1613608.0,2417716.0,606435.0,,3224839.0,1779752.0,1497314.0,298434.0,6679716.0,1306220.0,8348393.0,6841917.33333333,8984313.6434182,488052.0,2309105.0,12570032.0,2157871.0,1296082.0,1332842.41084443,16095477.86085145,19896764.0,4590531.0,460090.0,390430.0,713498.0,6497188.0
2023-02-21 09:15:00,5744644.39314876,7702230.0,490637.0,631934.0,9677064.0,177954.0,4485090.0,1117177.0,11933886.0,2769616.0,2042234.0,4655766.0,791630.0,494115.0,100106053.0,539477.0,1313278.0,12389296.0,2669387.0,203273.0,3761409.0,876375.76771135,11704445.0,8750133.82912892,1767689.0,2723288.0,1749017.0,,2936934.0,1882604.0,2118816.0,323478.0,26883881.0,899080.0,7599927.0,6701434.66666667,13533594.97455001,610755.0,2163550.0,10223218.0,1771813.0,1139541.0,681672.69944612,14837834.8194502,29830864.0,3494288.0,750272.0,575418.0,399493.0,5761172.0
2023-02-22 09:15:00,10935276.80958286,10994235.0,333978.0,580270.0,6984037.0,477992.0,9347000.0,1402505.0,14589841.0,3261898.0,1602953.0,6003852.0,882305.0,570379.0,75802021.0,1056350.0,2212194.0,10359102.0,2728046.0,310260.0,5276939.0,899451.30539966,13880984.0,9493301.10767566,1983022.0,3656244.0,1810091.0,,3539149.0,2103097.0,2196484.0,363931.0,12225021.0,841600.0,9599697.0,9128660.0,11208192.02100767,944068.0,3253235.0,14763050.0,2605147.0,1218430.0,1711292.0270139,11941138.20178803,24391211.0,2674708.0,1098118.0,556036.0,402548.0,6883372.0
2023-02-23 09:15:00,9183673.785,10711597.0,443522.0,1790570.0,8437003.0,299446.0,8097680.0,1095460.0,16196352.0,4062194.0,1216409.0,6219715.0,1187840.0,527729.0,118058937.0,485547.0,2139983.0,27882010.0,4158416.0,294710.0,5037774.0,769132.10980978,11743574.0,19948994.9580601,3193602.0,4766854.0,1824396.0,,2770110.0,2000556.0,1847879.0,317544.0,11184381.0,985360.0,18675946.0,10345874.66666667,10016213.97155285,768179.0,1641205.0,15535085.0,2835983.0,1441570.0,1179499.48174781,15369519.77330621,30845778.0,2576193.0,1602078.0,347591.0,286748.0,6078322.0
2023-02-24 09:15:00,9007565.58113707,8631548.0,358946.0,1429040.0,7763814.0,263732.0,6077610.0,1342454.0,8061923.0,4357223.0,1585383.0,5154174.0,1764830.0,684029.0,73440699.0,390724.0,1684570.0,17061740.0,2436219.0,255112.0,10814032.0,744315.59705333,8246139.0,13676995.05610056,1862986.0,2790986.0,2142286.0,,2080363.0,1479060.0,2824384.0,242982.0,8338893.0,777500.0,14648507.0,9808830.66666667,9591388.09000076,973799.0,2464105.0,12253035.0,1823835.0,977592.0,1053055.05619797,13077246.86479968,34326940.0,1913493.0,1145691.0,409365.0,206602.0,5106634.0
2023-02-27 09:15:00,10589409.29988811,8484384.0,215703.0,561317.0,8064267.0,822866.0,5950040.0,972575.0,13928820.0,6719439.0,1377270.0,4841279.0,1370570.0,482530.0,38735556.0,397510.0,1834553.0,14312972.0,2587409.0,293892.0,8301373.0,867431.17818395,14422574.0,8625914.71781222,2047252.0,4920268.0,1814311.0,,2343798.0,1398112.0,2019964.0,220225.0,17669762.0,1032500.0,11904749.0,17763618.66666667,11386497.24241319,987563.0,1437525.0,11048799.0,1548675.0,1128022.0,1077434.16577592,17290946.6088855,56217189.0,2247105.0,862629.0,419611.0,295092.0,5554710.0
2023-02-28 09:15:00,35000765.51750375,25360275.0,312308.0,1815923.0,13012372.0,723245.0,9778520.0,1597380.0,10965145.0,10562614.0,5380673.0,6054079.0,2699875.0,974100.0,45414869.0,742102.0,20793703.0,18993992.0,3271808.0,542868.0,12174759.0,1808474.9264598,19600146.0,17339588.481826,1360243.0,9679811.0,1915622.0,,4395098.0,2108587.0,3407211.0,370998.0,19044910.0,2183640.0,17607584.0,36559278.66666666,22360840.17452049,1219508.0,13260610.0,15768010.0,3819644.0,4116217.0,2424693.50241311,15987631.89786005,76540448.0,3894204.0,1430349.0,907835.0,429256.0,10061602.0
2023-03-01 09:15:00,20737884.64161564,18661166.0,287008.0,816598.0,12345125.0,432887.0,5448040.0,1134472.0,14285091.0,3744982.0,3496231.0,4510175.0,995515.0,522394.0,42854827.0,288104.0,1655100.0,14137256.0,1591916.0,293122.0,7935816.0,982563.05801032,11015843.0,8227951.66630618,4006038.0,5125043.0,1464537.0,,5613386.0,1389077.0,2338935.0,333441.0,9318790.0,1278520.0,7707977.0,12896085.33333333,11743788.40767124,675500.0,2913235.0,13510198.0,1862513.0,1669307.0,1003648.00958767,12580478.63366801,76175319.0,2084324.0,479935.0,467538.0,317216.0,4542612.0
2023-03-02 09:15:00,27807023.81125442,21080489.0,313250.0,604523.0,13900508.0,276614.0,5822980.0,3267851.0,10048980.0,4910541.0,1887367.0,11354939.0,1413260.0,970565.0,36256148.0,286125.0,4074162.0,17391814.0,2618651.0,525446.0,4804013.0,840192.13010808,12327141.0,5317731.64319334,3831094.0,4644499.0,1091983.0,,4119935.0,1727640.0,1563750.0,603893.0,7725981.0,781400.0,8219892.0,79708558.66666667,9489193.80652723,491880.0,2720640.0,10376913.0,1510195.0,1556538.0,981807.52599359,9377000.17860086,55276248.0,1838692.0,529609.0,299267.0,180178.0,4438972.0
2023-03-03 09:15:00,23598446.73663239,42832968.0,168868.0,679295.0,7977804.0,281411.0,7120370.0,1199487.0,7938348.0,5759333.0,1892639.0,7089438.0,1371180.0,337278.0,36943821.0,611265.0,3253621.0,14986234.0,2983486.0,197868.0,5102333.0,1194516.10730529,12823098.0,8666584.81020442,3365349.0,4615015.0,1084202.0,,3626269.0,1821066.0,1493291.0,437977.0,12962719.0,920360.0,8260104.0,9951869.33333333,14888027.76642628,922485.0,1836725.0,27656538.0,2215832.0,1043190.0,883927.70381887,13296715.36231055,117175295.0,2388401.0,710845.0,568928.0,408754.0,4393936.0
2023-03-06 09:15:00,28023050.27331295,37435406.0,242661.0,1050267.0,10781567.0,186747.0,6084770.0,2466703.0,8289319.0,4597345.0,4090356.0,4771341.0,877920.0,362693.0,33492583.0,330670.0,4091674.0,27004710.0,3007451.0,203422.0,5071598.0,1233616.94467266,13904231.0,11350694.37487397,3623590.0,6561742.0,1215223.0,,5186846.0,1821012.0,1570410.0,275417.0,12402804.0,1058980.0,14491522.0,15659957.33333333,10341557.44449303,920574.0,3145920.0,16162268.0,1989152.0,1334132.0,748366.29093383,18728919.28436055,106868143.0,2076844.0,682556.0,566960.0,154817.0,6727722.0
2023-03-08 09:15:00,13988858.60154541,20232587.0,246734.0,580250.0,8785735.0,478922.0,13427950.0,1557533.0,14292676.0,3546995.0,2933956.0,4271464.0,1173705.0,657256.0,44159725.0,435582.0,3209393.0,20099774.0,5589817.0,286894.0,7044653.0,1471134.08995053,16144568.0,9447346.76363322,7227479.0,4137080.0,1539129.0,,5202608.0,2965342.0,2370800.0,348171.0,22099710.0,914920.0,7339476.0,11591496.0,16045870.55919477,959097.0,51702925.0,12637578.0,4734482.0,1844590.0,1039164.48029022,13002755.64779974,43939583.0,2230530.0,858496.0,521534.0,237790.0,4908842.0
2023-03-09 09:15:00,13019255.67779435,17041388.0,684685.0,774224.0,14746065.0,295897.0,9408580.0,1545024.0,7884249.0,5240056.0,6176157.0,4263468.0,1022125.0,419727.0,56021946.0,302907.0,1834324.0,20700166.0,2336282.0,244591.0,6982179.0,1055260.44809265,10624440.0,10206490.74609679,3086720.0,5104656.0,6336933.0,,6928316.0,1873933.0,3596577.0,431466.0,18874546.0,1132300.0,5314022.0,13941653.33333333,16505886.92737529,1239659.0,8022010.0,8993423.0,2994556.0,1648500.0,916601.88514236,9436024.01624597,51967449.0,2550755.0,601071.0,625276.0,158808.0,4157054.0
2023-03-10 09:15:00,9711960.24958861,12138642.0,328154.0,489978.0,11198583.0,530973.0,7708610.0,1389890.0,9620249.0,4113931.0,1718841.0,3670173.0,1686010.0,362000.0,39226931.0,458596.0,1193681.0,27387000.0,2383642.0,224485.0,5239128.0,784174.17502794,17273189.0,8858923.9426441,3255900.0,3699580.0,5369878.0,,4876144.0,1900535.0,2664696.0,516128.0,12399692.0,472680.0,4689681.0,9605434.66666667,13556468.57055997,893708.0,1446625.0,11522371.0,2001392.0,1024404.0,982839.98153727,17254650.1124406,47699832.0,1400844.0,543004.0,391986.0,154319.0,4567396.0
2023-03-13 09:15:00,7807354.76225604,9693337.0,496455.0,813217.0,8315798.0,247745.0,7933560.0,1668502.0,11482697.0,3447889.0,1697362.0,3877606.0,812710.0,351244.0,52374659.0,804808.0,3028387.0,26443550.0,2849642.0,249618.0,5962595.0,1335237.47656654,16413159.0,9314046.53660967,12242080.0,8798403.0,1602921.0,,8978938.0,2334468.0,3842775.0,479314.0,13669178.0,729520.0,8785721.0,13209653.33333333,12984589.01657636,875379.0,3683830.0,14373729.0,1412106.0,1901233.0,1172474.73520552,14543393.09515226,34552596.0,13080169.0,631722.0,698497.0,176576.0,5982520.0
2023-03-14 09:15:00,13072732.61705639,18147337.0,279237.0,1060450.0,12573734.0,278919.0,13725650.0,2060607.0,14285446.0,3753502.0,2444217.0,5723922.0,2141980.0,727498.0,52247904.0,507827.0,3683544.0,33185612.0,8530038.0,302570.0,5841181.0,1270447.60743251,15456802.0,10837341.19225432,5410127.0,7402784.0,1555671.0,,14138986.0,2871343.0,5379592.0,349510.0,9217542.0,877580.0,7177342.0,9583405.33333333,16294818.90910373,1089923.0,3141790.0,14750800.0,1879695.0,2670334.0,1519915.25766851,15220648.31750473,48584984.0,4325522.0,1470817.0,626503.0,210976.0,8094852.0
2023-03-15 09:15:00,12677900.85512171,15514873.0,279479.0,2170346.0,6652641.0,317890.0,6794730.0,1376141.0,8318506.0,8101060.0,1286900.0,2992144.0,1717110.0,288927.0,38763143.0,551673.0,1528510.0,37264754.0,6095528.0,217071.0,5681268.0,1765393.41155918,12914488.0,8923999.26865025,4117107.0,7556182.0,1173429.0,,4692363.0,3044201.0,2226887.0,509229.0,8548173.0,1559160.0,9832270.0,12228069.33333333,22090930.41981189,1566147.0,1987050.0,11282329.0,2189113.0,1780522.0,1133152.34994979,12722754.34042355,38930902.0,2583351.0,1656307.0,343676.0,265536.0,7687926.0
2023-03-16 09:15:00,6711289.37788532,12992236.0,300181.0,1755487.0,8791383.0,377544.0,8849630.0,1539281.0,12278142.0,7465693.0,2023997.0,4988245.0,1384640.0,439612.0,61237058.0,583381.0,1812907.0,21753342.0,6790599.0,577586.0,16739755.0,1653657.14413233,14987868.0,16643161.61683341,9261210.0,7323117.0,2512474.0,,3632063.0,2946792.0,3604480.0,340261.0,9405016.0,1660860.0,18551936.0,18437817.33333333,18669407.91466516,1023855.0,3988570.0,20040008.0,2228093.0,1901060.0,986738.00732031,19636325.06991882,81088340.0,2396839.0,2317115.0,475242.0,459814.0,7686620.0
2023-03-17 09:15:00,6154651.44415779,7625895.0,368653.0,1848073.0,7762461.0,396793.0,10471510.0,1332869.0,13158718.0,9306857.0,2205087.0,15720256.0,3092990.0,692626.0,112918857.0,698642.0,5350523.0,22950876.0,7640040.0,628419.0,9861244.0,2160655.69630943,11104490.0,51808818.14409715,5324960.0,9090018.0,1667707.0,,8928301.0,3286473.0,3683701.0,471602.0,47276890.0,2668600.0,16593429.0,33711025.33333334,34581480.16376992,1569036.0,4182610.0,18787379.0,2218687.0,6739966.0,2137261.92789816,14342194.59060389,48962238.0,2507004.0,1625905.0,440067.0,383505.0,9044282.0
2023-03-20 09:15:00,5328351.33510892,5250369.0,563835.0,1074367.0,10744023.0,331370.0,17127560.0,3970911.0,6579446.0,3566109.0,997827.0,4244575.0,3949945.0,561183.0,65578919.0,530530.0,2066169.0,26503114.0,3937830.0,352432.0,6331283.0,1585697.15645242,14838651.0,10723351.57851874,5439347.0,8221829.0,1480884.0,,4463937.0,1996773.0,2082268.0,488199.0,5627841.0,1512900.0,8749355.0,9281412.0,19850208.01688368,842875.0,3402415.0,14275315.0,1955757.0,2289468.0,1030874.46960127,16688175.97796888,41569640.0,4007438.0,918922.0,605595.0,520041.0,8184754.0
2023-03-21 09:15:00,4220932.57868257,5011027.0,239304.0,691891.0,11489951.0,803886.0,11301140.0,2333183.0,5886671.0,5332221.0,888443.0,3998751.0,1984640.0,490092.0,31632951.0,570833.0,2421127.0,33050494.0,4363583.0,291142.0,6080002.0,1620265.7705094,18755854.0,12300432.66971548,6200518.0,8536755.0,1133592.0,,1805180.0,3178680.0,2209422.0,287497.0,12894327.0,1955240.0,6148489.0,11272788.0,21757261.86555401,842669.0,5079360.0,29485180.0,1687239.0,1815297.0,730050.3271467,12243959.60826161,26434897.0,3354949.0,1652107.0,318911.0,350524.0,7211152.0
2023-03-22 09:15:00,3348815.8604092,4457720.0,302705.0,731807.0,8018924.0,311063.0,12425340.0,2884348.0,6096408.0,2680654.0,1622488.0,9675449.0,1598885.0,222875.0,38444991.0,296279.0,1382329.0,14177324.0,5604187.0,166790.0,6511605.0,1079977.41851731,17431520.0,5058460.06904125,2992139.0,8356487.0,949388.0,,3326099.0,1956033.0,2211909.0,218120.0,7893205.0,564960.0,4329409.0,7589846.66666667,11102213.00884829,1399723.0,1814750.0,11619538.0,1626129.0,1123939.0,785692.59547177,9487897.21385309,25891259.0,1750203.0,754732.0,344287.0,381601.0,5374846.0
2023-03-23 09:15:00,4236176.94475727,4491324.0,233054.0,1016581.0,9857892.0,256313.0,10544190.0,1947186.0,9969670.0,2454948.0,1865868.0,4730918.0,2418370.0,379191.0,32816290.0,313936.0,2178855.0,28364178.0,4489138.0,371585.0,10453779.0,1603471.55710423,17920621.0,10331544.65899736,3703523.0,7607718.0,1099501.0,,5642151.0,2455799.0,2594282.0,540553.0,5759884.0,1133700.0,4484564.0,17091298.66666667,16520367.14952432,463672.0,2141185.0,22097792.0,1857923.0,1372218.0,594818.8951511,16261552.59379785,20913844.0,1720354.0,610778.0,388796.0,232908.0,9485192.0
2023-03-24 09:15:00,6379795.039261,6072701.0,354933.0,784111.0,8078718.0,281359.0,12780420.0,2676573.0,16650432.0,2336818.0,3166046.0,6611089.0,1126970.0,542971.0,67243087.0,374543.0,2688253.0,31477748.0,6424544.0,272040.0,8833099.0,1472135.60769684,17295696.0,10524539.55562539,2709449.0,7559127.0,1563002.0,,5480609.0,1449544.0,1839876.0,391840.0,4977283.0,525980.0,8301726.0,10371666.66666667,12582343.73399394,1019781.0,4290270.0,14416984.0,1534322.0,1329577.0,972198.60395815,11392591.18733744,39014278.0,1943460.0,838919.0,316370.0,228994.0,7906696.0
2023-03-27 09:15:00,5209699.73052753,5621870.0,495895.0,791560.0,10602508.0,198811.0,11187430.0,1553877.0,15959308.0,2258853.0,3986238.0,4002212.0,1759570.0,375285.0,49618132.0,630223.0,1459887.0,31872006.0,2412510.0,238881.0,7066058.0,1409576.29938522,17047675.0,11458766.2200213,2116764.0,4170193.0,1134491.0,,2837204.0,1540581.0,2446528.0,364326.0,12077986.0,717080.0,7437261.0,19983733.33333333,14288712.23394822,1078978.0,1948390.0,15674218.0,2473222.0,1524217.0,3740416.3832475,12313499.87249955,24753289.0,1455300.0,728727.0,456288.0,251626.0,6227714.0
2023-03-28 09:15:00,8397369.25914711,19860622.0,343628.0,558581.0,11002402.0,144400.0,9481360.0,1510246.0,14999850.0,4166723.0,3623017.0,6157526.0,1834690.0,1079359.0,50426174.0,582779.0,2965015.0,39276302.0,2494157.0,456838.0,6424209.0,1434615.25878106,24469018.0,9715199.42005614,4396283.0,6633366.0,1190600.0,,2371652.0,1627243.0,1903339.0,360349.0,8750986.0,709620.0,8964539.0,8689166.66666667,12786166.13372782,609715.0,2605125.0,15833599.0,1394675.0,1303530.0,1127301.76853561,15824594.98604631,18703734.0,2431154.0,599191.0,474383.0,249783.0,7813096.0
2023-03-29 09:15:00,9622015.80914788,17057169.0,250790.0,1087648.0,17121194.0,429300.0,11096120.0,1657420.0,36103221.0,4891868.0,3049688.0,16734166.0,2083535.0,765293.0,41464387.0,577770.0,2478745.0,39763612.0,3137010.0,712847.0,6959623.0,2654381.59900272,34881515.0,10763772.71358581,5803091.0,8813966.0,2208428.0,,2821000.0,2372385.0,4003003.0,339851.0,20272070.0,972120.0,24012834.0,19743258.66666667,19117666.9504846,890212.0,1649135.0,24203789.0,3045795.0,1740616.0,1175007.28792148,17356503.25271774,37221124.0,1642278.0,710603.0,508829.0,445346.0,8823840.0
2023-03-31 09:15:00,5044939.74372021,9466910.0,465663.0,1967803.0,12946752.0,248433.0,12678280.0,1830686.0,64455094.0,5796532.0,2320879.0,5139018.0,2282485.0,546110.0,56566133.0,783144.0,3131614.0,34711228.0,3459342.0,302919.0,7468634.0,2179943.54669958,25739021.0,10076085.83979499,3097113.0,8711975.0,1447293.0,,3565755.0,1489542.0,2343070.0,478757.0,8125121.0,2968880.0,7998472.0,10202058.66666667,28641022.44952135,959958.0,4489935.0,17356345.0,1822710.0,2382581.0,984843.14773427,18283046.98013356,34579415.0,2281085.0,848456.0,675734.0,378456.0,7914212.0
2023-04-03 09:15:00,3552615.69340782,6072184.0,493574.0,1035295.0,13266882.0,497915.0,7453860.0,1381342.0,24154016.0,2120667.0,2623264.0,7754066.0,1500675.0,1170652.0,29241512.0,766144.0,1540702.0,40025398.0,2394944.0,787785.0,5200766.0,932496.31233751,26416933.0,7478466.16866522,1534155.0,5242764.0,1335604.0,,2436866.0,1231654.0,2546562.0,627265.0,9098662.0,1274800.0,20016785.0,7643214.66666667,10464704.32082515,1689388.0,2297460.0,14210949.0,1671570.0,1521830.0,807271.92854598,11509149.76709972,21840428.0,1508662.0,701713.0,401477.0,360584.0,4053500.0
2023-04-05 09:15:00,3804966.34764434,6622367.0,622533.0,668643.0,11890015.0,584697.0,24333290.0,3366621.0,24875169.0,3197932.0,1612376.0,6491910.0,1823560.0,1033837.0,25497115.0,1443765.0,3342291.0,43365392.0,4270479.0,289012.0,5607641.0,1513055.63196445,21068934.0,12297881.65167744,2979782.0,7506334.0,1188370.0,,2526350.0,2763363.0,2028469.0,272888.0,10829323.0,943020.0,15880397.0,12019382.66666667,16534151.22832951,713828.0,1710530.0,13574801.0,1544121.0,2655065.0,959314.16609983,14611565.18040679,25194802.0,1947605.0,1438377.0,212990.0,233489.0,6443110.0
2023-04-06 09:15:00,6198859.69337441,7094042.0,286725.0,627554.0,19677316.0,321813.0,17405020.0,1819711.0,11440418.0,1777379.0,1512783.0,4589598.0,1460345.0,586845.0,19695678.0,641416.0,2378264.0,44637344.0,2416882.0,211340.0,4174551.0,809963.76486448,26042745.0,13663696.49736653,3458673.0,6948465.0,726290.0,,1557355.0,2389899.0,2029418.0,309551.0,7159274.0,819560.0,10670936.0,4282876.0,18742494.15382785,959185.0,1428390.0,25125879.0,1423990.0,1703464.0,747769.0862566,18067071.81128615,21053782.0,1355815.0,1192271.0,343855.0,227682.0,6429614.0
2023-04-10 09:15:00,4328112.24620775,4254629.0,323560.0,1215461.0,15656078.0,218632.0,9282570.0,1297282.0,10870304.0,1701065.0,919722.0,3498235.0,920770.0,416883.0,60655412.0,829010.0,711625.0,31813286.0,2375216.0,261131.0,5327008.0,866751.64940882,30906205.0,7185885.16380211,1602094.0,4993788.0,600036.0,,1253171.0,1955914.0,2586918.0,308275.0,10968456.0,448280.0,17431401.0,4145644.0,13177570.52581954,985731.0,630385.0,17335453.0,1110974.0,2203187.0,927821.23538367,83585885.3290027,19992257.0,940829.0,1497452.0,357266.0,226983.0,5624940.0
2023-04-11 09:15:00,2973065.84656802,3798770.0,284178.0,1246379.0,23930907.0,685931.0,8116200.0,1281834.0,8458648.0,3485481.0,1778775.0,3995959.0,2309250.0,618391.0,41101417.0,437581.0,2318905.0,42361542.0,3671457.0,575155.0,4965642.0,927555.7623192,39504022.0,19320625.610011,1932390.0,6942255.0,4076632.0,,9293763.0,1342440.0,2443384.0,409240.0,9208605.0,882520.0,13305621.0,5106602.66666667,10718186.41441017,913188.0,2316150.0,26414406.0,1786844.0,2348779.0,785645.02153986,24009755.5693403,49304956.0,1384483.0,820568.0,235880.0,354799.0,6784354.0
2023-04-12 09:15:00,4958115.10929476,4271203.0,304498.0,2235399.0,13480335.0,992142.0,10230690.0,1105734.0,8938731.0,3794841.0,3449942.0,5136012.0,3403195.0,746284.0,30848068.0,661408.0,2715967.0,26955504.0,1950603.0,464883.0,4701591.0,1127275.26218561,22686032.0,10326459.57320725,3005913.0,5831169.0,1810361.0,,3408713.0,1165839.0,2469405.0,408458.0,7591360.0,1137640.0,7333339.0,9118796.0,18482266.51936038,784276.0,2680600.0,21292441.0,3246327.0,2417727.0,710636.11408026,22448139.92970582,27349538.0,1376719.0,553807.0,177221.0,264416.0,5578210.0
2023-04-13 09:15:00,3507750.69718798,3306659.0,1257056.0,602597.0,23934570.0,371608.0,8330060.0,1330391.0,9153834.0,4292170.0,1068355.0,3478451.0,1169335.0,1337741.0,26646279.0,258860.0,3071057.0,35330086.0,4153200.0,458472.0,6368113.0,1281567.90792602,34439635.0,6418908.03043602,6082307.0,11267238.0,835749.0,,2924116.0,1956668.0,4470196.0,480202.0,9944382.0,923020.0,11610851.0,11428621.33333333,12584643.65061094,1508398.0,774615.0,28597560.0,1445693.0,4174070.0,508514.7216014,21091936.65337734,34880922.0,2725180.0,481459.0,378453.0,292568.0,6724634.0
2023-04-17 09:15:00,3075506.00706998,2731225.0,334963.0,754555.0,22577380.0,718984.0,6728570.0,1073923.0,8323162.0,9083437.0,2604979.0,6265943.0,1705675.0,539975.0,24787918.0,723277.0,9509446.0,32405148.0,3417617.0,656224.0,6920340.0,1591638.20847896,29957514.0,11697014.14260988,5360050.0,53171705.0,1253589.0,,10354299.0,4125850.0,1956198.0,489356.0,17401126.0,3887020.0,9358885.0,21815048.0,18228495.83470561,1053536.0,2927410.0,32476990.0,1768817.0,5505048.0,1195068.30401969,17740224.45305182,24642162.0,4349422.0,1044487.0,375958.0,488286.0,13603290.0
2023-04-18 09:15:00,2621215.44384396,2964854.0,409038.0,717724.0,17238709.0,235015.0,6408890.0,1236391.0,19758227.0,4051481.0,1949777.0,8004952.0,1797050.0,577513.0,27617603.0,332728.0,3686404.0,29637226.0,2514020.0,397381.0,4866068.0,1497996.29919894,26699379.0,10058555.00653356,4455007.0,12430884.0,837349.0,,2972721.0,2848601.0,2075066.0,276111.0,16199789.0,2797200.0,8008560.0,13482833.33333333,10579114.15759496,521013.0,2602290.0,22283456.0,1217390.0,2617302.0,1339770.99731157,26734243.83810502,25476339.0,2735592.0,674756.0,502824.0,437232.0,8024898.0
2023-04-19 09:15:00,2532016.41640688,2683546.0,517278.0,799624.0,23494247.0,406755.0,5549280.0,590360.0,11271768.0,3429794.0,1538261.0,7424582.0,1920935.0,646164.0,62022927.0,313273.0,4322881.0,24741168.0,1622301.0,247426.0,5982454.0,1341021.08919077,24377956.0,10322938.15129759,2207739.0,11307230.0,2268330.0,,1876656.0,1970015.0,1818732.0,280819.0,16314641.0,1797480.0,11374283.0,8264190.66666667,12478164.56079634,1033060.0,2649705.0,21156372.0,2174563.0,3298034.0,1250303.6633952,12205299.44182964,62100775.0,1953837.0,687292.0,212326.0,341302.0,7475944.0
2023-04-20 09:15:00,2079344.52318879,5009410.0,484517.0,761101.0,19444753.0,409146.0,4367310.0,467602.0,13241812.0,2355441.0,4446158.0,2589165.0,3175850.0,483671.0,23096046.0,199468.0,3057560.0,32922716.0,1561641.0,315314.0,3830118.0,1423418.77793159,16999919.0,7063799.66973152,2530597.0,8621249.0,1033900.0,,2322777.0,1898996.0,2172677.0,369060.0,15498083.0,1044260.0,5733670.0,7308750.66666667,7124194.39582578,663526.0,1972785.0,25588577.0,1638094.0,2419999.0,1278540.3103035,23627102.74121482,18337948.0,1250758.0,995472.0,611747.0,263429.0,4423266.0
2023-04-21 09:15:00,2155648.83356268,1982614.0,485292.0,894930.0,15520786.0,237639.0,6431010.0,825513.0,5625649.0,4524208.0,3481218.0,2459508.0,1657195.0,443737.0,106707937.0,326158.0,7708194.0,20128618.0,4452849.0,699932.0,5139533.0,1225272.6563502,29578071.0,15098683.34130143,1894300.0,8691352.0,1416385.0,,1671341.0,1009316.0,1015815.0,424157.0,6672391.0,886100.0,3512214.0,5030650.66666667,7774854.90588296,835506.0,1533610.0,22599418.0,1216575.0,1929184.0,977825.4866712,14043078.53084446,37638506.0,4269272.0,409932.0,600063.0,388408.0,5299988.0
2023-04-24 09:15:00,2024453.05191982,3357178.0,571150.0,782967.0,18201632.0,279716.0,5448920.0,1051329.0,5994078.0,5271105.0,1784945.0,2587030.0,2190830.0,379317.0,43287483.0,374757.0,2033625.0,35675852.0,23496385.0,686216.0,2308450.0,1763115.11104704,30881665.0,6337033.91164365,7711772.0,8313774.0,729151.0,,2017406.0,1239073.0,1389756.0,543745.0,8088991.0,1157360.0,7028440.0,5725068.0,13151927.77733106,1337055.0,3484290.0,23335611.0,3485350.0,1640676.0,6082671.3471318,13285238.22892549,23475012.0,1625433.0,1026391.0,327783.0,513771.0,17779044.0
2023-04-25 09:15:00,5531151.09810264,4814190.0,252655.0,636120.0,36394389.0,367525.0,14944750.0,2725305.0,5696053.0,5773233.0,2440358.0,2570946.0,1639985.0,574542.0,199056106.0,361124.0,1237595.0,50353068.0,6700461.0,538138.0,3648159.0,1727870.01542916,41383839.0,9365232.16265869,5268567.0,6808576.0,1079227.0,,4738419.0,1350118.0,1360260.0,906406.0,9175412.0,3369280.0,10169778.0,8338704.0,9390160.80690944,1099269.0,11463135.0,38142390.0,2377746.0,2024090.0,1805662.51255142,11409804.40282849,23333425.0,1984203.0,630987.0,153489.0,285446.0,7528552.0
2023-04-26 09:15:00,2497815.05323929,3373385.0,438486.0,569221.0,19468723.0,964051.0,9740070.0,889092.0,4576455.0,5057352.0,1400796.0,3439487.0,1020765.0,881684.0,59765915.0,683426.0,1647101.0,27392750.0,4165761.0,560280.0,5184973.0,1265511.12036652,30371555.0,8073339.63285768,2688362.0,5680192.0,1277410.0,,3159518.0,1894812.0,1708865.0,959058.0,9032416.0,2497880.0,9177783.0,13581018.66666667,8761556.58532878,993607.0,4680385.0,23143882.0,2911028.0,2000029.0,3771175.46075859,12905646.41140696,23590297.0,1589700.0,631279.0,509852.0,230254.0,7008146.0
2023-04-27 09:15:00,1837613.1690043,3197568.0,400508.0,599461.0,15992383.0,667011.0,28271360.0,3982526.0,5362153.0,4129769.0,2457652.0,3349374.0,1098280.0,464406.0,82969101.0,531403.0,1654910.0,47790392.0,7978904.0,685268.0,3271257.0,2787076.60596037,25835108.0,13363460.31960355,2990958.0,8020704.0,1247848.0,,5061293.0,1252989.0,1340045.0,536521.0,9054900.0,2044640.0,6456825.0,9794457.33333333,9320008.94412018,1895316.0,5355815.0,17845169.0,2777173.0,2434446.0,1685273.13510187,11736843.90242126,22364308.0,3543950.0,620037.0,422730.0,205177.0,8491700.0
2023-04-28 09:15:00,6350063.06111531,6162262.0,713399.0,1080665.0,23004117.0,457064.0,14896680.0,3376186.0,11812226.0,6572656.0,2695819.0,4771074.0,1235220.0,416242.0,190938290.0,601657.0,2629188.0,27916272.0,4031679.0,721370.0,4913550.0,3821132.505907,20381002.0,13474122.38032523,2239678.0,10118277.0,1593083.0,,4367612.0,2884961.0,2333102.0,387567.0,21552892.0,3330320.0,12656744.0,10585488.0,15824796.58184806,1380448.0,15378245.0,16183423.0,2009995.0,2931312.0,1276545.24179704,16477468.1325685,30072920.0,5146250.0,1567472.0,1816275.0,457487.0,27709406.0
2023-05-02 09:15:00,3932195.87226776,5563089.0,384900.0,663800.0,12947953.0,522701.0,9912540.0,1387425.0,13598952.0,6301210.0,1857324.0,3773537.0,1209890.0,838718.0,112758256.0,396445.0,1905168.0,32221184.0,4239067.0,997629.0,5178547.0,1788074.84287268,17515017.0,10862513.42630827,2000569.0,8886401.0,1965606.0,,4605771.0,1840153.0,2607580.0,865562.0,8893428.0,1783400.0,16612560.0,6732908.0,13198307.22612212,916515.0,4445290.0,13667511.0,3152556.0,2321159.0,1455990.06413371,19119045.74877314,52822162.0,4762884.0,726439.0,1312984.0,544731.0,9746608.0
2023-05-03 09:15:00,6030764.42155075,5645727.0,287955.0,1237193.0,15103015.0,351550.0,6682510.0,903123.0,16034319.0,3908267.0,2566561.0,4523385.0,883875.0,577763.0,65082316.0,348152.0,1649820.0,29407270.0,2875460.0,863935.0,4826725.0,1277940.70724441,18715142.0,7760564.48105057,1816420.0,5549783.0,1215913.0,,3449007.0,998235.0,1307304.0,537008.0,11194149.0,1140260.0,8029435.0,4789217.33333333,7179645.73793948,623440.0,2404405.0,9699527.0,3087472.0,2468285.0,1203671.0880057,14127744.95788689,51272624.0,2217136.0,808211.0,515474.0,384431.0,4828488.0
2023-05-04 09:15:00,4992232.96146194,5124811.0,391146.0,1008540.0,9756391.0,191019.0,12451410.0,2213569.0,15414305.0,2457671.0,3393228.0,7248108.0,1006635.0,325535.0,123042355.0,591522.0,1403672.0,56854638.0,2312821.0,684323.0,3100187.0,1168329.36387971,20485002.0,8459181.11111152,2752160.0,4505401.0,1464468.0,,3451579.0,1230912.0,1541188.0,271926.0,4671155.0,1270680.0,9929482.0,9189784.0,8779246.55700941,2409910.0,2605540.0,12533761.0,1197830.0,1953253.0,1013579.82703333,9358776.56458695,38636907.0,1744298.0,1936641.0,244571.0,232203.0,6253358.0
2023-05-05 09:15:00,6328014.09500727,5193692.0,332169.0,1326561.0,14343308.0,180033.0,11600400.0,2572062.0,9315810.0,1438467.0,2262141.0,3043479.0,461545.0,518154.0,94016138.0,336886.0,1641673.0,62770416.0,2159574.0,1527593.0,3034975.0,1376194.06740501,19002035.0,13149625.04637903,8504838.0,5373791.0,945667.0,,3484218.0,2425866.0,4753718.0,951591.0,5958697.0,1101520.0,5488707.0,3896441.33333333,8892455.7668096,1360996.0,1867575.0,18163461.0,1062645.0,1710027.0,624998.98778868,8001485.03935762,32958346.0,1222282.0,2190777.0,317728.0,319654.0,7902194.0
2023-05-08 09:15:00,2923088.12132313,3671007.0,274255.0,941879.0,7007882.0,365732.0,22247350.0,2912772.0,6721354.0,2489174.0,3877794.0,9711437.0,1190915.0,322909.0,104940671.0,758999.0,1389075.0,37244524.0,1970280.0,855245.0,4090222.0,988120.16104283,18623913.0,7673856.35257897,6764292.0,5260842.0,1132367.0,,3870941.0,1583576.0,3513667.0,678780.0,6287186.0,1513120.0,9699470.0,8758321.33333333,9306442.96085626,1221625.0,3146345.0,12990869.0,2676958.0,928235.0,1060802.52162083,38950586.43887219,23130472.0,1487285.0,848638.0,319478.0,295156.0,9613544.0
2023-05-09 09:15:00,2784280.46664297,4029312.0,207566.0,1025850.0,12117151.0,329083.0,21307700.0,3772745.0,10063354.0,2486331.0,2657968.0,7318928.0,1545295.0,347387.0,127854883.0,735982.0,2981949.0,43688938.0,1927306.0,556418.0,2941913.0,1677315.71547823,21507610.0,10586472.7223704,4181498.0,4969897.0,1179219.0,,3623075.0,1417301.0,1846359.0,415394.0,7918748.0,865740.0,7600834.0,9166941.33333333,6572536.04359267,1412254.0,4717955.0,18959065.0,6902170.0,1107375.0,660365.65121627,32827649.2407312,27999202.0,1747630.0,893686.0,824650.0,289797.0,5716698.0
2023-05-10 09:15:00,2032004.09595682,1794579.0,293523.0,751851.0,11893027.0,229527.0,8353210.0,1297980.0,10360986.0,2737334.0,1618668.0,3650159.0,2271505.0,386746.0,70220898.0,285804.0,2091411.0,46340550.0,3191516.0,549062.0,3075599.0,2057537.96648647,25910923.0,10333831.88821004,6466598.0,6515734.0,919645.0,,3912439.0,1675409.0,2108081.0,366827.0,6231734.0,1208820.0,10901429.0,9689409.33333333,11053575.50016027,1420187.0,2721495.0,18561315.0,2180917.0,1559987.0,482315.65607489,20674085.51605393,19213215.0,1186977.0,522149.0,469015.0,234884.0,3670402.0
2023-05-11 09:15:00,9109855.21563829,5979387.0,409446.0,3229605.0,13816121.0,293197.0,5674940.0,915163.0,9435021.0,4808171.0,1537103.0,2675726.0,13916795.0,408412.0,75062855.0,272214.0,2653108.0,35734618.0,1620276.0,506829.0,11081500.0,1776887.50366593,20027372.0,16931665.01852857,6086958.0,6888461.0,1284636.0,,4411824.0,9470848.0,4100467.0,644550.0,12125975.0,1378740.0,7877677.0,12616726.66666667,10733937.7590573,621616.0,1675840.0,16016715.0,1296607.0,1719623.0,980772.03381596,18972335.88325417,19817637.0,1451786.0,621067.0,456556.0,320219.0,4049964.0
2023-05-12 09:15:00,3934503.25027907,4025355.0,427837.0,1998170.0,10533272.0,620213.0,9120780.0,1300969.0,6855025.0,2576010.0,3850078.0,2348435.0,5242020.0,3665298.0,73164520.0,305348.0,1585037.0,22478760.0,1433810.0,718178.0,11152831.0,2204162.80546533,13873480.0,11797286.73742662,3983609.0,8292212.0,1499306.0,,3217081.0,5367292.0,2427624.0,403028.0,8920297.0,1339220.0,16373574.0,13853808.0,7071338.17035465,1158276.0,1868500.0,11319335.0,2014927.0,1027479.0,756784.85246008,32741412.55500079,36794838.0,1140016.0,705516.0,326598.0,246799.0,4580358.0
2023-05-15 09:15:00,4986722.26643494,2616737.0,401847.0,810281.0,7339579.0,534604.0,7390760.0,1003664.0,7833289.0,7569060.0,5487301.0,4217892.0,1588765.0,1269701.0,55886001.0,448937.0,1523466.0,18512260.0,1984609.0,1383562.0,5148782.0,1585623.00757262,10453762.0,9694612.23835627,3323300.0,5534710.0,998259.0,,2971692.0,2662740.0,2647630.0,259316.0,7980565.0,1451400.0,8559162.0,12187764.0,6947305.69394587,680497.0,3314115.0,11410243.0,1814239.0,1150390.0,813456.53969488,63390195.35487463,22148028.0,2122222.0,772914.0,496686.0,183594.0,5089694.0
2023-05-16 09:15:00,3153621.78445275,1403759.0,310725.0,822404.0,12567615.0,321308.0,12651330.0,1678746.0,9051577.0,4846217.0,2964696.0,6016484.0,1430235.0,1035562.0,59311532.0,209890.0,1166324.0,32722086.0,3027008.0,602177.0,4010692.0,1501164.38626866,19612293.0,8468995.32668645,2888698.0,5236469.0,874913.0,,4569497.0,2528855.0,1571371.0,448981.0,7874923.0,1545140.0,12249266.0,11418509.33333333,8862609.72243487,926172.0,5037130.0,22178229.0,2625163.0,986306.0,666210.15936255,27355102.25897182,18587658.0,1343911.0,548885.0,481416.0,250490.0,4059352.0
2023-05-17 09:15:00,3745413.72535253,2295396.0,266803.0,835371.0,10248327.0,346510.0,7407850.0,804968.0,9456088.0,6529233.0,1866976.0,4968232.0,1749805.0,755786.0,47444527.0,377707.0,3602382.0,30466868.0,1395385.0,1169727.0,3727878.0,852614.60681942,19273344.0,10042717.08308309,4661849.0,10465667.0,1686465.0,,5482017.0,1961004.0,1643851.0,290482.0,6639494.0,1335760.0,7360259.0,11560929.33333333,8945710.73261377,688730.0,1876620.0,23739774.0,2956985.0,1588815.0,918732.58996534,22667457.69563377,28895465.0,2803566.0,539547.0,469701.0,205629.0,5376102.0
2023-05-18 09:15:00,2512955.28831348,4405410.0,167057.0,498067.0,13614127.0,194233.0,11067180.0,739262.0,7220608.0,11383252.0,1881606.0,3512113.0,2127235.0,1235091.0,54301847.0,232676.0,1515743.0,49646942.0,1745334.0,610410.0,4078918.0,1456636.46034294,21550141.0,25420307.84543658,2489971.0,6948732.0,3667407.0,,4145228.0,2290757.0,1900447.0,272497.0,6921939.0,1023500.0,7433090.0,14497724.0,10701069.21889853,1133501.0,3189190.0,45656620.0,3014019.0,1369364.0,1016714.64548311,20362548.18002744,24208481.0,909923.0,612441.0,245900.0,157714.0,4237016.0
2023-05-19 09:15:00,7774925.68809714,6340270.0,177405.0,633262.0,8393002.0,398571.0,5928340.0,754504.0,9255095.0,3432240.0,1168086.0,3810543.0,1630405.0,762689.0,73620039.0,242662.0,1984436.0,30460332.0,1484899.0,458137.0,5523299.0,1193245.41896794,15427412.0,27297928.10075795,2366675.0,11094136.0,2329260.0,,3946927.0,1729803.0,1588996.0,543472.0,6657753.0,1464400.0,5969632.0,10071694.66666667,8184707.09658659,333053.0,3457825.0,42293962.0,1309343.0,1152449.0,1248897.70187543,32040499.09969425,29848841.0,2624323.0,846419.0,468553.0,138709.0,7281582.0
2023-05-22 09:15:00,27127020.5409224,30204070.0,361967.0,659425.0,9383158.0,368479.0,4197920.0,591903.0,27946526.0,9996762.0,1402783.0,2891415.0,1224880.0,303121.0,147006670.0,263869.0,1864932.0,28334032.0,1975841.0,241924.0,4237198.0,780322.49623077,15509525.0,16337617.880777,2106351.0,7625947.0,2182824.0,,3400880.0,1112099.0,917769.0,182115.0,13339834.0,1021900.0,7331865.0,12566129.33333333,7558900.66629289,392404.0,3724060.0,21484049.0,1382485.0,1333243.0,554797.0718751,16528031.12487795,21588716.0,2996190.0,559506.0,276941.0,139603.0,12197390.0
2023-05-23 09:15:00,29314307.67164011,39497528.0,433331.0,581204.0,8273445.0,239196.0,7901960.0,1991556.0,15214733.0,6516636.0,1577827.0,3213453.0,1616475.0,374270.0,50797759.0,948298.0,2138096.0,22470074.0,3425506.0,224454.0,3690618.0,714941.46753452,16579935.0,9251262.6773877,2142459.0,7436031.0,2324758.0,,4335524.0,2265389.0,1803955.0,269008.0,8359389.0,1109180.0,10119254.0,12458561.33333333,6193633.59288171,1139676.0,3621815.0,16120548.0,3057684.0,1687418.0,836568.36070353,20302222.41903976,21304034.0,1414119.0,713749.0,368971.0,149291.0,12725634.0
2023-05-24 09:15:00,24193199.70954668,12809164.0,225979.0,439465.0,6248545.0,395343.0,5539360.0,1047736.0,10722681.0,9104329.0,1034319.0,2422138.0,1683665.0,374043.0,60476729.0,442908.0,1302744.0,33588112.0,1529396.0,402069.0,7866105.0,638769.23748248,18049620.0,12161518.71985821,2782379.0,4824077.0,1185182.0,,3557537.0,2648479.0,1369297.0,470365.0,8507023.0,887280.0,6107980.0,8877972.0,8247545.04829495,995336.0,4991420.0,17616658.0,2953574.0,1016555.0,872250.83406213,12668548.94425876,28454367.0,1782245.0,814553.0,362122.0,160565.0,8256974.0
2023-05-25 09:15:00,8695463.32160777,7458008.0,202680.0,500313.0,8149350.0,1016606.0,5302600.0,688673.0,11158044.0,9570396.0,2178211.0,3810138.0,1033820.0,725887.0,139721311.0,691679.0,1124803.0,29776930.0,1307797.0,208718.0,8018242.0,1089105.85663708,19328582.0,19285679.41731129,2589092.0,4334121.0,1213068.0,,5966757.0,1689521.0,2040166.0,218979.0,7986243.0,1630040.0,8077606.0,12502748.0,11679450.22299718,1136179.0,2376370.0,16479436.0,2331464.0,1374917.0,992236.33919606,19120900.90671674,25885062.0,1200289.0,651488.0,475551.0,257361.0,13605054.0
2023-05-26 09:15:00,4086383.98502328,4507617.0,289579.0,568249.0,4908462.0,484972.0,6940730.0,1023550.0,7958341.0,6150206.0,1130476.0,2646742.0,752935.0,394991.0,86466135.0,1946560.0,1635167.0,26635066.0,1467444.0,167210.0,6401768.0,961978.11009274,10957182.0,13767558.31523679,1981580.0,5521606.0,1461749.0,,3295412.0,1249128.0,3508112.0,346760.0,6926193.0,1263180.0,14873707.0,6811801.33333333,12836832.59184521,703725.0,2622815.0,9788076.0,4137189.0,1791115.0,973006.34858938,13848373.07909872,28362042.0,2104054.0,811400.0,415204.0,252078.0,7926180.0
2023-05-29 09:15:00,2865594.40604141,4302323.0,332364.0,535712.0,7133871.0,301343.0,6407280.0,1659680.0,10330215.0,3684829.0,1744868.0,8069985.0,928140.0,516724.0,56968141.0,670559.0,1288914.0,21816292.0,2794717.0,462628.0,8350721.0,709256.38150399,12108079.0,21003792.1847183,2985334.0,4419365.0,1467219.0,,3775509.0,1369656.0,6185862.0,236834.0,9943211.0,1068740.0,43253971.0,13638297.33333333,10177249.99146343,1370649.0,5878845.0,18432231.0,5344765.0,1210372.0,1185460.39419558,10926389.99610876,41062311.0,1432241.0,1107678.0,347260.0,210769.0,7959308.0
2023-05-30 09:15:00,1790798.55177491,4785799.0,1298380.0,506026.0,7804403.0,229574.0,8819230.0,1506999.0,7803617.0,5148256.0,1337311.0,4657906.0,1369945.0,598100.0,60699589.0,455979.0,1983735.0,37125928.0,2653926.0,399817.0,5596603.0,962971.50193442,18483624.0,20022527.41737094,1818000.0,6274719.0,3317461.0,,7429705.0,1716729.0,2493657.0,372004.0,9727639.0,939620.0,16117505.0,9469926.66666667,11531667.36244285,745769.0,3948785.0,15031640.0,2624815.0,1344224.0,608612.29877239,8505051.09923979,33475211.0,2822485.0,1263691.0,341563.0,414785.0,7378972.0
2023-05-31 09:15:00,4400760.63056373,13649365.0,1655511.0,2349066.0,34757004.0,719613.0,21476270.0,1704213.0,15741522.0,47342125.0,3561991.0,15727646.0,6313505.0,1188672.0,251813391.0,1217323.0,5967930.0,43334270.0,10027475.0,773286.0,22945527.0,3441630.41319707,27254425.0,15119964.42533307,2764078.0,17800782.0,14943096.0,,88598126.0,2809284.0,5629378.0,1614766.0,41785992.0,8495880.0,83741017.0,48104157.33333334,27560015.37683715,2382996.0,6080605.0,28797643.0,5595631.0,5815424.0,2228816.44155087,20418802.53188531,41249944.0,7599886.0,1394580.0,1279601.0,1137662.0,11783582.0
2023-06-01 09:15:00,1757799.33461322,3771760.0,1692479.0,1104861.0,11817533.0,698733.0,5900260.0,939379.0,9185292.0,9713155.0,1132919.0,35509867.0,1528955.0,622442.0,57846081.0,380207.0,1445692.0,50366938.0,1659264.0,552629.0,4269628.0,1565333.63943616,21650700.0,9325980.59732335,3244947.0,4277841.0,1995511.0,,5967432.0,1049488.0,2364455.0,378706.0,11602551.0,1197320.0,13982606.0,8804790.66666667,14836059.34401708,1041761.0,2902875.0,17820226.0,3261906.0,1177314.0,711881.13400058,20723547.00833436,21211538.0,1412280.0,538550.0,452507.0,184642.0,7065484.0
2023-06-02 09:15:00,5715648.54900668,5554473.0,1326161.0,781973.0,11616991.0,606833.0,6642090.0,1129346.0,9939324.0,6834131.0,1098485.0,36400588.0,2509565.0,987424.0,170769117.0,581166.0,1336554.0,17859710.0,3192761.0,2090599.0,11695310.0,1533012.85374894,12494376.0,9750484.61847518,1912458.0,10909311.0,3405152.0,,3558072.0,1399950.0,2313841.0,445105.0,7262018.0,1164960.0,9851058.0,6617781.33333333,16064157.53988229,737046.0,3680045.0,11323908.0,3734815.0,2030661.0,705713.73044408,20364877.06580307,46686933.0,1907589.0,1116501.0,514635.0,248325.0,6320754.0
2023-06-05 09:15:00,3048427.8229373,5166097.0,698352.0,492565.0,14520005.0,234925.0,5771620.0,829929.0,35214281.0,5298053.0,1469770.0,19807347.0,1132140.0,340655.0,84075166.0,770453.0,1435758.0,18697242.0,2230529.0,620625.0,8039709.0,1015931.06965742,10751684.0,7576967.4585984,3040374.0,5002553.0,2454283.0,,2405909.0,2344944.0,5105293.0,434649.0,12239684.0,1630180.0,11850547.0,27428302.66666667,11090609.88545578,1599077.0,2510040.0,12920507.0,3629780.0,1861468.0,784448.58776277,24859654.77142877,39642539.0,1754521.0,724102.0,231024.0,186015.0,7252860.0
2023-06-06 09:15:00,6674289.88070402,5492469.0,382992.0,577698.0,14457988.0,353149.0,6905860.0,1472972.0,18999553.0,2722174.0,2079735.0,13495524.0,1161655.0,385907.0,64762959.0,1032126.0,1943605.0,32182852.0,3334157.0,729992.0,4383684.0,665686.29658717,11894330.0,6837836.46689756,2902701.0,10008100.0,2436996.0,,4112841.0,1677680.0,2335838.0,542318.0,4889564.0,1570460.0,8118800.0,6898604.0,7618277.72814942,793761.0,1777200.0,11199940.0,1632644.0,2022849.0,753087.24451786,25500292.15747826,26751372.0,3284841.0,1148132.0,208474.0,635244.0,13707400.0
2023-06-07 09:15:00,2600714.0087435,2129238.0,552840.0,470038.0,15795824.0,239491.0,5344830.0,837622.0,11262532.0,4110739.0,1614117.0,21853324.0,1139525.0,342012.0,67871844.0,757227.0,2459039.0,24949026.0,3440284.0,996180.0,6911473.0,1450971.689074,16486469.0,7991458.09831519,2679118.0,5397578.0,3667486.0,,3100414.0,2128603.0,2491079.0,453747.0,6270083.0,3136240.0,12180164.0,11153572.0,10484531.18821315,1067618.0,3799040.0,11113781.0,1608613.0,1567196.0,4019581.22793379,34544430.62204726,45157197.0,2086377.0,862821.0,632805.0,298650.0,8215860.0
2023-06-08 09:15:00,3898851.27010437,2141709.0,411502.0,561161.0,10209982.0,295499.0,4553600.0,722068.0,11188999.0,4050621.0,1481632.0,8538256.0,1203490.0,511175.0,88006842.0,746188.0,1385218.0,37395522.0,1675907.0,1150017.0,5571023.0,938070.68291738,17608140.0,7441624.72211582,3215312.0,5034942.0,9618332.0,,5491614.0,2556995.0,1776230.0,273746.0,27382635.0,1458580.0,13850599.0,19300834.66666667,12272423.36089635,760962.0,4030580.0,15971917.0,3395935.0,1759366.0,1130840.45930101,35657691.02731416,46380294.0,4054486.0,560514.0,286923.0,349085.0,10615052.0
2023-06-09 09:15:00,2008909.69584366,1335172.0,249400.0,1239045.0,12947464.0,208197.0,4473610.0,499104.0,19873573.0,3332436.0,717024.0,5137982.0,1084700.0,447350.0,77276802.0,488840.0,1824218.0,18212578.0,3023579.0,826404.0,3518826.0,1436058.62259192,12253128.0,7477028.57253664,4233651.0,5339073.0,2408734.0,,14196924.0,2501720.0,1881329.0,161389.0,10235269.0,1418300.0,11764248.0,11037141.33333333,5975031.36500272,1904738.0,2435880.0,18870272.0,2306206.0,1775689.0,845343.22061348,15506359.20473057,36392617.0,2782697.0,727880.0,437123.0,325814.0,12018232.0
2023-06-12 09:15:00,2891849.85217006,4571836.0,343835.0,1029156.0,7465375.0,137778.0,5132550.0,465964.0,24331332.0,1569715.0,1239721.0,4261576.0,717870.0,358856.0,105388190.0,248568.0,1670970.0,13408292.0,3327440.0,617327.0,2813911.0,787688.62878274,10520125.0,9237032.91231835,1904622.0,4785588.0,1703619.0,,2815173.0,1172382.0,1389300.0,316879.0,17450400.0,1247040.0,11017643.0,8188909.33333333,6498570.81330912,1402903.0,2951100.0,8786066.0,593319.0,2324605.0,3207454.73390989,12587862.82483998,23472313.0,1767945.0,1112274.0,223661.0,195134.0,11973622.0
2023-06-13 09:15:00,2279530.7011697,3636359.0,308751.0,1598821.0,15233785.0,247078.0,8001340.0,1205104.0,16552079.0,3224345.0,2158120.0,5574798.0,1294905.0,612123.0,81857154.0,356108.0,2014656.0,27926108.0,3288950.0,973087.0,4247391.0,1816062.48991309,13528776.0,17068789.65382343,3756073.0,4846587.0,3419413.0,,9561827.0,1688768.0,2516583.0,561014.0,8332566.0,1666940.0,10073644.0,6443218.66666667,11435603.98696273,1253147.0,3300860.0,12612098.0,2413311.0,1371928.0,2730453.187251,21277828.44849992,30018212.0,1846534.0,776313.0,1634306.0,249199.0,13016186.0
2023-06-14 09:15:00,1406699.49989283,3900945.0,360156.0,741615.0,8644423.0,191238.0,4015200.0,763762.0,8660080.0,5108720.0,1831109.0,7034468.0,901255.0,456603.0,83186945.0,814361.0,836964.0,20113968.0,5344073.0,304861.0,7213168.0,1560425.59303639,13489262.0,9221144.13800998,2858453.0,3457981.0,4758206.0,,5578543.0,1013564.0,905086.0,328167.0,15061573.0,1447540.0,9695952.0,10297426.66666667,13498812.04019567,713768.0,3617290.0,8948696.0,2139387.0,1658544.0,7746031.11942474,21058123.08707304,66696433.0,1321534.0,617700.0,1207550.0,289643.0,18512564.0
2023-06-15 09:15:00,3860093.91791446,6448934.0,1712253.0,806994.0,15978311.0,178304.0,4370180.0,853566.0,13948239.0,3865201.0,1804458.0,6363240.0,3630745.0,428887.0,93321136.0,966669.0,2109652.0,35377476.0,2074065.0,951322.0,4863359.0,1858995.70705411,19366819.0,7944097.93993036,5952095.0,6161155.0,2222061.0,,4838188.0,2561534.0,1720070.0,459978.0,9840499.0,1475140.0,7426254.0,9732749.33333333,12010512.64568617,738348.0,2747890.0,17934877.0,2731724.0,2273810.0,3144194.56321057,20664735.18873995,39430138.0,1389325.0,564711.0,465902.0,406197.0,28702320.0
2023-06-16 09:15:00,8247981.48241511,6800269.0,797312.0,984671.0,8860900.0,658995.0,14148580.0,2090874.0,32649860.0,4907797.0,1572197.0,8518319.0,3814515.0,610093.0,45783616.0,969566.0,2909817.0,15779272.0,11422524.0,1029235.0,7931068.0,1775657.44485175,11249387.0,12426340.45327164,3508045.0,8536287.0,2285788.0,,3197657.0,1794542.0,2132678.0,682099.0,8562558.0,1470820.0,11466647.0,9702361.33333333,24574697.17213796,2049003.0,6897545.0,12660226.0,3611214.0,4156189.0,1776142.38169274,14470750.41053184,31715807.0,4392418.0,1022389.0,484881.0,356982.0,41110648.0
2023-06-19 09:15:00,11831419.95197396,5256363.0,327818.0,516915.0,11025846.0,193043.0,11845900.0,3446484.0,10053869.0,3017364.0,1015057.0,8210198.0,3540755.0,336012.0,62744981.0,541475.0,1278608.0,24829146.0,7087287.0,671364.0,3950931.0,1085075.40793793,19351375.0,4437987.43546704,2679485.0,4451787.0,1422461.0,,7609913.0,3111256.0,1476764.0,395006.0,5363723.0,866620.0,4718221.0,10431648.0,6911936.76551094,741782.0,15970295.0,17903691.0,1327862.0,1468186.0,1324389.43413339,10402778.29208949,33502185.0,2188899.0,1382633.0,199840.0,187488.0,10629440.0
2023-06-20 09:15:00,2556582.05352725,6753358.0,334154.0,866290.0,7596593.0,453523.0,8638260.0,1943763.0,15471361.0,2691557.0,1413571.0,5024593.0,1070755.0,378562.0,30591595.0,463442.0,3504867.0,20005626.0,10400684.0,872568.0,5090801.0,1147051.68259197,15212286.0,4737730.9955441,2102065.0,4009180.0,2282549.0,,4622905.0,1771306.0,1042428.0,612713.0,6035600.0,1377540.0,6059738.0,13426365.33333333,7036522.19122132,1474323.0,13814600.0,14549152.0,1445688.0,1528452.0,1193253.40912772,29939105.37967478,30371599.0,3318866.0,672298.0,273300.0,343189.0,11802658.0
2023-06-21 09:15:00,7647971.44047506,9312613.0,410174.0,742456.0,7805855.0,274821.0,5468040.0,799052.0,14141162.0,3022724.0,1140198.0,4705567.0,1123550.0,538051.0,31896510.0,332978.0,2019683.0,24308946.0,7689046.0,407191.0,5689533.0,1220754.65337293,9210553.0,6419395.35115758,1490552.0,4041529.0,2768203.0,,2399108.0,1607299.0,2008628.0,356331.0,5906854.0,1292840.0,8284206.0,31172093.33333333,7077704.79777146,855234.0,67327115.0,14946871.0,1396686.0,1645987.0,1456874.73682506,15149902.20060344,35627983.0,1985965.0,509602.0,369391.0,373929.0,8829264.0
2023-06-22 09:15:00,8721425.96373499,10061086.0,329800.0,871640.0,10135883.0,180102.0,8271940.0,966522.0,25032998.0,4380046.0,2852669.0,6566989.0,1242850.0,559681.0,40419764.0,412552.0,972005.0,56596140.0,4577233.0,578572.0,3566261.0,843115.42430066,27291569.0,7031295.37760394,3185099.0,6676607.0,1972478.0,,3428210.0,1741775.0,1296616.0,288487.0,6683123.0,998060.0,10629027.0,7430965.33333333,7746233.72131576,556505.0,20695285.0,14979063.0,5384143.0,1529603.0,1000723.73109189,18599911.26968384,34769987.0,2360795.0,496441.0,213389.0,226654.0,9356174.0
2023-06-23 09:15:00,15684848.45485576,15398550.0,335552.0,1260659.0,6188008.0,348409.0,8152260.0,1237464.0,12413343.0,7667340.0,1776614.0,3881707.0,2791140.0,281640.0,51775728.0,343516.0,1699790.0,21339218.0,4159293.0,381689.0,5403772.0,1006813.80465652,8767733.0,6452657.10918931,4636121.0,7239467.0,1704679.0,,2584063.0,1212955.0,1258590.0,309138.0,15255365.0,870300.0,8722650.0,5593393.33333333,6739116.9774161,1076729.0,26775580.0,12215712.0,1218237.0,1119505.0,816015.4099051,15508283.93109706,22190233.0,3492348.0,869340.0,732596.0,198255.0,6470406.0
2023-06-26 09:15:00,8090608.61064398,5696079.0,430106.0,592801.0,5799528.0,298624.0,5635390.0,647496.0,17369553.0,4431992.0,2313439.0,6145625.0,3607125.0,346202.0,30411621.0,387115.0,1190307.0,16130314.0,3749962.0,583691.0,4460980.0,770640.48085772,11749040.0,5802653.89928187,2236596.0,3403244.0,1602537.0,,2213679.0,793572.0,2281046.0,405168.0,7231775.0,700300.0,4273205.0,7305362.66666667,12851980.31852964,1009927.0,9027690.0,8360264.0,2066932.0,1978803.0,3059849.01855991,11572576.29207886,25332751.0,1432154.0,839713.0,445964.0,241856.0,4100400.0
2023-06-27 09:15:00,3465245.6599797,6935089.0,556456.0,914141.0,6921886.0,444793.0,7097890.0,763062.0,19093714.0,5533649.0,1651238.0,6282912.0,3330315.0,336518.0,59078137.0,338805.0,1504039.0,33831864.0,30050877.0,415101.0,3047635.0,698570.81690847,13422726.0,5154577.72501031,2638788.0,3240024.0,2783577.0,,2138665.0,1012317.0,2737379.0,339375.0,6787438.0,882660.0,9730174.0,11142908.0,9851060.57218136,1650539.0,9250910.0,10694768.0,4647465.0,863542.0,1145266.49499563,15577446.5381822,24129403.0,1227245.0,913730.0,320512.0,236562.0,5880750.0
2023-06-28 09:15:00,29232142.1262375,17910387.0,362944.0,713110.0,10010996.0,769406.0,7097820.0,1158136.0,61890385.0,6272649.0,1653212.0,19512531.0,4426340.0,657118.0,30574521.0,1030718.0,1424076.0,59562950.0,21909643.0,781032.0,4613401.0,1419568.1148725,25708001.0,12800382.41370668,5550351.0,5662358.0,8340755.0,,5339982.0,1734938.0,2611913.0,482586.0,32476741.0,1112480.0,40243993.0,17808717.33333333,11543360.80823123,2245575.0,9058510.0,18028934.0,5296330.0,1575872.0,925577.16289314,27696414.87999322,23895274.0,1876800.0,1525117.0,322724.0,282115.0,7140112.0
2023-06-30 09:15:00,5284387.4328935,6629272.0,411015.0,1436363.0,7096350.0,587936.0,8879080.0,934639.0,27973500.0,5217511.0,1963457.0,7850296.0,2430705.0,712382.0,49245376.0,453159.0,3036648.0,40699016.0,8681796.0,962194.0,4115005.0,1178440.02072228,13843218.0,9646909.89607348,4590286.0,12821692.0,2515440.0,,3934720.0,2690699.0,4114865.0,845006.0,9579059.0,737240.0,7840112.0,17659980.0,11337533.6919059,972782.0,13348225.0,8718232.0,4765060.0,2672406.0,1411662.29391378,20685088.92160696,26741918.0,2478834.0,946112.0,336262.0,225746.0,9070810.0
2023-07-03 09:15:00,2744891.11144997,2808490.0,150815.0,474224.0,5562743.0,457367.0,12092270.0,1068533.0,15492508.0,3333167.0,1454455.0,7860203.0,1174135.0,734331.0,49243205.0,1087268.0,1749952.0,44104116.0,2795761.0,818522.0,3693861.0,996098.7836567,12350359.0,11334595.84077676,2890340.0,7732412.0,4781944.0,,3208540.0,1078456.0,3615176.0,398066.0,7352149.0,1105380.0,9548822.0,12467240.0,12357090.6935989,599025.0,7848930.0,15421985.0,2338356.0,1687264.0,1241107.72357724,18437367.96239438,30979256.0,1899656.0,429100.0,238418.0,373703.0,9036924.0
2023-07-04 09:15:00,2380253.21566324,3263045.0,233404.0,473663.0,7396806.0,286373.0,41622080.0,7337423.0,7595425.0,7397493.0,1112255.0,3662791.0,1863335.0,4118019.0,24150257.0,671227.0,1094468.0,38795188.0,3340982.0,2177103.0,2721964.0,733268.42970153,14041699.0,8183895.75429205,2262047.0,5797775.0,2473106.0,,6575587.0,1441581.0,1595700.0,247673.0,13258826.0,602980.0,5394282.0,8637968.0,8196089.92145256,866223.0,8948575.0,24799250.0,1549174.0,1656681.0,768298.75619473,11458724.25524503,25080307.0,2773593.0,1291238.0,399795.0,206677.0,12617234.0
2023-07-05 09:15:00,2266633.92210651,2212779.0,279982.0,632406.0,8200047.0,891033.0,19786660.0,2006206.0,15615891.0,4284477.0,748219.0,4859892.0,1410270.0,2931606.0,25459694.0,400610.0,1653610.0,37165754.0,5871642.0,3069147.0,4783528.0,1744577.89109758,13817767.0,17218303.88876734,5288351.0,5414936.0,2526894.0,,3119185.0,1191896.0,1456527.0,815044.0,6558910.0,777760.0,8795342.0,5340908.0,10418972.5497021,960704.0,13158105.0,13598114.0,1840716.0,1453008.0,2568135.99261491,14436969.97204796,27877180.0,3732838.0,643663.0,502769.0,195350.0,12366958.0
2023-07-06 09:15:00,2553133.35851035,1949877.0,1251554.0,693995.0,10221727.0,888595.0,10459840.0,937466.0,16906327.0,6365222.0,1236819.0,7254947.0,2534370.0,3837528.0,24467816.0,360772.0,2334220.0,52156544.0,4788193.0,1676341.0,5021705.0,1284928.98523083,16334427.0,10033567.1068395,3337234.0,5963897.0,3316923.0,,3654241.0,1796824.0,5628945.0,652120.0,16276609.0,1807340.0,9845699.0,16705046.66666667,19436824.44079973,726222.0,4616375.0,11323509.0,2551103.0,1848238.0,2392633.73335925,23780277.50088906,34320086.0,2520085.0,976956.0,240874.0,275687.0,9037242.0
2023-07-07 09:15:00,1880178.00421287,4248724.0,559765.0,620761.0,6236524.0,405959.0,10949150.0,1456642.0,22837962.0,18763997.0,1914093.0,6393850.0,2771720.0,2099192.0,26599778.0,554904.0,2159585.0,19926336.0,5425784.0,931135.0,6769909.0,1197484.09397337,8593807.0,7758411.79473275,2922616.0,6295647.0,2547821.0,,2076544.0,1837661.0,6905845.0,457050.0,12652336.0,1129280.0,7597171.0,13149184.0,13598331.89955709,939840.0,6705130.0,11707209.0,1721224.0,1789326.0,1833715.94921129,34894735.7899221,30034274.0,2261102.0,3630808.0,248389.0,354695.0,9065220.0
2023-07-10 09:15:00,3888194.85405216,5135483.0,271366.0,548838.0,7138850.0,659388.0,14515180.0,1731894.0,9068813.0,4310681.0,1142988.0,6223180.0,1003625.0,1778576.0,33812208.0,453922.0,3960400.0,38398442.0,3676990.0,570281.0,6502214.0,1542076.28463163,12069184.0,6908618.74231025,1941110.0,3940315.0,4777540.0,,3437542.0,1178479.0,2276342.0,272008.0,10238356.0,727760.0,5437687.0,15319048.0,33794371.15234855,675354.0,6425075.0,11417363.0,1221769.0,1407431.0,1191589.33372202,39426287.03260676,60652690.0,2088505.0,1777220.0,299305.0,173234.0,5630400.0
2023-07-11 09:15:00,2317457.06735554,2716491.0,503174.0,772158.0,10616390.0,400593.0,16750430.0,1500679.0,46215137.0,3353977.0,814514.0,10775084.0,1056805.0,1425815.0,42946892.0,578943.0,4982603.0,50670426.0,5004622.0,663715.0,3055356.0,2515340.26052483,16977595.0,8959875.6082924,2110648.0,6126128.0,3085989.0,,4096757.0,1219658.0,1563376.0,568772.0,11236383.0,1370520.0,6343183.0,7486045.33333333,20404051.7305,821816.0,6085610.0,13221177.0,4369937.0,1110172.0,2193787.85670327,19961454.75066429,37999385.0,1212566.0,1141925.0,457955.0,300378.0,9634838.0
2023-07-12 09:15:00,1490085.74930142,1349350.0,263391.0,1025127.0,10141257.0,295827.0,11317550.0,1281286.0,18031857.0,3033186.0,1163653.0,11313272.0,1203590.0,1573745.0,64212629.0,791303.0,3824027.0,70958358.0,2912240.0,739038.0,2854995.0,2433531.69987008,21511161.0,13073897.52503546,4921224.0,8102770.0,25929716.0,,4355083.0,1822435.0,2658457.0,552967.0,9191559.0,961800.0,15614026.0,9390877.33333333,19046265.99504989,905809.0,6537300.0,16029716.0,5088473.0,1515240.0,1453263.16684482,17865008.67062477,32771204.0,1274203.0,1300168.0,502653.0,508967.0,6848220.0
2023-07-13 09:15:00,1286420.97730346,1378288.0,338327.0,750126.0,13079930.0,501038.0,7470520.0,1136620.0,12374030.0,4228714.0,1419223.0,20205328.0,2034915.0,1050165.0,192605002.0,335566.0,12294227.0,41913546.0,3997060.0,665215.0,11590791.0,1518596.4831877,23222286.0,8379540.19249531,5174896.0,9977644.0,3049961.0,,5265370.0,1141663.0,1859405.0,519564.0,10612659.0,864320.0,11350009.0,30591450.66666667,14927807.0713624,1579954.0,6218315.0,20024503.0,1541690.0,4585146.0,997967.4796748,16049945.32807302,44847814.0,3215610.0,932018.0,270100.0,272841.0,13595726.0
2023-07-14 09:15:00,1395494.59183792,2043145.0,508041.0,832843.0,5383514.0,419873.0,7266000.0,1088010.0,9577719.0,3860080.0,787233.0,7390502.0,1942045.0,1577337.0,91571303.0,409292.0,6605038.0,24727214.0,6273380.0,811153.0,10801568.0,1441348.58650955,12871569.0,5383189.41002662,3885754.0,12833381.0,2011903.0,,7131916.0,845623.0,2174792.0,498441.0,12369394.0,909140.0,9448062.0,72085832.0,15376374.52511899,1321159.0,4492200.0,12190152.0,2641580.0,6306101.0,1725990.34755288,11611597.55175343,34521821.0,6033106.0,721349.0,268107.0,249245.0,31366784.0
2023-07-17 09:15:00,3186174.57861226,2683898.0,469609.0,817694.0,8472444.0,250127.0,5067440.0,823296.0,9411535.0,5614592.0,1047614.0,4963515.0,1976770.0,1556115.0,43377345.0,923331.0,3159479.0,49252928.0,2439405.0,909246.0,8441112.0,927065.16082684,16290763.0,6452484.42815102,4003275.0,11569884.0,1769593.0,,3329856.0,878697.0,1520990.0,444583.0,9058800.0,835900.0,4968847.0,11474161.33333333,22590611.53769473,1055414.0,4223875.0,19378986.0,1254025.0,2743228.0,1215483.59407897,12556512.31198403,49115369.0,4880073.0,866575.0,473571.0,202735.0,45759860.0
2023-07-18 09:15:00,6163598.46220163,4464508.0,511024.0,962485.0,14457717.0,270028.0,13097090.0,2077115.0,8994063.0,4731911.0,780402.0,6168942.0,1286955.0,743048.0,71215775.0,748013.0,2431478.0,81076818.0,5855926.0,578275.0,3963196.0,1235039.99372193,29709508.0,5670170.46416336,4106331.0,16743977.0,1527919.0,,5795645.0,720865.0,1059058.0,320985.0,7177677.0,651680.0,4322257.0,14940593.33333333,26298711.58406757,1427102.0,7805875.0,25757209.0,2238739.0,2600090.0,1429762.65669031,17159217.14376116,23433431.0,2666872.0,1359863.0,173675.0,280527.0,17769026.0
2023-07-19 09:15:00,1688015.06827127,1039827.0,265631.0,620289.0,7574544.0,247325.0,9759430.0,1920501.0,8975718.0,6641825.0,1069988.0,5247533.0,1961585.0,658755.0,42130927.0,435766.0,2242397.0,32935134.0,4866371.0,486164.0,5062700.0,1184901.13064548,15994261.0,14690943.15297102,8850582.0,13687062.0,1563134.0,,3377787.0,1431080.0,1081196.0,450254.0,31761232.0,557620.0,5968174.0,22954874.66666667,39774610.37451851,659900.0,5968125.0,17556585.0,2311282.0,2405370.0,964233.51310206,18432895.70663747,17222355.0,2293881.0,568891.0,383674.0,150429.0,10830990.0
2023-07-20 09:15:00,1612767.53290256,1423489.0,276787.0,589848.0,15329753.0,450566.0,6494360.0,1159938.0,10187180.0,3779959.0,1280545.0,3195629.0,6016030.0,684856.0,40495235.0,856505.0,1990001.0,56210948.0,2754328.0,735511.0,5156038.0,1453281.47746661,26487838.0,21452923.91198739,4491531.0,8347221.0,1780010.0,,9305585.0,1045704.0,1538263.0,466813.0,8936996.0,755840.0,5217131.0,10249082.66666667,38717624.0,898725.0,2878425.0,34038351.0,5218991.0,1715404.0,1398165.46820847,12977643.10352916,22303831.0,2000345.0,1021556.0,235107.0,307197.0,8255710.0
2023-07-21 09:15:00,2351260.46452118,1491198.0,313184.0,857975.0,6230317.0,367833.0,6733940.0,1149031.0,9926528.0,7001587.0,879139.0,3903407.0,1150370.0,536479.0,74991213.0,782752.0,5259150.0,42154248.0,5964750.0,749722.0,4309067.0,5280773.51948887,16903003.0,14801818.15166016,2138540.0,45548305.0,8469798.0,,3849750.0,4610417.0,1668783.0,328483.0,11031250.0,736860.0,7842863.0,18466409.33333333,30249238.0,524241.0,15551270.0,21040281.0,1879610.0,3770223.0,1245560.44116218,21391644.04473129,31546136.0,5032086.0,599594.0,331260.0,656733.0,23514212.0
2023-07-24 09:15:00,1147701.98862374,1919024.0,249814.0,680246.0,9167788.0,288534.0,5843420.0,1455663.0,13121674.0,4125577.0,936947.0,3456895.0,2119525.0,517007.0,64291285.0,782848.0,2672505.0,32179444.0,7781836.0,784541.0,3399581.0,1805442.94829273,21687719.0,41291760.02094046,2738185.0,8859789.0,2710762.0,,7033093.0,2155297.0,2129706.0,358506.0,9981788.0,841620.0,8451631.0,14825562.66666667,23727866.0,1183272.0,30150490.0,11756364.0,2130036.0,1680132.0,1163945.84264568,20287218.82917083,38113555.0,2669308.0,523141.0,392933.0,482809.0,6808460.0
2023-07-25 09:15:00,3111099.22024439,3210148.0,547945.0,2555630.0,13448045.0,743269.0,8508690.0,1378736.0,7151050.0,3652262.0,599999.0,11024983.0,2162155.0,865631.0,72459586.0,472399.0,2506726.0,55992596.0,4754351.0,748386.0,8482756.0,1679802.24229666,29325327.0,46120369.97469694,2982900.0,6801982.0,4850069.0,,7944916.0,2068876.0,1996604.0,240998.0,18028061.0,1251520.0,10480578.0,10500017.33333333,12026020.0,1362929.0,7020285.0,18503305.0,1702900.0,1272980.0,884346.75930425,23169824.52841668,88035259.0,2557865.0,874788.0,221128.0,583167.0,6458200.0
2023-07-26 09:15:00,4146447.9833176,5868377.0,297720.0,959076.0,8298226.0,387130.0,22288660.0,2225230.0,12681896.0,2845581.0,1854416.0,7574284.0,1701060.0,552958.0,59291226.0,463905.0,1969964.0,24794358.0,1841832.0,509747.0,4218466.0,1320493.02260565,12780537.0,19221011.95756123,1537232.0,5528885.0,3062011.0,,2462073.0,5820099.0,2100855.0,209861.0,13857423.0,689240.0,9103949.0,12898172.0,12911012.0,2302730.0,3995010.0,9999125.0,1321572.0,1066803.0,1963807.37213747,52464055.47381006,29716336.0,3170213.0,588487.0,273042.0,191345.0,5329662.0
2023-07-27 09:15:00,2313506.27533618,2243079.0,363050.0,874078.0,17858061.0,321326.0,21471720.0,3402069.0,11597763.0,3445446.0,14590950.0,7837850.0,7539055.0,748689.0,77249384.0,540288.0,1769815.0,59741302.0,3364659.0,524436.0,5615100.0,2311958.00914402,25932395.0,14820331.0421148,3362598.0,9191861.0,2865447.0,,6290001.0,2117794.0,11879512.0,256672.0,16013422.0,3587480.0,7731146.0,10836773.33333333,17226898.0,1946045.0,11626560.0,17444742.0,6366612.0,1701769.0,3242185.72863019,19374558.97129369,39664251.0,17594818.0,595544.0,215362.0,216816.0,8948358.0
2023-07-28 09:15:00,2412333.81182044,3257195.0,453505.0,553750.0,8504392.0,255158.0,10070500.0,3285744.0,37245053.0,2314339.0,4454009.0,8817344.0,3180540.0,338430.0,74798625.0,493252.0,2031899.0,41015684.0,1664766.0,445865.0,3886408.0,981660.06685771,12584130.0,10570866.8059591,1565680.0,6122735.0,2111325.0,,2302033.0,1325724.0,4714146.0,381151.0,39630520.0,1344220.0,9004252.0,17518458.66666667,20827852.0,1051700.0,5905730.0,11930586.0,2677679.0,2599831.0,2394596.41110355,15403657.99225063,33996691.0,4244321.0,837051.0,344569.0,204996.0,6760060.0
2023-07-31 09:15:00,3464133.21097425,5854918.0,689230.0,933890.0,6601991.0,325463.0,7493150.0,1323373.0,16197160.0,4424817.0,2221571.0,19422170.0,1599490.0,485771.0,49093355.0,599627.0,2526624.0,34565006.0,3738008.0,933273.0,4974267.0,2034779.33907894,14303116.0,8681509.53699842,1721385.0,7902180.0,4226070.0,,4025207.0,1284981.0,2460789.0,600060.0,43494779.0,972180.0,9277749.0,24269734.66666667,8551174.0,1061701.0,7778860.0,8605483.0,1718336.0,2743678.0,1472553.89013053,12426843.39728991,52330311.0,4766331.0,656048.0,346064.0,240038.0,6762180.0
2023-08-01 09:15:00,1624574.54496042,2590545.0,1044095.0,698667.0,8409096.0,391794.0,7527650.0,1641917.0,17079508.0,2087412.0,1362536.0,22409256.0,2122735.0,1039321.0,34950470.0,512577.0,2710536.0,35394188.0,3370855.0,3043469.0,6249656.0,1786578.66068169,15508569.0,6820605.44181918,1578914.0,6064652.0,2406158.0,,4467942.0,1298745.0,4184243.0,1394528.0,63510580.0,1300380.0,5584773.0,31395702.66666667,9536632.0,1219778.0,5345210.0,13493453.0,1448567.0,1956167.0,999874.48579665,14781996.22173862,27863562.0,3805214.0,602288.0,260609.0,217562.0,7181804.0
2023-08-02 09:15:00,2584687.11366497,3017482.0,1016605.0,857218.0,9324465.0,249850.0,8985360.0,2170178.0,20816954.0,3328903.0,1861901.0,25003960.0,1791795.0,1174483.0,54844625.0,650391.0,2701150.0,28116322.0,2536221.0,2692656.0,5986653.0,2115688.9715334,15787996.0,10931048.72943745,1913777.0,7419145.0,1975596.0,,4180451.0,1479486.0,3188395.0,672815.0,22647784.0,2093220.0,8975495.0,20825405.33333333,12748214.0,888107.0,7630985.0,14977497.0,1731918.0,1914899.0,1624326.87947397,26109173.21487163,54951586.0,2357217.0,1152335.0,752736.0,134414.0,5399618.0
2023-08-03 09:15:00,4866804.59384734,4135776.0,412037.0,711067.0,17076611.0,418377.0,10818980.0,2785017.0,12415922.0,4642067.0,2574025.0,13949266.0,2570520.0,601722.0,123480816.0,664474.0,1608187.0,57673946.0,2670399.0,1250490.0,4026983.0,1498528.54595255,30994707.0,11248524.40742179,3631489.0,6503741.0,1829238.0,,7015292.0,1612618.0,2222395.0,614897.0,29868065.0,899420.0,6152393.0,10882020.0,10168350.0,871719.0,3816705.0,27774877.0,8460399.0,2026351.0,1392015.27224436,18980452.19925745,34624188.0,2348236.0,3319847.0,269065.0,390602.0,6821698.0
2023-08-04 09:15:00,3396171.75264124,2758619.0,358846.0,519248.0,12376086.0,451353.0,7313490.0,2703607.0,10589274.0,7066276.0,8359856.0,6725977.0,1726520.0,1235134.0,405751650.0,325955.0,3315303.0,37388304.0,2032172.0,642027.0,7576934.0,1380711.0546442,20582882.0,7240315.71022095,4063355.0,5712345.0,1275614.0,,5443532.0,1101278.0,8066091.0,540470.0,12879897.0,820200.0,4605271.0,7406390.66666667,22885610.0,1609140.0,5455600.0,52725616.0,3527805.0,2248493.0,898420.54546043,19556576.46781797,22303966.0,3580506.0,709334.0,396908.0,248048.0,12481540.0
2023-08-07 09:15:00,4829547.34666478,4175164.0,608113.0,360358.0,10922609.0,436583.0,7184090.0,1228780.0,8339894.0,4086452.0,2468250.0,6744074.0,2499830.0,438968.0,249331637.0,970479.0,1655404.0,28300918.0,1676683.0,444210.0,3770469.0,816473.63021549,16686062.0,9705236.889479,2792582.0,3729093.0,1422051.0,,3708310.0,1163125.0,9257291.0,366329.0,12929354.0,824920.0,2240015.0,6345966.66666667,5982870.0,1719680.0,4926185.0,32736325.0,3353219.0,1853889.0,1119716.25692353,16387448.24974595,20711952.0,1694290.0,580359.0,395041.0,195297.0,8822866.0
2023-08-08 09:15:00,6317885.55095764,11993737.0,519420.0,500258.0,11512735.0,487053.0,8073620.0,1409271.0,12505272.0,3282856.0,5064238.0,13828141.0,2987010.0,881723.0,160236123.0,481960.0,1667697.0,43773828.0,3542734.0,2020469.0,6448476.0,1017831.51560402,23784778.0,6772156.22756097,1846797.0,4161877.0,933777.0,,4089623.0,767310.0,3426948.0,430636.0,15314866.0,1160640.0,3631238.0,15171726.66666667,9844072.0,3458915.0,9859755.0,25038671.0,3073468.0,1634225.0,1267589.19606128,14681653.71007271,21275054.0,5137402.0,474417.0,322580.0,166007.0,15724284.0
2023-08-09 09:15:00,5960623.42920706,7007648.0,268668.0,643222.0,7701831.0,282034.0,5115720.0,1065831.0,13111006.0,3185159.0,2105178.0,35271302.0,10067015.0,1096303.0,109240947.0,529874.0,1559337.0,33361236.0,2176168.0,548711.0,6171305.0,1231632.19246546,19317331.0,10337919.02591385,1218020.0,4090828.0,3133311.0,,2624324.0,906865.0,3713003.0,404602.0,12554174.0,745700.0,4852294.0,18442141.33333333,11486586.0,1746764.0,6340300.0,15769111.0,1306791.0,1794589.0,1725430.59469439,22133276.560509,34154214.0,3396984.0,600081.0,2491542.0,222338.0,9309388.0
2023-08-10 09:15:00,8393119.47712629,8064730.0,370166.0,1253219.0,13590891.0,330123.0,6161300.0,900666.0,11116731.0,3439922.0,2102129.0,10749822.0,2763310.0,640761.0,87598556.0,703313.0,1676669.0,50781118.0,1472754.0,476401.0,4285159.0,1334003.35480004,24858441.0,13977809.66237216,3730443.0,3873025.0,6313077.0,,5112099.0,1040041.0,3600607.0,523490.0,10970619.0,1411580.0,10430692.0,9962450.66666667,15470598.0,841571.0,5397960.0,27325801.0,1443067.0,1096701.0,952885.61202345,87982488.73880906,24439101.0,3715680.0,970990.0,4043720.0,296178.0,9901644.0
2023-08-11 09:15:00,7379250.56815833,9040236.0,1066479.0,919023.0,9558237.0,274197.0,6303960.0,792201.0,10967883.0,2812690.0,1286301.0,6132454.0,2256960.0,366412.0,38156809.0,749160.0,7391806.0,28225822.0,1288176.0,816082.0,4422888.0,1495368.58478747,17162177.0,12270233.61647942,3074690.0,5783517.0,3239511.0,,4265616.0,1320121.0,2402812.0,498504.0,7970536.0,767260.0,4112277.0,23866073.33333333,22179330.0,891342.0,5133290.0,18221179.0,1756630.0,1679974.0,920181.06436044,15483457.94247314,26337436.0,2933959.0,1823274.0,697959.0,293096.0,7571468.0
2023-08-14 09:15:00,10090313.53844254,17841454.0,832136.0,815534.0,7172522.0,154258.0,6937850.0,1549409.0,8529502.0,2665905.0,830936.0,6092872.0,2167595.0,650028.0,46668447.0,530242.0,1720940.0,31304410.0,1927044.0,526850.0,4566085.0,1077168.90272771,19026691.0,8011984.8946213,1783022.0,4304135.0,1866848.0,,3299919.0,1364413.0,1875450.0,336864.0,9283695.0,815760.0,12876956.0,9188486.66666667,9575812.0,888959.0,4598320.0,28084093.0,1824622.0,1190425.0,763909.80792278,24004690.32559784,33095516.0,1842625.0,542561.0,1480009.0,544313.0,5792180.0
2023-08-16 09:15:00,7304457.70379184,11481440.0,667417.0,597686.0,7394623.0,188763.0,5987950.0,834135.0,7062446.0,3962408.0,1665083.0,4576249.0,4308265.0,502272.0,76333138.0,399339.0,2567226.0,34137542.0,1800138.0,753515.0,5066857.0,1174073.36271884,17930805.0,15806429.81914139,2051360.0,7735313.0,1317570.0,,1883940.0,1703875.0,2361632.0,336363.0,9687712.0,578600.0,8371665.0,9191472.0,10203112.0,395774.0,9040420.0,15725767.0,1224080.0,1328445.0,365269.61260648,24120488.62188145,31252473.0,2341456.0,544441.0,1232266.0,282782.0,8131780.0
2023-08-17 09:15:00,8010305.0512505,14011644.0,375779.0,873392.0,9336994.0,311184.0,7101180.0,1048714.0,7162118.0,3013019.0,1855386.0,5602132.0,2138070.0,484577.0,45657095.0,497082.0,2331256.0,52884040.0,1800092.0,565973.0,3558210.0,1556997.47701834,27077611.0,17235865.44442208,3329471.0,5618346.0,1434401.0,,5131739.0,1629067.0,2377711.0,402798.0,11865239.0,1399840.0,5199363.0,15301142.66666667,13673744.0,843146.0,6805160.0,27910162.0,1964341.0,1843241.0,1118822.47433032,20074288.10702016,28461865.0,2636308.0,1699758.0,969098.0,248724.0,6340960.0
2023-08-18 09:15:00,15135000.6871615,22502392.0,336848.0,592652.0,6648744.0,243546.0,7455330.0,1053734.0,8997702.0,4929835.0,1292509.0,6904019.0,4281645.0,680218.0,50513070.0,441368.0,3406088.0,25633366.0,2392364.0,560922.0,3990678.0,2001835.90594903,13257508.0,20471985.4376449,1720129.0,5134103.0,1546387.0,,4113292.0,1898966.0,2202570.0,400745.0,14101163.0,1313340.0,6734650.0,12292241.33333333,18639978.0,886254.0,4286650.0,18253227.0,1473774.0,2526749.0,1159789.70297671,18536274.38304502,30381609.0,1794430.0,860782.0,1571201.0,265260.0,10602392.0
2023-08-21 09:15:00,10804055.25293987,17432300.0,243126.0,353330.0,6822155.0,118491.0,12308310.0,1498685.0,5063202.0,3220142.0,1101408.0,4955953.0,1334640.0,407887.0,36755760.0,267451.0,1661946.0,21837270.0,1207075.0,328451.0,3775298.0,992380.16654793,13358017.0,10140552.01489919,1763990.0,3032722.0,1033216.0,74715306.0,3955468.0,1376318.0,1487526.0,375347.0,13336739.0,741920.0,3599820.0,9129526.66666667,9221746.0,703317.0,6865250.0,9380810.0,941384.0,1375579.0,689091.19619085,15868830.56465523,22629651.0,1175945.0,706621.0,1066063.0,216794.0,7334260.0
2023-08-22 09:15:00,10610503.55999147,8037324.0,175172.0,377068.0,10860061.0,96290.0,12487800.0,1557523.0,20596242.0,3333869.0,1379445.0,4280368.0,1688225.0,343014.0,104409241.0,366123.0,1805887.0,32273570.0,8186967.0,255764.0,3254685.0,975133.94969742,16872719.0,10440258.4962257,1224910.0,2890714.0,823108.0,7281398.0,3328812.0,1497180.0,975607.0,435930.0,16930149.0,810440.0,5348036.0,11107830.66666667,7713044.0,1405263.0,4892080.0,14073413.0,1438879.0,1222012.0,792491.61889029,14136295.2483377,17343131.0,1003208.0,714220.0,647887.0,193112.0,6350240.0
2023-08-23 09:15:00,5414106.82252912,4748732.0,597123.0,370811.0,12677151.0,263771.0,8032480.0,961649.0,19426832.0,1860153.0,2562635.0,2524601.0,3142630.0,347738.0,64768237.0,418179.0,2347850.0,36498588.0,1544136.0,325912.0,9182054.0,1153992.22088866,14707331.0,8946603.53438019,1681561.0,2559125.0,1274976.0,4289046.0,3338285.0,1990672.0,1405076.0,546842.0,13507905.0,1227560.0,6379611.0,8487620.0,9517952.0,583458.0,2475480.0,18579297.0,3050418.0,1330046.0,522788.92559842,13662464.72006592,43744909.0,1569035.0,602197.0,707284.0,208545.0,6134234.0
2023-08-24 09:15:00,4699676.40002841,4692796.0,534065.0,1167742.0,11899556.0,433867.0,9103600.0,847606.0,17543374.0,2842728.0,848018.0,6378317.0,4124730.0,840229.0,47597101.0,924684.0,2464221.0,43145792.0,1518585.0,273751.0,5950400.0,1161937.3241459,28389740.0,6449874.08411209,3559546.0,5171963.0,1726077.0,27673356.0,4123791.0,2619182.0,2111147.0,385559.0,11182959.0,920400.0,7976333.0,18982088.0,14140020.0,618797.0,8085270.0,24131644.0,1575291.0,1152881.0,1500676.15715998,11753792.09534894,27103446.0,1218843.0,618626.0,462418.0,273837.0,5776956.0
2023-08-25 09:15:00,2895791.36518938,4442243.0,249504.0,1363431.0,6228241.0,293384.0,13032760.0,3624097.0,33919926.0,3124339.0,887533.0,3890957.0,4713240.0,463506.0,65076321.0,659284.0,2105159.0,30069756.0,1938963.0,429528.0,3304204.0,815591.96956256,10275758.0,9821618.61232168,1862535.0,4307172.0,1502054.0,281040180.0,2043350.0,1408427.0,1455320.0,346449.0,7413549.0,839280.0,4757915.0,12851344.0,22222400.0,487521.0,4806385.0,12271885.0,1515282.0,1158046.0,1163294.99076863,26627328.76686747,23692527.0,1213340.0,648003.0,766297.0,191154.0,6598510.0
2023-08-28 09:15:00,4595206.20051651,5067265.0,204098.0,707315.0,8451441.0,283469.0,7036260.0,1066459.0,13346571.0,3094455.0,1666004.0,3360861.0,2350770.0,329661.0,141118441.0,773240.0,2571967.0,28867238.0,2531965.0,303029.0,4259997.0,629596.10688722,10481574.0,7321199.29667712,1072295.0,3133464.0,1769280.0,87522126.0,1980536.0,1551734.0,2132512.0,325938.0,4851793.0,830140.0,4354221.0,11908665.33333333,12580826.0,764751.0,4670145.0,9711932.0,1959645.0,1037485.0,657933.30742072,12388569.16996585,19218821.0,950013.0,471698.0,696730.0,327780.0,3401974.0
2023-08-29 09:15:00,4951016.67425998,5935085.0,591619.0,533163.0,8114141.0,320941.0,14183050.0,1377001.0,11118400.0,14064286.0,1209087.0,3112560.0,3258085.0,271577.0,86708316.0,643412.0,1794652.0,35538932.0,3656025.0,590653.0,6062408.0,973649.95636338,13209913.0,10043047.61365945,1831565.0,3074444.0,1807893.0,92693424.0,2708692.0,1101830.0,1325882.0,317224.0,8799235.0,1048560.0,4596468.0,12363321.33333333,16876644.0,1011094.0,2919905.0,13144855.0,1749707.0,944517.0,613453.70550319,11522960.75543347,36038317.0,1419344.0,482639.0,352814.0,230713.0,3998562.0
2023-08-30 09:15:00,6685615.41575952,8592012.0,396122.0,599080.0,9023083.0,370694.0,4602680.0,700372.0,12555619.0,3261665.0,1282450.0,4086281.0,3551815.0,903102.0,250111714.0,475197.0,1497356.0,28084204.0,1858995.0,415898.0,5510658.0,1246693.55670714,13936165.0,7802347.99535224,1500390.0,3070887.0,1978468.0,21403170.0,2595896.0,1920079.0,3140040.0,543634.0,5490930.0,1296640.0,5937955.0,6748008.0,12168946.0,812860.0,3644915.0,15281416.0,1543173.0,1188200.0,612270.43047323,9401766.53714802,51467177.0,2016339.0,582766.0,844098.0,223225.0,4018182.0
2023-08-31 09:15:00,6423510.4704752,9998925.0,488260.0,1601967.0,21558300.0,479472.0,14129800.0,1542837.0,14954352.0,12528190.0,3103295.0,10403460.0,3178875.0,835737.0,113063640.0,1249777.0,4483967.0,100075772.0,4473826.0,920121.0,9294166.0,3286333.20249611,36675400.0,21082248.70210257,4106180.0,9792735.0,3999415.0,124122179.0,8314010.0,2439625.0,3512885.0,1581818.0,18532999.0,4661300.0,15823452.0,20715820.0,21638600.0,1390078.0,12639870.0,27898476.0,4782404.0,3417652.0,2050124.7044343,17465435.80821897,60626985.0,2817747.0,1420498.0,682000.0,482614.0,22061952.0
2023-09-01 09:15:00,6974093.34117306,11900199.0,206097.0,650131.0,10946742.0,456071.0,6760760.0,904596.0,23415545.0,4427899.0,1167597.0,14869577.0,1105280.0,691510.0,47561928.0,421924.0,1669640.0,43226776.0,1271599.0,331811.0,11151562.0,826214.55839715,16268147.0,12117996.74185205,2792033.0,3582133.0,3513798.0,39481020.0,2695210.0,1263430.0,2147299.0,1193178.0,29859815.0,716980.0,22460960.0,13120724.0,18112842.0,761000.0,3756035.0,18121168.0,2715249.0,1277950.0,669821.72934279,17056673.28842823,76460408.0,1686038.0,423739.0,785674.0,215635.0,8476130.0
2023-09-04 09:15:00,6184406.10430359,12522148.0,354446.0,696213.0,6727188.0,328037.0,5813630.0,685689.0,28262276.0,3102649.0,1126182.0,24785966.0,1473020.0,661736.0,37447917.0,947863.0,4517935.0,25073638.0,1384829.0,643279.0,10359653.0,1161294.36194163,9512956.0,14412624.75435632,998692.0,4609014.0,3571051.0,99246736.0,4697683.0,1548282.0,2200142.0,819552.0,21895573.0,1481820.0,10998180.0,10240032.0,9347626.0,542261.0,7899565.0,12108655.0,1205294.0,1828332.0,713633.27179089,13901534.94892023,68525900.0,3466873.0,539813.0,744599.0,620108.0,27634648.0
2023-09-05 09:15:00,6690487.92178339,10483413.0,800554.0,597022.0,10548660.0,353620.0,12213530.0,1298151.0,11695197.0,2216754.0,2179947.0,19654487.0,1968470.0,374902.0,51133944.0,884696.0,2842400.0,38712082.0,3759460.0,306742.0,4941534.0,857372.32398343,16623486.0,8876562.83397857,1469938.0,5496840.0,1770212.0,47127078.0,4257343.0,1066447.0,1078759.0,507107.0,13952922.0,1246260.0,13506519.0,10893186.66666667,8675876.0,1922115.0,6793595.0,14444729.0,1698118.0,1501842.0,754731.07569721,14179785.45098713,36466807.0,2199985.0,721199.0,536090.0,210587.0,17973426.0
2023-09-06 09:15:00,7646151.72546614,6729598.0,535407.0,754106.0,16351052.0,224928.0,6051570.0,712220.0,10151022.0,4235096.0,2721714.0,13346191.0,2256645.0,431090.0,28329667.0,598402.0,1767709.0,56320910.0,2898323.0,275916.0,5138246.0,1111365.75664762,30802100.0,13627011.84096233,4046484.0,5075786.0,2225037.0,225413157.0,6220223.0,1747425.0,1301466.0,663758.0,14623019.0,1125840.0,11954407.0,10018473.33333333,8200370.0,1461738.0,6908360.0,20609936.0,2960249.0,1314818.0,3662972.0953584,10799775.46645751,36058850.0,1753376.0,1163154.0,331114.0,327847.0,13531912.0
2023-09-07 09:15:00,4432256.64971806,9787939.0,334709.0,923108.0,8686550.0,319934.0,5496220.0,647590.0,18438943.0,4532834.0,849621.0,72255521.0,2634215.0,334700.0,111222776.0,409818.0,2582004.0,34208342.0,2349089.0,242002.0,4055611.0,1924618.48141327,13462347.0,8570879.25806293,2278316.0,4411743.0,2652562.0,43856832.0,2208089.0,4100519.0,1514369.0,445805.0,30334731.0,823180.0,11137801.0,13760453.33333333,13652572.0,1468196.0,6035475.0,12390597.0,1863837.0,1885092.0,3501168.0918602,10800154.78000134,30268235.0,2554884.0,805295.0,303430.0,203477.0,9322650.0
2023-09-08 09:15:00,5815843.19149763,11683222.0,292671.0,395918.0,6439351.0,209769.0,6246420.0,2168354.0,16579557.0,3741470.0,787710.0,41855413.0,923950.0,448502.0,63482366.0,365568.0,2280777.0,34502210.0,1693851.0,569352.0,5637990.0,1034259.04756251,13086915.0,10529853.47027607,2862657.0,3125838.0,1866220.0,36090005.0,2386182.0,3638510.0,1223910.0,439721.0,28856420.0,609540.0,9737214.0,16781752.0,23109288.0,1214231.0,7287555.0,14032068.0,1789037.0,1518917.0,912222.04677226,26818211.26813656,34313523.0,1731105.0,700158.0,548262.0,125962.0,5748410.0
2023-09-11 09:15:00,9431836.517216,20638175.0,543287.0,359345.0,7130484.0,151600.0,4068490.0,841557.0,19902175.0,2733894.0,1162138.0,14505153.0,1313930.0,544361.0,83850675.0,433857.0,2691836.0,31573022.0,4083029.0,486566.0,5960678.0,1138726.69329302,7894110.0,9874152.84549795,2220230.0,4182226.0,1715172.0,24982858.0,2316902.0,1545803.0,1921950.0,598050.0,22493483.0,939540.0,10845871.0,17683806.66666667,13271074.0,844034.0,6565460.0,10946134.0,2032253.0,1783604.0,1052277.67790626,14543957.92449044,33377857.0,1293853.0,544452.0,623499.0,131688.0,8253314.0
2023-09-12 09:15:00,5834196.02258756,8036897.0,483061.0,554905.0,8958327.0,305478.0,9635170.0,1444688.0,48752780.0,4106031.0,1132283.0,17547706.0,2581215.0,446513.0,90911794.0,1858242.0,2140769.0,39033340.0,4061914.0,429664.0,6817270.0,4008829.72986537,20959591.0,15262080.91984524,1943026.0,6793161.0,2776481.0,39500716.0,3408966.0,7788759.0,3770868.0,568773.0,21174310.0,987580.0,15524470.0,29826173.0,16255666.0,1139357.0,6903070.0,16093060.0,3989578.0,4476016.0,1817073.17073171,20773424.25476108,38065283.0,2335224.0,591509.0,722560.0,335823.0,14545328.0
2023-09-13 09:15:00,1835250.11699273,7180448.0,232238.0,880907.0,12254423.0,207142.0,5798460.0,1193072.0,19282289.0,5222561.0,1627384.0,17607568.0,1571615.0,820181.0,71661116.0,2896792.0,2275523.0,46420094.0,4423644.0,290774.0,4162140.0,1250683.37588311,21997553.0,12514788.10484062,4302942.0,4804686.0,1380634.0,27810990.0,5931870.0,2458417.0,2382637.0,301707.0,9151928.0,1016500.0,10578786.0,10692151.0,12803338.0,438029.0,6517920.0,19377172.0,2115524.0,1754929.0,2846701.60820134,11575453.44328247,23371459.0,1204376.0,1370306.0,355761.0,321018.0,7445670.0
2023-09-14 09:15:00,1256253.91715564,6234825.0,414391.0,1102554.0,7855558.0,249498.0,6503720.0,920905.0,13197189.0,5513106.0,1713142.0,12033796.0,1139730.0,436335.0,45226055.0,1226000.0,2655172.0,23538848.0,3735579.0,311245.0,16108768.0,2113949.01220335,11464188.0,15288024.39191069,2407947.0,6444213.0,2398032.0,14055236.0,2559423.0,1910041.0,2220196.0,501196.0,7568464.0,1621120.0,17746404.0,10941807.0,9209636.0,889229.0,5225585.0,13178911.0,2065163.0,2604721.0,2232087.90852849,9478358.0579627,58800620.0,3288631.0,1264935.0,287994.0,311971.0,14895010.0
2023-09-15 09:15:00,1594958.03881529,4013431.0,658355.0,1568607.0,8986157.0,1689829.0,7874940.0,3116428.0,9651337.0,14003428.0,1938487.0,13288180.0,2069105.0,1169429.0,148853172.0,1672808.0,4286280.0,173411202.0,6827895.0,949607.0,8515363.0,3809725.76727509,13307980.0,15972610.42276241,1647901.0,8657816.0,4454542.0,27416106.0,4121540.0,1655275.0,5425897.0,544616.0,14098284.0,2322820.0,19924829.0,20516593.0,25468592.0,878944.0,6773145.0,11756389.0,2404169.0,2952897.0,1118357.86933567,31335282.34051496,85058495.0,4316210.0,1397407.0,359579.0,357249.0,19835876.0
2023-09-18 09:15:00,888388.99135311,2801202.0,371912.0,673602.0,6397319.0,804973.0,7066180.0,1403635.0,51859825.0,2977375.0,1864030.0,8754852.0,1256740.0,596376.0,69476642.0,682487.0,2761885.0,37056288.0,4012209.0,897322.0,6238600.0,1523242.46916298,16713222.0,8684293.62146851,1504046.0,3991916.0,1335464.0,24694419.0,3970112.0,736631.0,6887528.0,430213.0,11163399.0,1150640.0,5022956.0,25627043.0,7516300.0,1324270.0,3166810.0,19305055.0,962842.0,1395753.0,1097649.03799436,18399769.54260692,62420823.0,1967717.0,1423507.0,323336.0,129308.0,6025196.0
2023-09-20 09:15:00,1240312.59507753,3016411.0,509910.0,901084.0,13619788.0,622924.0,8441900.0,1076887.0,19080613.0,5241903.0,1701959.0,18615797.0,2266405.0,547812.0,104115507.0,582043.0,2220756.0,115474648.0,1596867.0,575906.0,5861905.0,1823411.35491771,25741856.0,10551181.16759411,5683215.0,4169337.0,3359951.0,18317607.0,5368143.0,1399240.0,6116670.0,545106.0,18936709.0,1149000.0,12687099.0,33369524.0,57081884.0,574012.0,4028295.0,21314600.0,2303191.0,1649396.0,936161.85663849,19508849.21693662,43627379.0,2843560.0,1201025.0,451829.0,317399.0,9102700.0
2023-09-21 09:15:00,1319585.15446597,6437320.0,422586.0,845739.0,8156588.0,640829.0,6757250.0,1772341.0,9531884.0,4896202.0,1895731.0,11071899.0,2926715.0,477582.0,40591612.0,1002228.0,3112700.0,72841442.0,2420603.0,585566.0,5146457.0,2258717.08197302,19742813.0,11356130.11970503,2514377.0,6779195.0,2875491.0,33101551.0,4784751.0,2444711.0,2898266.0,577252.0,10134737.0,923660.0,7814108.0,20332556.0,12226182.0,783641.0,2504980.0,23453425.0,2088934.0,2004073.0,1179826.4260033,15349533.75924587,29826091.0,2960250.0,1091384.0,298279.0,393954.0,8893070.0
2023-09-22 09:15:00,892422.26337287,3156509.0,348459.0,896521.0,7108110.0,498375.0,5263040.0,1321743.0,12604969.0,6112928.0,2796199.0,8691024.0,2447785.0,393516.0,39492725.0,678739.0,1321467.0,61704250.0,1925717.0,323540.0,3684720.0,1195260.64331751,12701888.0,7952130.256693,4397398.0,5455613.0,2147621.0,38327554.0,3710123.0,1965569.0,3827771.0,986206.0,7209300.0,766020.0,7814821.0,21193988.0,19176786.0,1084861.0,2804785.0,18784139.0,1585418.0,1989083.0,1537374.89068118,10852536.48965193,34059194.0,3252940.0,1019051.0,394776.0,524827.0,19818260.0
2023-09-25 09:15:00,1254621.84414765,2395763.0,386746.0,1422084.0,7123890.0,539731.0,23475330.0,2962182.0,14984591.0,5278045.0,1267600.0,9118957.0,1217045.0,309695.0,34410972.0,762951.0,1246703.0,40208754.0,2079256.0,408884.0,5768069.0,1140448.36933764,8997098.0,6126421.31153861,2013653.0,4217863.0,2326745.0,13392150.0,2226567.0,1049532.0,3231962.0,756801.0,8027642.0,688540.0,5540062.0,11951847.0,14254884.0,908011.0,10327105.0,9712784.0,1009279.0,1238778.0,2733605.21329317,10585466.62697731,23466981.0,2100302.0,623515.0,1841241.0,467415.0,9301132.0
2023-09-26 09:15:00,720527.75653059,1569635.0,267102.0,834560.0,6387615.0,450923.0,12468200.0,2472382.0,12315581.0,5355047.0,1056359.0,11256196.0,1379915.0,2178639.0,36822528.0,659832.0,903152.0,27575308.0,1968753.0,372568.0,4666823.0,1283433.81877792,10521409.0,5644268.30841995,2870137.0,3996528.0,1727679.0,8058261.0,3656167.0,953456.0,1479841.0,452503.0,10681642.0,1320020.0,12446655.0,7440011.0,10087782.0,749346.0,5973300.0,8327427.0,1966198.0,1726062.0,2089505.79794643,10387406.98341388,48936598.0,1141475.0,1054827.0,1021206.0,515796.0,6480566.0
2023-09-27 09:15:00,1110771.56844278,2463842.0,460768.0,516326.0,5158686.0,257406.0,7441100.0,964400.0,8713378.0,4713145.0,2165043.0,12805340.0,2443890.0,552573.0,34894254.0,510609.0,1670373.0,39338538.0,1452570.0,222370.0,5656858.0,1103895.00307347,15152973.0,11113863.91994938,3697690.0,3863586.0,2612372.0,10984321.0,3004206.0,2903693.0,1991198.0,458359.0,9679279.0,833060.0,5630907.0,6736870.0,11722778.0,643756.0,3216495.0,9865347.0,2332018.0,1541134.0,1248814.7005474,9872902.1172285,33277329.0,1568115.0,1464192.0,582180.0,541638.0,7773994.0
2023-09-28 09:15:00,2294552.37124331,5057959.0,407714.0,2104381.0,15818489.0,580065.0,7775050.0,831496.0,22012674.0,7386917.0,1303811.0,12432497.0,1931555.0,608162.0,25885383.0,726753.0,1807072.0,55354188.0,2418577.0,331995.0,5869780.0,1637721.22940427,25991282.0,10823537.3031199,5876746.0,5814602.0,3157286.0,9143582.0,8263197.0,4081102.0,2369699.0,598144.0,32887087.0,1039620.0,14890642.0,50185120.0,14518346.0,1026081.0,21636670.0,21960816.0,2685663.0,1755753.0,1823987.5862404,11210779.08329978,29982233.0,6570797.0,1214383.0,3956535.0,370431.0,16876116.0
2023-09-29 09:15:00,1741566.23953367,1468496.0,410567.0,1550585.0,9528626.0,248079.0,5730050.0,1109857.0,8504659.0,5608557.0,1878381.0,8640829.0,3101955.0,515006.0,49524816.0,804274.0,2338327.0,32053782.0,1830734.0,375842.0,11604605.0,1269232.78468952,10447334.0,8644707.28798532,2593595.0,6068968.0,1704218.0,12411231.0,3571729.0,2698016.0,1254881.0,481725.0,35038887.0,904580.0,10085766.0,16293959.0,12342014.0,1294800.0,6908925.0,12189735.0,2288577.0,2243791.0,827183.13736922,14856841.90641708,28406435.0,2861162.0,697564.0,767501.0,320974.0,12780272.0
2023-10-03 09:15:00,2082515.87920433,2453090.0,268482.0,1219145.0,11589322.0,464531.0,9445550.0,1083086.0,19010910.0,4338272.0,1581125.0,9348540.0,2065240.0,1354075.0,82983688.0,596049.0,2162636.0,38971694.0,3454441.0,387906.0,4657602.0,1610580.70792211,11131636.0,7926253.52637854,1442499.0,4181867.0,1099773.0,13185432.0,5534869.0,3254492.0,3436776.0,623006.0,14885044.0,1000260.0,22118500.0,10830728.0,8859056.0,1282289.0,11039535.0,15322196.0,1946966.0,1948148.0,1197826.57985942,11420115.43693471,18613557.0,1622290.0,1007308.0,543387.0,454402.0,5728104.0
2023-10-04 09:15:00,2945955.70143518,4096647.0,442482.0,892584.0,22584212.0,256544.0,11763840.0,1614123.0,14912053.0,5603669.0,999123.0,6338888.0,2109530.0,566983.0,68727969.0,693166.0,2253785.0,54649430.0,2357914.0,307263.0,3302259.0,1612316.60429984,17334739.0,14192378.03546476,3978667.0,4510406.0,1654158.0,23296548.0,6220979.0,3100946.0,2580901.0,407793.0,25424437.0,4269760.0,9360058.0,14120040.0,10286386.0,1139615.0,6700835.0,24914612.0,1803871.0,1788138.0,630689.63981472,12609622.83368389,33272725.0,2340603.0,486969.0,551771.0,884369.0,6905870.0
2023-10-05 09:15:00,1167561.11072105,2083505.0,363289.0,1002610.0,7950412.0,657876.0,7950610.0,1153064.0,15996620.0,7063132.0,1446743.0,8687014.0,2058530.0,394665.0,140096809.0,549066.0,2995200.0,48512674.0,4050085.0,537209.0,4801287.0,1939986.59855493,10478856.0,10625982.77956673,1647175.0,7384621.0,1459736.0,13894930.0,2966801.0,3413447.0,1991367.0,377196.0,22472389.0,1360000.0,11128340.0,14575590.0,10953682.0,979561.0,7397385.0,13248028.0,2348562.0,2990768.0,759135.20713892,13075371.83016382,27063441.0,2497613.0,1109881.0,461744.0,310506.0,8125304.0
2023-10-06 09:15:00,1556846.09262855,1877058.0,407753.0,814257.0,5289753.0,279352.0,21450340.0,7384628.0,4987359.0,2420855.0,928951.0,3741467.0,1572990.0,249258.0,65041435.0,402959.0,2497711.0,17759356.0,3713370.0,180660.0,3134022.0,1100391.72243754,6355755.0,8918583.65228378,2167139.0,3598672.0,2026927.0,7531900.0,1992323.0,1898118.0,1743027.0,335700.0,8825123.0,776240.0,5759904.0,12857229.0,5431026.0,784191.0,6311950.0,8216780.0,1056281.0,2075691.0,971841.29336313,13122557.44118129,21928671.0,1446719.0,1102120.0,444220.0,158491.0,6365004.0
2023-10-09 09:15:00,1451878.95111421,5994282.0,176296.0,700012.0,6823214.0,244083.0,7478000.0,1712235.0,10489249.0,2248103.0,822110.0,4647845.0,2368110.0,471285.0,53811658.0,347306.0,3430211.0,16454972.0,3308557.0,976306.0,2681298.0,1491886.63465121,6725306.0,5944416.55657447,1613546.0,3567552.0,725323.0,9696908.0,1839513.0,1181760.0,2123175.0,230083.0,10659145.0,475100.0,14622727.0,7853369.0,7576878.0,1345177.0,5354120.0,9189597.0,1080276.0,4233074.0,1215451.20331681,10569744.16340523,21457836.0,1451064.0,822467.0,487722.0,152525.0,6030450.0
2023-10-10 09:15:00,1826839.21895151,7591327.0,202645.0,847367.0,5728499.0,307502.0,9650240.0,1453653.0,15593722.0,7897875.0,822199.0,23283411.0,1519630.0,206646.0,67712329.0,358746.0,1532394.0,33266292.0,4054232.0,467743.0,7863825.0,1109564.85303281,11452715.0,5312598.88472394,1874201.0,5688951.0,1351582.0,10451289.0,3368982.0,1551789.0,1956653.0,348342.0,11665907.0,793260.0,11819690.0,7440527.0,10236032.0,1221002.0,8377560.0,10373508.0,1092093.0,1848148.0,881142.09827357,16288003.50201345,28745957.0,1503359.0,633934.0,351329.0,187020.0,5128014.0
2023-10-11 09:15:00,1678298.92422366,3281387.0,336099.0,1025317.0,7396783.0,575680.0,7123720.0,952433.0,10778916.0,5645289.0,1465239.0,12321154.0,1961240.0,343468.0,93838782.0,914383.0,2186131.0,31333360.0,3102088.0,1048795.0,7006735.0,1724111.7845353,12233117.0,8105958.33941553,1855211.0,7220129.0,1841618.0,11765082.0,3499844.0,2066921.0,1536986.0,193526.0,14313043.0,1346760.0,8499601.0,10031916.0,9814118.0,1374812.0,4561415.0,14220119.0,1456045.0,2426417.0,1075540.31840119,12757409.35336656,24455932.0,1622663.0,546575.0,729470.0,439622.0,19092228.0
2023-10-12 09:15:00,1860767.36711776,2563606.0,1029595.0,992531.0,4920222.0,472168.0,7640920.0,1052767.0,7567439.0,5544735.0,2533930.0,15375295.0,1695245.0,644992.0,117710894.0,2108816.0,3921609.0,22025336.0,2810053.0,927642.0,6895255.0,1650584.53644208,7836818.0,12473807.61033664,2069952.0,11081662.0,2139718.0,7780605.0,2383827.0,1870280.0,1731806.0,569237.0,13170027.0,1084440.0,8677885.0,21872719.0,12554450.0,726322.0,3313985.0,11983797.0,1221965.0,4241281.0,784832.21585204,9820298.45118109,19361688.0,2452842.0,429096.0,285544.0,177704.0,10234398.0
2023-10-13 09:15:00,2349321.15351167,3801000.0,410013.0,854688.0,12173162.0,387366.0,6622820.0,1212989.0,8303230.0,4421671.0,940547.0,9516879.0,1633255.0,280442.0,55786063.0,307676.0,5740821.0,39745300.0,5462771.0,374642.0,4652247.0,1556087.37569918,6650442.0,8085798.09304346,4480890.0,17973439.0,998547.0,10137218.0,2123927.0,1437808.0,1465554.0,625954.0,11880728.0,1815820.0,7435899.0,13105921.0,10150316.0,916350.0,2983920.0,19064577.0,1934884.0,2890357.0,5182657.58105788,46398291.92454362,26912800.0,3266079.0,920545.0,321887.0,285076.0,10914054.0
2023-10-16 09:15:00,828775.540061,2664794.0,259806.0,853011.0,4646960.0,158560.0,4382460.0,859548.0,7785480.0,1881721.0,802207.0,10535107.0,859220.0,147663.0,47455521.0,668327.0,2527113.0,17856084.0,3399593.0,966651.0,5043158.0,969927.2763023,5763024.0,4465296.46494572,1913782.0,4850745.0,2157341.0,10850724.0,1579957.0,818794.0,1089610.0,304196.0,6936948.0,1732160.0,12376549.0,18336656.0,5929036.0,578729.0,2463960.0,11290293.0,1144308.0,1671104.0,1543556.46519613,33137453.99174965,23868700.0,2638043.0,778014.0,446019.0,363990.0,5277652.0
2023-10-17 09:15:00,729476.83657444,2162192.0,217907.0,792640.0,6105067.0,318565.0,8382830.0,1689224.0,6076896.0,3863410.0,877856.0,7760527.0,1626760.0,260333.0,55351894.0,1316615.0,1687345.0,32902558.0,4443295.0,416816.0,4495043.0,1273266.28060291,7747527.0,7348179.91436519,1373704.0,3923764.0,1050381.0,34190044.0,3217357.0,1847182.0,997962.0,474718.0,10084205.0,763320.0,4381065.0,19378328.0,7928180.0,1073063.0,3378270.0,10765224.0,798807.0,1672065.0,3267916.14031678,17001184.1892221,24241710.0,1163897.0,584625.0,373789.0,205234.0,5979388.0
2023-10-18 09:15:00,801063.29092521,2271927.0,341459.0,481985.0,7818946.0,360985.0,15446420.0,1230439.0,6806231.0,2334392.0,7367540.0,9662837.0,3014855.0,368551.0,100553806.0,585272.0,1743126.0,31216200.0,2187089.0,344063.0,7437952.0,1101759.92163053,12000153.0,7304457.71110604,3067244.0,4264837.0,1250892.0,27712062.0,3051680.0,1350839.0,1212994.0,267435.0,6987265.0,713420.0,10181113.0,14923328.0,8918320.0,454861.0,2524565.0,11777454.0,2178517.0,1408245.0,1233798.54565478,24694766.01445347,20926079.0,2337078.0,324535.0,432748.0,322136.0,4881066.0
2023-10-19 09:15:00,1205055.48790477,2862500.0,231958.0,568124.0,4836625.0,2838352.0,10614530.0,1429935.0,7775836.0,4306963.0,2157683.0,8977527.0,2525845.0,353664.0,43517012.0,712824.0,2279726.0,30252364.0,3371397.0,1129769.0,6035837.0,1292367.23518644,8612676.0,10027644.04128688,13948984.0,6795691.0,2130597.0,42127110.0,1993179.0,1599104.0,1239578.0,286284.0,11485237.0,5848240.0,9148124.0,13192888.0,12032556.0,595436.0,3099700.0,11441499.0,1765065.0,1514545.0,1447942.98416092,17612476.95194216,30941319.0,3107691.0,698767.0,350097.0,837498.0,25629102.0
2023-10-20 09:15:00,1278800.85626612,2434862.0,252447.0,711434.0,5664400.0,763919.0,7711530.0,1191783.0,8982112.0,3125104.0,692067.0,6009115.0,1141375.0,216268.0,64427436.0,491985.0,1625449.0,21094010.0,1853937.0,458086.0,2777724.0,3664945.50864847,6586576.0,13793688.24044788,5135316.0,3928622.0,1501944.0,11101464.0,4072383.0,1667471.0,1435102.0,232512.0,9040953.0,4158680.0,7912216.0,22081120.0,8913312.0,936229.0,2206225.0,11110988.0,957910.0,1481211.0,2323340.78320863,19478442.84696268,30746140.0,2962470.0,657550.0,353937.0,539291.0,8429336.0
2023-10-23 09:15:00,1529539.02649474,2002377.0,363474.0,374476.0,5896695.0,451167.0,8822300.0,1093182.0,19333777.0,2180066.0,957929.0,8086150.0,1809785.0,211293.0,70944550.0,878221.0,1646367.0,22376136.0,2502483.0,313646.0,2994345.0,937228.63604954,11856890.0,7707582.12468904,3319090.0,2636516.0,1715908.0,17817781.0,7546442.0,1614030.0,4069167.0,227925.0,7058625.0,1584600.0,4723090.0,6988219.0,7853962.0,976136.0,10365280.0,11875035.0,702730.0,1106272.0,984995.99164318,14185339.33008081,30699479.0,1203959.0,566920.0,488451.0,217546.0,8837826.0
2023-10-25 09:15:00,1588584.39678406,2581498.0,894230.0,669290.0,6957048.0,620266.0,7087740.0,1490405.0,10225867.0,6365249.0,1433911.0,7253336.0,2104480.0,354128.0,59685089.0,738348.0,1420065.0,28311996.0,2821496.0,391029.0,7854105.0,1458433.30100544,12593434.0,11535963.11927964,4045910.0,6940777.0,2417579.0,22079260.0,3512668.0,2108353.0,2510769.0,401105.0,23949207.0,2227000.0,6812004.0,16817158.0,11620688.0,945901.0,6849205.0,12134624.0,1800673.0,1518537.0,1550679.39623619,13631367.63503619,27346103.0,1555285.0,762466.0,512770.0,255678.0,6678294.0
2023-10-26 09:15:00,2295081.2742459,3855358.0,836962.0,1834111.0,17540495.0,746266.0,13246300.0,1780025.0,18167694.0,6595332.0,2016469.0,8329092.0,1544145.0,428619.0,108605538.0,1141108.0,4617424.0,55561798.0,2011512.0,461475.0,6625855.0,2692274.72379365,21693345.0,19917872.11423884,4194418.0,6357656.0,2519570.0,23734035.0,6279280.0,3286109.0,3343802.0,506129.0,17410264.0,2538800.0,8474867.0,11070090.0,15222534.0,1107874.0,4792965.0,19424825.0,2223975.0,1984471.0,1990665.38723156,14724277.62021812,36298907.0,7099401.0,1124281.0,966275.0,637430.0,10995582.0
2023-10-27 09:15:00,1282866.08928604,2995404.0,333727.0,1708185.0,13443016.0,843465.0,9119440.0,2003579.0,8761931.0,3508393.0,1775011.0,10503070.0,2159725.0,293097.0,43738547.0,289536.0,2675348.0,31940532.0,1348147.0,314423.0,6193726.0,1812901.51300992,8645505.0,13912463.13179054,2424655.0,4634358.0,1588987.0,20929447.0,2974830.0,2399538.0,3341111.0,1116713.0,10519462.0,2608740.0,6422123.0,9995487.0,11771084.0,654531.0,25056665.0,10415296.0,1250965.0,1108851.0,807245.61105173,16949610.7983898,28424007.0,1382498.0,1050608.0,999445.0,227682.0,6202812.0
2023-10-30 09:15:00,1027337.89303396,3522068.0,234759.0,878885.0,5270567.0,360967.0,7992760.0,850025.0,9052085.0,3686773.0,2853500.0,6229982.0,2691600.0,257392.0,48282252.0,514539.0,1158770.0,23310982.0,1882245.0,265215.0,7523779.0,888907.94413526,7687791.0,8070489.86602946,2255111.0,2667696.0,1162173.0,13508666.0,1511563.0,1693052.0,2637486.0,991168.0,8812268.0,1452280.0,7352638.0,7679981.0,16813304.0,1242401.0,10187990.0,8593704.0,1078813.0,910972.0,1161553.98730282,21180078.18878199,18753217.0,2255915.0,802316.0,483782.0,244073.0,4688744.0
2023-10-31 09:15:00,1191093.68583636,2825760.0,276660.0,1152306.0,7816805.0,400987.0,7494100.0,1592788.0,8098744.0,5697563.0,1720955.0,7446586.0,1884070.0,409346.0,49382539.0,291181.0,2525870.0,32634824.0,2661284.0,207132.0,5236060.0,934899.54863342,17211107.0,9132129.71125399,1454345.0,3451595.0,1363728.0,17538202.0,4839336.0,1556467.0,2555737.0,439996.0,6583581.0,1032780.0,9404675.0,7474770.0,12808438.0,2287988.0,8455335.0,13039696.0,6475786.0,999811.0,1095728.87312538,18875844.48071226,22319950.0,1194765.0,1235478.0,749792.0,218908.0,6153536.0
2023-11-01 09:15:00,1718242.95741939,2693768.0,281746.0,1029990.0,5703984.0,619765.0,4627780.0,770557.0,10431945.0,4821458.0,1051902.0,9593653.0,1376665.0,325630.0,47911258.0,349012.0,1572719.0,33877466.0,1947740.0,473455.0,4931538.0,1287073.20831649,12927203.0,8464808.60605259,2658439.0,3090672.0,1845107.0,15862624.0,2528105.0,3875595.0,2627536.0,699116.0,6718059.0,1273800.0,9167869.0,5598615.0,10309190.0,968893.0,3794295.0,13575575.0,3973264.0,1563475.0,2711456.0052473,14551832.40740465,24717941.0,1288497.0,756820.0,1081257.0,209234.0,4241952.0
2023-11-02 09:15:00,2413567.91882648,1741799.0,214035.0,900125.0,5193982.0,304362.0,8550300.0,1020303.0,4885035.0,6611573.0,1556467.0,7071960.0,2365835.0,493381.0,47086204.0,322039.0,1368604.0,45225154.0,1651263.0,1268028.0,3933951.0,1620227.17246238,9747311.0,8636203.54139422,4524652.0,3758060.0,1095177.0,13261567.0,2550558.0,1451606.0,2091122.0,569194.0,6057787.0,2141360.0,11471209.0,12924797.0,10562104.0,637519.0,4288760.0,11148516.0,3454692.0,1245384.0,1095731.90975934,16455093.60265577,72538804.0,2493118.0,774180.0,474395.0,200590.0,4742730.0
2023-11-03 09:15:00,1910752.30936269,4310765.0,1262458.0,715997.0,4268048.0,448715.0,11387550.0,2519096.0,9154983.0,3895154.0,772013.0,4658440.0,2921805.0,568463.0,238833377.0,234560.0,2052536.0,18095340.0,1450553.0,411691.0,3274345.0,1143297.51465042,7146961.0,14622376.06805566,3052041.0,3349045.0,2526039.0,8569115.0,1558958.0,1136175.0,2456723.0,517582.0,6825146.0,954280.0,7464912.0,8684015.0,8850156.0,690163.0,9322270.0,11371371.0,1741756.0,1402598.0,912924.52142649,38242517.37435459,31747230.0,1108121.0,1355614.0,230437.0,243686.0,5291528.0
2023-11-06 09:15:00,793932.89489027,2270316.0,399720.0,620959.0,6552178.0,394137.0,6340430.0,917415.0,7070089.0,2760800.0,1262938.0,10340818.0,2847485.0,722080.0,186288904.0,292302.0,1175823.0,25593730.0,1789823.0,850503.0,4294682.0,1359745.20494684,10338367.0,7742285.71642085,2090640.0,2736381.0,2782755.0,11494092.0,1186685.0,1235499.0,1271868.0,490459.0,5338605.0,1485520.0,8962124.0,9804415.0,10647304.0,377106.0,5634155.0,16499138.0,1428537.0,1099852.0,751439.36449325,17891177.99236679,27883152.0,572330.0,1137606.0,537580.0,194715.0,4939936.0
2023-11-07 09:15:00,661442.17724107,2394891.0,222204.0,757998.0,6559859.0,202689.0,15630070.0,2532282.0,8587321.0,3616946.0,1210644.0,6826885.0,3498735.0,335436.0,120886007.0,223032.0,1385282.0,41952848.0,2747838.0,355269.0,5425669.0,1496599.65933973,15704942.0,5428341.79366424,2830149.0,2272209.0,2288975.0,7558170.0,3599603.0,1112206.0,1940908.0,264935.0,7002346.0,1059300.0,13921916.0,10730361.0,6960204.0,1038346.0,8807090.0,17923281.0,1811831.0,1191144.0,829730.87325495,10912424.96341005,25818033.0,902481.0,433992.0,3419427.0,206360.0,5692178.0
2023-11-08 09:15:00,1205424.58590658,5123208.0,400498.0,783400.0,7643314.0,202145.0,9167170.0,831310.0,9755483.0,1808553.0,1107006.0,6424833.0,2096955.0,393482.0,75041688.0,427265.0,937671.0,31399546.0,1332249.0,459324.0,8220612.0,756747.21540738,17606074.0,7394402.28480448,3210977.0,3550635.0,2664277.0,17101608.0,3642837.0,1013438.0,1342202.0,287006.0,9777991.0,726100.0,10186886.0,7435543.0,7884494.0,498283.0,3525375.0,15434808.0,1702301.0,992899.0,1103740.52570207,10852448.70092781,22552386.0,806162.0,632305.0,2652822.0,132370.0,7102052.0
2023-11-09 09:15:00,1307194.59640525,4982049.0,1032216.0,849702.0,4407935.0,232773.0,7717910.0,1108425.0,5481774.0,3914416.0,751433.0,15503280.0,1642660.0,538782.0,50307832.0,289971.0,1483749.0,22116740.0,2235630.0,604807.0,3271496.0,1851785.99816637,9406117.0,8248186.07017935,3207721.0,5498051.0,2579350.0,17250096.0,1943711.0,1719911.0,4831782.0,310536.0,13987058.0,844460.0,5303833.0,13777877.0,14513610.0,493454.0,4975345.0,12434363.0,1849169.0,2112352.0,3233359.24594306,16820728.6694307,22979112.0,6042108.0,1317398.0,684007.0,128138.0,9231126.0
2023-11-10 09:15:00,1105847.51241865,3903183.0,696409.0,364232.0,3294063.0,149325.0,4962610.0,672720.0,5781314.0,1345614.0,576673.0,8445203.0,1144920.0,259237.0,43388163.0,193659.96030196,1469902.0,14015186.0,2449660.0,820659.0,3498064.0,783197.03499554,9560455.0,4321480.70426536,2247500.0,2943649.0,1108868.0,18467219.0,1634799.0,947753.0,4872228.0,206395.0,9589671.0,566340.0,6025889.0,12066023.0,7734954.0,639801.0,2430100.0,6773038.0,957539.0,1338557.0,3893414.14828491,10643624.1721184,23584510.0,706806.0,1170763.0,644072.0,149939.0,10710700.0
2023-11-12 18:15:00,152649.86074798,265158.0,18704.0,85164.0,461673.0,29049.0,796450.0,148287.0,1362170.0,174768.0,119158.0,10262641.0,100560.0,113463.0,10533052.0,51534.15748093,132559.0,3948270.0,190817.0,40607.0,302209.0,83763.85645764,1560126.0,1251030.68729881,145076.0,572245.0,133414.0,10530752.0,200206.0,256276.0,340011.0,27256.0,2513027.0,127160.0,2987524.0,1007802.0,1419144.0,67960.0,230015.0,1944919.0,127885.0,173243.0,159651.03002624,3714988.56628642,3974868.0,86318.0,204445.0,75035.0,13691.0,2021618.0
2023-11-13 09:15:00,880095.62731247,1050882.0,150128.0,405941.0,5985481.0,93497.0,7322400.0,853825.0,20245049.0,1656368.0,689808.0,42178783.0,855910.0,875885.0,28348143.0,214190.0,730991.0,20605914.0,2047300.0,386501.0,4918873.0,772782.67246722,11470096.0,3967165.69851736,2026629.0,3462092.0,942603.0,12086991.0,2855277.0,531769.0,1968032.0,261891.0,18792969.0,570560.0,11181086.0,11352269.0,3854810.0,1332535.0,2779500.0,11282362.0,816825.0,1030990.0,915936.86230687,5432679.30627305,17951775.0,435537.0,275538.0,1131761.0,64412.0,3585902.0
2023-11-15 09:15:00,718065.72851852,1694698.0,356675.0,700017.0,7240388.0,640468.0,19234400.0,1684967.0,11440473.0,4816316.0,1323010.0,35092206.0,1422405.0,1914550.0,60088818.0,972187.0,2410620.0,41245460.0,2033627.0,570652.0,11674265.0,1479959.83812264,19492138.0,7878098.82333901,6293703.0,8551860.0,2443652.0,15782001.0,3432271.0,1160184.0,2782942.0,436538.0,10965645.0,1533940.0,19769385.0,19182861.0,12220648.0,742427.0,6346865.0,11397676.0,2246320.0,2059802.0,1583264.50296375,18757690.79639668,38344393.0,2816201.0,747863.0,599328.0,192348.0,10792518.0
2023-11-16 09:15:00,1348119.11060578,1689762.0,449045.0,675454.0,6908825.0,324712.0,45570430.0,3213352.0,11453235.0,5310736.0,1251094.0,17617280.0,1695060.0,755583.0,36895083.0,954532.0,3936945.0,29713838.0,1753550.0,963718.0,4171759.0,1442935.16938961,19706373.0,11502742.67756995,2728834.0,6673907.0,1699954.0,17856032.0,2079116.0,1597607.0,3224223.0,488715.0,22145147.0,1388360.0,18629240.0,27533260.0,13134910.0,577249.0,3184495.0,8622660.0,2205723.0,3951984.0,1331370.65558903,28989117.09374662,30836413.0,2294942.0,1055389.0,766675.0,233428.0,13843576.0
2023-11-17 09:15:00,944930.06263016,3218979.0,735541.0,1430175.0,13268353.0,531539.0,20800340.0,1783393.0,13496261.0,3249469.0,992848.0,13542916.0,2120630.0,476357.0,43882213.0,849424.0,2882039.0,23701874.0,4306473.0,947293.0,3595049.0,1783679.74420302,10956653.0,7050554.08064114,4182376.0,4901251.0,1567731.0,19607105.0,2710870.0,1325050.0,2035309.0,403772.0,5618928.0,1401020.0,13199928.0,16705395.0,7758634.0,3192944.0,5468870.0,37173221.0,891965.0,2021292.0,973104.53308716,15840431.74059884,23319439.0,1176628.0,633405.0,717236.0,151817.0,7886928.0
2023-11-20 09:15:00,1626106.61096792,3227659.0,526567.0,406431.0,8215656.0,679425.0,19029400.0,1256179.0,7741502.0,4646962.0,848916.0,19032608.0,2001625.0,249897.0,52784478.0,287311.0,2831858.0,19331452.0,2178344.0,677714.0,4305637.0,959091.38247102,10562301.0,4592879.148634,2125867.0,3584210.0,1024654.0,20403368.0,1923651.0,1231164.0,2918577.0,234246.0,6283832.0,1082300.0,6423265.0,11156900.0,4490186.0,726211.0,2862980.0,12714585.0,1054810.0,1475621.0,1183305.39630098,13788385.22187934,18780290.0,1077366.0,497379.0,568578.0,174311.0,8610496.0
2023-11-21 09:15:00,1896526.57129298,3643664.0,382979.0,409069.0,7061614.0,746193.0,16662250.0,1714833.0,9972235.0,5704644.0,594738.0,15148068.0,1903465.0,260475.0,45193553.0,317981.0,1514256.0,24959972.0,5077816.0,742294.0,7154476.0,1105941.71530351,8989572.0,6354037.16725435,1661103.0,3793135.0,1846834.0,25625463.0,2705765.0,1884782.0,2213144.0,312242.0,6851869.0,906580.0,10720353.0,9608081.0,8214450.0,2049132.0,5089455.0,14280013.0,999135.0,1807236.0,814166.09982833,12076841.34897193,29643312.0,1129326.0,1038863.0,519349.0,183507.0,5440248.0
2023-11-22 09:15:00,1285868.36130076,3212329.0,302473.0,489889.0,6103988.0,497403.0,10414040.0,807316.0,7445272.0,3309732.0,1735497.0,7599447.0,2124580.0,286194.0,52799865.0,315131.0,1535630.0,29123650.0,2664154.0,775145.0,4337970.0,829461.87303707,12197979.0,5176921.38009351,3914008.0,3108786.0,1312655.0,15012272.0,4513732.0,1104208.0,1269475.0,378891.0,5275418.0,736420.0,7538825.0,13079580.0,8534814.0,865655.0,2639075.0,14909071.0,1401782.0,1798051.0,896261.49872056,15370715.68762342,19588063.0,750622.0,980779.0,395438.0,325320.0,5318582.0
2023-11-23 09:15:00,751716.53768341,3776615.0,234584.0,792460.0,3112891.0,1118718.0,6061580.0,695592.0,13138745.0,2749555.0,7643376.0,6186567.0,1511300.0,764501.0,56329090.0,437457.0,1307344.0,13046220.0,2184014.0,1726414.0,6628259.0,1039780.59976225,5534614.0,6744737.02122351,3832098.0,3186928.0,1068229.0,11267951.0,2836289.0,1514688.0,1552635.0,453820.0,8200025.0,736280.0,6541617.0,11382709.0,8531542.0,549853.0,1529325.0,6376210.0,1177434.0,2729804.0,918592.90480355,9748474.02372508,30736851.0,651637.0,517362.0,398832.0,344271.0,9677360.0
2023-11-24 09:15:00,2006593.03883231,4421350.0,270183.0,756329.0,6956281.0,297211.0,7264990.0,625345.0,19614754.0,2322104.0,5331201.0,7054445.0,2305405.0,266314.0,49980086.0,168689.0,1795933.0,16469192.0,1511079.0,514405.0,5973059.0,746706.64449229,7452002.0,7227048.93327311,2813844.0,2973195.0,2069730.0,31420610.0,2561979.0,915121.0,1239270.0,380306.0,7149443.0,808240.0,5751331.0,7250200.0,6749486.0,387896.0,2379295.0,6529851.0,1376695.0,1989733.0,527571.62407281,11514716.89732157,14719450.0,884921.0,589530.0,325606.0,197278.0,6250566.0
2023-11-28 09:15:00,12343415.58548274,15929818.0,362746.0,647883.0,6173384.0,380535.0,7281580.0,1564478.0,8595693.0,5096984.0,1691543.0,10791886.0,1555790.0,505274.0,61963724.0,699104.0,2152951.0,28489338.0,1900825.0,659645.0,7804926.0,1910238.67742289,14231987.0,9265122.71434438,4305915.0,3755373.0,858569.0,25668670.0,3349292.0,1210508.0,2596766.0,268026.0,6151585.0,1753940.0,9277764.0,15629209.0,13792174.0,1123470.0,3604165.0,8153314.0,886708.0,1689195.0,915884.22731837,26528526.69885115,18377843.0,910795.0,733524.0,535972.0,343335.0,8145314.0
2023-11-29 09:15:00,4702982.81704462,8057644.0,277119.0,620725.0,9422396.0,406974.0,6824300.0,746796.0,14680789.0,5647918.0,2173427.0,14149513.0,1602385.0,414180.0,115274058.0,824237.0,1835524.0,34042488.0,1829510.0,1561256.0,6275280.0,1285126.03841824,11680078.0,14603959.58235246,3477076.0,3875778.0,1481172.0,14007708.0,3473140.0,1801107.0,3581220.0,343341.0,8637363.0,1254300.0,8791333.0,10062023.0,12531306.0,887709.0,3299720.0,10299034.0,1813462.0,1441634.0,1060693.20279856,26705767.16367064,23092165.0,1898448.0,819200.0,460234.0,207727.0,15544086.0
2023-11-30 09:15:00,3076379.26407426,5998210.0,775261.0,1793116.0,24755589.0,501833.0,12719340.0,1577522.0,27591484.0,9934052.0,3219799.0,11959336.0,4267760.0,1338711.0,225208168.0,1707104.0,4104385.0,69491440.0,4637116.0,2909100.0,7599701.0,3144404.12065843,23950292.0,16025970.98237958,45549217.0,10120867.0,3142500.0,45432216.0,6254947.0,3131624.0,5214960.0,665660.0,21687673.0,2944060.0,14965403.0,60354322.0,28439984.0,3027395.0,11002290.0,19758998.0,4672807.0,3266235.0,3018925.31500016,40209297.85248203,40165104.0,2978406.0,1480088.0,2343154.0,1025481.0,19825958.0
2023-12-01 09:15:00,1848565.48205797,2932775.0,546990.0,960196.0,14428758.0,439023.0,9004770.0,1101136.0,34466616.0,5544950.0,1078680.0,15105221.0,1391500.0,683211.0,57261076.0,932222.0,1854324.0,22153536.0,2106753.0,1060628.0,4933886.0,1366776.14393261,16986046.0,20485327.43148672,4063279.0,3489187.0,2064512.0,17634910.0,2002378.0,2112908.0,2489755.0,591519.0,29121320.0,1273000.0,9935740.0,20719909.0,14342842.0,808841.0,3034950.0,10614230.0,1749751.0,1172141.0,1143179.31525929,17500458.53996866,31192397.0,1017856.0,655263.0,1049846.0,353015.0,9830426.0
2023-12-04 09:15:00,5857643.02470245,11064795.0,936113.0,1018189.0,14043213.0,359158.0,11014260.0,1419178.0,51416976.0,5164902.0,2097408.0,22705896.0,1121300.0,2824695.0,66057180.0,1055805.0,1547057.0,50662456.0,4817286.0,1018705.0,5985489.0,2222474.53156115,33131257.0,13560461.84007705,4254987.0,5511948.0,2789349.0,21079668.0,4579173.0,3095974.0,3001010.0,625235.0,20464526.0,1987840.0,28615290.0,27914088.0,15590990.0,2078827.0,9360830.0,26077882.0,1615837.0,1625213.0,1126494.02390438,15484002.89511907,41230928.0,1581599.0,808838.0,685830.0,473570.0,10662472.0
2023-12-05 09:15:00,23588330.56458282,46564412.0,787929.0,1005550.0,15804808.0,565826.0,15222420.0,1778602.0,29109123.0,4266159.0,2132150.0,15782945.0,1121875.0,1045885.0,57483305.0,561402.0,3932040.0,52230820.0,4028068.0,713163.0,6399021.0,3157642.23504754,31378461.0,12857101.24873106,3457904.0,5123039.0,1338828.0,60847483.0,5571472.0,1659309.0,3423953.0,580996.0,18883076.0,1343740.0,14557746.0,40709207.0,12693624.0,1932719.0,8296900.0,36430152.0,930042.0,1377656.0,802396.10663039,15903853.29640491,35192149.0,1499843.0,713651.0,676125.0,448461.0,11165368.0
2023-12-06 09:15:00,19955806.18478345,41008947.0,574427.0,1229158.0,7342767.0,699201.0,7018000.0,737176.0,26688698.0,4121251.0,1416770.0,14817158.0,2659705.0,941566.0,48171753.0,360638.0,2077245.0,38613060.0,1627777.0,672675.0,4831956.0,1598521.86544321,18786590.0,21630216.48745269,3405245.0,5269178.0,1543909.0,45262704.0,4695880.0,2057233.0,2279220.0,464163.0,13415314.0,1592160.0,12662213.0,29544730.0,16422442.0,724418.0,3598450.0,21439069.0,1704590.0,1896572.0,994481.4238979,20123204.64665465,40753593.0,2637916.0,474140.0,487235.0,308912.0,22082070.0
2023-12-07 09:15:00,6521989.52895775,14840081.0,510609.0,1071725.0,6439419.0,427407.0,6688620.0,941890.0,51346222.0,13805235.0,1269290.0,8507659.0,3791150.0,699553.0,52483562.0,424808.0,1985003.0,20450386.0,3853936.0,500651.0,4628885.0,3987754.18045544,11841945.0,11982705.91562025,1931490.0,4424453.0,1717648.0,23000400.0,2500642.0,2128823.0,2461051.0,704413.0,25133786.0,1201700.0,16425880.0,24534268.0,8142096.0,1244939.0,3904160.0,10725706.0,1478355.0,1967653.0,944500.45347067,17312269.33049984,34686333.0,1076885.0,820214.0,961559.0,346830.0,11250552.0
2023-12-08 09:15:00,7175170.30315833,12202462.0,456382.0,895852.0,7300989.0,233266.0,11443880.0,1376050.0,22869782.0,6630766.0,1453955.0,13444251.0,1142525.0,334252.0,44213196.0,594798.0,4509751.0,33728038.0,2713075.0,779332.0,3733998.0,1631077.28662677,16116363.0,19776634.91581122,2568088.0,6323433.0,7142037.0,19056798.0,2985466.0,2428891.0,1942667.0,548373.0,20815064.0,1401520.0,10414387.0,22206320.0,10204894.0,1654799.0,4218365.0,17722136.0,1612113.0,1641155.0,657016.24396722,14174074.21474646,34393711.0,2642571.0,1562141.0,688323.0,311761.0,15479122.0
2023-12-11 09:15:00,5221110.83858344,7889666.0,238128.0,910426.0,6924589.0,175955.0,5900550.0,1003371.0,22941648.0,6195119.0,1565455.0,11420609.0,9493150.0,534584.0,32372287.0,254817.0,2824656.0,23187620.0,1897948.0,451738.0,2597347.0,2043911.84015102,11714606.0,6991964.35780313,2194782.0,3862018.0,1630946.0,8875953.0,3205833.0,1534238.0,2037178.0,579749.0,8071675.0,1078740.0,10108266.0,19106395.0,7066138.0,731571.0,4948465.0,11706255.0,1172972.0,1102503.0,481988.71181939,10606217.89368938,24038059.0,1558876.0,620604.0,577553.0,588082.0,10084242.0
2023-12-12 09:15:00,2080322.94219358,4902289.0,615205.0,1019030.0,9044111.0,810900.0,6333120.0,1390539.0,16306341.0,7119331.0,899911.0,8789103.0,4281525.0,981121.0,40800538.0,774512.0,2730422.0,36581476.0,10749420.0,598126.0,9498031.0,1704336.37986703,12380856.0,10761419.802015,1621785.0,6103494.0,2518863.0,12749596.0,3814962.0,1888423.0,2051527.0,1088687.0,8640883.0,1282460.0,10719911.0,14355329.0,9197124.0,1763549.0,7159045.0,14494836.0,2832873.0,2236866.0,741002.45360023,10702835.18194889,30696410.0,1114846.0,1075941.0,462633.0,1060266.0,11903364.0
2023-12-13 09:15:00,2892812.80617478,8151639.0,476781.0,1052079.0,8184523.0,373989.0,6829550.0,1168629.0,16804086.0,4153219.0,1809563.0,8091533.0,3111975.0,707209.0,48092329.0,805591.0,1896931.0,29346914.0,4757264.0,1355603.0,4000017.0,1537019.94047226,15887040.0,11954049.33840719,2562565.0,8549258.0,2170707.0,13774944.0,3251332.0,1509107.0,2247441.0,603469.0,23629670.0,891440.0,10892122.0,26878281.0,10031182.0,2279728.0,7973270.0,13977914.0,2448178.0,3850968.0,910807.98756195,9619881.76319467,22767972.0,3025706.0,717618.0,887243.0,1501931.0,9696816.0
2023-12-14 09:15:00,3324646.12729077,8004131.0,490550.0,923107.0,9421193.0,419212.0,17295670.0,2130836.0,13887946.0,6541673.0,1809248.0,13142466.0,3164560.0,922658.0,74178495.0,607121.0,5145574.0,35172366.0,6251731.0,1067427.0,7190654.0,2200666.63499595,16317672.0,15224326.27663936,3427500.0,12489858.0,2711444.0,14352896.0,4878863.0,2425646.0,3326228.0,635475.0,24900443.0,2094520.0,15257294.0,29972018.0,16972354.0,2953215.0,11924520.0,15813797.0,2341190.0,3290396.0,2004949.71334175,11151407.40354024,43372143.0,5287733.0,992762.0,425400.0,710415.0,24681376.0
2023-12-15 09:15:00,5074050.02886285,11672787.0,349758.0,1631687.0,12048410.0,553522.0,11739380.0,1486079.0,39766631.0,10119597.0,1976112.0,14331890.0,3636220.0,954933.0,39542770.0,727222.0,7374290.0,138837130.0,8720610.0,924599.0,8191005.0,2583364.23970375,14306067.0,16727649.25784333,3478643.0,18395389.0,4058044.0,26225287.0,3877197.0,2632935.0,3858594.0,1244681.0,28843558.0,3190820.0,22863981.0,41341690.0,15932152.0,1482700.0,11228265.0,29813572.0,3474624.0,8531230.0,1169612.2016001,20012647.17156174,77377446.0,5900381.0,906271.0,682553.0,439516.0,41567234.0
2023-12-18 09:15:00,2387715.59369981,5448342.0,428321.0,911936.0,7922468.0,851061.0,10827980.0,696124.0,35901409.0,5750263.0,1995091.0,7959685.0,3279260.0,886620.0,89553155.0,314111.0,3075527.0,18014754.0,2050286.0,725829.0,5076184.0,2000024.84495342,8592711.0,12741974.90644282,1352458.0,6467243.0,4324786.0,17001755.0,3758730.0,1767429.0,1739425.0,652498.0,13307504.0,1326480.0,8061011.0,29051897.0,14165188.0,1580916.0,4203410.0,16221796.0,2135393.0,2521612.0,1012132.36484954,9027988.65211348,38461877.0,2671348.0,699850.0,646708.0,266562.0,20182072.0
2023-12-19 09:15:00,1795479.29179785,5993252.0,682732.0,780448.0,6824641.0,377109.0,7914080.0,1214352.0,14732129.0,3912964.0,1738507.0,28937243.0,1123370.0,328368.0,64117314.0,317969.0,2590417.0,24008446.0,3794818.0,560186.0,4484733.0,1682285.72190085,10094256.0,10878645.86097742,2297704.0,4221721.0,1285256.0,13053454.0,3088923.0,1311700.0,1660221.0,585734.0,15650536.0,7057320.0,16739742.0,12612164.0,16820604.0,1282514.0,11070960.0,19964008.0,2187458.0,2004435.0,3945084.49940077,7472147.19157848,27726431.0,1717860.0,577926.0,533290.0,675166.0,16064694.0
2023-12-20 09:15:00,3523688.92626608,8467564.0,437044.0,979762.0,9848057.0,385863.0,8745460.0,1540009.0,24511237.0,3990591.0,2484819.0,23224408.0,1307230.0,557214.0,49006056.0,678972.0,4368383.0,34232520.0,3772684.0,595832.0,6959868.0,1491755.60443897,16490281.0,10983430.41004001,3218717.0,6592367.0,1764901.0,44628843.0,3968562.0,1876048.0,3047660.0,964051.0,23497233.0,2889760.0,57762576.0,20400245.0,17736722.0,1151553.0,9435625.0,22542056.0,1837031.0,2586083.0,4520322.16661808,13429359.15527852,39495961.0,2860865.0,849001.0,713170.0,501448.0,26449942.0
2023-12-21 09:15:00,2761612.9005319,5352057.0,487514.0,1585879.0,10914682.0,397717.0,9130820.0,988034.0,22646625.0,4294277.0,1580136.0,10028664.0,1681900.0,445648.0,52326124.0,445245.0,2841508.0,36589240.0,2755102.0,410786.0,4591119.0,1976316.50244163,18064916.0,11817130.22532968,2400593.0,5319038.0,2106856.0,17015304.0,2403840.0,2292802.0,3211338.0,739806.0,17868637.0,2212760.0,22823936.0,17755207.0,13765454.0,1841616.0,9405990.0,19915516.0,1916222.0,1517562.0,1608307.62316587,12757907.9270639,34914399.0,3337533.0,816722.0,631420.0,216730.0,10663008.0
2023-12-22 09:15:00,1560888.64364835,5252106.0,220537.0,930563.0,10600025.0,237213.0,11294850.0,1279614.0,19640046.0,4605120.0,1969524.0,13916380.0,1315040.0,309907.0,63113800.0,1006038.0,2303438.0,48578850.0,2854029.0,573168.0,7865384.0,1193475.99151196,20881976.0,11681201.64458836,2214206.0,6741060.0,1846933.0,10871312.0,3309295.0,1681707.0,2751274.0,652545.0,15207726.0,1776560.0,9910694.0,9735375.0,16541784.0,1111420.0,6928875.0,14998068.0,2058127.0,2413058.0,1509661.55702394,19979782.71731252,37357334.0,2297352.0,777099.0,518707.0,226940.0,46080814.0
2023-12-26 09:15:00,2111987.01434874,2176775.0,243281.0,600190.0,5687517.0,302139.0,12258440.0,1296291.0,52736391.0,2460643.0,820163.0,11910267.0,1658265.0,475107.0,25499782.0,643822.0,1363265.0,18045856.0,2202221.0,1149831.0,4649730.0,907842.31767377,14339699.0,6220014.43429146,1129332.0,6878067.0,1294151.0,11865886.0,4350669.0,1072263.0,1203594.0,395273.0,9917180.0,1235700.0,17052969.0,6772092.0,7465664.0,875367.0,4822975.0,10153089.0,1796483.0,1285231.0,1827031.30567162,11974287.55529287,25936447.0,1720830.0,526101.0,315645.0,226114.0,54628644.0
2023-12-27 09:15:00,1750973.08357977,2803997.0,307177.0,837182.0,6132936.0,1017894.0,16052790.0,1181177.0,26206240.0,4791379.0,2528609.0,7890042.0,1473880.0,385941.0,21757560.0,1137937.0,1402329.0,27009078.0,2353373.0,683058.0,12430827.0,1090169.33440624,12996468.0,7991406.18806442,1887827.0,4225849.0,2466359.0,12430460.0,3407243.0,1389266.0,1793638.0,397675.0,12630732.0,1428320.0,20361303.0,10231881.0,9204156.0,718369.0,3750095.0,14417646.0,2005268.0,1293976.0,1821472.24111683,24933322.76209124,48101400.0,1584695.0,666625.0,584065.0,658122.0,25262992.0
2023-12-28 09:15:00,4230102.2927275,4865603.0,568149.0,779250.0,14097667.0,406228.0,18560640.0,1360425.0,20453485.0,5288328.0,2592699.0,28310022.0,4888545.0,450475.0,72865479.0,1064011.0,1928616.0,44076470.0,3566880.0,1714818.0,7139743.0,1660951.15928066,24915990.0,21925301.89706742,3143161.0,5702253.0,4482599.0,10533952.0,4950014.0,3371121.0,2963938.0,584234.0,37591916.0,3155440.0,22010872.0,39164340.0,12302636.0,1446654.0,3288345.0,16982092.0,2043365.0,1682889.0,2077464.53211544,24690494.1820101,34661176.0,2284964.0,1033648.0,503705.0,421406.0,16839956.0
2023-12-29 09:15:00,1553805.67361365,2429250.0,325682.0,615676.0,8786731.0,345626.0,9128020.0,738203.0,19305150.0,4631749.0,1794218.0,8859317.0,1452615.0,673952.0,27512604.0,651387.0,1481617.0,25011426.0,1653662.0,383687.0,3995822.0,1326229.91127822,12280140.0,13653737.14496801,1779207.0,4388990.0,1906630.0,11614923.0,2446170.0,968577.0,2273255.0,705227.0,12682889.0,2068160.0,12171663.0,12665999.0,10864584.0,383858.0,5291010.0,13221898.0,1840160.0,1574996.0,5078847.21277492,68193934.70848905,49202910.0,1187193.0,709614.0,430702.0,243089.0,15961140.0
2024-01-01 09:15:00,2988476.20364353,3989711.0,127030.0,283951.0,4083732.0,253274.0,3314890.0,692280.0,18008785.0,3804406.0,343584.0,11124690.0,978400.0,763454.0,24228685.0,807681.0,1222315.0,14239686.0,1343888.0,392408.0,2961919.0,534636.78531818,7683792.0,9901379.24233254,1341121.0,2808451.0,778184.0,7919961.0,1425902.0,777080.0,1307485.0,411724.0,8024960.0,2632200.0,4820168.0,5952776.0,4030540.0,158288.0,1523610.0,8295548.0,733452.0,825907.0,947980.43597966,20822022.76731952,21186105.0,1776828.0,286683.0,421730.0,97677.0,20347278.0
2024-01-02 09:15:00,2754180.42149548,6344621.0,166449.0,552394.0,7895577.0,361379.0,11129900.0,1099965.0,22790965.0,6865791.0,2589484.0,28363847.0,2869280.0,1221148.0,69395959.0,799952.0,1440888.0,29242092.0,3005450.0,507848.0,4975013.0,1331255.78329521,16263825.0,11144570.42237158,1227193.0,5396313.0,1615515.0,9216592.0,5120796.0,1511464.0,2857334.0,776837.0,13506040.0,2831540.0,21141219.0,9128513.0,7448800.0,691712.0,5389635.0,15164482.0,3174447.0,1344068.0,2667372.17795485,22843437.64688622,27764060.0,1615064.0,453685.0,408928.0,337528.0,14282514.0
2024-01-03 09:15:00,20336898.8406508,33060778.0,198997.0,379131.0,10225290.0,1256275.0,5534050.0,804258.0,18738690.0,3604276.0,2357093.0,12903439.0,1412035.0,435449.0,39101172.0,975051.0,1651716.0,28389762.0,1893956.0,896596.0,7226455.0,1024138.23333915,16826752.0,25463579.80672473,2620296.0,7550363.0,3983411.0,9864949.0,3781515.0,1283859.0,1927812.0,521046.0,14259987.0,2026920.0,11650902.0,8284439.0,9037536.0,550221.0,6787670.0,14571772.0,1699057.0,1803075.0,1114142.00919898,14177150.1328726,45176618.0,2231707.0,356757.0,714968.0,179575.0,19534364.0
2024-01-04 09:15:00,3067864.23503253,9771995.0,220702.0,777127.0,11411683.0,619987.0,29118790.0,2268009.0,25403124.0,4664043.0,1248143.0,11039940.0,2048300.0,425702.0,45285624.0,962528.0,3392241.0,26734056.0,4412550.0,630734.0,6592370.0,1398512.88022416,22789140.0,12487020.35824796,4271262.0,7056038.0,1878399.0,32808937.0,2865766.0,1651616.0,2835768.0,711733.0,40057506.0,2647800.0,31054419.0,19663959.0,9612778.0,938454.0,7695105.0,13883388.0,2851729.0,3598144.0,2811099.09953681,23683814.25699451,43913498.0,3355191.0,545228.0,299498.0,313755.0,15170336.0
2024-01-05 09:15:00,3319767.43526686,10622789.0,144894.0,416956.0,8025466.0,659306.0,10526010.0,835592.0,22023938.0,4008221.0,1013196.0,8369460.0,1037255.0,402103.0,55608923.0,1089114.76588298,1776925.0,31889470.0,1394951.0,593042.0,2990123.0,1168848.40603829,14875499.0,9756378.02102735,2294140.0,8895403.0,2060548.0,29722064.0,7799341.0,2069018.0,1709313.0,673131.0,27456415.0,5154128.0,20743811.0,16345257.0,8086406.0,1258280.0,8114435.0,15984585.0,2960339.0,1963127.0,1221895.95277427,18371360.7802044,71330190.0,1756868.0,963628.0,258565.0,163191.0,16889130.0
2024-01-08 09:15:00,1906381.90034127,8760094.0,157009.0,545884.0,4735538.0,312733.0,11212090.0,684254.0,11472441.0,4489695.0,740848.0,9424716.0,1205700.0,401263.0,38912423.0,559535.51086877,2025264.0,17998470.0,2064691.0,508360.0,4425767.0,1208553.60756291,8393164.0,8478508.67468546,1791003.0,4440136.0,1107367.0,21118013.0,12253167.0,1993855.0,1492195.0,600153.0,10136462.0,2064756.0,19310595.0,13585746.0,7734652.0,738502.0,7487975.0,14739531.0,1678133.0,1067805.0,1743792.1079908,12701986.50980127,39559717.0,1320667.0,1202148.0,303947.0,176843.0,10082886.0
2024-01-09 09:15:00,2975162.9005783,14701104.0,329437.0,670704.0,6359362.0,2125908.0,12470830.0,1235008.0,11550790.0,3371125.0,1133466.0,9473743.0,1292220.0,411462.0,33803263.0,1216841.24499633,3119270.0,25326888.0,3648496.0,1043602.0,5314029.0,1033213.85307879,14660414.0,6035128.13071292,1619091.0,4412074.0,1458862.0,10689245.0,4339223.0,1807271.0,2542484.0,666469.0,12229517.0,1626054.0,11951525.0,8688409.0,5403074.0,1871763.0,5463445.0,13400235.0,1712486.0,1370944.0,1010546.22971529,21322319.11132609,30736868.0,994439.0,572612.0,723237.0,242925.0,14465048.0
2024-01-10 09:15:00,3701596.22513782,7036728.0,239740.0,691087.0,5934163.0,721432.0,5590720.0,607010.0,8701594.0,3111573.0,3625567.0,9670366.0,1273855.0,577499.0,29917881.0,325322.0,4368914.0,16115824.0,3288472.0,511944.0,2408792.0,895147.62315715,9409181.0,6246310.6841836,1629958.0,4096845.0,1265739.0,11798543.0,7052758.0,1534821.0,1954233.0,481699.0,14455000.0,2052936.0,16500666.0,16872195.0,11102740.0,2547856.0,2470725.0,12742464.0,1278475.0,1292227.0,944521.70990833,16530855.27156889,27213624.0,808638.0,556311.0,951897.0,374333.0,8874676.0
2024-01-11 09:15:00,2070354.20314474,3721202.0,213210.0,537469.0,4683035.0,1031594.0,6517410.0,861924.0,10942508.0,2604325.0,1097204.0,9163771.0,2964925.0,378237.0,41809415.0,887806.0,2271368.0,18314010.0,2800658.0,2133475.0,3899383.0,2437365.09538182,6451345.0,6922894.06127313,1914421.0,11296088.0,1205504.0,45792818.0,4170070.0,1105348.0,2228002.0,1024815.0,10316319.0,1551334.0,12586419.0,18812468.0,23725852.0,908421.0,14663945.0,15533860.0,1320281.0,1777909.0,1097272.49538432,18344807.1757455,23113349.0,930492.0,392818.0,485141.0,375210.0,8638818.0
2024-01-12 09:15:00,1851606.93207287,3912779.0,250919.0,673004.0,5616755.0,434753.0,8086380.0,1314964.0,8853157.0,3394013.0,2051301.0,7471050.0,1385710.0,220410.0,45508277.0,485644.0,5862043.0,19773552.0,7076942.0,905401.0,2440863.0,3026737.97432391,12255743.0,9909906.29556684,2161848.0,26754401.0,1326357.0,46763296.0,2172621.0,1782631.0,3061539.0,850190.0,12341629.0,2214110.0,39228118.0,11296498.0,15012164.0,557158.0,5187280.0,16620797.0,1538242.0,6813450.0,6091773.15129725,12694736.48630201,32883921.0,5023455.0,990582.0,597455.0,376816.0,36086734.0
2024-01-15 09:15:00,1450624.22410806,2825654.0,375458.0,728116.0,6719079.0,440410.0,9972200.0,1089891.0,24570393.0,3312897.0,762036.0,7490747.0,1665610.0,364325.0,53570266.0,202260.0,9712071.0,28320356.0,12433539.0,490217.0,3778987.0,1413098.87904466,12388044.0,7312094.87432707,2930339.0,13228305.0,1497605.0,68617372.0,6172312.0,1783518.0,1405514.0,463380.0,9706124.0,1787668.0,57884916.0,12597366.0,8610594.0,902104.0,2783690.0,16844018.0,1475983.0,2801505.0,4289230.27402585,8010068.45762885,34158775.0,6012767.0,661292.0,381958.0,273931.0,127844264.0
2024-01-16 09:15:00,2593546.49670838,3173587.0,347797.0,748215.0,5229753.0,272181.0,11947230.0,1063676.0,16471601.0,5025540.0,1030845.0,10165133.0,1142145.0,519197.0,47043428.0,457403.0,4459799.0,25322500.0,8761562.0,972808.0,5187155.0,1624577.57865655,11505126.0,12783002.0142332,1316138.0,6500917.0,1920936.0,70456857.0,4650898.0,1791818.0,2236688.0,536823.0,10162832.0,1386740.0,34505065.0,7478450.0,9069024.0,1729041.0,6647950.0,15025543.0,824502.0,1432672.0,1467393.63683477,16827385.70494441,56361287.0,1883106.0,1170685.0,370700.0,146779.0,25912492.0
2024-01-17 09:15:00,2987031.77263646,5268593.0,378205.0,2239241.0,24913719.0,619338.0,13802710.0,1488186.0,16350370.0,4568700.0,2073596.0,10996538.0,1778960.0,585284.0,76780526.0,733818.0,3846289.0,170145236.0,10183042.0,443836.0,6148035.0,3095616.18922762,41914771.0,11768475.48885411,6683398.0,9209876.0,1433551.0,28318086.0,10836883.0,2699076.0,2548169.0,610250.0,13502940.0,1603238.0,26010955.0,13620300.0,12197382.0,2628568.0,5308645.0,30016308.0,2544642.0,3458696.0,1288476.17659444,13077934.26707343,58982971.0,2313059.0,723356.0,420338.0,252817.0,28668932.0
2024-01-18 09:15:00,2631464.61489418,5918594.0,591170.0,1979174.0,11473135.0,557084.0,16869960.0,1133236.0,24831623.0,4407330.0,1723297.0,12493835.0,1727635.0,583931.0,111946831.0,877519.0,3205598.0,161070930.0,3658639.0,570816.0,3784905.0,1293131.07022217,17902484.0,9686859.60131209,3557256.0,6375464.0,1991900.0,24804800.0,4293450.0,2148898.0,2328588.0,614860.0,32481018.0,1269820.0,19232183.0,25522629.0,10279438.0,2296538.0,7883550.0,14695436.0,2842572.0,2239110.0,1233086.96109869,19049316.6559588,45273496.0,4533782.0,1293580.0,439730.0,278338.0,26144924.0
2024-01-19 09:15:00,2076532.98617501,2732559.0,326813.0,936201.0,12303696.0,327976.0,8308100.0,1139473.0,22303305.0,11753391.0,1135846.0,15893456.0,1641460.0,894473.0,81155018.0,456698.0,2374099.0,109600538.0,2563065.0,383901.0,4451789.0,1343886.48631282,23271148.0,12928112.3530043,10982524.0,4522736.0,1358166.0,16563079.0,4560329.0,1913923.0,2836976.0,377018.0,28651237.0,1882782.0,26391844.0,20931080.0,10422704.0,570639.0,5296785.0,11675202.0,1605745.0,2941975.0,911154.16383248,9452838.04150094,32653013.0,4463826.0,2566367.0,406436.0,567616.0,15498620.0
2024-01-20 09:15:00,1937035.59249147,2521107.0,249694.0,275937.0,5055594.0,91479.0,2193580.0,404125.0,12654436.0,1919442.0,353704.0,26121433.0,335690.0,122046.0,25861344.0,131682.0,961332.0,25840586.0,1194291.0,111872.0,1502352.0,2506484.04021035,8788873.0,3492190.08211287,3158588.0,1158144.0,506539.0,11652989.0,5456020.0,468514.0,711300.0,92601.0,10652125.0,891184.0,15133785.0,6491870.0,7283394.0,463302.0,502225.0,9886760.0,284105.0,516477.0,336840.64554789,4699824.00651603,16578179.0,1001018.0,238575.0,196720.0,138261.0,12091602.0
2024-01-23 09:15:00,1883639.07122983,7201014.0,982889.0,2365225.0,18924087.0,953921.0,25332970.0,3028946.0,26628471.0,18194595.0,7556815.0,16406737.0,2329945.0,823427.0,72520625.0,938057.0,3196630.0,115469402.0,5994679.0,1399043.0,7867972.0,4438096.89403852,50797448.0,8903681.17274011,10097057.0,9401255.0,1533222.0,13184700.0,6780824.0,1742142.0,2772880.0,956269.0,21652362.0,1381076.0,20282617.0,27492163.0,20055420.0,2880301.0,10999270.0,30954343.0,4129729.0,2618854.0,945044.01094808,15630051.86062063,35373970.0,2683661.0,1053510.0,344687.0,580285.0,19972336.0
2024-01-24 09:15:00,5987986.16934113,18373913.0,435151.0,2665932.0,20884046.0,467134.0,20636750.0,1393463.0,14742783.0,9546592.0,1808713.0,22938994.0,5244260.0,1318897.0,54612769.0,604130.0,2136023.0,86004404.0,6144401.0,596736.0,8619429.0,1575886.14234328,34578943.0,22910624.13911815,9155544.0,8999681.0,1490515.0,15276800.0,3268351.0,3711521.0,2543323.0,459092.0,23922028.0,1318076.0,14458601.0,28309825.0,21919128.0,1255876.0,8501730.0,19221835.0,1719845.0,2657709.0,1052796.94231205,11955071.76305734,39340119.0,2008135.0,636988.0,339968.0,272419.0,11708750.0
2024-01-25 09:15:00,2682630.05214489,4305042.0,337391.0,2001961.0,20835434.0,2065788.0,11683490.0,1744604.0,12592882.0,11424697.0,1801468.0,13440949.0,2677510.0,699432.0,60682540.0,467209.0,2641656.0,98941852.0,3725167.0,664356.0,5366990.0,2401981.85938514,28315035.0,20846415.13587142,8118578.0,8865304.0,3240065.0,12352497.0,6702170.0,2206540.0,2038472.0,718817.0,32525422.0,1571546.0,18291957.0,20651484.0,11808872.0,3230297.0,5327820.0,22684904.0,1870910.0,2205154.0,1139062.6518317,16745649.43361827,61358839.0,8424862.0,646135.0,489321.0,296269.0,12852980.0
2024-01-29 09:15:00,4539468.2782434,6768033.0,554591.0,1862723.0,11188604.0,457853.0,18603610.0,940220.0,28919512.0,4015858.0,2480508.0,27149058.0,1509570.0,936432.0,55871017.0,795647.0,2521598.0,65645498.0,4399011.0,418127.0,5126212.0,1612068.76420846,14078922.0,18930452.2742997,3058020.0,4253785.0,1574830.0,41148261.0,5236148.0,2072982.0,3075670.0,446516.0,24694773.0,1265438.0,54127939.0,26181011.0,23893438.0,1607583.0,17895075.0,19572140.0,3413149.0,1646747.0,1607826.82279014,21241038.34753074,29745400.0,2495791.0,699215.0,604096.0,334463.0,10051300.0
2024-01-30 09:15:00,3212086.70173923,4683729.0,304312.0,1273188.0,9426983.0,266287.0,41531470.0,4851835.0,20894159.0,3902023.0,1908926.0,14159072.0,1576585.0,612064.0,57612020.0,852171.0,1939386.0,41728768.0,5895638.0,709726.0,7968815.0,1821940.5661787,16085742.0,46098896.08116243,1721705.0,4995943.0,1892910.0,15292451.0,3829187.0,1454989.0,2569098.0,399869.0,20918448.0,1336068.0,51491099.0,16031367.0,14093978.0,1464906.0,14238795.0,16966577.0,1935332.0,1411621.0,807753.74113303,32688235.77766008,35704185.0,2293154.0,852445.0,1206541.0,368827.0,11828014.0
2024-01-31 09:15:00,2753853.59449388,5510242.0,499281.0,1771244.0,12600390.0,336874.0,18105120.0,1486444.0,23757415.0,5981966.0,1723379.0,23750822.0,7857425.0,759817.0,89833027.0,910709.0,7025931.0,65761040.0,4068280.0,645505.0,5644545.0,1467745.58771758,25627447.0,21063849.16668533,3867886.0,6763779.0,1954023.0,15183900.0,8117401.0,9637606.0,3154787.0,997024.0,20931224.0,1432188.0,33293192.0,34369455.0,15130226.0,1343827.0,9573360.0,23270745.0,5796356.0,2459358.0,2458396.09043501,40684925.56501168,36079354.0,1798462.0,1386754.0,986931.0,341574.0,10584480.0
2024-02-01 09:15:00,4831879.46867621,7433628.0,255111.0,3006472.0,9756682.0,394564.0,19111370.0,1352416.0,27835431.0,3606209.0,2784507.0,8862155.0,3112555.0,1313981.0,70252449.0,638710.0,2845408.0,32690740.0,8911872.0,660378.0,3509803.0,1754722.06729677,13058880.0,20303697.7015996,2240634.0,5760011.0,2287350.0,24323325.0,2072168.0,6149780.0,4065784.0,1869594.0,24020951.0,1641132.0,29758133.0,29929092.0,13349362.0,1803699.0,10601720.0,26587707.0,2442481.0,2363107.0,4786097.4799987,24027417.66679807,31701793.0,2286420.0,1408462.0,742113.0,401503.0,7828120.0
2024-02-02 09:15:00,2792664.55868406,10450227.0,239428.0,1881911.0,8667415.0,197720.0,13675080.0,1514648.0,27710061.0,4969983.0,1161705.0,25177075.0,1686230.0,872011.0,78666454.0,330557.0,2337374.0,44867754.0,3006965.0,994506.0,7145858.0,1986900.49322921,14774650.0,18174966.3754264,3554450.0,7858483.0,2871131.0,30218956.0,5049876.0,7579802.0,3304158.0,814940.0,32346639.0,1508122.0,30482663.0,33900724.0,19652588.0,1817169.0,4405185.0,27471811.0,1775449.0,2826510.0,1762585.83551971,21538776.28996063,69296192.0,1838847.0,2320153.0,892545.0,334386.0,16296222.0
2024-02-05 09:15:00,2259122.0560697,5611298.0,147909.0,923435.0,12569454.0,252401.0,17712220.0,2578535.0,23880364.0,7809331.0,2369316.0,31418925.0,2126485.0,592181.0,54189688.0,949717.0,1452864.0,38605046.0,3750294.0,425966.0,4801118.0,1336147.5778857,12948430.0,12757099.8584898,2624023.0,3634135.0,2056107.0,211028604.0,3460806.0,2954238.0,3525423.0,365105.0,19651482.0,1065954.0,34001868.0,27440927.0,8814432.0,1010779.0,1993400.0,28339525.0,3481964.0,1691523.0,1281730.80037573,64080585.75802426,80737626.0,953919.0,1771614.0,808544.0,162473.0,11566604.0
2024-02-06 09:15:00,2143336.63150235,4408002.0,326654.0,1471312.0,8011171.0,131992.0,24395330.0,2376798.0,12134363.0,9863065.0,979752.0,13386526.0,2587065.0,470713.0,46782951.0,581483.0,4988311.0,41075740.0,15915028.0,261001.0,4099573.0,1582023.23181915,12886927.0,19878840.90262108,3312270.0,7694265.0,1547506.0,86635613.0,4691897.0,2545192.0,2219874.0,829040.0,12024661.0,1540366.0,36708949.0,29668277.0,9047984.0,1515381.0,7511415.0,14079390.0,1893995.0,4474396.0,1233971.63379004,21060685.52398265,53192936.0,2713529.0,1069901.0,718388.0,250870.0,29024038.0
2024-02-07 09:15:00,2160884.25158833,3359763.0,323738.0,1134012.0,7281793.0,159783.0,15382370.0,1477982.0,14192151.0,2770694.0,890299.0,14430152.0,2953275.0,416774.0,75083259.0,1133609.0,3320199.0,54837086.0,7560296.0,265821.0,9415146.0,1167160.24935029,16410895.0,13645853.14320758,4066189.0,4613877.0,3647454.0,30963705.0,4592224.0,2099940.0,1213661.0,560808.0,8080437.0,3094808.0,23756939.0,27335466.0,9296568.0,690402.0,5230250.0,41696232.0,2259235.0,2124267.0,875435.25086645,13107038.7137048,61517064.0,2004588.0,900220.0,5846891.0,250184.0,9103534.0
2024-02-08 09:15:00,1731053.13248216,3354609.0,794455.0,1633654.0,9869141.0,282537.0,21932090.0,1486674.0,29094709.0,6519392.0,1447767.0,18790158.0,1791205.0,404899.0,184839649.0,1387156.0,3496692.0,69106124.0,7782663.0,444060.0,11844758.0,1786338.94649495,20565502.0,51045661.18143089,2931291.0,5919715.0,2294805.0,21948925.0,4542774.0,3471727.0,2550690.0,557082.0,17754869.0,3308894.0,25252940.0,69776717.0,14694634.0,1679065.0,4430985.0,74222434.0,2213750.0,2345173.0,2508232.31464386,19174801.52693366,38997666.0,2308756.0,1011857.0,7374486.0,320905.0,11303840.0
2024-02-09 09:15:00,1621545.46694557,3538164.0,933104.0,1144765.0,8233454.0,173555.0,12098740.0,1049368.0,21081134.0,4203171.0,1215784.0,17472069.0,1238970.0,396729.0,257918995.0,2010089.0,3341297.0,56642124.0,2453771.0,718094.0,5105348.0,900425.39821783,12799837.0,34201402.43127719,2388841.0,4600004.0,1396058.0,51120889.0,4063976.0,3121873.0,2033950.0,645489.0,18304439.0,1677638.0,26743792.0,24496638.0,12556798.0,596482.0,2903050.0,43235061.0,6343881.0,2100596.0,928396.17141191,13093573.91109445,35961925.0,1085349.0,838509.0,2001715.0,400823.0,7893788.0
2024-02-12 09:15:00,1116715.2834719,2204823.0,709946.0,614469.0,8694379.0,219911.0,5447840.0,803753.0,19640568.0,3887976.0,453460.0,19472346.0,4296460.0,237343.0,155848102.0,1229133.0,4885445.0,34447812.0,2799522.0,1321957.0,4595403.0,1312800.83813018,8050066.0,11554706.95738058,2821957.0,3555808.0,1408603.0,47043875.0,4506489.0,1922273.0,1197925.0,190655.0,11714289.0,890538.0,30906374.0,19140023.0,6674430.0,515507.0,2845040.0,22873137.0,4059288.0,1013716.0,909930.40034982,12069753.65179273,36477544.0,1149683.0,487283.0,1087518.0,191687.0,48873500.0
2024-02-13 09:15:00,1263188.42318962,2245009.0,521773.0,717118.0,8413609.0,258767.0,9480140.0,1833289.0,13961795.0,3211554.0,981536.0,35665854.0,2086675.0,633019.0,79935680.0,985312.0,3129897.0,57580994.0,5011128.0,938269.0,46100123.0,972939.95544587,18706292.0,16533632.04709291,4601482.0,2696481.0,1675844.0,31220101.0,4492334.0,2151493.0,2075130.0,397979.0,15426888.0,621970.0,20711842.0,22031847.0,7715594.0,1388464.0,8984610.0,23351472.0,4687838.0,1257415.0,896969.03443138,14202257.70797011,39155909.0,1127361.0,796060.0,1288707.0,276453.0,22373576.0
2024-02-14 09:15:00,1795243.19279669,3382943.0,452781.0,750339.0,16609115.0,513900.0,6361260.0,763689.0,23449380.0,4653070.0,1113254.0,18592696.0,1724345.0,919714.0,38221083.0,605147.0,1386643.0,91320810.0,1572158.0,735284.0,16634538.0,1419976.44158043,17878720.0,12871704.97948456,4208176.0,3768579.0,1546826.0,21374190.0,3850323.0,2502138.0,4368695.0,354676.0,14085723.0,1018616.0,36168962.0,13546941.0,7117888.0,504590.0,3686385.0,36782182.0,2105672.0,1391283.0,1221441.46989279,10884044.35965488,29141690.0,3426103.0,1046318.0,725269.0,417802.0,22594656.0
2024-02-15 09:15:00,2098295.33428165,3382824.0,446114.0,1068730.0,11780823.0,394525.0,8808590.0,803588.0,17335763.0,5056712.0,1402161.0,18501875.0,1469095.0,405632.0,77367585.0,506068.0,2555162.0,41584944.0,1737411.0,530347.0,13303658.0,2593885.2547304,10069878.0,21594646.31235082,1906763.0,4834391.0,1482200.0,19477720.0,2541670.0,1999189.0,9887134.0,447248.0,21973316.0,1680952.0,32831246.0,25475670.0,10006782.0,736364.0,5721585.0,33941282.0,2161691.0,1091582.0,1293968.43520228,10651917.72196094,31587387.0,1703763.0,759063.0,964837.0,415090.0,14570776.0
2024-02-16 09:15:00,2261676.87408222,5476230.0,391508.0,1179473.0,8660907.0,938756.0,10294310.0,850341.0,29843059.0,3091952.0,857301.0,14513583.0,1275915.0,634008.0,61209337.0,403756.0,1776881.0,32175742.0,2973324.0,848705.0,12066565.0,2400495.83457495,7159395.0,39747199.1127644,1844045.0,4880654.0,1774587.0,14337059.0,1643146.0,2768329.0,7188957.0,716486.0,20307449.0,1493232.0,27044984.0,25129188.0,9767498.0,2008339.0,4596560.0,27365121.0,3480879.0,1307556.0,1228107.89362874,21245142.88448098,22316127.0,1994659.0,915502.0,736660.0,250550.0,34942644.0
2024-02-19 09:15:00,1834606.77298957,2700240.0,334607.0,560700.0,7562645.0,1044959.0,13158810.0,1162373.0,25343215.0,4711035.0,888909.0,19798448.0,1393520.0,267834.0,60218202.0,1167037.0,762624.0,34451756.0,2785107.0,524294.0,5580597.0,585758.88285551,9388255.0,17956489.90202552,1209609.0,3690993.0,829517.0,18390283.0,4447954.0,1216447.0,2682236.0,581383.0,8496898.0,955040.0,15322964.0,11429901.0,6729828.0,1163429.0,3451410.0,13979584.0,777823.0,772291.0,973660.23710038,7672757.67731437,16973568.0,1496111.0,528874.0,374829.0,109778.0,18602758.0
2024-02-20 09:15:00,1513126.53741432,1856718.0,559251.0,729371.0,8722800.0,547082.0,11067090.0,1232581.0,17809897.0,5397418.0,1550412.0,27899165.0,1399485.0,1324518.0,85356675.0,1710394.0,2240414.0,56133508.0,3523966.0,1153742.0,5186970.0,1049252.35735287,11293528.0,14920720.17014756,2390096.0,3706389.0,1384043.0,55688591.0,7611124.0,1578162.0,1830562.0,355044.0,19340526.0,1262888.0,18968785.0,43053543.0,7117496.0,1569035.0,4396705.0,12528399.0,2230669.0,1193648.0,1069090.50788715,7840757.13662726,24291123.0,2113200.0,744107.0,468003.0,320905.0,10374126.0
2024-02-21 09:15:00,1708388.6593711,2770510.0,537325.0,927130.0,9177213.0,439817.0,8549440.0,674394.0,17870782.0,4570259.0,1074054.0,19032050.0,995895.0,575380.0,91140945.0,765529.0,2890991.0,45893136.0,3321288.0,1112050.0,18106978.0,1145527.05973475,15946325.0,20567745.01882291,5259113.0,4300508.0,6419882.0,64130106.0,4184871.0,2430672.0,4466234.0,348461.0,17751633.0,1786364.0,16340579.0,24651085.0,12720292.0,1156081.0,3665875.0,21465311.0,1993748.0,1885939.0,1463616.06419849,9956596.24274156,88000833.0,1769508.0,660426.0,614056.0,322960.0,13115574.0
2024-02-22 09:15:00,1174022.38775271,2556009.0,564432.0,2615821.0,14633340.0,548486.0,10223740.0,1149519.0,31992371.0,8642368.0,1582836.0,22083710.0,1420120.0,1130600.0,67614848.0,3428899.0,3820901.0,50560882.0,4195869.0,1441798.0,8727844.0,2294060.7041846,13432573.0,19709643.14809792,4969478.0,5841277.0,2366934.0,75689296.0,6200760.0,2521388.0,3360123.0,584406.0,16083122.0,1504742.0,16791453.0,26793590.0,18493728.0,1355358.0,2571220.0,18799244.0,1981678.0,2982052.0,1710032.83613513,10662212.19215694,46728176.0,2201424.0,1017437.0,1012228.0,363840.0,14596482.0
2024-02-23 09:15:00,2036261.09497768,2924829.0,352524.0,1650523.0,6250943.0,340749.0,12803110.0,1199419.0,76179371.0,6709844.0,1308103.0,9625544.0,1842255.0,571998.0,37200710.0,1646510.0,2191549.0,29833452.0,2561028.0,819122.0,6445580.0,1229830.27311257,13142759.0,11809726.12854069,2557861.0,5373072.0,1736000.0,270077120.0,3453766.0,2107176.0,3323441.0,472884.0,9665454.0,1211238.0,9464646.0,14313526.0,14438584.0,1115653.0,5723325.0,14143636.0,1340283.0,2538072.0,1296499.97570693,11673370.99849353,28414697.0,1660506.0,897831.0,555204.0,304238.0,19860994.0
2024-02-26 09:15:00,1747934.72656488,2802425.0,453443.0,3524491.0,5354189.0,345968.0,8920560.0,742382.0,27013630.0,3186134.0,898290.0,7570244.0,1089190.0,474465.0,33433566.0,905237.0,1844253.0,23506870.0,4199991.0,605090.0,7605543.0,844683.72389529,7875941.0,8456227.52378176,2077787.0,2782438.0,1188689.0,107359705.0,5958066.0,4122419.0,2436063.0,277700.0,7711995.0,1323894.0,8661999.0,31012494.0,7513106.0,1283074.0,5989015.0,11355186.0,974892.0,1379284.0,1307989.58636997,9276177.31353883,22570277.0,1196507.0,546842.0,671311.0,162530.0,8820636.0
2024-02-27 09:15:00,1160462.67568627,2197456.0,313760.0,1296180.0,6546815.0,392445.0,11503060.0,931236.0,28877205.0,7149094.0,1231196.0,8343526.0,966475.0,579400.0,29921497.0,674507.0,2049420.0,32087150.0,6321068.0,830187.0,6741206.0,1138057.32189868,10580973.0,8246041.85900452,2843312.0,5159088.0,1331211.0,57002014.0,4431652.0,2122286.0,2821465.0,307585.0,8882923.0,1261744.0,19582774.0,36510093.0,10826044.0,1764621.0,20513770.0,13969393.0,2140963.0,2960475.0,1603913.61383733,21218710.1965666,24119469.0,1488661.0,673959.0,861671.0,214186.0,10399260.0
2024-02-28 09:15:00,1401004.25586492,2121625.0,536602.0,2472196.0,7643191.0,537728.0,5353210.0,790763.0,38996363.0,5302711.0,1083605.0,8893614.0,1560230.0,658953.0,41883110.0,1197381.0,936575.0,25321986.0,3434747.0,569688.0,4406098.0,639053.64414472,7730332.0,9129601.99985915,2661887.0,3188916.0,1851909.0,48176158.0,3076327.0,1666903.0,2010429.0,358812.0,12977628.0,985574.0,9118196.0,18824161.0,8647950.0,834214.0,11119410.0,11263318.0,578316.0,1939225.0,2196553.21802222,25208924.69491544,20721926.0,1289779.0,538608.0,411252.0,300668.0,12789056.0
2024-02-29 09:15:00,1394930.63483516,2672239.0,1543361.0,2284424.0,13648997.0,1042536.0,16990980.0,1352363.0,24059731.0,13818650.0,4923680.0,11711699.0,5513940.0,1021336.0,175785440.0,1499473.0,3532888.0,53295700.0,2750947.0,1548190.0,16860796.0,2892907.37219346,20944844.0,15779809.39503013,4216252.0,7814722.0,3155812.0,81356675.0,6606975.0,2119512.0,5539065.0,943841.0,13149469.0,2774576.0,17179832.0,35043015.0,23628976.0,1672455.0,20232355.0,19217113.0,2350244.0,3772719.0,2755584.36983772,17138109.75297956,32248156.0,2251498.0,1692242.0,1235124.0,328848.0,14462764.0
2024-03-01 09:15:00,1197060.08286559,3301090.0,1749136.0,978174.0,4819390.0,399007.0,9190800.0,740120.0,12949604.0,5927490.0,1982189.0,8411615.0,2876430.0,665946.0,42587331.0,826009.0,2371138.0,34738898.0,3460443.0,510674.0,9882296.0,2362854.61282771,14909562.0,13131844.19639959,3549401.0,6387291.0,5377896.0,37623310.0,3444150.0,4407803.0,3384932.0,487355.0,13027254.0,1511456.0,12930057.0,15149735.0,12132926.0,1088145.0,5500370.0,17348526.0,4069161.0,2043265.0,1826809.63139313,17632893.62766797,123709943.0,1560034.0,1533727.0,645099.0,352952.0,9420630.0
2024-03-02 09:15:00,123215.84160376,386697.0,33927.0,89988.0,250465.0,14968.0,497600.0,44273.0,1497553.0,133654.0,80914.0,1085461.0,87510.0,17701.0,3028812.0,37928.0,74513.0,1790530.0,171935.0,156722.0,623929.0,43580.24229761,481475.0,1035720.73919515,179042.0,292153.0,475975.0,17148671.0,179918.0,246957.0,110564.0,16113.0,596184.0,51050.0,864693.0,494394.0,716300.0,50098.0,123285.0,1158960.0,95487.0,65057.0,151203.11437178,2954281.05150997,21643047.0,217683.0,51206.0,26075.0,6955.0,680268.0
2024-03-04 09:15:00,1094142.5693613,2170214.0,551616.0,971299.0,5895441.0,410053.0,3971180.0,589948.0,34272251.0,5855090.0,1147249.0,11977226.0,2196055.0,641251.0,55751426.0,423656.0,1788071.0,35616474.0,7272987.0,570306.0,5989974.0,1524887.96485164,11424581.0,7246620.15720782,2985524.0,4445156.0,3821690.0,24183886.0,2777198.0,1307501.0,1645331.0,369936.0,38075510.0,1268620.0,22280353.0,23131460.0,10024420.0,2126926.0,2666695.0,9789141.0,2298105.0,1749271.0,800618.66355715,10078302.88579735,67577785.0,1843831.0,787542.0,291319.0,221282.0,5662370.0
2024-03-05 09:15:00,1227318.90201386,1815438.0,724456.0,736381.0,4851446.0,615117.0,17175580.0,2343463.0,24964592.0,5375008.0,1306046.0,9605493.0,1040180.0,591293.0,29313864.0,401260.0,3339546.0,37991672.0,4342310.0,442519.0,5729926.0,1612178.46392104,9222544.0,10311607.94452148,2694157.0,4596579.0,2630517.0,18301432.0,3122194.0,1981370.0,2208384.0,320702.0,15918221.0,678604.0,18544484.0,13220556.0,7107668.0,1476872.0,6190170.0,18088847.0,1408172.0,2070859.0,878523.50759563,99070458.02263302,37165490.0,1420379.0,733660.0,549270.0,310715.0,10521548.0
2024-03-06 09:15:00,1995194.30277645,2758443.0,588776.0,1723066.0,13787638.0,959543.0,21047920.0,1239370.0,26236957.0,5464839.0,1158132.0,14061966.0,1207130.0,315398.0,95621548.0,678808.0,2366177.0,42409530.0,4896598.0,353334.0,4637732.0,1375422.10646465,21796484.0,11766523.02778928,5167456.0,6420684.0,2041620.0,53717380.0,7451712.0,1500196.0,1673183.0,639542.0,13120921.0,1983280.0,16807149.0,15969436.0,7805676.0,1568041.0,6744720.0,26710525.0,1761032.0,1744204.0,1383956.04573576,23545305.1834209,51782444.0,2064350.0,765602.0,1009678.0,534825.0,11091922.0
2024-03-07 09:15:00,882874.17232608,1640786.0,738112.0,1564364.0,6943879.0,1243547.0,14694210.0,1380840.0,41484038.0,8903981.0,1569074.0,9680802.0,1174600.0,734239.0,43685238.0,519779.0,3181239.0,49348046.0,3682063.0,684934.0,7909060.0,1849358.38415655,9963926.0,24387801.30421793,2285176.0,6348359.0,5074846.0,35988723.0,3139360.0,2344401.0,18323831.0,255325.0,9172926.0,1297304.0,11386963.0,14908694.0,8315726.0,2468543.0,5963990.0,15497868.0,2440999.0,2688905.0,3565971.88481845,27955047.08680646,124847699.0,2073691.0,838514.0,680535.0,585012.0,9707982.0
2024-03-11 09:15:00,761755.3847326,2217673.0,521556.0,866546.0,6751641.0,631957.0,12039710.0,1285565.0,22800967.0,6679208.0,2183994.0,7824738.0,1412365.0,373335.0,51519591.0,599546.0,2970902.0,50531094.0,3777242.0,644170.0,5527908.0,2072878.65869999,13310362.0,18666588.2320434,1694488.0,6752895.0,1622850.0,121739384.0,3640143.0,1748541.0,3250782.0,525344.0,10664917.0,2990598.0,10684598.0,19020659.0,11277130.0,1824218.0,11377355.0,16778340.0,2994345.0,2304068.0,2641026.34178732,12426990.81609079,54155385.0,1577732.0,597848.0,3757634.0,319303.0,11131512.0
2024-03-12 09:15:00,1236671.10305969,3139768.0,482112.0,663186.0,9817138.0,324864.0,10946770.0,1587096.0,34719550.0,4249548.0,1855916.0,8409613.0,1647055.0,528035.0,31159766.0,891725.0,2414182.0,65418454.0,4975736.0,312738.0,3703670.0,1028086.40725387,21785435.0,36954419.14597431,1918571.0,4614222.0,1231413.0,111054091.0,10243298.0,1470377.0,3186510.0,283816.0,9637912.0,1726470.0,13780189.0,17906155.0,9432678.0,1608593.0,7206710.0,21529705.0,1294598.0,4039801.0,1102698.96025653,14516312.75834864,34947937.0,1963068.0,564569.0,899570.0,235430.0,11652760.0
2024-03-13 09:15:00,3512658.25721203,8670336.0,356191.0,955841.0,11503890.0,430048.0,11321830.0,1279653.0,41620003.0,7528096.0,1720173.0,17803423.0,1051325.0,428324.0,53202095.0,881145.0,2564135.0,63067454.0,2840155.0,700123.0,5712435.0,2359223.34919378,24855870.0,107647482.0254321,4165036.0,5688997.0,3047464.0,99102083.0,5816083.0,2503293.0,4270994.0,385204.0,23722232.0,3627604.0,20079496.0,39389523.0,13522134.0,1461171.0,8118855.0,27950252.0,2881503.0,2837260.0,2075798.43228711,27436717.61375342,70937597.0,2001399.0,1027729.0,968084.0,415925.0,13580480.0
2024-03-14 09:15:00,3875632.1189906,7195603.0,439181.0,1381741.0,10253613.0,392634.0,12198650.0,1289823.0,34622781.0,8569080.0,1748907.0,20478918.0,2001060.0,720948.0,45708365.0,1097271.0,3513306.0,52432158.0,3750622.0,708629.0,10349338.0,2328594.78314688,14231421.0,32591933.5811689,3652530.0,8803799.0,5262918.0,74698602.0,4809633.0,4528490.0,2388133.0,523058.0,20859127.0,2245994.0,21404057.0,26005940.0,18571102.0,1094035.0,10111785.0,19730882.0,3062556.0,2919608.0,2238061.97972338,37984029.27356018,91956952.0,2129097.0,1293906.0,723158.0,347822.0,12825472.0
2024-03-15 09:15:00,2267265.9251096,4024586.0,764270.0,1356226.0,17798175.0,676870.0,19705000.0,1929597.0,88781999.0,10115416.0,1537072.0,25435001.0,2429735.0,487749.0,95085427.0,2630480.0,3931561.0,143613804.0,4896049.0,1278695.0,8467660.0,2794704.79893683,66192734.0,77604504.90377443,2985042.0,11809997.0,3992861.0,55087417.0,15507454.0,4054210.0,5504948.0,972333.0,43285007.0,2533984.0,34961065.0,43817794.0,19223818.0,1466897.0,7257360.0,29792241.0,3421374.0,3373143.0,2878187.45343828,38744498.2680296,68482621.0,2499025.0,1207241.0,1197832.0,379648.0,13649086.0
2024-03-18 09:15:00,3136832.98037048,4858444.0,419258.0,940424.0,7612407.0,367524.0,6764250.0,645594.0,22999225.0,4141080.0,996530.0,9803914.0,902465.0,533167.0,35382756.0,508214.0,1183544.0,21437856.0,2911589.0,232124.0,4282437.0,2526548.93023126,8769440.0,16880052.45715175,2365287.0,4958904.0,3561533.0,48365406.0,2314143.0,1354787.0,3404076.0,311049.0,13690352.0,1285192.0,9246173.0,12423655.0,9169392.0,641326.0,5870405.0,18145126.0,2281873.0,1526904.0,812965.61720597,20078306.5116373,166913078.0,630807.0,785257.0,328538.0,226448.0,6393960.0
2024-03-19 09:15:00,1505726.01937806,2311324.0,542392.0,1199135.0,6728886.0,673456.0,14080870.0,1385006.0,27819341.0,7703719.0,1647925.0,8373676.0,1581835.0,559402.0,24847687.0,660181.0,1915379.0,36183594.0,3861068.0,388757.0,7119131.0,4287062.7360569,16708715.0,22241490.41271115,3180412.0,6870411.0,2192986.0,42007913.0,4481075.0,1447405.0,2189225.0,409259.0,13388060.0,3497728.0,8758348.0,20031514.0,8275764.0,1010444.0,6619825.0,15205043.0,3692624.0,8931209.0,2178588.49156221,15708798.34615373,105004268.0,1243420.0,554444.0,489357.0,316008.0,9617386.0
2024-03-20 09:15:00,996441.91588257,2772098.0,413963.0,818910.0,12619644.0,790885.0,14908310.0,723724.0,16235947.0,6596032.0,1728210.0,6950340.0,1385185.0,3045475.0,45544054.0,655682.0,1815178.0,43606094.0,1712459.0,418716.0,5005234.0,3042148.7524649,18725251.0,20773974.91061259,5480729.0,4759059.0,1538050.0,50983696.0,4420886.0,1442811.0,1550415.0,1031037.0,10026655.0,1399290.0,10484778.0,11308487.0,8488806.0,477278.0,4526425.0,25405455.0,3412218.0,1817913.0,2095472.7836621,23024366.89450965,77550319.0,1139621.0,526882.0,607192.0,171219.0,8385344.0
2024-03-21 09:15:00,1212199.28693978,3155563.0,350032.0,1167680.0,9903738.0,720691.0,18060920.0,1166497.0,43152810.0,9952250.0,1699939.0,9911230.0,1626230.0,838929.0,42227967.0,880687.0,2684744.0,28922860.0,7197320.0,633619.0,8795679.0,3559639.87900244,19992607.0,20369987.09183814,3870591.0,11062497.0,2783067.0,28731856.0,3783681.0,2504962.0,2072960.0,544311.0,23370426.0,1807754.0,12163200.0,23559105.0,13006936.0,958834.0,8698620.0,15161161.0,2567975.0,3829582.0,1924248.12943349,18343217.04036526,84225737.0,1420041.0,767905.0,622994.0,215837.0,11644580.0
2024-03-22 09:15:00,981055.27180717,3076926.0,727548.0,1652689.0,9891194.0,851210.0,11252380.0,1570412.0,31321524.0,7840007.0,1746930.0,9172888.0,1528595.0,1033237.0,41776494.0,551648.0,7468824.0,45980326.0,3636733.0,902115.0,5518261.0,3563015.17664036,17214415.0,41169933.01873087,5309042.0,14673890.0,3983433.0,20548126.0,7061283.0,3020545.0,3786990.0,1062263.0,14709219.0,2027126.0,13025089.0,22097588.0,19527608.0,563028.0,6367775.0,15535921.0,4941447.0,5852485.0,1717091.99786221,22590351.03721154,68241556.0,2990908.0,1281102.0,678055.0,224511.0,28646502.0
2024-03-26 09:15:00,966153.19773415,3610644.0,629120.0,1372390.0,9656767.0,534067.0,18503210.0,1616192.0,25723863.0,10898138.0,1635695.0,9389403.0,1361275.0,772158.0,64590292.0,731877.0,4496344.0,56844290.0,13822598.0,551123.0,7198061.0,3074666.59133953,13367635.0,10884355.98856257,9046136.0,8351081.0,2454193.0,27168989.0,5303630.0,2320963.0,4092744.0,507568.0,11208959.0,1941704.0,10830926.0,28477120.0,11415906.0,1349881.0,10693585.0,14678342.0,3649049.0,3440925.0,2436503.98406375,15671994.99405638,52965508.0,2144358.0,1158224.0,844731.0,397803.0,18273346.0
2024-03-27 09:15:00,928138.16554788,4938400.0,603420.0,1156231.0,17027308.0,1034030.0,15512750.0,1205575.0,37817130.0,5779169.0,1642266.0,17985246.0,1452965.0,510950.0,50528769.0,1033992.0,2589697.0,62168668.0,13848953.0,693528.0,5320703.0,2202994.70667399,26907245.0,12953774.02656555,8408702.0,6857402.0,1884038.0,50090709.0,8231130.0,2387693.0,4196597.0,878986.0,45209520.0,1801192.0,28563001.0,18094214.0,16326644.0,795193.0,77232200.0,30088789.0,2530169.0,1968575.0,1986918.1809348,10999325.86193991,35328794.0,2128854.0,1315714.0,524636.0,267937.0,14320668.0
2024-03-28 09:15:00,2399191.65475604,4188741.0,818070.0,1864623.0,10235318.0,847202.0,35745180.0,5210310.0,17425093.0,10518377.0,2110407.0,10332853.0,2586915.0,1307106.0,42567446.0,1786120.0,5301493.0,55592142.0,6878964.0,1086607.0,8326754.0,3236507.18674813,22070566.0,29592244.65175758,3964429.0,12499530.0,3722941.0,22677067.0,6630072.0,4278668.0,3790854.0,860324.0,19868037.0,4365832.0,18888942.0,26646830.0,21854364.0,1704887.0,11625440.0,21705116.0,4427587.0,4311783.0,6804023.74242866,16336978.01533368,62575327.0,2436133.0,1590738.0,837624.0,506387.0,15455150.0
2024-04-01 09:15:00,1332718.03253032,3251462.0,440465.0,558086.0,5484556.0,419820.0,11252380.0,767676.0,45840349.0,5461473.0,563831.0,7256592.0,772020.0,532524.0,20789208.0,288891.0,1014857.0,25199570.0,3874744.0,664163.0,6192790.0,1450344.978679,10848191.0,9939550.22693747,2159432.0,6580002.0,6053539.0,23644472.0,2885880.0,1905190.0,2765845.0,314676.0,8580656.0,1486064.0,6440401.0,8945400.0,5013880.0,838186.0,4228910.0,9949971.0,1148498.0,1569676.0,2256760.55938846,14293672.27203241,84583929.0,1397037.0,964052.0,523250.0,387442.0,6041008.0
2024-04-02 09:15:00,895762.70338924,5769001.0,213898.0,562473.0,13617893.0,803845.0,9676150.0,1605925.0,93873385.0,3625577.0,614238.0,11530800.0,1191030.0,485047.0,36346394.0,446163.0,2031775.0,41225446.0,5179918.0,1342779.0,4626877.0,1240718.98532398,14380396.0,9379523.37251467,2335256.0,7279400.0,2784783.0,29684726.0,6851190.0,3608162.0,3431715.0,333508.0,9745257.0,1445766.0,14439120.0,13229425.0,8910166.0,941688.0,4433110.0,15713063.0,1921533.0,2142666.0,5169410.77154796,13244388.31356365,69533405.0,1320357.0,677963.0,604885.0,307109.0,6932654.0
2024-04-03 09:15:00,1188855.38482539,2727582.0,289202.0,816676.0,11573590.0,453210.0,9589430.0,1055536.0,47658754.0,9532291.0,1465540.0,6972648.0,1346125.0,392460.0,24268721.0,303529.0,3343884.0,45584386.0,3822465.0,681469.0,7514291.0,1193806.10638778,15477184.0,13416702.22721895,3711781.0,8736248.0,1980049.0,17920490.0,12683551.0,1684618.0,3615370.0,271935.0,21679943.0,3850278.0,22600929.0,14499308.0,7008292.0,1862464.0,11588495.0,19136981.0,2098379.0,3973090.0,1147125.92718557,13317990.04858528,50938559.0,1819093.0,801601.0,727717.0,481855.0,13794516.0
2024-04-04 09:15:00,1447344.61309199,4197697.0,547885.0,1831347.0,17964844.0,617929.0,10405890.0,1328509.0,18279026.0,7327626.0,1474799.0,14743020.0,1995095.0,932478.0,52772054.0,814966.0,3388449.0,88935066.0,3858229.0,1378250.0,7246259.0,1920003.98331845,21419689.0,19448768.71252907,6077155.0,11186915.0,2790334.0,33926426.0,13125292.0,2339529.0,3007920.0,491166.0,28962927.0,2782752.0,24624383.0,23722104.0,14490272.0,1905528.0,7019985.0,15889530.0,2439461.0,3394637.0,2432959.22003045,15136558.31453764,61094750.0,2460669.0,1177617.0,910922.0,346378.0,16004046.0
2024-04-05 09:15:00,779030.82081725,1853120.0,239001.0,1155672.0,9210187.0,356305.0,12004940.0,2364243.0,25365958.0,4227519.0,1211684.0,4820138.0,2705055.0,537212.0,35235139.0,454995.0,2773570.0,59055902.0,3860995.0,605460.0,4884617.0,1171602.0719716,15340637.0,17106050.61995051,3286862.0,5072482.0,1847243.0,46979676.0,6558023.0,1645597.0,2767027.0,231600.0,11208130.0,1532454.0,13029904.0,9308711.0,7442298.0,836975.0,3253480.0,9939620.0,1548980.0,1636819.0,635522.94885499,7485429.79117651,44668121.0,1184658.0,623873.0,679916.0,280079.0,6414344.0
2024-04-08 09:15:00,595340.64291717,14038860.0,491584.0,570695.0,4967186.0,376197.0,5182100.0,1345380.0,16422350.0,4827733.0,1039235.0,3980972.0,1420525.0,2165986.0,23092887.0,278448.0,1820136.0,20482940.0,3403360.0,711580.0,3276169.0,1145035.44250431,8023461.0,9022459.24226139,2372626.0,6610887.0,2462906.0,32853747.0,2634811.0,1083395.0,2781568.0,570422.0,11447140.0,2436980.0,13011300.0,14473340.0,8357118.0,822205.0,3678905.0,9797174.0,1170390.0,2302538.0,1855604.00673728,8593442.74968863,48255703.0,686932.0,849267.0,471027.0,215228.0,26640770.0
2024-04-09 09:15:00,859523.05321166,1935801.0,592624.0,1017670.0,11385226.0,237944.0,7102810.0,1284145.0,29048035.0,3372798.0,1225255.0,8005012.0,643620.0,970657.0,30824719.0,388155.0,2432095.0,21884494.0,2873703.0,945922.0,7829711.0,1208060.97459439,12298463.0,7107354.48891674,1176425.0,9423230.0,2512308.0,23367026.0,2373231.0,1997057.0,2853137.0,314466.0,10010148.0,867882.0,13173933.0,5780865.0,7071414.0,718575.0,4766875.0,7465892.0,1389391.0,1876992.0,1199267.96877531,14143990.84102163,63884687.0,1198161.0,745285.0,483412.0,275924.0,15801250.0
2024-04-10 09:15:00,1485813.28528049,3984001.0,174947.0,740495.0,9064074.0,319824.0,5679860.0,1031729.0,37218693.0,6442196.0,2493253.0,15825331.0,980420.0,1018246.0,35141522.0,513499.0,1829986.0,27807400.0,6753666.0,515061.0,11748104.0,2345332.1152196,10598000.0,14840106.72887399,2528578.0,6744595.0,2519596.0,16540320.0,5525818.0,1951581.0,2280814.0,464239.0,12886638.0,989760.0,11137195.0,8809693.0,9138330.0,1056524.0,3504425.0,14530669.0,1928878.0,2101965.0,1391707.56000389,7543332.25210035,64134758.0,1994380.0,567546.0,1107300.0,186223.0,10771534.0
2024-04-12 09:15:00,727033.36656246,2183230.0,450885.0,1766311.0,18045983.0,480474.0,10925880.0,1312132.0,57174716.0,7877073.0,2190583.0,11259294.0,1974255.0,1133493.0,56543869.0,635489.0,4319991.0,41084208.0,5081775.0,438331.0,15994496.0,3441880.28476461,12216657.0,19162692.37990582,1749128.0,12275616.0,4129109.0,32481005.0,3966227.0,3437544.0,4008660.0,973366.0,30924494.0,2479930.0,21894584.0,17731780.0,15551012.0,787733.0,4144555.0,14408722.0,8258068.0,4354821.0,2031456.49110874,19173047.40884234,55317636.0,2887322.0,1910561.0,776121.0,440963.0,13170046.0
2024-04-15 09:15:00,1067474.72323063,3372368.0,251305.0,884519.0,8889435.0,386707.0,7584480.0,828843.0,51676313.0,4281602.0,1125072.0,7680715.0,1349665.0,860133.0,48456568.0,415064.0,3295684.0,23415248.0,2594888.0,645166.0,27067692.0,4986831.108161,10526597.0,9265707.49921025,1528341.0,8531224.0,1974756.0,46281481.0,4319868.0,1719910.0,2024919.0,831257.0,18126999.0,2293646.0,75063828.0,13378690.0,12902062.0,994053.0,4750690.0,11356572.0,2474028.0,4200329.0,2014527.25682635,20924208.8421919,66426404.0,2153147.0,854076.0,597371.0,220692.0,12176472.0
2024-04-16 09:15:00,1169343.70972978,2696593.0,290190.0,911249.0,7107881.0,487529.0,9632930.0,1528544.0,32508661.0,5235632.0,1433760.0,4996845.0,2041490.0,1467677.0,43273463.0,558075.0,2446933.0,20744886.0,4970256.0,719918.0,10722248.0,2865528.15226263,11278092.0,10566001.01449369,3981325.0,16173541.0,1706563.0,48921026.0,4096778.0,2291042.0,1981730.0,579183.0,15328939.0,1537722.0,79082544.0,9662195.0,9366184.0,717750.0,4033025.0,13338991.0,2058697.0,3051420.0,1064247.07673372,15859549.80576413,41391261.0,2085459.0,1116890.0,577349.0,547648.0,21439424.0
2024-04-18 09:15:00,1756459.03460665,6219274.0,518459.0,1732434.0,17832438.0,819240.0,13851330.0,1325537.0,18623078.0,19939924.0,2974196.0,10945138.0,2988680.0,1316876.0,35346377.0,987066.0,5180223.0,34234884.0,11984298.0,1103254.0,9953539.0,3445557.25661212,16564216.0,22578191.95255363,3856849.0,22107945.0,3437879.0,75356224.0,4250740.0,3273257.0,3539862.0,679117.0,22966560.0,6077666.0,34136482.0,51039603.0,19005692.0,1746383.0,6791185.0,14589648.0,3266796.0,3476284.0,2604975.42350922,22428346.05700393,68093672.0,3242357.0,1677946.0,1484951.0,584270.0,21986258.0
2024-04-19 09:15:00,1780863.83572623,3899281.0,560178.0,1337807.0,21598007.0,1385007.0,12183750.0,1242066.0,27227241.0,13103862.0,1173025.0,7628287.0,1713255.0,719002.0,34112204.0,1061064.0,5219506.0,34576434.0,10243493.0,674079.0,6443897.0,2374484.8138371,11284433.0,17567524.27418936,4311650.0,20603621.0,3157898.0,39515729.0,3870380.0,2759031.0,3253248.0,635535.0,12867942.0,3702024.0,32658724.0,18755469.0,15741778.0,1129149.0,4797160.0,10886554.0,2536516.0,2957749.0,2187329.94849869,25477463.77642576,60078229.0,2572144.0,1507940.0,1180675.0,415558.0,20470106.0
2024-04-22 09:15:00,1024740.80402123,8903130.0,197001.0,676040.0,9410832.0,323734.0,11652720.0,703167.0,17549094.0,7894656.0,974434.0,6396926.0,1667285.0,781218.0,28792292.0,445671.0,1939632.0,42298438.0,3076888.0,619635.0,6503652.0,1832501.19499046,10346714.0,7534549.36796584,2887202.0,5859087.0,1584578.0,48640726.0,6151139.0,2605754.0,2449171.0,342212.0,37382916.0,2504706.0,14184019.0,14965203.0,10350362.0,772048.0,3489700.0,17452186.0,1680307.0,1728883.0,2327388.61626664,11906070.74748077,39304790.0,1364143.0,668659.0,1179181.0,277781.0,18881740.0
2024-04-23 09:15:00,1705554.44035722,3847872.0,217146.0,929062.0,8300012.0,295346.0,10815670.0,1297705.0,19202860.0,12074766.0,1031497.0,5390120.0,1494175.0,740619.0,35740731.0,1823447.0,2783858.0,26827060.0,4527775.0,547228.0,6154126.0,2023124.76035565,9848215.0,12735389.72034462,1206443.0,4856174.0,1755588.0,35550933.0,5956005.0,1434580.0,2886136.0,397281.0,14651106.0,2248818.0,8799147.0,11464036.0,14605554.0,1042729.0,2892585.0,12292429.0,9160422.0,1807586.0,1954247.03624526,13241381.9638604,30295177.0,1460983.0,769991.0,626656.0,317450.0,10322712.0
2024-04-24 09:15:00,624700.43006103,2553035.0,207837.0,718441.0,5641163.0,319824.0,8869290.0,578310.0,33392337.0,6277492.0,4415480.0,6538090.0,1334935.0,919636.0,32622315.0,1021874.0,1321471.0,22441580.0,4095087.0,658601.0,11775700.0,1426500.52726456,5461309.0,6192331.43912864,2964953.0,4268213.0,4257548.0,27660953.0,3295077.0,1501234.0,1929834.0,296364.0,11132307.0,1447036.0,9253985.0,19324163.0,10462776.0,898680.0,8459300.0,7842615.0,4652803.0,1317312.0,6526221.33417549,7737747.83541741,59894921.0,1375843.0,652811.0,641190.0,317929.0,5915168.0
2024-04-25 09:15:00,1562510.4066563,6097087.0,520353.0,1594152.0,46136295.0,524667.0,11733540.0,1569437.0,16197834.0,8512627.0,2027213.0,10858594.0,4634925.0,1260511.0,38839521.0,1621547.0,4558032.0,35445204.0,6150372.0,1103462.0,11897458.0,5029798.86039673,19905338.0,30946981.42617433,3697957.0,9089398.0,4893459.0,17043110.0,66179079.0,2420380.0,3084498.0,640725.0,19865014.0,6481728.0,17050557.0,22022414.0,15943926.0,2406788.0,14587660.0,36732974.0,3846327.0,2856271.0,6309793.34693745,13858120.94025776,50128523.0,3357065.0,1889163.0,761557.0,398260.0,11805090.0
2024-04-26 09:15:00,683309.68734822,2565490.0,261065.0,625507.0,10133766.0,521344.0,58147230.0,5325417.0,20473627.0,5289771.0,695034.0,7209435.0,2063090.0,364193.0,33778145.0,405679.0,4328477.0,24854694.0,3094364.0,497777.0,7545608.0,2343827.80712397,14190059.0,15651443.82000874,6135488.0,8062444.0,3626999.0,14131318.0,22146849.0,1973113.0,2952484.0,704626.0,10986589.0,2643128.0,11070290.0,15581578.0,9413848.0,2180945.0,20810260.0,14964358.0,1794350.0,2039178.0,3468048.53755709,13147603.72981101,65355111.0,20431926.0,798783.0,622336.0,265782.0,21478294.0
2024-04-29 09:15:00,668648.86727638,2191564.0,2785015.0,566219.0,15183242.0,299443.0,16810300.0,1132800.0,19876408.0,3195888.0,1082487.0,5305655.0,1485530.0,465907.0,33415230.0,616995.0,11493223.0,36093350.0,8879207.0,590104.0,4157501.0,1417251.21631334,28578063.0,12318495.31819912,5463640.0,5055957.0,1956431.0,16136167.0,11227409.0,1396979.0,2724604.0,613937.0,13652173.0,1243124.0,8952420.0,9804396.0,7247974.0,4381119.0,11904615.0,27302732.0,1091667.0,1110693.0,2282430.23839601,7892289.11768404,44906151.0,4120529.0,703524.0,2349939.0,808505.0,7249940.0
2024-04-30 09:15:00,829493.11606452,2321071.0,1040838.0,1290649.0,18965164.0,360403.0,17986750.0,1748360.0,14514418.0,5272565.0,1327606.0,6021793.0,1906520.0,663752.0,39383265.0,1041175.0,7606726.0,52307382.0,9926485.0,828084.0,4771959.0,2152452.59558001,29568491.0,12780561.17305395,6293171.0,6936588.0,1831578.0,16844939.0,18206448.0,1571996.0,5745143.0,528776.0,14566548.0,1625278.0,10658906.0,33288857.0,11474262.0,2402464.0,13426225.0,27449073.0,1991646.0,2203078.0,2535382.85880867,14985387.7879989,55043389.0,2613213.0,963220.0,4924865.0,777837.0,8902956.0
2024-05-02 09:15:00,2287876.6462106,7991511.0,572406.0,2493406.0,12302236.0,638239.0,11395720.0,1304846.0,19171145.0,7995432.0,1540210.0,14980896.0,3134765.0,908139.0,27391448.0,1466226.0,6555505.0,33475006.0,8292342.0,808478.0,17929526.0,2174068.5176482,25118334.0,24608540.64079541,2554549.0,10076354.0,2448369.0,19658857.0,26640478.0,3748847.0,3347541.0,814923.0,27892188.0,2223826.0,15677336.0,44059506.0,14512646.0,2194261.0,9243475.0,19943724.0,2494925.0,2491044.0,3465806.4894892,21027961.86297022,69320283.0,2124221.0,1435891.0,1998618.0,318855.0,14937276.0
2024-05-03 09:15:00,1517805.21543725,3528822.0,563849.0,1594445.0,9993632.0,396042.0,68186010.0,5227529.0,15782582.0,11290875.0,804513.0,51071947.0,2906840.0,562484.0,37882274.0,1192695.0,5964228.0,31865242.0,8574215.0,347594.0,10633995.0,2636152.14769132,19933604.0,24264626.75427395,2119368.0,8842345.0,3672279.0,21862922.0,16123589.0,4079696.0,3859227.0,834990.0,26844664.0,2257460.0,28913016.0,27074447.0,17226958.0,1355425.0,7622145.0,22667634.0,3183226.0,2962234.0,2971663.14417128,19664298.2014828,62573586.0,2322455.0,1681592.0,1313008.0,517348.0,9730626.0
2024-05-06 09:15:00,2451660.27601314,4000668.0,419144.0,768806.0,7490104.0,458431.0,12299880.0,725360.0,32422021.0,5555467.0,929301.0,36408390.0,2263770.0,716536.0,26394239.0,606833.0,2504082.0,28793396.0,8759027.0,241049.0,10094421.0,1644739.97953308,14970524.0,10970072.5253051,2600170.0,6445422.0,2556178.0,13990739.0,21608211.0,2614667.0,2111447.0,342231.0,15319437.0,1431992.0,15491865.0,16855909.0,7394208.0,920880.0,4326785.0,35283557.0,1240626.0,2053831.0,1089447.08969002,9482441.06182966,37621296.0,1363667.0,6891728.0,735051.0,238521.0,6918126.0
2024-05-07 09:15:00,1301442.64737707,3474340.0,455928.0,629534.0,7115509.0,588285.0,12981260.0,1348125.0,26418769.0,5767030.0,1085239.0,13728379.0,1586770.0,505027.0,48161265.0,438590.0,5096525.0,28480602.0,7783593.0,456294.0,10787196.0,8408086.83122294,15097728.0,27511289.82536827,1884596.0,6080661.0,2369111.0,29499389.0,9866785.0,3376013.0,1727823.0,604375.0,10028071.0,2146918.0,13179001.0,13857464.0,14517472.0,1800920.0,7825870.0,16725013.0,1532550.0,2062112.0,2646467.9898293,14704488.71668929,43611824.0,2350444.0,3111444.0,982212.0,214305.0,9278528.0
2024-05-08 09:15:00,980904.74580643,1627418.0,511587.0,1652877.0,8175609.0,451581.0,7259250.0,802342.0,18952985.0,2682816.0,1497782.0,16978094.0,4940700.0,613158.0,47941406.0,462790.0,6832455.0,41687862.0,6715043.0,1313834.0,7683352.0,1841979.04700955,19913090.0,11135962.85527894,5278612.0,6234983.0,1849894.0,20022506.0,9853753.0,4116670.0,1993202.0,399669.0,9595776.0,1398140.0,12797721.0,18754452.0,9439002.0,1297162.0,7324775.0,27908322.0,1026357.0,1247685.0,1084375.91099019,12454987.13712906,30128705.0,1332284.0,2054981.0,596788.0,392065.0,8205680.0
2024-05-09 09:15:00,1531560.81750465,2591646.0,598157.0,3547959.0,5226693.0,645689.0,13811150.0,1364729.0,35229412.0,4809145.0,1152636.0,15601338.0,2534535.0,980283.0,47274769.0,557056.0,5653762.0,46281278.0,13570152.0,3589872.0,6588118.0,1583522.46122438,12229853.0,24803151.11155468,3272042.0,6088406.0,2282517.0,23209803.0,4656044.0,12120574.0,3998822.0,504590.0,9043486.0,1404310.0,14869187.0,11196567.0,11009612.0,1645954.0,4104015.0,49290254.0,1477007.0,1726486.0,1764980.72749652,31785809.10351117,30223088.0,2420777.0,1860654.0,688477.0,328724.0,9233484.0
2024-05-10 09:15:00,2427792.62589618,2022402.0,372227.0,2478584.0,7242718.0,482797.0,8249080.0,768117.0,18478580.0,5532513.0,5080539.0,9190621.0,1480900.0,471148.0,52717901.0,890719.0,3357203.0,27276608.0,7524779.0,1520297.0,4364788.0,2651346.5736214,8573656.0,14816629.52341674,1575172.0,8777481.0,1947295.0,24450324.0,11769402.0,4132191.0,3045912.0,328670.0,11699095.0,1394832.0,9530738.0,11786977.0,10505096.0,741292.0,10984650.0,20543142.0,1528487.0,1672489.0,1093794.53729796,22167784.15465113,31472419.0,1322206.0,1307103.0,549717.0,205200.0,6654714.0
2024-05-13 09:15:00,3901688.58211827,2495810.0,348407.0,2748823.0,5513160.0,435605.0,5122560.0,466042.0,32874369.0,3703942.0,7910590.0,11107909.0,852820.0,1738770.0,114135952.0,511264.0,2316566.0,27047202.0,7867089.0,624906.0,3582386.0,1189040.26331913,9707983.0,7736702.71598045,3624862.0,3735954.0,1735081.0,20674537.0,5839248.0,3557067.0,2575573.0,281421.0,10691781.0,680762.0,7163239.0,11710605.0,8456620.0,771284.0,8390345.0,15398505.0,1628326.0,931326.0,944820.31224695,97685266.24704464,36561003.0,593453.0,1294603.0,637292.0,215387.0,7111608.0
2024-05-14 09:15:00,5903307.04592621,2989543.0,558136.0,999330.0,5471143.0,408162.0,7558400.0,652248.0,23191411.0,3262908.0,3721994.0,6592194.0,1186650.0,870035.0,110070781.0,421260.0,3200462.0,25665142.0,5348599.0,1335266.0,8339846.0,700280.30409614,8944262.0,11653430.71981709,1279355.0,3463230.0,2706050.0,19646171.0,4282026.0,2870328.0,3830189.0,331037.0,10891985.0,1113494.0,9123849.0,9957875.0,7188300.0,896653.0,12376035.0,10912462.0,2206236.0,1058317.0,1209552.0357594,27041724.6725209,46261468.0,1386032.0,620163.0,559577.0,171935.0,4909420.0
2024-05-15 09:15:00,1741189.92453183,2189768.0,509306.0,1230520.0,5436338.0,274392.0,5950590.0,581805.0,33045920.0,6891004.0,7893092.0,23543942.0,1458405.0,1082300.0,44772997.0,404095.0,2975965.0,38931996.0,2415161.0,882851.0,6764257.0,825065.75862933,10743423.0,8014391.83522862,2516309.0,4327544.0,2194086.0,16860136.0,5260900.0,2718682.0,2569084.0,232030.0,8538183.0,868812.0,6368662.0,11397656.0,5046534.0,254646.0,4269680.0,9755062.0,1207536.0,1115021.0,1943527.71839471,32578294.48002702,29601304.0,1008105.0,657036.0,413777.0,161067.0,4793424.0
2024-05-16 09:15:00,1892206.68127181,4822618.0,378026.0,1534319.0,10750526.0,680474.0,10598510.0,1212568.0,55556781.0,11932181.0,3226214.0,17232651.0,3660485.0,845652.0,35478593.0,1181205.0,5055915.0,34945236.0,4543902.0,1296732.0,8781056.0,1909608.91981364,14265565.0,24392717.94654125,5666243.0,9249145.0,3282175.0,12290684.0,6998357.0,3398714.0,7444517.0,914201.0,13114162.0,1944988.0,23757779.0,19843532.0,14711774.0,1176239.0,12445545.0,20536990.0,2684392.0,2599399.0,2697834.67754996,51746930.91958022,41126570.0,4868225.0,1404971.0,500593.0,368451.0,14621472.0
2024-05-17 09:15:00,851024.52017002,1945123.0,267904.0,1325150.0,9909986.0,323961.0,4801580.0,699522.0,82231249.0,6614017.0,3443452.0,10625019.0,3006695.0,287570.0,20841351.0,1184234.0,2487831.0,20920190.0,3992575.0,609690.0,5026205.0,1284484.09195205,8641784.0,12133982.98030473,3673405.0,7542860.0,4635724.0,8815474.0,9617451.0,2676919.0,9796445.0,809226.0,8509179.0,1442356.0,11529157.0,9069551.0,10916476.0,2433315.0,4729135.0,12492509.0,1341676.0,2765804.0,1082123.74080912,21873491.50554508,39181277.0,1925387.0,1194228.0,752254.0,283850.0,6876820.0
2024-05-18 09:15:00,76640.41637554,192526.0,11673.0,52260.0,169757.0,20151.0,498920.0,58954.0,23619459.0,149406.0,60540.0,986166.0,113225.0,23597.0,2548204.0,47519.0,107491.0,1057114.0,145527.0,21635.0,467849.0,74967.56468984,312750.0,756257.1368848,105107.0,318277.0,638499.0,4311952.0,291295.0,141462.0,257091.0,17550.0,1050300.0,505058.0,2010993.0,1506930.0,426040.0,29747.0,297260.0,960453.0,51458.0,91066.0,71367.98335115,3197371.34137244,3601856.0,83153.0,56642.0,53867.0,12290.0,879612.0
2024-05-21 09:15:00,3187500.44461875,4200578.0,606639.0,921822.0,8162017.0,417798.0,7616240.0,903561.0,127035921.0,5422220.0,2939271.0,27356982.0,2456865.0,500742.0,33453174.0,555489.0,4966721.0,43769978.0,5583840.0,480490.0,15976672.0,1690146.5188975,10452900.0,11399836.43207108,3010012.0,6752663.0,5938708.0,11792817.0,5810167.0,2100848.0,3747292.0,443136.0,10939593.0,2574902.0,17559555.0,21976662.0,11176128.0,1300334.0,3935580.0,14037801.0,1791791.0,1908117.0,917156.57694426,16655439.06582829,84833644.0,1453689.0,827674.0,668195.0,346947.0,8467448.0
2024-05-22 09:15:00,3475580.40403034,1878562.0,735701.0,933846.0,9094033.0,302838.0,4160460.0,578669.0,85801218.0,3026723.0,4216347.0,28346931.0,2605110.0,201187.0,40374419.0,722345.0,2390777.0,39996278.0,3820060.0,422368.0,8004434.0,1944987.07711992,17527411.0,11258798.39950357,6739695.0,7173285.0,2938404.0,12042414.0,6058697.0,1409992.0,2974921.0,280015.0,14001806.0,1574654.0,17935064.0,10287081.0,10281604.0,966583.0,3465540.0,19239277.0,3948239.0,1311168.0,2057107.95031257,15727894.87823574,42919832.0,1411627.0,626567.0,742788.0,280237.0,7765884.0
2024-05-23 09:15:00,7195433.57725763,7821034.0,308200.0,1181894.0,12818081.0,731514.0,7093170.0,1547483.0,70631009.0,7147341.0,4389470.0,14378840.0,2827915.0,922926.0,20931137.0,1091448.0,3326149.0,40861920.0,7106820.0,644911.0,9749101.0,1640130.56012866,13787687.0,27792503.54470472,6444146.0,8641428.0,3800388.0,37524603.0,5681295.0,4525637.0,4715263.0,768732.0,15370357.0,1563326.0,17719819.0,35705284.0,14608260.0,1206423.0,5512760.0,17497488.0,11618479.0,2095742.0,2112829.1711204,18569922.31024722,49377680.0,1440740.0,977789.0,459499.0,521622.0,13171332.0
2024-05-24 09:15:00,3581351.72554862,19100263.0,608807.0,755822.0,8814997.0,455920.0,7420430.0,566278.0,63609206.0,5622368.0,758326.0,12190536.0,2122215.0,545727.0,37064093.0,483000.0,1769966.0,31060206.0,3433290.0,458258.0,15930052.0,989430.46316529,6312670.0,13519396.59414323,2155290.0,5277938.0,2113036.0,18501102.0,4936177.0,2740360.0,2919241.0,624801.0,13317821.0,907544.0,11041667.0,15058182.0,7094776.0,487961.0,4877325.0,12252075.0,5307322.0,1309452.0,1442189.5750332,15885763.85006372,38674485.0,1288301.0,878625.0,549566.0,519418.0,8205526.0
2024-05-27 09:15:00,2662542.04804646,5517078.0,189637.0,817091.0,10450046.0,301747.0,6554710.0,1365230.0,49890427.0,6553974.0,1393334.0,8811105.0,3366290.0,655641.0,47652253.0,888793.0,1942325.0,29385440.0,2624929.0,380940.0,10475785.0,1134512.3960015,11599857.0,12529492.47791704,3253683.0,5821844.0,1893682.0,15955078.0,3454287.0,2570708.0,3328559.0,464953.0,21891930.0,1071662.0,13719808.0,12857918.0,6629010.0,1675749.0,3398210.0,12295193.0,3474806.0,1841538.0,1904187.11333528,11456519.59879597,30410585.0,980450.0,804488.0,611635.0,389326.0,40983758.0
2024-05-28 09:15:00,1671424.21618998,4070886.0,314362.0,1084544.0,4018776.0,259094.0,7528670.0,1306333.0,33893805.0,2068963.0,784496.0,8165238.0,3966010.0,333511.0,34444521.0,874384.0,2147233.0,27908904.0,5797999.0,727224.0,12925385.0,1657427.56388315,9311718.0,9863157.4068697,2381333.0,6186922.0,1931419.0,9228162.0,3716141.0,1440187.0,1549203.0,333806.0,10200096.0,1043344.0,6927361.0,10935739.0,7820162.0,1600105.0,6493910.0,13818893.0,2616438.0,1801993.0,993624.08091212,10963562.7234038,39208456.0,1608944.0,548576.0,445558.0,403774.0,15778126.0
2024-05-29 09:15:00,1969961.60865281,3214475.0,337183.0,1758297.0,9418064.0,339934.0,7213310.0,1665575.0,31645904.0,4445083.0,1607691.0,8014727.0,2533990.0,548865.0,30888209.0,1084966.0,3845920.0,35147706.0,6259646.0,409279.0,22684652.0,1617557.81278966,19268547.0,11049852.22438767,4383563.0,7401634.0,1740879.0,15141731.0,4952472.0,1506146.0,2720451.0,353706.0,18146672.0,1739200.0,8327205.0,16812268.0,7383556.0,1518325.0,2197930.0,14518232.0,2843365.0,1568095.0,1545109.19735691,13555935.58793628,36575550.0,1405567.0,519533.0,744694.0,317883.0,9756036.0
2024-05-30 09:15:00,2051904.45805433,3477661.0,643549.0,1344426.0,7232217.0,305109.0,11555750.0,2285079.0,42769599.0,7100303.0,1732140.0,7725080.0,3005220.0,431385.0,33684173.0,826458.0,4150461.0,33755350.0,6312875.0,457454.0,10361716.0,1866296.832369,15255387.0,21743432.74439102,3415942.0,9663150.0,3993159.0,9873346.0,5580489.0,2701849.0,3367101.0,524559.0,14425073.0,2548428.0,15390964.0,22768893.0,13206858.0,2097166.0,6688165.0,17818705.0,3133423.0,2919230.0,2776735.5375247,16847007.31298011,108813875.0,2610479.0,2365535.0,523206.0,323424.0,20724568.0
2024-05-31 09:15:00,6582511.29125431,8238969.0,1382132.0,2520363.0,10057642.0,560005.0,28417330.0,2794001.0,51397345.0,24825643.0,3270743.0,11223848.0,5146590.0,1137018.0,149283415.0,1644820.0,10319045.0,74079588.0,9707990.0,1905070.0,13620282.0,5616204.76840882,26197718.0,29889818.57523085,3546505.0,37113815.0,5249761.0,34213953.0,12804476.0,6432341.0,8769724.0,908304.0,30515612.0,5065946.0,24167379.0,36929443.0,31069832.0,2559060.0,12916455.0,22267336.0,5503924.0,10956800.0,4845497.07673372,23668340.25207559,83713848.0,4649449.0,2524214.0,3005008.0,791072.0,21438004.0
2024-06-03 09:15:00,8775211.17199853,23398347.0,804820.0,952701.0,22197339.0,438422.0,11482120.0,1826290.0,67256146.0,6017122.0,1335614.0,24416215.0,2087555.0,1070710.0,53437123.0,807692.0,5384064.0,72637256.0,9263670.0,962485.0,7081956.0,1226447.86530809,25699977.0,16440874.78531682,8265525.0,10589244.0,2541803.0,24058623.0,9801071.0,5767666.0,2701157.0,485936.0,39261174.0,2145030.0,30195397.0,55218939.0,21527942.0,870693.0,15161795.0,64269020.0,1855318.0,2156773.0,1339953.19534869,20397343.98620724,86397540.0,1091287.0,1378542.0,450140.0,732632.0,8964424.0
2024-06-04 09:15:00,20936423.28158848,52109624.0,642000.0,2683847.0,24135989.0,738601.0,32993870.0,4388491.0,268052657.0,19924421.0,2049577.0,48046493.0,3287175.0,920927.0,75272859.0,1543389.0,5447244.0,89531240.0,9783762.0,1945233.0,24250212.0,7949214.96498695,43476837.0,48752870.1561683,7911282.0,13736134.0,4022430.0,59211461.0,15229468.0,9920882.0,6372249.0,825928.0,84042244.0,3117062.0,72779900.0,73262478.0,36709098.0,3277433.0,17788625.0,122381193.0,5055952.0,3395997.0,3262524.09062935,43984797.6955505,125042158.0,2471911.0,2934800.0,1175204.0,972018.0,17730732.0
2024-06-05 09:15:00,9050473.73934732,20879925.0,487289.0,2410576.0,21039499.0,489543.0,12185170.0,1456768.0,193487058.0,12175520.0,1834280.0,18966089.0,2542820.0,468061.0,57213537.0,1996915.0,3005139.0,81631650.0,3234914.0,2058534.0,25836374.0,11235156.09258441,42172104.0,28763947.74011992,11014467.0,9233424.0,1969854.0,24785002.0,14426318.0,10372458.0,4242881.0,447581.0,46418629.0,4057558.0,37078551.0,45312613.0,17464890.0,1238176.0,7114095.0,74256082.0,2487724.0,2799670.0,6163965.07466071,22779605.30610692,60098501.0,2709585.0,1396386.0,1231971.0,361720.0,12267428.0
2024-06-06 09:15:00,6055342.43067118,12153840.0,490549.0,1689408.0,12006879.0,570095.0,14657160.0,2891789.0,95502477.0,10279789.0,1605122.0,21757857.0,3598380.0,748915.0,20887553.0,834320.0,5936709.0,46422870.0,3970217.0,1498100.0,10420244.0,4167113.21051983,18574162.0,32968305.14653153,3279775.0,12660930.0,3095781.0,16246617.0,6359901.0,8374602.0,4992660.0,447536.0,33171039.0,1944280.0,30881233.0,36508044.0,17855722.0,2227021.0,10501485.0,40555649.0,3004955.0,4328036.0,2687559.72046772,19533223.01081179,57920819.0,3205121.0,1825503.0,512601.0,483566.0,15425568.0
2024-06-07 09:15:00,4887409.12894831,5884018.0,436163.0,1600180.0,8583998.0,246783.0,29840520.0,2787254.0,60109827.0,12280748.0,1591055.0,8317343.0,3747525.0,419417.0,33175407.0,471524.0,5884025.0,36712216.0,3382962.0,637134.0,7172942.0,4036800.10935843,17197635.0,30137651.8845338,3964791.0,24075302.0,3609817.0,22668347.0,4608146.0,5879660.0,6447821.0,532480.0,23930193.0,2022404.0,22010688.0,38016104.0,18558696.0,1279929.0,3706890.0,25061284.0,3404664.0,4552445.0,1900171.67103942,25803037.36996487,84319867.0,5790599.0,2084099.0,488611.0,545284.0,72672440.0
2024-06-10 09:15:00,5088704.66293465,4843234.0,443756.0,876867.0,9995057.0,201452.0,8723180.0,1154334.0,42363741.0,5318477.0,2751606.0,10958537.0,3148275.0,301649.0,33163473.0,980297.0,3293739.0,22454058.0,3863289.0,1018162.0,4054802.0,1471928.39712864,10851455.0,12111395.66486076,2416022.0,6810606.0,1765715.0,15670416.0,4848044.0,3151257.0,2021106.0,293471.0,16072588.0,1590348.0,14138524.0,25478964.0,9251760.0,2059288.0,4849020.0,16725508.0,1433942.0,1734661.0,1409361.53758948,15336410.17318587,74286848.0,2532308.0,1655552.0,417996.0,705256.0,18311752.0
2024-06-11 09:15:00,4303076.47308507,4122878.0,521348.0,855430.0,9390212.0,457442.0,12052130.0,1184425.0,32269277.0,4416792.0,1699446.0,11169021.0,2581810.0,733966.0,41803815.0,531924.0,2269082.0,29545326.0,6417670.0,1015127.0,5157918.0,1424494.4445577,12250002.0,13423131.68256483,1737873.0,4853054.0,2003998.0,12762033.0,4105647.0,2548176.0,2298974.0,358807.0,11235777.0,1138822.0,47270206.0,12238518.0,11774902.0,991450.0,4681350.0,14754408.0,1441589.0,1419898.0,814843.26919962,24562128.84704958,55555544.0,1465705.0,1086157.0,512441.0,650137.0,9371714.0
2024-06-12 09:15:00,3116173.80226925,3258265.0,321285.0,1701770.0,7199718.0,277175.0,12685080.0,1799090.0,33990756.0,4876138.0,1578793.0,15412796.0,1932925.0,523152.0,42830411.0,463980.0,5990861.0,39280436.0,4304369.0,668529.0,10783822.0,1782292.24598653,16096514.0,10967826.61241447,5419536.0,9564320.0,1782777.0,29997548.0,5881576.0,2242274.0,2580846.0,302719.0,12134524.0,960816.0,20560662.0,20346144.0,10081742.0,1823958.0,3510365.0,15071442.0,994784.0,2177001.0,782556.76481068,29033210.22272773,33304643.0,2786009.0,2054168.0,954491.0,439143.0,13875116.0
2024-06-13 09:15:00,3302270.33418113,2839159.0,401804.0,726380.0,5321148.0,277783.0,13454950.0,1095701.0,49511492.0,7990376.0,1525789.0,7438571.0,2191150.0,840780.0,47891484.0,512510.0,4232861.0,24120192.0,24352341.0,547596.0,9555904.0,3172249.56436771,12494254.0,9835193.67259555,2446832.0,7307565.0,1788757.0,27424843.0,6016145.0,2965500.0,2492637.0,297240.0,11243702.0,2162544.0,16013386.0,11756503.0,9181160.0,3086173.0,10022455.0,12523972.0,1412477.0,1932323.0,1625040.48845269,20137119.98762273,36669164.0,1953367.0,1753028.0,932377.0,602322.0,12995932.0
2024-06-14 09:15:00,4355825.52634355,5651491.0,216573.0,982815.0,4451031.0,320933.0,11874880.0,681385.0,67366844.0,3978442.0,1845043.0,5974636.0,1985020.0,549131.0,29823712.0,1542911.0,3065114.0,25540554.0,7308942.0,573273.0,8326865.0,1756771.82674105,11377979.0,9765275.86176719,2706742.0,4237727.0,2625892.0,19858187.0,3153666.0,1746508.0,3515019.0,216967.0,10298434.0,858944.0,10642648.0,14159988.0,8157998.0,856835.0,15318425.0,12903496.0,937490.0,1860730.0,1120993.667606,19199925.66594138,28509237.0,1733356.0,2346892.0,1424125.0,305318.0,11322596.0
2024-06-18 09:15:00,1810035.98086918,5651898.0,267887.0,741098.0,6837181.0,206100.0,9469040.0,1282756.0,64859245.0,8671131.0,2068897.0,6946544.0,3076985.0,706641.0,40633379.0,467553.0,2223029.0,32415714.0,5120280.0,527069.0,4013739.0,1849590.98817674,18306176.0,14935509.29465382,2811967.0,5420939.0,2395045.0,22666205.0,5707330.0,1936792.0,4887512.0,823306.0,10228382.0,519108.0,17044769.0,21653702.0,7196766.0,1427035.0,12393205.0,14929083.0,1478241.0,1774045.0,1176051.89000097,16307293.83184494,35032118.0,950760.0,1585048.0,1247457.0,322724.0,31870984.0
2024-06-19 09:15:00,1463261.19116998,4484742.0,401714.0,1018294.0,17987437.0,279789.0,5204000.0,1269273.0,58698689.0,8640918.0,1881544.0,8962510.0,3056645.0,652617.0,112274897.0,668976.0,3117522.0,90131196.0,4453729.0,447054.0,4770356.0,1002509.10667593,34309514.0,11557767.54339051,11002582.0,5493456.0,1793533.0,15717813.0,9959798.0,2936151.0,3512298.0,694871.0,8337334.0,1568614.0,13361607.0,14235150.0,8725874.0,578983.0,9175135.0,32925140.0,1537367.0,1509050.0,1216126.34826547,12598044.66044655,27476795.0,1313197.0,1862394.0,707909.0,659266.0,20880284.0
2024-06-20 09:15:00,1408907.90190365,4905603.0,252844.0,1129752.0,8206858.0,324597.0,9001580.0,1649421.0,39505506.0,8742855.0,1705002.0,7864157.0,2489735.0,637364.0,44395214.0,1008266.0,3163919.0,41408742.0,6133067.0,840321.0,6646966.0,2197356.34459512,15475933.0,15452098.9225003,3589441.0,7927010.0,3120339.0,33575312.0,9243104.0,2618715.0,4024418.0,907751.0,14338604.0,1314826.0,12826509.0,11749507.0,16113776.0,1444553.0,6948810.0,13985352.0,4168375.0,2846526.0,1238817.08936611,12090943.86212539,38837494.0,1987190.0,2377432.0,516737.0,445369.0,12571126.0
2024-06-21 09:15:00,4843282.32873208,25891893.0,434583.0,1722379.0,29311314.0,334018.0,14998180.0,3345305.0,37620968.0,43929578.0,2613883.0,10340882.0,2150475.0,414677.0,37841138.0,2867672.0,6489262.0,51630776.0,7263396.0,669719.0,11973903.0,3703599.42126088,69259425.0,26702661.60180963,5249389.0,17301941.0,4299319.0,21075778.0,19031689.0,4508508.0,8400461.0,947800.0,17931844.0,2543088.0,17406416.0,17209541.0,31170360.0,1184387.0,9672340.0,18990090.0,4426556.0,4642195.0,1654922.99096298,23692578.22188703,65494855.0,6836535.0,2707405.0,638917.0,586745.0,95171176.0
2024-06-24 09:15:00,3362758.07347751,3009931.0,357273.0,892125.0,6676530.0,283754.0,6356540.0,822750.0,39139609.0,6195831.0,1283529.0,11124175.0,1624525.0,302473.0,34201378.0,724085.0,1988692.0,28544994.0,3226301.0,464982.0,8014595.0,1976137.73253965,12210295.0,9918494.79358777,4609137.0,5564989.0,1857847.0,16858520.0,4228888.0,2330559.0,2699784.0,550862.0,9335598.0,1448402.0,7282347.0,18044357.0,8878386.0,460942.0,5367855.0,12715254.0,3726155.0,1702154.0,923394.83529297,11024237.98289693,47597307.0,1111433.0,645002.0,543826.0,276148.0,9934518.0
2024-06-25 09:15:00,1747505.83056278,3343186.0,348730.0,1217792.0,17607952.0,282048.0,15608110.0,3093861.0,29124110.0,6353748.0,1199626.0,7951999.0,1977490.0,660144.0,60670560.0,792404.0,2079037.0,74521548.0,6593288.0,1118588.0,5778636.0,846911.23750346,27309845.0,10869846.54377477,3309896.0,4551525.0,1733931.0,13212387.0,5933859.0,2158039.0,1910886.0,594272.0,14983828.0,625460.0,14425434.0,13979671.0,7045386.0,1845922.0,15844875.0,20917530.0,1833311.0,1338808.0,943698.78210734,12098492.03600845,30599989.0,2201375.0,1299560.0,559045.0,562075.0,9258210.0
2024-06-26 09:15:00,2209318.56982566,3217949.0,538411.0,960622.0,13956370.0,431217.0,9125520.0,1310438.0,24238007.0,9579826.0,1930909.0,6655899.0,1958240.0,600784.0,38934432.0,1387150.0,1917424.0,47596666.0,3672989.0,384494.0,6069407.0,1766019.10621611,25403461.0,11743163.41494093,5605220.0,4851004.0,1341496.0,27206818.0,6685932.0,2480187.0,3282318.0,447931.0,15918394.0,958712.0,10650910.0,12946277.0,22014882.0,780636.0,9032225.0,16281760.0,2563493.0,1639845.0,1015994.96323648,11443985.68793947,44006436.0,1565878.0,1485709.0,578724.0,793197.0,12812090.0
2024-06-27 09:15:00,5273544.40584037,7803408.0,440975.0,1628022.0,22311393.0,637626.0,11376060.0,2620064.0,39996580.0,19675528.0,2792582.0,14857335.0,12168270.0,1087487.0,32535933.0,4849907.0,6613193.0,55074650.0,4772196.0,874237.0,7135387.0,3456278.37204042,20516632.0,39210872.99569503,5166134.0,14757754.0,4700053.0,18689181.0,13342769.0,5519875.0,6900180.0,1230852.0,55378829.0,1732622.0,22830930.0,27061015.0,28383030.0,1492222.0,12298175.0,20378887.0,3881458.0,4526556.0,2300609.5536553,32109822.37670843,49767976.0,4286657.0,1462935.0,900729.0,2339734.0,42137138.0
2024-06-28 09:15:00,990693.0598544,11534763.0,334692.0,1206712.0,7167069.0,237516.0,8295840.0,2058302.0,24256902.0,29145832.0,2087765.0,8302706.0,5118295.0,939279.0,37287397.0,1495266.0,4943575.0,26476046.0,3646272.0,539635.0,6101211.0,2163309.81991096,12507092.0,18927458.43004076,6425323.0,8197544.0,2402672.0,23411225.0,4969007.0,3141514.0,2548169.0,1160395.0,25141039.0,2364066.0,19532912.0,21676594.0,28957336.0,1533271.0,6005455.0,23636388.0,2634599.0,2731571.0,1143282.56081366,38138845.5167363,37521949.0,2222285.0,1005498.0,970080.0,684790.0,16405832.0
2024-07-01 09:15:00,857967.27420404,3372730.0,374933.0,1104110.0,5797015.0,289355.0,7727450.0,2444681.0,39495237.0,6011806.0,1313651.0,8579861.0,2251925.0,1364796.0,53536850.0,1098168.0,3723295.0,21187024.0,3342913.0,1018344.0,4870114.0,3365003.13248545,8636894.0,13660603.07017754,3166439.0,6801771.0,2562034.0,15688767.0,2901510.0,2961120.0,1718501.0,1134926.0,23389211.0,1849028.0,11750972.0,11959181.0,7724306.0,788569.0,6673330.0,10967797.0,1451094.0,2658723.0,777079.68937259,23199586.56228343,27807688.0,3837301.0,1001832.0,544030.0,520339.0,30757528.0
2024-07-02 09:15:00,1537060.17153159,5368562.0,436037.0,1064295.0,9945447.0,287884.0,12810270.0,2572175.0,23974162.0,7792632.0,1191962.0,14629287.0,1819075.0,865321.0,65698266.0,942834.0,3811366.0,45921690.0,6477279.0,689851.0,5482768.0,1325751.49864282,16153925.0,11402600.38807659,4644571.0,10493173.0,1936180.0,12146516.0,9625017.0,5087748.0,1507890.0,687181.0,13702830.0,1162200.0,24470518.0,12684459.0,7749246.0,1462260.0,12638725.0,21142840.0,1336816.0,2307449.0,2050931.43685421,20347325.94654373,33359495.0,2092643.0,878947.0,428098.0,422173.0,36276968.0
2024-07-03 09:15:00,1188250.18782243,4435563.0,188203.0,925189.0,15171347.0,318120.0,8363930.0,892102.0,44919849.0,8261388.0,1061247.0,7244652.0,2913200.0,257361.0,61479249.0,537119.0,2070876.0,123217802.0,2134587.0,329072.0,5875690.0,1428539.11358996,22330897.0,7584994.47839667,5907225.0,7269965.0,1369238.0,12102104.0,8981003.0,1923801.0,1019710.0,467532.0,9207317.0,631912.0,9125400.0,9369793.0,9049620.0,527776.0,7945600.0,23598009.0,1061099.0,1821198.0,4460605.74774074,12168275.78972649,29090492.0,896602.0,980605.0,355297.0,206171.0,16049384.0
2024-07-04 09:15:00,1088108.12633173,2980840.0,222050.0,968666.0,4817380.0,234656.0,18979770.0,1450706.0,35591681.0,9570938.0,1498413.0,7796954.0,1744245.0,313153.0,30004307.0,446631.0,6822557.0,45848658.0,5028421.0,676316.0,5924057.0,2008124.34039874,15275791.0,9669438.94490945,3010077.0,8008311.0,1384884.0,11944846.0,5068893.0,1851947.0,1502213.0,299684.0,14916930.0,627352.0,13444669.0,12878827.0,6837176.0,1363288.0,3958315.0,13372587.0,2630823.0,2518001.0,2139649.73439575,20108308.72220209,29504744.0,1322999.0,741143.0,440575.0,227230.0,19524632.0
2024-07-05 09:15:00,684571.6313544,2111633.0,350300.0,817429.0,8593502.0,608628.0,9310790.0,1070592.0,63125211.0,4881198.0,2188675.0,5754517.0,1139175.0,258687.0,29681228.0,372709.0,3061687.0,82242548.0,3493050.0,613329.0,5174673.0,1781895.09239748,9535575.0,13697511.25847793,4216309.0,7065022.0,1583550.0,15513571.0,3465653.0,1635209.0,1966103.0,406926.0,15946104.0,1583026.0,39781962.0,10894118.0,12269710.0,961676.0,6163345.0,24873722.0,2481046.0,1668616.0,1297280.39063259,14990959.88739381,38123217.0,1334838.0,2001382.0,362427.0,425987.0,10376090.0
2024-07-08 09:15:00,1190920.47783551,2177821.0,317731.0,828260.0,4216951.0,316215.0,6777050.0,1000005.0,70983243.0,3261797.0,1524489.0,7477292.0,807380.0,542470.0,18260120.0,333988.0,2939620.0,39087800.0,6800857.0,478557.0,2636146.0,2863171.63991837,6617190.0,21739914.50065998,2772277.0,5880533.0,1569620.0,11525948.0,3861203.0,1706210.0,1631998.0,496933.0,8898299.0,1448552.0,53136198.0,7828162.0,9500806.0,774723.0,4065755.0,10359800.0,1120204.0,1758882.0,1982594.01418715,22050018.06583449,31479861.0,807698.0,5323920.0,273130.0,149210.0,12176360.0
2024-07-09 09:15:00,950997.49765989,2256634.0,176239.0,685431.0,6930340.0,262913.0,9735030.0,1233946.0,52225572.0,2897480.0,1791406.0,6444684.0,1734640.0,631367.0,39312576.0,451862.0,2658608.0,48550878.0,5000797.0,570084.0,5507357.0,1502813.94490964,13366874.0,28042404.78889565,3126274.0,5191182.0,1489629.0,8908509.0,3920211.0,2425176.0,2902129.0,2114130.0,8355819.0,1665146.0,18686252.0,9214579.0,6960002.0,726889.0,6359760.0,13585081.0,1492840.0,1305801.0,1564813.91507142,18134324.59952398,25127904.0,1049695.0,2044328.0,313079.0,530901.0,8681444.0
2024-07-10 09:15:00,604898.012964,2082079.0,295890.0,2299950.0,9020489.0,239607.0,8097140.0,1355610.0,46779965.0,3416762.0,671042.0,5981477.0,1287550.0,832007.0,29852043.0,1128000.0,3507096.0,45507182.0,6186968.0,354244.0,5327276.0,1791798.53867185,18226503.0,12308248.87033204,3979121.0,9852770.0,1483892.0,11556794.0,5629789.0,2231438.0,14481615.0,2070520.0,17715196.0,1069980.0,19278800.0,10662609.0,7134578.0,1964480.0,8300735.0,17343236.0,1899956.0,2669716.0,1027546.31878988,22215857.59125589,41525591.0,802718.0,1437517.0,425869.0,202406.0,9233748.0
2024-07-11 09:15:00,927674.2155456,1765496.0,354777.0,1968980.0,7848846.0,294900.0,9718010.0,1848978.0,31919433.0,4178558.0,1314312.0,20146927.0,1581340.0,308708.0,45769091.0,1679101.0,3304053.0,44177074.0,3573349.0,491353.0,6856272.0,1455218.48998407,11307116.0,19949792.68089343,2416195.0,8857679.0,2348723.0,8045640.0,4615372.0,2942924.0,4314565.0,608983.0,19873143.0,2107598.0,36020507.0,12642065.0,11940946.0,1156236.0,5689115.0,8501366.0,1707500.0,4872189.0,1906261.13432449,19849479.40485733,33987236.0,1408434.0,1105185.0,578262.0,366819.0,8807618.0
2024-07-12 09:15:00,779473.11981942,2018935.0,211028.0,1879930.0,11278987.0,171581.0,10688330.0,1003699.0,24517961.0,6342135.0,1192685.0,8198389.0,2944400.0,290823.0,45580868.0,1457604.0,6430647.0,56049960.0,2643647.0,265681.0,3839953.0,1942743.31170248,12208290.0,20089055.17100589,3340305.0,17078316.0,1498780.0,16327807.0,4240855.0,2001185.0,3398732.0,674746.0,16151583.0,1451786.0,31788101.0,11380570.0,12924784.0,589534.0,9030805.0,11446064.0,1426598.0,13509164.0,1106092.90480355,12157320.41951307,33311402.0,4372156.0,1496692.0,476682.0,366274.0,54186042.0
2024-07-15 09:15:00,746620.30465844,1913095.0,359221.0,2425341.0,11537127.0,504086.0,5333730.0,1753186.0,22021426.0,3324806.0,1825510.0,7106020.0,3023975.0,223485.0,51203051.0,1333353.0,10337489.0,33375694.0,6951688.0,249438.0,2848268.0,934581.62261456,15612671.0,17216227.47873638,4284427.0,6942230.0,1337839.0,15488346.0,5909996.0,943302.0,2017720.0,697186.0,22951140.0,695922.0,51435537.0,5277531.0,5329688.0,2498480.0,7400215.0,25392820.0,832804.0,4848030.0,1215729.56142908,9685410.24837956,32635187.0,2374623.0,1243810.0,498397.0,394470.0,16099478.0
2024-07-16 09:15:00,1018996.07199308,2170314.0,298376.0,2085611.0,5433264.0,1041123.0,5582000.0,980434.0,26585927.0,6967651.0,963199.0,23169665.0,1556420.0,664540.0,44681031.0,756629.0,3540650.0,28950324.0,9167071.0,336316.0,4570179.0,3349907.23314908,12320605.0,13768623.0050741,2284985.0,6886281.0,1442535.0,25005251.0,6542702.0,2220953.0,1925983.0,347810.0,11893034.0,1514138.0,37468292.0,11363095.0,9386838.0,1844059.0,4907090.0,11893692.0,688481.0,2029521.0,2179109.78039063,7991349.58269964,26505901.0,1794159.0,501336.0,641858.0,556056.0,11239032.0
2024-07-18 09:15:00,1053324.24816129,3263419.0,583444.0,5384611.0,6787511.0,1055384.0,8646050.0,2999670.0,48043715.0,6470342.0,2169744.0,12540956.0,1928535.0,773064.0,58537673.0,1181529.0,4399468.0,33717064.0,3975243.0,841644.0,7841505.0,5657419.35671946,10999632.0,22347614.03436514,3634938.0,11248896.0,1812254.0,25188963.0,7590838.0,3240772.0,4122844.0,391216.0,15709153.0,1733594.0,48189915.0,13908161.0,12298374.0,2104021.0,4119020.0,19435183.0,1665636.0,5613364.0,2590818.63602501,13268228.74953004,36568852.0,2752497.0,1086374.0,1342486.0,731274.0,25019786.0
2024-07-19 09:15:00,1058776.176188,2568243.0,228785.0,2164746.0,4496066.0,380782.0,9385980.0,1865129.0,43313606.0,3858596.0,868261.0,9971704.0,900340.0,662969.0,39257871.0,424329.0,5633838.0,26002152.0,2496778.0,370397.0,6207375.0,1695126.68270091,7958817.0,26460850.94098935,2981749.0,29819116.0,3001973.0,15349322.0,4138865.0,2432533.0,2042568.0,351955.0,13330099.0,1077872.0,26579496.0,12937990.0,13140390.0,567209.0,3677715.0,14562742.0,1649335.0,3903354.0,1401977.45602954,12257588.39358304,77987514.0,2504915.0,1111191.0,879290.0,514154.0,26523490.0
2024-07-22 09:15:00,682609.63834479,1721261.0,222285.0,1616347.0,6695557.0,247040.0,5751930.0,784867.0,39386992.0,3560584.0,1328847.0,7281653.0,2061455.0,377893.0,33701488.0,1248824.0,2704495.0,53744822.0,3854108.0,415035.0,3291634.0,1941714.36902803,9958965.0,19139612.44677593,2883674.0,8462126.0,2725373.0,12279130.0,10742361.0,3639057.0,2208103.0,249631.0,18715538.0,1490342.0,22234557.0,10678640.0,19674376.0,397490.0,2717785.0,14614111.0,826636.0,1896386.0,1719291.59695972,12250995.95731915,40353690.0,2225781.0,696255.0,631260.0,573833.0,76014568.0
2024-07-23 09:15:00,1488074.26829156,5987213.0,284679.0,1906312.0,8789327.0,431989.0,19322120.0,2718846.0,76513131.0,2936143.0,1241630.0,11311831.0,4330455.0,1128441.0,36589825.0,1046046.0,2907674.0,52002152.0,9082995.0,908996.0,9602846.0,3967736.01438618,19369832.0,57254276.5484095,3054925.0,7113056.0,1640412.0,13863332.0,6155196.0,6957691.0,2572524.0,332258.0,49882257.0,1936998.0,37871058.0,15954324.0,18052044.0,2145861.0,12227465.0,18279212.0,1502677.0,2365208.0,5203066.33344063,17200257.54409042,37077411.0,1640492.0,7159507.0,763626.0,525157.0,25847632.0
2024-07-24 09:15:00,715206.76550451,2201442.0,309594.0,1476148.0,10344860.0,283213.0,31006260.0,3675430.0,24099148.0,4529339.0,2266300.0,6823248.0,3019385.0,400075.0,32358784.0,2880833.0,2484299.0,61728206.0,12377638.0,723617.0,2610134.0,3668771.79399365,20122521.0,44572178.52714531,5553500.0,6002845.0,1519772.0,8729363.0,7487207.0,3184060.0,2276082.0,285860.0,36868466.0,2622088.0,28259305.0,12573882.0,11913362.0,2099093.0,5130575.0,19624845.0,2923358.0,1809793.0,3366612.81702458,18997310.94706999,28086566.0,2561617.0,3862140.0,711861.0,268139.0,12240276.0
2024-07-25 09:15:00,1139998.35658599,2211808.0,412373.0,1239922.0,32979871.0,262328.0,9509650.0,1694503.0,27820556.0,4277756.0,2200932.0,10281157.0,1315525.0,413861.0,26124437.0,550900.0,2934731.0,25535732.0,9386864.0,438831.0,6171776.0,2200769.22454198,14154461.0,18940878.81895518,3631639.0,5815599.0,1636466.0,12201643.0,3096397.0,4691483.0,1857122.0,396789.0,25973101.0,6938362.0,42054664.0,16271884.0,12519876.0,4427012.0,10445410.0,9522375.0,5329712.0,2810342.0,2528535.0,54274691.28316246,45155876.0,3283912.0,1476422.0,302964.0,254683.0,21887890.0
2024-07-26 09:15:00,2002642.24681295,4500728.0,432671.0,1359780.0,18554648.0,250956.0,11101840.0,2768936.0,24512844.0,9564987.0,4687416.0,20437968.0,2051955.0,625674.0,35693966.0,701236.0,2814159.0,43810540.0,8933046.0,517306.0,4730539.0,2168914.66263321,19309265.0,21967670.19623496,3607419.0,11369047.0,2056457.0,9688122.0,5309351.0,2617659.0,2352661.0,537693.0,20381410.0,3239386.0,25703985.0,11468068.0,9859940.0,2982227.0,32196680.0,12081506.0,4591049.0,3552210.0,802492.0,35169893.80995265,45642032.0,7133745.0,1830745.0,336310.0,333210.0,26153996.0
2024-07-29 09:15:00,1069635.69924121,1928637.0,367708.0,854408.0,19598573.0,302363.0,7485650.0,2217892.0,51391698.0,4589313.0,3983153.0,7259754.0,3271945.0,338482.0,40644424.0,501949.0,1639491.0,51001148.0,4676765.0,418301.0,6032470.0,972072.51512604,28458261.0,13239121.49689221,5955870.0,4635931.0,1066351.0,12628377.0,8006367.0,4159919.0,2388937.0,388263.0,27751449.0,1605802.0,26721790.0,31849674.0,7538550.0,1368641.0,12753435.0,26582781.0,3187339.0,1746803.0,1944124.0,19629267.187778,31754833.0,1755979.0,2213293.0,533654.0,496437.0,12011554.0
2024-07-30 09:15:00,1698106.49632072,2800881.0,264929.0,2144591.0,18090045.0,301885.0,11794130.0,3703774.0,41111245.0,4263689.0,2988651.0,13197520.0,1458475.0,683440.0,39378466.0,721728.0,1783877.0,54595834.0,6134510.0,412385.0,6714850.0,1584956.68339252,23972277.0,14170339.48552897,2158067.0,2721265.0,979026.0,8705901.0,5679537.0,1979989.0,2290006.0,526539.0,34447139.0,3429516.0,19792253.0,25813219.0,8228208.0,2096978.0,9486875.0,13528447.0,1525840.0,1797906.0,1331004.0,47360035.61754839,42824600.0,1622543.0,1316880.0,789712.0,438108.0,10816526.0
2024-07-31 09:15:00,2488839.16719531,2622023.0,352268.0,3549501.0,17347076.0,315292.0,8896590.0,1324150.0,25709971.0,5634305.0,1645138.0,11972565.0,1730870.0,567283.0,25009969.0,662086.0,1984986.0,37820484.0,6683204.0,870466.0,8551592.0,1778643.71480525,22297629.0,12223502.73746112,3926481.0,5004209.0,2716481.0,12402209.0,5806257.0,2703636.0,4238740.0,836405.0,29727771.0,1644722.0,21393361.0,17976593.0,10057346.0,1082466.0,4655790.0,11636874.0,1594881.0,2330091.0,2994289.0,17989438.42051922,52769925.0,2398955.0,1361595.0,1671711.0,322531.0,7758508.0
2024-08-01 09:15:00,6340529.40406859,7160588.0,361725.0,1675122.0,11190500.0,308658.0,8395230.0,747329.0,28141436.0,4531379.0,1529481.0,34763894.0,2320480.0,654655.0,87888742.0,383675.0,1785188.0,26215174.0,4074648.0,868140.0,8831127.0,1916080.18711764,8725046.0,12358378.28168673,4074181.0,7475014.0,4039078.0,13137038.0,3816044.0,1998663.0,4971708.0,2040384.0,28803487.0,2653524.0,36044960.0,26792459.0,10764222.0,1247361.0,8859720.0,11787203.0,5258291.0,2202244.0,1675363.0,23812191.18669218,118341338.0,1315921.0,879399.0,767562.0,250126.0,10759752.0
2024-08-02 09:15:00,3464375.49597544,4313297.0,587569.0,1348780.0,10581445.0,230615.0,6222180.0,1105569.0,26155604.0,3335905.0,1353707.0,10985150.0,2209945.0,2120560.0,389060620.0,401105.0,1692851.0,44119238.0,2710858.0,402666.0,6717210.0,1766238.50564126,10735395.0,22586323.85224632,3268026.0,7400938.0,3306705.0,7284359.0,3242589.0,2512525.0,3041513.0,1333355.0,24233263.0,2310948.0,22939377.0,13771470.0,10268248.0,594517.0,8905205.0,12609331.0,2992406.0,2811282.0,1262150.0,36387286.54954169,72427529.0,2894949.0,1168195.0,560989.0,273420.0,15652228.0
2024-08-05 09:15:00,2308327.56231081,7147230.0,907845.0,2019141.0,12013362.0,310757.0,9440410.0,2058076.0,50390560.0,5111901.0,1719770.0,11835031.0,2186945.0,946316.0,156106218.0,1049292.0,3279717.0,41333634.0,9327217.0,439371.0,13451475.0,3167813.83617488,14306771.0,25525159.13625017,3532894.0,10736703.0,4059902.0,16751766.0,4911818.0,2900685.0,3731770.0,1131415.0,42489503.0,2651820.0,37986023.0,13566586.0,17046704.0,1240111.0,9480440.0,27676951.0,5165558.0,2787771.0,3718458.0,44144715.62307155,102883971.0,2186582.0,1932064.0,1074769.0,400844.0,21938080.0
2024-08-06 09:15:00,2191082.2417363,3159971.0,334936.0,885743.0,8571122.0,246541.0,8918280.0,1897942.0,39171936.0,8249573.0,1775016.0,7142269.0,1227135.0,594238.0,143459602.0,813893.0,2138704.0,45116050.0,6106310.0,552856.0,7063441.0,2332166.11823413,13575619.0,14537894.78340298,2425599.0,7690163.0,2665068.0,12640387.0,3924022.0,2125532.0,3069277.0,623565.0,18230579.0,1898862.0,28386636.0,12273667.0,10236186.0,1500825.0,5917390.0,17900930.0,1710278.0,2203067.0,1304014.0,27705447.18023116,53507102.0,1665788.0,976535.0,642644.0,368949.0,11271584.0
2024-08-07 09:15:00,1926082.2484378,2258441.0,358284.0,1907105.0,8370312.0,270583.0,4642840.0,1443063.0,22199473.0,5700734.0,1359682.0,18293730.0,968865.0,1093582.0,127379201.0,551368.0,1897787.0,42346264.0,5154327.0,515480.0,4839670.0,1740848.10086994,15753644.0,11548002.05988774,8728852.0,5094329.0,2262055.0,20755735.0,3537745.0,1613097.0,2479171.0,433514.0,15556736.0,1299940.0,66110716.0,12441847.0,8174568.0,603417.0,3986695.0,17692355.0,1922313.0,1237666.0,759323.0,16528634.05120962,32029697.0,3002937.0,1277139.0,717292.0,230210.0,7079826.0
2024-08-08 09:15:00,2205696.66680791,2468123.0,509454.0,1280109.0,7903428.0,365016.0,6903890.0,1683534.0,21963656.0,5986360.0,3541556.0,13624148.0,2705840.0,979435.0,57917059.0,1199236.0,2373805.0,33976950.0,5953315.0,243559.0,5396272.0,1487204.08210508,10806438.0,21779140.64056637,3669342.0,6227910.0,2796559.0,9648681.0,2472221.0,2038088.0,2673182.0,358577.0,16447385.0,2850012.0,23478224.0,15489731.0,12387192.0,1291138.0,4434050.0,14769069.0,2480113.0,2441283.0,1298997.0,32348968.79954971,51858615.0,2333194.0,1280733.0,1183241.0,290349.0,13160570.0
2024-08-09 09:15:00,783730.11884028,1503033.0,115598.0,1665414.0,6262086.0,161640.0,6994900.0,1014828.0,15551076.0,3615910.0,956684.0,6468264.0,656255.0,1697560.0,52601958.0,2677777.0,2021762.0,26644618.0,2848313.0,333635.0,3629264.0,1304239.18185873,8687307.0,9748313.92247853,5082087.0,4258524.0,1722454.0,7793704.0,2464443.0,848232.0,2279076.0,320211.0,10954753.0,540012.0,29814474.0,8720610.0,6249776.0,804893.0,4568775.0,15320885.0,751683.0,1302536.0,489864.0,25579659.78964426,23290101.0,1521252.0,1019809.0,6877196.0,189230.0,6065948.0
2024-08-12 09:15:00,10626769.64707117,9230512.0,230114.0,1736881.0,9078384.0,307698.0,6748870.0,1125254.0,15361379.0,4028226.0,1731555.0,5238736.0,1853275.0,738630.0,33514964.0,1827230.0,1273739.0,39316196.0,3723417.0,569618.0,3586449.0,1317593.0903889,10860455.0,9615152.47592133,4436342.0,4315329.0,3822527.0,12463583.0,4544443.0,1965035.0,2321474.0,291212.0,26254763.0,950040.0,34754596.0,12521136.0,8184584.0,1019251.0,5709795.0,16120449.0,1526788.0,936912.0,787584.0,18735521.65897056,30550334.0,1809860.0,874598.0,1889796.0,200411.0,7338468.0
2024-08-13 09:15:00,2260558.23907674,2485446.0,400126.0,502260.0,6180463.0,161706.0,10723270.0,1817066.0,14746085.0,4495208.0,2281463.0,5201294.0,1217325.0,194849.0,26127109.0,784848.0,1973825.0,54055042.0,5741391.0,1042924.0,6793767.0,1067781.45139769,13117927.0,8218458.44677175,3905817.0,4176918.0,1329629.0,15172143.0,3530319.0,1316218.0,1292521.0,464483.0,11355664.0,623692.0,28943385.0,10435954.0,6265064.0,1064268.0,7249815.0,17585172.0,2076963.0,1495593.0,785371.0,12436566.41258364,29396493.0,580901.0,1314371.0,651594.0,189972.0,6289418.0
2024-08-14 09:15:00,1270586.87922588,2648057.0,1723346.0,454671.0,5021841.0,282934.0,7742760.0,1173504.0,16641055.0,5891784.0,896638.0,14766889.0,1727965.0,328795.0,41735068.0,286936.0,3932148.0,32334428.0,2962358.0,2185163.0,8646288.0,961898.88252255,13431801.0,9803195.77026124,4868357.0,7450718.0,2024615.0,8040049.0,2585649.0,1584372.0,2609359.0,449827.0,9424614.0,1123752.0,17812763.0,12385993.0,6267466.0,557473.0,3626125.0,11788665.0,2207250.0,3226545.0,991108.0,13602001.47862349,97911180.0,2833790.0,997803.0,885572.0,404673.0,11121756.0
2024-08-16 09:15:00,1000139.08190068,1985315.0,611092.0,514229.0,6107134.0,240190.0,7534190.0,1841887.0,21353408.0,7176426.0,909870.0,7313429.0,2565660.0,259101.0,42932761.0,725887.0,3101056.0,27849246.0,4584181.0,679493.0,6566337.0,1755120.23662391,10961370.0,13917659.45383232,5456176.0,7335657.0,2208842.0,16446600.0,2961871.0,2808865.0,4376092.0,552732.0,13844122.0,1719668.0,16584396.0,13013828.0,9416902.0,721574.0,4976095.0,11427335.0,2180718.0,3457058.0,831846.0,18941907.98019695,54131721.0,3224481.0,1161982.0,1153478.0,435631.0,25931140.0
2024-08-19 09:15:00,574540.21781525,1343387.0,398225.0,542858.0,6691823.0,148301.0,5287300.0,940893.0,12232725.0,4404075.0,742635.0,10737456.0,809235.0,280722.0,80435895.0,682028.0,1631947.0,19502164.0,2352893.0,714915.0,9510274.0,1148116.1760992,6686394.0,10804456.57808536,5895105.0,2585989.0,847523.0,13708990.0,2172279.0,1898535.0,2500718.0,277319.0,10677045.0,955402.0,19636518.0,5891370.0,13797742.0,632647.0,9092170.0,10151482.0,1363446.0,2055210.0,682374.0,11448048.81511417,62889770.0,1640507.0,1135205.0,1827850.0,244264.0,11466562.0
2024-08-20 09:15:00,682793.15634569,990643.0,146064.0,668282.0,6721749.0,132844.0,9571590.0,3149863.0,14183642.0,10046892.0,1413845.0,8191127.0,747970.0,523506.0,132396556.0,685479.0,2786109.0,31134494.0,6828474.0,962948.0,10295836.0,1115167.6642789,10427061.0,7027134.08239903,5507239.0,3870333.0,696605.0,15772046.0,3115486.0,1285569.0,1762399.0,471927.0,10126083.0,969464.0,14972714.0,6393840.0,8411808.0,3951662.0,12149555.0,10347493.0,1766597.0,2212298.0,673329.0,9318397.0642751,37559016.0,2442281.0,526591.0,1143592.0,421084.0,9543812.0
2024-08-21 09:15:00,1421996.44696778,1551436.0,291296.0,1186536.0,9480630.0,134985.0,6331110.0,1966030.0,11862616.0,6175510.0,1074905.0,9067794.0,1905585.0,221438.0,38605742.0,857604.0,1410370.0,47630904.0,6186935.0,612911.0,7815238.0,1440041.33160134,17234142.0,8978174.50138671,5441231.0,1966902.0,1600466.0,18916856.0,5717190.0,1714248.0,1497501.0,295984.0,9726854.0,1249546.0,11835143.0,10118601.0,7769996.0,2972530.0,5227030.0,14607257.0,1184193.0,1896990.0,802420.0,8066418.88016594,49749381.0,1935929.0,1990034.0,651691.0,456794.0,6454402.0
2024-08-22 09:15:00,1421658.27896613,1442064.0,344641.0,1540888.0,5841326.0,388874.0,7282600.0,1325535.0,13074829.0,6781325.0,906819.0,8531700.0,1683410.0,536373.0,73893288.0,2065301.0,1749127.0,21300638.0,3889249.0,761731.0,6188728.0,1577387.40322467,8564142.0,8861069.21321181,3510879.0,4300287.0,1073406.0,8368346.0,3217988.0,1734927.0,2346622.0,501316.0,10445288.0,1269810.0,13387819.0,18370039.0,10445782.0,1380510.0,4610695.0,7832917.0,1369554.0,1829872.0,2041300.0,15532767.04677962,36719176.0,1562554.0,1531544.0,771279.0,305457.0,11496506.0
2024-08-23 09:15:00,1417855.95094749,1181075.0,468784.0,779284.0,5121962.0,1229549.0,6180450.0,1114056.0,21891698.0,6238112.0,770573.0,12566904.0,711440.0,208413.0,102220794.0,1101735.0,2158185.0,20333422.0,3898989.0,757678.0,7774920.0,2144630.39663038,7518309.0,8360141.64959889,2252945.0,5015935.0,1441218.0,8935180.0,1815186.0,1825180.0,1943539.0,440809.0,11513586.0,1023074.0,13229612.0,7494822.0,9249654.0,858249.0,2466965.0,5537747.0,3515492.0,1809253.0,852159.0,16861489.1396774,31490857.0,1020913.0,1173387.0,625160.0,258730.0,11277706.0
2024-08-26 09:15:00,1683051.83424695,1087057.0,385016.0,472874.0,3392612.0,309223.0,8983430.0,2446507.0,15280637.0,4307432.0,658120.0,7193307.0,1018915.0,314431.0,36184864.0,597542.0,2672708.0,22364266.0,2131814.0,553070.0,11517668.0,1170378.1075859,10920226.0,8289788.42829975,2541300.0,3728589.0,2364465.0,26118300.0,2356257.0,1606911.0,2765969.0,232805.0,13772637.0,1266798.0,21346682.0,7993675.0,8816114.0,593628.0,3366050.0,8523795.0,933372.0,1844164.0,1045317.0,15594986.0627044,32497603.0,1510157.0,1156681.0,754901.0,234215.0,17351380.0
2024-08-27 09:15:00,1351063.64662021,910064.0,297297.0,1003501.0,8702113.0,262396.0,20359020.0,4205533.0,16873099.0,3965066.0,1570234.0,7865530.0,2277085.0,382109.0,31816706.0,1450595.0,3556487.0,35773244.0,5627130.0,672259.0,6465241.0,1378571.91024894,16295325.0,8426531.68216035,1167406.0,3830679.0,2480788.0,16600233.0,4541696.0,3315435.0,1604159.0,477609.0,8441188.0,782130.0,20165503.0,9589690.0,6251156.0,2239371.0,9915805.0,12833290.0,1231023.0,930697.0,483025.0,14598279.26802672,24523684.0,1083351.0,1169007.0,578002.0,184428.0,7965796.0
2024-08-28 09:15:00,1618311.21992973,1225101.0,250361.0,538366.0,5483503.0,338792.0,8489860.0,1444329.0,14005947.0,6225319.0,1433847.0,6066259.0,1632585.0,424484.0,28603253.0,981745.0,2516461.0,26921188.0,2995930.0,688591.0,3599946.0,1750674.35105027,12291305.0,8244424.16608754,6532773.0,6514531.0,2285575.0,21470187.0,4280796.0,1278175.0,1851275.0,313227.0,15884745.0,1130322.0,12446738.0,8790600.0,9610286.0,724092.0,3352220.0,10371300.0,1768949.0,1848058.0,779730.0,13491927.66970874,25195197.0,3033590.0,727481.0,2358476.0,201101.0,34375566.0
2024-08-29 09:15:00,1911438.95536605,3359850.0,659960.0,849866.0,7290114.0,693506.0,26391590.0,5508206.0,19185385.0,8036748.0,2749546.0,9147836.0,1784160.0,571335.0,37767471.0,941802.0,5112407.0,49052604.0,3962913.0,516725.0,5728640.0,2163455.07045632,10806748.0,19779534.47410446,3316387.0,7228284.0,2233515.0,33808226.0,5531158.0,2165489.0,2237121.0,608598.0,19014705.0,1799588.0,13799961.0,17653536.0,38335358.0,2248185.0,5976425.0,18247268.0,3205924.0,2133641.0,1062444.0,67345809.50118415,44452983.0,2194339.0,927472.0,836313.0,406261.0,25685318.0
2024-08-30 09:15:00,3617958.411728,1996592.0,499581.0,1567031.0,10190506.0,498560.0,20443670.0,3865499.0,28684991.0,37820442.0,3296701.0,30921282.0,3415210.0,465200.0,50157287.0,994826.0,4792561.0,445342100.0,6227807.0,1569946.0,7404373.0,4093131.92750511,21211148.0,15835455.06507423,2792988.0,13466759.0,2896103.0,27498340.0,7458172.0,2592912.0,4895220.0,2271179.0,22633988.0,3808974.0,19666466.0,22713812.0,41620730.0,2125138.0,11026125.0,8911426.0,3036374.0,3637222.0,2550399.0,29231235.08207971,55134023.0,1926984.0,2116894.0,1169809.0,462185.0,19434804.0
2024-09-02 09:15:00,1899780.40730892,2054244.0,248292.0,702358.0,6432362.0,787108.0,22963780.0,5442576.0,11713172.0,4890314.0,1306971.0,6370038.0,2354285.0,310778.0,55833057.0,720118.0,4445349.0,34049680.0,3073926.0,1054947.0,6186645.0,973026.29318262,12516759.0,16828952.64192544,4024426.0,5573739.0,1316611.0,65333808.0,4048520.0,1277813.0,2270687.0,331514.0,11107165.0,1751182.0,8975511.0,9789776.0,11240852.0,2522132.0,3165735.0,11813750.0,1617946.0,1216500.0,1852516.0,13444387.59101276,19200143.0,1582818.0,718800.0,625283.0,248673.0,15735982.0
2024-09-03 09:15:00,1414095.89392907,882478.0,361990.0,577471.0,7920246.0,217394.0,18986560.0,4429269.0,13971488.0,4546295.0,1264708.0,5526155.0,1246805.0,263404.0,66538683.0,522391.0,2553290.0,37282860.0,6268050.0,805935.0,4457291.0,2053940.22220916,19114907.0,12732500.75598011,2351018.0,4694322.0,1116938.0,65293715.0,5196273.0,1211993.0,1592710.0,445514.0,7538160.0,1975054.0,10321111.0,8434423.0,10923800.0,3457882.0,7181415.0,10548350.0,2148689.0,1717263.0,1884428.0,8428928.33708409,19780066.0,1739553.0,1112614.0,857908.0,181723.0,15056686.0
2024-09-04 09:15:00,1249850.37612427,1122071.0,389768.0,2379110.0,6527941.0,324246.0,8867460.0,2634954.0,17937646.0,5213811.0,1019049.0,16783593.0,2177470.0,476838.0,58762234.0,1119041.0,2644961.0,24682744.0,3031650.0,532554.0,5816848.0,1666811.96799893,13505843.0,8914756.06583384,2919356.0,4778310.0,3020790.0,22005759.0,3192443.0,1930121.0,1697000.0,735076.0,11052003.0,1005886.0,25397204.0,9025610.0,11983304.0,952279.0,3467420.0,10789570.0,2473477.0,1265505.0,1633635.0,7728568.11637859,39613696.0,1643875.0,529856.0,576206.0,198185.0,20402128.0
2024-09-05 09:15:00,757035.46670947,959956.0,387284.0,1482119.0,4234766.0,297298.0,6734470.0,1441842.0,26342723.0,5652812.0,1081756.0,10830621.0,2001265.0,398344.0,115627516.0,472385.0,2878565.0,22876318.0,1759438.0,817503.0,3749608.0,1975786.28716417,9142811.0,11546204.27018236,3427784.0,4081810.0,1482001.0,16406870.0,3573005.0,2958770.0,2360312.0,595865.0,14246871.0,2238592.0,15571640.0,13912371.0,16264168.0,947097.0,3368300.0,8395074.0,1902919.0,1688793.0,1062421.0,13086471.30639607,28347324.0,1080904.0,3437885.0,667571.0,406821.0,12069118.0
2024-09-06 09:15:00,1289951.12132076,3340767.0,185503.0,2131256.0,9874576.0,216847.0,18428270.0,2970645.0,30062372.0,5497805.0,913336.0,13110103.0,2074285.0,291111.0,75700809.0,555331.0,3351716.0,26029602.0,2765612.0,683920.0,6311131.0,1699055.55759211,10170479.0,14531429.30869942,2608515.0,5848106.0,1984209.0,17265092.0,3254880.0,3096557.0,2835519.0,733354.0,17956121.0,1673400.0,27946491.0,23755639.0,19394228.0,772396.0,3058060.0,40220096.0,1701134.0,1649179.0,989655.0,14439384.99015669,30709532.0,1672937.0,1408795.0,384793.0,245248.0,14579954.0
2024-09-09 09:15:00,1570812.01869698,1621371.0,304409.0,1272289.0,7700940.0,193055.0,8789380.0,1576721.0,29170063.0,3912508.0,1003511.0,10189742.0,1466880.0,272444.0,58534619.0,267477.0,1418238.0,23792914.0,2635184.0,469914.0,5144488.0,3395362.5279413,13863250.0,14551867.1160042,1802343.0,4772612.0,1793548.0,18687398.0,3436461.0,1454589.0,1269082.0,415790.0,12293356.0,1167196.0,30369085.0,18597200.0,9010298.0,1845859.0,8095085.0,21322103.0,1544883.0,1184938.0,1969830.0,11936043.14300719,32624586.0,2965098.0,923357.0,349967.0,154665.0,11919540.0
2024-09-10 09:15:00,828699.24606063,1542798.0,354522.0,928920.0,8723854.0,466892.0,13089320.0,2155688.0,19982334.0,6163457.0,1248269.0,9809547.0,2328120.0,404100.0,68658961.0,431289.0,2307528.0,26606646.0,7366304.0,775935.0,3304741.0,1560766.88103108,15545130.0,11560089.732568,2414043.0,6909600.0,1388455.0,60920830.0,3497612.0,1203483.0,2034126.0,285122.0,15852309.0,3044078.0,15618589.0,15472387.0,10768260.0,2515665.0,6190070.0,12824701.0,1460472.0,1385591.0,1815998.0,11460963.69590552,41607844.0,2541973.0,1109078.0,376043.0,237496.0,10287272.0
2024-09-11 09:15:00,916175.47248926,1637596.0,223028.0,2561892.0,6000329.0,1283385.0,11048900.0,1492450.0,21650737.0,5994914.0,1243738.0,8134497.0,1833720.0,384214.0,121883781.0,347845.0,2303930.0,22226684.0,4604184.0,592210.0,3825823.0,1943782.41175773,11993242.0,15809141.86489612,2622902.0,5312946.0,1087490.0,22779115.0,3733872.0,1865165.0,2034245.0,349799.0,11492592.0,1959876.0,44826300.0,10134008.0,9760202.0,630094.0,2946285.0,20060665.0,1701900.0,1325919.0,1837013.0,59862652.27848857,24633287.0,1395340.0,831810.0,428437.0,141341.0,8261524.0
2024-09-12 09:15:00,1354912.36963907,4003674.0,831152.0,1643536.0,7592871.0,1409151.0,14467640.0,2040386.0,16102095.0,12204496.0,1728200.0,12058489.0,2663355.0,757317.0,101691858.0,939815.0,3349489.0,32424046.0,3487862.0,855863.0,8594764.0,2493194.12317919,15376442.0,19469045.49211716,2437399.0,8555092.0,3061006.0,18880957.0,6365508.0,3751523.0,3730285.0,547830.0,24028069.0,3109758.0,21964895.0,18410837.0,22349376.0,1126825.0,9163615.0,17578964.0,2744070.0,2742216.0,2635403.0,42529224.20908546,73191476.0,2356422.0,1337327.0,572357.0,455934.0,15779474.0
2024-09-13 09:15:00,841242.39212209,1683544.0,238034.0,1029400.0,6762566.0,417878.0,22084380.0,3078216.0,12330463.0,5609618.0,747149.0,8093877.0,1197575.0,315869.0,82150759.0,634726.0,1599349.0,23860532.0,1886832.0,332581.0,5977861.0,1931934.84279935,9877288.0,9349346.56652894,2999055.0,3843127.0,2445329.0,17631913.0,2056720.0,1752455.0,2102332.0,361093.0,12017217.0,1465434.0,13672371.0,10417461.0,8711328.0,886112.0,4786700.0,12950936.0,1322430.0,1458786.0,1569211.0,21870450.37163038,54894255.0,1373924.0,1003355.0,468707.0,279660.0,35919706.0
2024-09-16 09:15:00,716712.02551189,1673805.0,226343.0,1019280.0,4039284.0,172602.0,26795550.0,3180768.0,9184637.0,3762063.0,683436.0,5244657.0,691625.0,453831.0,47792145.0,431468.0,836199.0,15172820.0,2754818.0,333195.0,4258546.0,1512491.89733037,8973335.0,7978927.59941405,1495683.0,1570181.0,2186706.0,11639025.0,2730634.0,1045964.0,1234752.0,170114.0,11479712.0,788794.0,10971110.0,7748570.0,5481774.0,1576652.0,4724820.0,9553736.0,1284085.0,1155120.0,984584.0,9667151.85015421,32575460.0,1060407.0,386602.0,502100.0,257856.0,11088578.0
2024-09-17 09:15:00,720359.70352976,1321316.0,266003.0,586834.0,8030427.0,444755.0,15677860.0,1920113.0,15946216.0,4223072.0,958137.0,5063902.0,911735.0,356442.0,33515464.0,253234.0,830317.0,20127122.0,2985585.0,1250736.0,3395470.0,1115951.81407621,11513121.0,11108809.55655258,1866702.0,2793127.0,543055.0,14931440.0,3674862.0,1289060.0,1387175.0,568161.0,14432501.0,1390374.0,11873436.0,11451846.0,5935328.0,844866.0,8030320.0,10665630.0,738265.0,1699364.0,1450593.0,73736918.06202878,18275113.0,1499644.0,392339.0,753643.0,202725.0,8728238.0
2024-09-18 09:15:00,857679.62520263,1421406.0,251334.0,410510.0,8210034.0,446416.0,29749930.0,2960854.0,10450571.0,3171195.0,1084127.0,6527832.0,1239415.0,295359.0,30225926.0,332947.0,2629136.0,40917342.0,1527865.0,1446956.0,3404940.0,472110.99636318,12466597.0,5752099.67138512,3966006.0,6385468.0,644373.0,12141036.0,6877499.0,2249929.0,2526756.0,182282.0,10303840.0,2354058.0,13421760.0,6583254.0,8574714.0,518691.0,10582475.0,18324412.0,1202676.0,2961779.0,930896.0,19950287.36240018,24856345.0,2930297.0,420638.0,388287.0,185067.0,16665520.0
2024-09-19 09:15:00,1706718.43936292,2072872.0,407897.0,963456.0,8449864.0,500633.0,17206440.0,1821882.0,44560220.0,8498240.0,2048750.0,10014450.0,4661780.0,357206.0,48225291.0,452713.0,4167373.0,30651776.0,2202499.0,532623.0,5134590.0,1739969.48743124,13172268.0,14752375.22688713,3861906.0,7976570.0,1278919.0,17295767.0,2892430.0,1711564.0,2807727.0,465608.0,59601773.0,5068578.0,17067311.0,10589610.0,16955902.0,776068.0,6428925.0,10645478.0,1675819.0,2927551.0,2737652.0,22306236.91093002,36913781.0,3032379.0,945257.0,395523.0,227247.0,20969182.0
2024-09-20 09:15:00,1842613.51902881,4407151.0,493357.0,1504277.0,15009629.0,772831.0,16450040.0,4225587.0,38501362.0,21646275.0,2504382.0,12982128.0,2823650.0,1332877.0,84416068.0,2755774.0,4644317.0,60623386.0,7891171.0,993542.0,9753966.0,3698944.29364289,73257767.0,25222231.04119705,5335400.0,15242974.0,8035572.0,38491941.0,18849579.0,5401701.0,12492909.0,875654.0,36084164.0,4645516.0,16585530.0,31236123.0,30897320.0,1512372.0,6407140.0,21372244.0,4229991.0,5447908.0,3533125.0,27769363.99695254,53873369.0,3984683.0,1951755.0,798170.0,608787.0,16664232.0
2024-09-23 09:15:00,925130.73853314,1139915.0,254282.0,522775.0,5462814.0,735579.0,5734970.0,1118846.0,19445968.0,5001827.0,1129445.0,6123879.0,1326620.0,899953.0,48761823.0,678018.0,1541597.0,26965350.0,2943802.0,887240.0,2808114.0,1320936.90014635,11380409.0,8268474.50308905,4610747.0,3636672.0,1714600.0,22868793.0,3686272.0,1937874.0,3925490.0,235586.0,14139629.0,2144494.0,14621229.0,6542941.0,8832314.0,1022492.0,2935070.0,17309545.0,812520.0,1702319.0,2818001.0,16985125.47827274,33281905.0,1535902.0,530107.0,510496.0,279318.0,8544290.0
2024-09-24 09:15:00,1053597.46316263,1537307.0,333949.0,1057933.0,9225946.0,503848.0,10695400.0,1461016.0,25346532.0,7579205.0,1476260.0,7306001.0,1962100.0,481696.0,40844804.0,1457923.0,1907389.0,33039036.0,3212859.0,631130.0,15201960.0,1959671.60253413,13886037.0,7156537.8624359,3893140.0,7277616.0,5545642.0,20086102.0,3709386.0,2676546.0,3697722.0,425916.0,12539885.0,3080066.0,16986759.0,26145769.0,17137444.0,2608386.0,6681865.0,15180653.0,2528953.0,3012026.0,3393528.0,21127966.47086784,137414352.0,1781972.0,1281513.0,613798.0,242038.0,12355694.0
2024-09-25 09:15:00,941311.25261243,1227806.0,236185.0,740636.0,6853324.0,262012.0,12720380.0,901659.0,19263084.0,4017103.0,759761.0,5059851.0,2388280.0,665986.0,47685746.0,883336.0,2240579.0,31965312.0,1096265.0,341785.0,9525319.0,1071963.24507067,8728019.0,8979650.23565872,3012173.0,4268341.0,1309311.0,13663033.0,3307467.0,2113862.0,4218815.0,341172.0,19443168.0,1437914.0,10609614.0,40770462.0,7069002.0,1395256.0,3801635.0,18465571.0,956893.0,2713073.0,2448744.0,21465295.47148355,58044967.0,2505756.0,942343.0,576171.0,196686.0,8065196.0
2024-09-26 09:15:00,1596007.59682044,2066994.0,405696.0,951080.0,7270078.0,641805.0,16681650.0,2541200.0,18343882.0,7417423.0,2613098.0,6877039.0,2842130.0,790345.0,39057810.0,1117471.0,4303250.0,31899644.0,2797065.0,1255943.0,10573166.0,1932836.81821387,11100869.0,16409986.06732048,3388674.0,8952803.0,2706617.0,11584354.0,4204513.0,2750597.0,4753617.0,1471069.0,20041825.0,2317212.0,27812412.0,18733959.0,18818998.0,1396821.0,5359390.0,23198842.0,2452807.0,3964251.0,2323705.0,35844336.48035133,88661662.0,2173853.0,1863893.0,1712253.0,277079.0,11403400.0
2024-09-27 09:15:00,2368661.68260644,2694100.0,772592.0,1315996.0,13372027.0,480852.0,11781310.0,3718693.0,208588855.0,7116861.0,3866952.0,15443031.0,2794555.0,1040624.0,58812631.0,1416974.0,4099016.0,35613502.0,4567661.0,718197.0,12936973.0,3023934.5372247,17117379.0,18276605.58704923,4708951.0,14908931.0,2757284.0,61551034.0,6643112.0,4095425.0,6803795.0,865698.0,53885913.0,2194334.0,35706130.0,33148043.0,20597478.0,1678089.0,4967200.0,15193681.0,3809008.0,3012477.0,2177204.0,17160260.67010444,72795668.0,3539822.0,2164755.0,11179751.0,404276.0,26462384.0
2024-09-30 09:15:00,1657259.30712057,2042408.0,442794.0,1088162.0,8466919.0,479000.0,9619520.0,1859917.0,32695169.0,6907288.0,1313437.0,8881502.0,1827470.0,516973.0,40976919.0,890000.0,2117894.0,26383534.0,2488795.0,1346723.0,8566640.0,1653318.90335188,12622212.0,11156833.95426875,2888962.0,6986955.0,4250590.0,26763318.0,3246840.0,1837697.0,3554400.0,415743.0,20903229.0,1766384.0,16294341.0,16356171.0,27008814.0,1473366.0,4405700.0,15484573.0,2608461.0,2503416.0,1223096.0,20250862.70264918,92381529.0,3460691.0,1068609.0,1117618.0,405493.0,8199446.0
2024-10-01 09:15:00,1409496.60290653,1687795.0,310719.0,968660.0,11164280.0,670828.0,7882880.0,1326900.0,13883476.0,3649090.0,945740.0,4743517.0,1738090.0,449002.0,32110540.0,442630.0,1642542.0,24572284.0,1987048.0,742940.0,4402151.0,1203285.98988303,10972413.0,5391584.03915181,3377999.0,4029072.0,1392457.0,16421563.0,4871526.0,1674100.0,4028211.0,388888.0,15984996.0,1105518.0,10919818.0,9856291.0,16431642.0,885515.0,3381135.0,13280535.0,1275678.0,1823365.0,892381.0,16705039.69495448,50761579.0,5176596.0,774221.0,559721.0,324906.0,9411274.0
2024-10-03 09:15:00,1350303.79961649,3967953.0,655420.0,1741363.0,17300892.0,670365.0,10406620.0,1702709.0,27321529.0,7200276.0,1533472.0,11285134.0,2277090.0,1337657.0,40791499.0,972732.0,3552386.0,48473398.0,2542774.0,1219791.0,5649089.0,1252859.08684923,17648551.0,16812720.62432624,2081630.0,7503887.0,6615927.0,24232870.0,6363232.0,5315877.0,3237011.0,863520.0,13563784.0,1624730.0,28124665.0,19350466.0,37757294.0,1307453.0,8036680.0,15944135.0,2492195.0,3350119.0,1912206.0,40446612.306854,75959797.0,2332279.0,1597560.0,741293.0,304610.0,14035368.0
2024-10-04 09:15:00,1018198.07798917,2611371.0,429272.0,1551818.0,13064515.0,650553.0,17681110.0,2423416.0,17451235.0,8576527.0,2371220.0,7170285.0,1742335.0,466001.0,59102827.0,708378.0,2982759.0,48683232.0,2616851.0,943922.0,4624509.0,2495146.37176784,13488887.0,19311579.45426896,2178195.0,10001483.0,4855592.0,18945511.0,3734632.0,3445879.0,4281562.0,679362.0,18347292.0,2066068.0,23104209.0,20121706.0,37072876.0,1554623.0,8827525.0,20097454.0,2798189.0,2965463.0,1773781.0,31782430.06582817,53880875.0,2927576.0,1542987.0,938897.0,357277.0,11922754.0
2024-10-07 09:15:00,1797501.08280776,4531821.0,260810.0,909812.0,20047013.0,341323.0,9362270.0,1423722.0,21704629.0,5387707.0,1553239.0,8940891.0,2224190.0,447523.0,51381672.0,689611.0,3419048.0,94458296.0,3474485.0,682783.0,5862059.0,1301135.08628802,20667247.0,17458553.0044929,3878973.0,6112575.0,2708970.0,38001804.0,7446633.0,2304227.0,2732276.0,465500.0,23431004.0,2205716.0,20917962.0,13851446.0,22181340.0,692912.0,5480765.0,24267990.0,1691999.0,1472619.0,1542124.0,19499939.48963424,48775098.0,1619326.0,2523321.0,854385.0,374655.0,9878074.0
2024-10-08 09:15:00,1831582.84997476,3031170.0,345891.0,817718.0,8464570.0,359432.0,9038050.0,1423384.0,29190708.0,5224335.0,1239808.0,6049075.0,1395550.0,661110.0,68958719.0,553985.0,2353030.0,29734406.0,3767320.0,473756.0,5418558.0,1789210.43804548,12219259.0,10066739.8758699,2429248.0,5637391.0,4115797.0,20853384.0,5097103.0,2249452.0,6060165.0,387060.0,18706355.0,2404340.0,10572360.0,21148292.0,17020808.0,2888148.0,9122180.0,8560960.0,2309881.0,1541867.0,1738272.0,35078860.21582519,74956764.0,1311331.0,1360120.0,2278240.0,447220.0,11502804.0
2024-10-09 09:15:00,925152.38953325,1507508.0,391824.0,1225598.0,9807734.0,193883.0,10543750.0,1411255.0,18984175.0,3414614.0,1671718.0,6874313.0,1680365.0,930717.0,62967866.0,600020.0,2499596.0,41125642.0,1743202.0,439340.0,3733320.0,1499515.84336575,14765997.0,25375064.35401188,5269772.0,4857163.0,2138939.0,12692777.0,7078802.0,1645791.0,2432656.0,465231.0,13916492.0,4733190.0,13147475.0,9228363.0,14310610.0,704112.0,6569580.0,18758697.0,1597182.0,1082504.0,1322027.0,19144131.79078737,42766218.0,2177241.0,1063802.0,1260784.0,286382.0,8841688.0
2024-10-10 09:15:00,2995802.48967943,1628495.0,237853.0,1161933.0,6806243.0,251378.0,5594270.0,1209065.0,19155691.0,5047657.0,2288313.0,4700891.0,1582735.0,305739.0,38904819.0,387246.0,3753869.0,21754766.0,2249443.0,579335.0,3890250.0,2097578.3615773,9118195.0,13559522.15859875,1673393.0,4782119.0,1368830.0,8914571.0,5905798.0,2686116.0,2507231.0,492698.0,15866037.0,2060004.0,7237212.0,20773976.0,22358646.0,784503.0,3740385.0,10241015.0,2383012.0,2378875.0,1176370.0,21946934.22702869,46507936.0,1518162.0,1488328.0,606292.0,180542.0,12620244.0
