Date,ADANIENT.NS,ADANIPORTS.NS,APOLLOHOSP.NS,ASIANPAINT.NS,AXISBANK.NS,BAJAJ-AUTO.NS,BAJFINANCE.NS,BAJAJFINSV.NS,BEL.NS,BHARTIARTL.NS,CIPLA.NS,COALINDIA.NS,DRREDDY.NS,EICHERMOT.NS,ETERNAL.NS,GRASIM.NS,HCLTECH.NS,HDFCBANK.NS,HDFCLIFE.NS,HEROMOTOCO.NS,HINDALCO.NS,HINDUNILVR.NS,ICICIBANK.NS,ITC.NS,INDUSINDBK.NS,INFY.NS,JSWSTEEL.NS,JIOFIN.NS,KOTAKBANK.NS,LT.NS,M&M.NS,MARUTI.NS,NTPC.NS,NESTLEIND.NS,ONGC.NS,POWERGRID.NS,RELIANCE.NS,SBILIFE.NS,SHRIRAMFIN.NS,SBIN.NS,SUNPHARMA.NS,TCS.NS,TATACONSUM.NS,TATAMOTORS.NS,TATASTEEL.NS,TECHM.NS,TITAN.NS,TRENT.NS,ULTRACEMCO.NS,WIPRO.NS
2021-01-01 09:15:00,478.41900833,508.0,2430.0,2792.0,625.45001,3494.0,533.8,895.87002,42.66662386,506.88948095,828.95001,136.25,1050.97,2555.0,,934.265822,955.5,721.5,680.79999,3120.8,240.0,2366.75187108,537.0,202.19127905,904.0,1265.5,391.5,,2007.95,1299.95,744.75,7748.5,100.2,926.0,94.449997,106.81874438,906.4972115,907.04999,215.38,280.0,599.75,2940.0,599.47955492,112.89604787,64.970001,981.20001,1573.0,691.95001,5349.0,195.375
2021-01-04 09:15:00,487.48788316,510.89999,2429.0,2791.1001,633.0,3528.0,532.4,906.5,43.93328926,510.91395162,837.29999,137.75,1061.67,2670.0,,963.150373,984.70001,719.0,697.59998,3123.95,258.0,2392.3490211,535.0,203.89036543,914.0,1290.0,405.10001,,2005.95,1322.55,751.0,7755.2002,100.0,931.5,97.300003,107.09999438,907.35967755,917.0,217.6,283.89999,609.45001,3050.75,599.62776508,116.51838095,69.990002,1005.0,1567.0,683.29999,5386.8501,198.975005
2021-01-05 09:15:00,486.32394524,504.5,2515.8501,2804.6001,667.90002,3505.0,522.42002,892.0,44.4166221,507.38027245,843.75,136.75,1067.4,2685.0,,968.080677,995.79999,715.375,715.0,3074.3501,252.75,2418.8814516,539.95001,201.29453902,927.34998,1299.0,401.0,,1964.4,1313.0,748.0,7673.0,98.400002,931.0,96.5,106.59375,900.4145562,919.90002,223.88,282.45001,608.70001,3114.25,606.88907492,117.06172488,69.384998,1007.95,1576.85,679.90002,5372.8999,204.899995
2021-01-06 09:15:00,485.59649617,504.95001,2538.8501,2822.45,667.15002,3527.0,516.83501,890.0,45.13328472,521.95676037,834.40002,137.3,1063.0,2672.0,,985.5608,998.0,720.0,720.5,3123.6001,260.0,2412.0391365,550.59998,199.64264949,936.75,1302.0,407.35001,,1979.0,1330.0,746.45001,7749.0,99.0,930.0,99.300003,111.15000563,892.425397,915.0,241.7,289.14999,610.95001,3113.5,606.39510692,119.29550902,69.665002,1026.0,1621.35,684.29999,5468.5,208.699995
2021-01-07 09:15:00,508.19593349,520.90002,2564.0,2831.8501,676.5,3507.3501,513.15498,906.9,44.99995485,544.23870429,830.45001,137.5,1065.0,2715.6499,,1000.650488,988.20001,716.3,723.79999,3114.75,275.39999,2395.00718668,554.40002,195.9613051,961.65002,1297.65,413.10001,,1984.0,1346.8,755.0,7704.3999,98.5,930.75,99.050003,113.5125,882.8928775,916.5,263.38,291.79999,608.0,3080.8501,602.93733092,120.95574502,73.15,1010.0,1570.0,684.84998,5517.7002,206.5
2021-01-08 09:15:00,510.76622446,527.34998,2579.0,2849.8,678.84998,3544.6001,513.875,926.5,44.5832886,539.62525438,846.20001,140.95,1072.0,2771.3,,1019.774053,1003.5,721.0,721.95001,3165.95,274.45001,2362.813848,547.09998,194.45099666,976.0,1316.8,410.45001,,1976.0,1382.95,772.79999,8060.0,100.5,917.5,101.3,114.75,879.8969428,954.5,262.67,291.39999,622.79999,3128.0,605.1108,121.65001949,72.725,1060.0,1555.3,701.0,5613.2998,216.324995
2021-01-11 09:15:00,508.82636026,522.5,2591.8501,2873.45,676.65002,3634.55,511.09502,926.2,45.183288,544.14051654,860.0,143.0,1085.4,2808.6499,,1008.270034,1059.05,732.45,731.0,3224.8999,269.39999,2404.11386505,546.0,194.54539979,950.95001,1383.35,404.95001,,1966.9,1384.95,791.40002,8288.0,101.25,927.2925,102.9,115.3125,880.0785146,952.5,262.92,288.20001,628.0,3230.0,625.16589092,136.07897358,71.2,1081.55,1572.0,705.15002,5696.75,225.5
2021-01-12 09:15:00,520.46554546,520.65002,2585.0,2850.0,685.0,3642.8,509.9,906.99004,45.3166212,558.52072713,864.59998,147.55,1088.7,2949.0,,1016.536991,1065.05,743.85,727.0,3295.0,270.5,2395.40108744,550.65002,195.30053041,941.5,1378.0,412.95001,,1930.1,1366.85,796.75,8329.0,101.0,921.99745,104.5,115.171875,889.70182,936.0,261.98,293.85001,623.90002,3210.0,627.24058616,152.37947247,72.45,1077.65,1560.8,697.0,5695.9502,230.375
2021-01-13 09:15:00,523.95733012,540.0,2537.75,2763.0,691.20001,3633.0,507.4,903.0,45.89995395,590.61850105,852.0,148.8,1075.0,2910.3999,,1036.855779,1067.0,748.45,724.70001,3318.0,268.39999,2360.84483646,561.0,201.0585548,953.5,1392.8,407.39999,,1911.0,1373.0,837.5,8250.0,104.35,913.75,107.9,116.21250563,896.48806603,949.0,256.16,308.0,614.5,3177.0,625.363488,150.20607866,71.454999,1078.75,1536.0,693.0,5674.0,233.725005
2021-01-14 09:15:00,524.7332661,542.45001,2528.8999,2736.6499,687.79999,3658.6499,496.67998,892.99502,46.99995285,574.02972872,847.54999,148.2,1065.6,2906.95,,1036.805978,1049.0,744.0,718.54999,3295.0,265.10001,2368.72088262,558.45001,204.36233387,980.70001,1384.0,405.64999,,1905.0,1389.7,843.84998,8180.0,103.85,911.47,107.45,116.71875,892.83393355,931.84998,248.8,309.25,611.65002,3266.5,615.484128,150.80980084,71.445001,1064.0,1517.85,677.0,5674.0,233.0
2021-01-15 09:15:00,521.33850375,541.0,2613.7,2661.8501,682.95001,3623.0,492.7,882.62002,46.49995335,599.40367872,844.90002,147.60001,1063.0,2902.0,,1035.162547,1052.85,735.825,717.0,3270.8501,263.29999,2369.70538839,551.0,206.25020762,983.0,1364.45,402.54999,,1904.0,1384.5,838.0,8219.5,103.6,912.45,106.1,115.734375,895.9660471,929.79999,250.51,310.89999,616.79999,3274.0,606.098736,159.77506919,72.15,1062.8,1509.0,659.0,5656.75,229.699995
2021-01-18 09:15:00,513.19105471,532.29999,2630.8501,2619.8501,675.0,3618.05,488.0,863.60996,45.0832881,591.89454914,826.65002,143.89999,1047.59,2912.7,,1025.451361,1004.95,751.425,709.29999,3217.55,254.25,2337.70895086,548.40002,209.55398669,960.0,1340.0,394.0,,1872.25,1353.85,820.79999,8023.9502,100.9,903.7,101.85,113.625,906.4972115,907.20001,242.55,308.64999,607.34998,3256.75,594.243504,158.44689247,70.875,1013.8,1509.0,700.0,5461.7998,222.5
2021-01-19 09:15:00,516.0038772,535.0,2659.0,2676.6001,671.95001,3664.0,499.49502,897.8,46.06662045,586.4467733,825.40002,141.89999,1020.99,2929.0,,1048.309998,997.0,755.825,701.54999,3240.75,252.64999,2345.19129317,547.75,209.27080563,952.0,1331.0,397.75,,1892.0,1382.0,819.59998,7990.2998,100.85,891.025,99.0,112.5,921.9308145,918.0,248.7,302.5,603.0,3279.0,583.870176,157.99410083,68.395001,1008.45,1524.0,690.25,5535.0,219.774995
2021-01-20 09:15:00,535.54802841,562.5,2682.8501,2707.1499,680.95001,3692.8,503.26001,902.5,46.3166202,591.40375764,834.90002,141.95,1031.95,2964.0,,1034.365732,1009.65,750.5,711.84998,3292.5,253.64999,2337.16747269,554.59998,206.72217606,953.84998,1348.4,402.89999,,1890.0,1393.05,831.95001,8170.0,99.699997,897.0,99.800003,112.83750563,934.186911,910.90002,252.4,304.70001,603.59998,3327.95,595.42903708,167.53290526,69.95,1023.4,1541.0,695.0,5554.25,223.925005
2021-01-21 09:15:00,536.32396439,561.84998,2685.0,2816.95,695.0,3807.0,522.5,938.88496,45.93328725,592.92520147,839.29999,142.14999,1027.6,2955.0,,1042.782092,1020.0,747.175,711.90002,3346.0,254.55,2362.71529897,561.0,207.1941445,967.0,1361.05,405.0,,1904.9,1396.0,835.0,8267.0,99.150002,895.0,100.2,111.20625,962.33054,907.79999,255.27,305.14999,598.75,3309.1499,605.357784,180.51293215,69.475,1033.35,1549.85,685.0,5647.0,226.725005
2021-01-22 09:15:00,530.31037567,557.5,2652.0,2768.8501,673.90002,4130.0,513.7,921.35,45.16662135,574.76591597,822.5,137.8,1021.07,3037.0,,1026.646584,1004.0,733.95,708.79999,3483.95,249.8,2384.47297494,553.5,202.71044434,934.0,1356.0,397.45001,,1875.0,1375.0,826.70001,8308.0,96.5,894.11505,95.449997,110.41875,960.21981322,885.70001,244.85,298.0,586.95001,3325.0,599.57837816,185.28233134,67.579999,1005.0,1534.7,680.0,5595.0,226.0
2021-01-25 09:15:00,518.33173364,547.45001,2708.0,2631.5,668.0,4210.0,516.3,934.49004,44.9166216,577.02354705,857.0,135.5,1025.68,3029.95,,1110.212578,997.0,740.5,699.5,3520.1499,243.89999,2394.66270811,542.29999,200.58658636,912.34998,1347.9,394.95001,,1867.4,1396.4,812.95001,8164.7002,95.300003,885.0,93.75,110.7,923.72383603,882.75,252.96,288.0,594.0,3339.8,582.73402984,180.81479324,66.184998,997.90002,1512.8,677.0,5831.7998,225.5
2021-01-27 09:15:00,505.86807706,536.0,2749.6499,2525.0,663.79999,4236.6499,494.56001,928.49502,44.79995172,571.03591038,856.45001,132.55,1010.48,2932.3999,,1109.913773,963.25,735.95,695.0,3484.0,240.05,2387.42649225,539.20001,200.72816745,860.79999,1327.55,382.0,,1823.45,1392.7,817.0,8090.0,93.099998,879.88495,91.75,109.32188063,873.8142875,885.0,236.0,284.85001,585.90002,3306.45,581.44972292,166.0235998,65.115002,1004.9,1505.0,672.75,5519.8999,227.375
2021-01-28 09:15:00,503.87972595,527.95001,2699.5,2453.95,674.70001,4190.0,490.9,921.525,44.89995495,565.24455105,848.84998,129.95,980.79,2830.0,,1071.716444,952.40002,700.65,683.04999,3464.1001,232.10001,2374.18488964,529.84998,199.17068105,828.84998,1296.45,380.85001,,1764.45,1365.1,778.09998,7984.5498,92.650002,876.0,91.400002,107.409375,873.04260735,884.34998,230.57,283.35001,574.5,3275.0,569.051136,165.05763828,63.059998,990.0,1454.45,677.15002,5469.9502,224.300005
2021-01-29 09:15:00,509.40834862,533.09998,2676.5,2484.0,675.84998,4205.3501,495.0,910.93496,45.4166211,567.84576563,850.84998,129.64999,983.0,2870.45,,1089.644786,949.5,704.375,684.95001,3485.0,234.3,2286.31774967,544.95001,197.09401992,860.84998,1291.15,382.54999,,1749.85,1369.0,799.95001,7685.0,92.599998,873.3925,92.949997,106.3125,868.41252645,883.04999,263.8,290.64999,600.0,3216.8501,567.075264,168.31773805,63.379999,995.90002,1469.25,662.54999,5509.7002,218.850005
2021-02-01 09:15:00,523.27836795,545.45001,2676.55,2467.75,717.0,4141.0,508.0,983.89004,44.93328825,570.3978618,831.0,129.75,915.53,2868.05,,1126.298285,933.75,741.25,713.29999,3360.8,243.95,2249.59568445,609.45001,205.73104234,981.40002,1277.95,384.39999,,1809.8,1462.0,808.84998,7475.0,92.400002,863.78495,91.199997,106.565625,864.7356975,897.0,268.96,313.89999,599.40002,3165.0,581.64732,170.24965507,64.0,961.90002,1508.55,650.0,5793.25,211.899995
2021-02-02 09:15:00,549.85452689,554.84998,2745.0,2520.0,744.95001,4271.1499,533.79502,999.0,45.59995425,594.49576372,826.34998,132.85001,905.6,2920.0,,1205.083388,963.0,789.25,712.0,3400.0,257.39999,2239.75062675,624.0,210.96989201,999.0,1294.4,391.70001,,1879.1,1593.0,837.40002,7769.75,95.349998,867.5,93.949997,110.05311938,880.62323,890.0,286.0,337.39999,616.90002,3224.0,589.20505016,198.53404529,64.8,972.90002,1536.0,682.0,6199.0,217.774995
2021-02-03 09:15:00,559.26282946,562.29999,2808.1499,2503.8501,736.79999,4259.1499,527.0,963.92998,47.06661945,611.03541764,878.90002,138.0,952.32,2948.0,,1200.700905,973.29999,790.85,695.0,3422.0,263.39999,2222.02952289,627.5,209.55398669,1080.8,1304.0,398.45001,,1883.15,1558.0,858.90002,7716.4502,98.099998,864.45,95.300003,118.125,886.070384,879.95001,295.23,339.89999,648.40002,3236.0,590.785728,206.41260768,66.429999,1000.0,1529.0,690.0,6238.0,219.975005
2021-02-04 09:15:00,593.30747527,573.40002,2747.8999,2456.0,745.5,4361.3999,554.3,976.0,47.26661925,611.52620914,856.5,144.25,941.2,2978.0,,1212.603332,970.45001,794.0,690.65002,3515.0,267.39999,2223.99853443,631.65002,218.4269839,1042.0,1293.4,402.0,,1915.0,1550.0,893.54999,7765.0,100.2,861.34745,98.599998,116.80311938,880.62323,870.70001,290.94,358.0,641.0,3237.8501,582.88224,201.94506958,66.35,988.0,1540.0,679.95001,6210.0,218.449995
2021-02-05 09:15:00,589.57320759,573.95001,2783.0,2423.8999,766.29999,4272.7998,562.7,994.0,47.73328544,594.74115947,854.90002,144.3,966.0,2990.0,,1203.987767,963.90002,809.125,684.95001,3560.0,266.0,2249.59568445,635.29999,225.45933251,1085.0,1288.75,406.60001,,1998.5,1547.0,881.70001,7736.0,102.0,858.35995,99.949997,117.16875,882.73400218,870.0,294.2,408.35001,644.25,3205.8501,592.7616,199.22831976,69.059998,980.84998,1538.95,692.09998,6399.0,216.699995
2021-02-08 09:15:00,618.8166798,594.0,2780.0,2434.8999,747.79999,4258.5,566.5,1011.0,47.66661884,592.53259772,859.25,142.39999,981.99,2986.0,,1215.14318,964.40002,815.825,691.40002,3506.8999,280.54999,2253.2383558,633.95001,224.70417357,1055.0,1310.0,419.25,,2030.0,1570.0,952.04999,7638.0,100.95,864.245,100.8,120.03749438,893.7871855,871.70001,295.8,407.79999,644.84998,3226.0,597.50368292,204.81274994,70.490002,993.0,1564.85,695.90002,6485.0,218.850005
2021-02-09 09:15:00,622.59943439,589.79999,2836.6001,2532.45,750.0,4238.0,553.9,1006.8,47.33328584,596.55706839,856.84998,143.45,979.14,3018.0,,1221.617304,981.90002,814.0,710.20001,3538.0,285.89999,2219.76515962,643.20001,225.78970098,1051.6,1332.0,420.0,,1975.0,1574.5,939.0,7680.0,101.2,875.5,103.35,122.315625,903.1381332,895.0,288.75,403.5,639.25,3245.8,600.17112,204.3599583,71.645001,999.79999,1584.65,694.70001,6480.0,225.875
2021-02-10 09:15:00,635.20855169,587.0,2828.0,2555.0,746.40002,4215.0,550.23501,1035.46,47.44995573,596.55706839,867.0,140.55,976.82,2998.8999,,1244.027731,965.09998,807.425,723.90002,3568.75,283.35001,2206.27743057,638.20001,218.14382171,1038.45,1304.35,413.95001,,1962.9,1564.0,917.0,7674.8999,100.5,871.84005,102.5,120.375,900.93657513,915.25,291.2,397.89999,631.54999,3219.3999,598.63982908,200.82817751,72.45,980.25,1588.0,699.0,6589.0,222.074995
2021-02-11 09:15:00,641.1251181,593.70001,2779.5,2540.0,744.15002,4202.3999,558.8,1041.79,46.83328635,592.43440997,874.90002,139.5,972.0,2840.8,,1239.844451,972.5,798.9,726.45001,3554.0,297.35001,2232.85908636,633.59998,216.4447259,1036.0,1296.0,415.5,,1984.75,1559.9,920.04999,7744.0,97.900002,872.37245,100.35,120.825,937.0012739,921.90002,289.6,396.95001,648.75,3219.3,614.496192,200.04335074,70.459998,988.65002,1575.9,699.0,6468.0,220.25
2021-02-12 09:15:00,702.66731954,621.65002,2790.0,2523.0,754.70001,4195.7998,561.8,1033.115,45.66662085,586.83937705,864.34998,137.0,971.96,2844.95,,1249.804641,986.5,796.25,720.0,3580.0,297.25,2237.04323588,649.90002,213.09374998,1059.5,1323.75,410.89999,,1975.0,1544.0,918.54999,7675.0,97.900002,875.95,99.400002,123.1875,943.265501,913.5,292.25,399.35001,654.40002,3245.5,608.76617308,199.53018085,69.790002,1009.0,1536.7,694.95001,6480.0,224.600005
2021-02-15 09:15:00,764.25800789,639.90002,3127.0,2517.5,799.0,4194.6499,579.9,1057.9,45.9832872,591.89454914,856.59998,134.85001,966.71,2809.0,,1253.589513,971.25,812.5,717.34998,3506.1499,296.04999,2226.7059253,676.79999,208.61004982,1063.0,1328.4,407.85001,,1999.0,1544.0,920.0,7649.1001,96.699997,875.3375,99.25,121.190625,935.68487835,901.15002,306.99,409.45001,637.29999,3209.0,617.953968,202.72990238,68.8,996.0,1518.5,712.95001,6463.9502,222.449995
2021-02-16 09:15:00,778.80698939,643.5,3253.55,2475.1001,799.0,4177.6001,582.22002,1053.2,46.1499537,590.52031331,852.25,135.39999,952.32,2778.1499,,1251.995883,962.25,820.5,704.0,3485.3,307.35001,2194.51258662,679.40002,209.36519932,1096.5,1319.75,421.89999,,2049.0,1574.0,921.75,7799.0,99.150002,882.3,104.85,129.31874438,943.90095691,888.29999,303.8,415.75,634.5,3167.6499,627.28997308,203.99771896,70.859998,1000.0,1505.0,758.0,6550.0,223.899995
2021-02-17 09:15:00,777.8855442,670.0,3284.0,2455.05,785.0,4205.0,579.9,1049.88,46.5832866,587.77189072,854.70001,135.75,941.99,2745.0,,1244.027731,958.40002,810.9,711.5,3595.0,308.5,2167.43867794,664.95001,206.1558045,1085.0,1294.5,411.0,,2023.5,1567.0,920.15002,7691.5,100.15,845.0,103.5,130.05,951.41353552,883.15002,301.74,414.85001,632.40002,3132.8501,637.91028508,201.79413903,70.35,996.59998,1483.0,778.0,6544.5,219.5
2021-02-18 09:15:00,799.70901645,670.0,3237.8,2479.6001,782.0,4200.0,571.475,1031.0,47.96661521,586.98663414,843.45001,141.2,932.77,2712.8501,,1242.683105,956.75,802.975,715.95001,3629.05,312.60001,2134.94998753,652.40002,208.23248451,1055.4,1306.0,414.75,,1984.85,1551.2,914.95001,7579.0498,104.25,845.0,115.5,134.04375,957.06491241,898.84998,295.6,427.70001,627.25,3097.8999,635.63804216,200.28483358,71.1,1015.5,1471.9,786.84998,6492.2998,218.324995
2021-02-19 09:15:00,806.0135751,676.65002,3109.25,2470.8999,777.20001,4106.7002,562.19502,1042.765,47.56661894,585.02346814,825.45001,143.2,945.6,2647.8999,,1234.764754,958.0,782.1,723.45001,3522.8501,313.35001,2160.00565938,635.5,206.62777294,1074.55,1299.5,408.39999,,1969.85,1547.0,905.65002,7486.3999,106.75,823.23495,112.2,132.80625563,955.49890102,899.15002,289.2,415.0,622.29999,3087.1499,618.54670984,194.36836224,69.6,1019.2,1444.9,805.0,6318.6499,217.875
2021-02-22 09:15:00,788.5547973,678.5,2967.8999,2448.0,749.84998,4040.0,553.87002,1024.92,45.516621,574.12791646,817.5,139.39999,945.39,2590.0,,1230.083465,951.45001,786.95,713.65002,3432.95,328.0,2170.83522285,629.29999,200.11461792,1067.1,1308.55,413.85001,,1962.05,1511.95,882.5,7325.0,106.3,826.5,108.55,131.56874438,948.66721666,885.0,284.98,401.0,610.84998,3096.0,616.02748292,189.50838661,69.790002,1011.0,1433.1,844.90002,6284.9502,216.425005
2021-02-23 09:15:00,802.42481663,682.70001,3052.5,2400.0,734.95001,3998.7,550.46499,1019.5,45.19995799,566.37339113,803.15002,138.60001,906.86,2549.8,,1244.924148,930.0,778.85,712.84998,3479.55,338.14999,2158.38132331,623.04999,198.74590945,1053.95,1291.0,416.20001,,1965.0,1498.0,856.95001,7122.3501,104.15,812.75,114.4,128.86875563,931.87182516,874.40002,279.0,399.70001,608.34998,3028.0,627.33936,198.56421933,73.6,962.75,1436.95,832.95001,6347.8999,213.0
2021-02-24 09:15:00,787.63335211,671.0,3120.0,2409.3501,752.0,3948.0,557.88999,1025.0,46.3166202,563.5267808,798.09998,145.0,904.75,2562.8501,,1251.995883,919.45001,806.975,721.5,3500.0,337.5,2154.59087765,645.0,198.03795679,1076.0,1276.6,426.60001,,1924.0,1530.75,855.90002,7036.0,104.7,818.9,115.35,128.3625,937.47789987,875.90002,281.2,410.5,609.34998,3003.3501,646.110144,199.22831976,74.5,963.90002,1474.0,787.75,6450.0,212.899995
2021-02-25 09:15:00,836.46946244,711.34998,3139.95,2386.25,783.5,3980.0,561.99502,1037.795,47.66661884,573.6861943,814.0,157.7,918.0,2558.95,,1283.868491,934.04999,818.125,744.0,3460.0,354.60001,2151.14510745,648.40002,199.35946842,1119.5,1299.75,425.0,,1965.2,1540.6,866.59998,7069.0,110.2,818.665,120.5,130.95,976.856284,882.90002,280.95,414.89999,618.90002,3029.8999,631.43931416,202.06582005,75.3,969.0,1462.95,825.0,6468.0,214.5
2021-02-26 09:15:00,835.1115381,703.45001,3173.95,2360.0,758.70001,3943.1001,545.4,1011.47,47.44995573,575.1585688,820.0,163.0,911.72,2546.95,,1264.94413,925.0,794.45,730.90002,3423.6499,349.64999,2148.585294,615.0,196.33887042,1082.9,1274.3,421.29999,,1869.0,1493.5,856.65002,7075.0,110.95,814.22,118.4,127.828125,968.64011466,878.95001,269.8,401.0,621.34998,2972.3501,618.34916216,201.00930623,74.159998,948.84998,1431.95,823.0,6489.0,209.925005
2021-03-01 09:15:00,835.06305119,704.65002,3098.0,2369.8999,743.5,3858.8,536.98999,984.85996,48.99995084,548.8030358,800.5,157.10001,895.6,2568.8999,,1264.94413,934.45001,786.275,713.5,3363.05,347.0,2120.62542858,611.84998,196.1028862,1096.6,1284.5,408.45001,,1854.9,1486.0,852.70001,7032.8501,109.8,818.38,117.65,128.7,958.699104,879.0,269.16,397.70001,610.79999,2965.0,620.917776,200.34521184,73.825,957.0,1466.0,839.90002,6389.7998,209.350005
2021-03-02 09:15:00,850.14548565,724.70001,3152.0,2402.55,740.5,3962.1499,541.0,996.5,51.18328198,533.98115212,815.0,156.14999,895.98,2611.0,,1293.330671,957.90002,793.75,727.79999,3490.0,349.29999,2150.06205265,616.5,198.98189367,1086.3,1310.0,414.95001,,1868.4,1489.65,868.0,7235.0,113.7,831.0,116.65,129.009375,966.869835,886.0,275.2,399.54999,616.34998,3025.0,628.327296,209.61234732,73.975,971.0,1474.0,921.54999,6473.8501,216.550005
2021-03-03 09:15:00,916.48886069,754.95001,3119.5,2417.7,760.79999,3985.0,557.33501,1044.495,51.33328183,540.60683738,818.15002,157.3,903.15,2626.8501,,1337.653517,968.0,798.0,731.5,3510.8999,361.29999,2170.83522285,633.75,200.11461792,1104.0,1347.0,435.0,,1908.75,1510.0,868.0,7262.2998,114.7,836.0,115.8,129.459375,1007.67805166,910.0,275.78,408.89999,625.40002,3064.0,640.182528,215.52881865,78.25,980.20001,1481.65,923.0,6535.0,218.324995
2021-03-04 09:15:00,910.47527197,765.70001,3081.3,2435.0,751.45001,3927.6001,556.71499,1028.0,51.64994818,535.94431812,818.0,154.89999,916.67,2633.0,,1354.58584,969.90002,785.5,728.5,3460.0,357.70001,2169.35846419,630.90002,199.45386211,1116.0,1363.85,421.39999,,1910.4,1494.35,858.29999,7175.2002,113.0,835.39745,117.0,129.346875,994.08290852,924.79999,274.37,403.5,636.75,3081.45,636.08257384,208.52563531,76.69,994.70001,1487.65,944.70001,6830.0,222.149995
2021-03-05 09:15:00,905.9165814,761.0,3017.75,2423.8999,744.09998,3913.25,551.975,1016.1,50.99994883,528.58244562,812.0,152.7,912.0,2634.2,,1366.239262,972.0,772.8,724.75,3491.5,347.60001,2175.70852641,614.70001,198.22674417,1084.0,1340.0,414.10001,,1928.3,1477.2,860.75,7315.0,112.35,842.0,118.25,127.125,1004.06935752,915.0,267.14,395.0,619.45001,3063.2,635.736816,203.96754492,75.6,980.90002,1493.0,935.79999,6944.2002,220.0
2021-03-08 09:15:00,898.54511684,767.79999,2935.8501,2413.5,752.5,3848.0,549.39502,1004.565,50.23328294,525.58862729,819.0,156.0,904.4,2643.5,,1362.255186,973.0,777.5,736.95001,3489.5,343.89999,2181.76333535,616.0,198.98189367,1055.45,1346.1,415.5,,1947.85,1525.0,857.34998,7338.7998,113.3,845.0,122.35,125.94375,1013.12520566,930.65002,267.4,393.39999,621.90002,3033.0,620.62140508,200.28483358,75.12,980.0,1481.25,909.45001,6847.8999,212.574995
2021-03-09 09:15:00,900.48498104,759.40002,2926.95,2444.0,758.70001,3829.7,544.5,1011.995,49.13328071,522.20215612,816.70001,154.95,904.0,2618.3,,1402.394752,976.90002,782.85,746.0,3490.0,344.39999,2170.83522285,628.34998,197.99075995,1035.6,1350.45,414.75,,1991.0,1532.3,865.70001,7329.3999,111.85,847.49745,119.55,124.93125,1004.9091271,983.75,260.34,394.89999,620.90002,3066.8999,613.40948216,198.2321842,75.095,998.5,1478.9,944.5,6824.0,211.399995
2021-03-10 09:15:00,886.61491321,759.09998,2924.95,2446.0,765.70001,3879.0,556.1,1009.47,47.54994896,520.72978162,814.75,153.25,903.97,2687.0,,1383.818998,995.09998,787.5,746.0,3475.0,342.35001,2202.24085846,630.5,197.47159467,1060.0,1374.0,415.29999,,1999.35,1534.75,875.0,7387.0,110.6,850.0,117.0,123.159375,1005.49928084,974.0,265.96,393.0,627.90002,3093.2,616.12630616,195.8776677,72.995,1016.8,1481.0,934.0,6789.0,215.350005
2021-03-12 09:15:00,896.02326428,752.09998,3031.0,2464.6499,776.59998,3878.0,567.0,1021.61,47.83328534,522.93834337,818.70001,153.0,905.99,2699.0,,1399.356894,1002.8,800.0,739.79999,3419.0,345.0,2205.19437577,638.0,196.33887042,1056.4,1391.7,428.45001,,1980.0,1565.0,876.20001,7313.0,112.1,850.4925,117.4,124.25625,1001.55000341,936.29999,268.4,393.20001,629.15002,3117.0,617.26240292,197.11529213,74.5,1024.6,1507.8,924.90002,6853.6499,216.399995
2021-03-15 09:15:00,876.8186184,727.79999,3025.0,2427.55,754.0,3775.0,558.56499,996.9,47.11662273,518.0794977,808.90002,147.60001,892.44,2683.5,,1386.358846,994.34998,774.2,715.0,3369.3999,335.89999,2183.09231969,612.84998,194.45099666,1043.6,1379.9,431.75,,1944.0,1528.1,862.0,7162.9502,111.0,843.9925,116.85,127.40625,975.44905716,926.75,268.37,386.0,614.0,3099.0,611.33478692,193.43258079,73.9,1029.95,1496.9,888.09998,6678.8501,214.300005
2021-03-16 09:15:00,877.20661064,735.70001,3080.0,2480.0,752.0,3690.0,550.7,978.56504,46.183287,523.91992637,808.5,148.05,893.34,2683.6499,,1392.185557,1018.8,770.2,710.59998,3300.0,336.75,2212.67671808,607.0,197.18840417,1049.9,1406.0,433.95001,,1941.7,1497.0,856.5,7200.0,111.45,851.0,116.3,127.8,965.054117,923.90002,266.36,387.85001,609.95001,3141.0,610.544448,194.33816406,74.01,1045.0,1531.0,865.84998,6703.0,217.475005
2021-03-17 09:15:00,878.17654274,716.95001,3082.3,2460.0,742.0,3678.0,546.03999,966.18496,46.1499537,521.22057312,794.79999,145.45,893.0,2668.8999,,1389.346903,1023.9,769.5,707.09998,3278.8999,333.54999,2226.95205174,603.65002,201.90808855,1039.0,1400.0,425.95001,,1917.7,1492.95,851.34998,7169.9502,109.9,839.5,114.85,126.5625,954.6137385,923.90002,265.79,379.64999,604.0,3155.0,605.01202616,193.19109795,72.6,1043.2,1499.55,860.0,6670.0,217.75
2021-03-18 09:15:00,864.2095011,705.5,3065.0,2468.8501,743.09998,3692.95,554.5,973.5,45.16662135,522.39848254,778.45001,141.75,875.7,2697.95,,1394.326998,999.75,761.025,699.25,3217.7,340.5,2215.03943347,601.40002,206.81657919,1030.7,1393.75,432.64999,,1892.9,1469.7,860.54999,7242.0,108.25,831.24745,112.2,125.71875,946.3522216,898.0,273.54,375.0,591.54999,3146.45,600.86268508,191.13844857,72.29,1035.0,1492.9,846.70001,6636.6499,212.074995
2021-03-19 09:15:00,868.47722174,691.5,2982.8501,2434.0,729.34998,3673.0,547.9,948.98496,43.34995651,524.90150937,767.25,140.0,861.07,2677.0,,1409.366885,969.0,755.6,690.0,3132.05,339.70001,2289.22204169,588.90002,213.47131529,1018.8,1355.2,446.29999,,1872.0,1421.85,860.0,7149.9502,109.55,829.75,113.25,130.55625,951.36818797,909.95001,275.91,372.89999,582.65002,3099.0,600.31933016,187.75759832,73.675,1000.75,1470.85,827.29999,6700.0,206.824995
2021-03-22 09:15:00,972.8418963,726.25,2944.25,2438.1001,730.0,3685.0,549.7,949.49502,43.98328921,524.16532212,784.59998,137.60001,873.59,2692.0,,1422.315132,982.45001,747.45,694.75,3143.95,342.64999,2319.98784701,586.84998,213.70729951,1011.85,1376.0,449.0,,1849.95,1417.4,859.34998,7142.5,110.55,833.75,111.25,131.85,941.449783,909.25,277.99,372.79999,593.59998,3139.45,615.53351492,185.64457069,74.565,1017.4,1468.65,816.84998,6785.0,208.125
2021-03-23 09:15:00,1054.02521307,755.0,2967.8,2433.95,739.5,3709.95,544.5,950.65996,43.24995661,522.64387829,779.40002,136.64999,880.6,2716.0,,1416.837028,992.90002,753.725,689.45001,3132.0,342.45001,2336.18296692,589.25,215.31201108,994.40002,1383.25,447.25,,1844.0,1416.5,865.0,7225.0,110.2,837.5,110.3,126.0,957.65506615,910.84998,286.8,377.95001,594.70001,3169.0,632.27904,188.51225105,74.945,1021.5,1514.8,836.90002,6958.75,211.699995
2021-03-24 09:15:00,1060.1357853,750.5,2976.8501,2470.0,725.0,3698.0,537.4,937.86504,42.23329096,523.62546129,798.70001,135.14999,883.8,2706.5,,1403.390771,984.75,753.225,686.84998,3085.95,328.29999,2314.47451624,580.54999,210.3091362,985.0,1370.45,443.14999,,1805.0,1407.0,845.0,7158.3999,109.4,838.49005,106.0,125.94375,944.05987763,895.0,285.4,369.04999,597.0,3152.3,631.43931416,184.13526524,73.3,1013.35,1508.8,846.0,6944.0,207.725005
2021-03-25 09:15:00,1010.13578555,712.34998,2993.0,2469.0,710.90002,3615.0,530.0,925.0,41.11662542,514.0059577,802.29999,133.10001,880.43,2651.0,,1394.874809,974.5,747.775,677.54999,3049.6001,319.89999,2286.02239794,579.0,203.84316859,970.0,1352.5,442.20001,,1798.8,1389.0,814.0,7059.0,106.5,829.225,107.7,125.6625,932.371193,884.29999,281.52,360.85001,587.95001,3130.8501,626.54902108,177.49432124,73.07,996.90002,1498.5,805.09998,6913.8999,205.850005
2021-03-26 09:15:00,987.82734725,710.70001,2905.0,2513.95,707.0,3619.25,524.8,950.7,41.41662511,515.23293645,799.0,130.39999,884.6,2620.95,,1405.831018,975.0,749.5,676.79999,2982.8,328.5,2288.97591525,584.5,202.42726327,976.5,1356.7,452.25,,1792.4,1408.0,814.65002,6898.9502,105.75,830.92245,104.0,124.875,914.07783415,876.90002,294.3,362.0,590.29999,3118.0,627.28997308,181.96185935,77.49,997.79999,1512.4,779.15002,6785.0,203.850005
2021-03-30 09:15:00,1011.10571765,718.0,2970.8999,2583.45,713.29999,3674.75,526.0,964.5,42.31662421,518.17768545,815.90002,134.45,905.49,2653.7,,1435.910791,1000.8,781.275,693.29999,2976.3501,332.89999,2368.72088262,593.09998,202.94642855,978.40002,1400.0,470.20001,,1801.95,1428.2,805.54999,6875.0,108.7,862.67755,106.3,125.83125,930.05610716,881.0,289.0,364.29999,599.0,3188.45,629.90797384,181.90148713,81.0,1019.8,1563.0,777.15002,6875.0,210.225005
2021-03-31 09:15:00,1021.48399112,719.90002,2927.95,2582.95,703.54999,3683.6001,521.87998,971.55996,42.33329086,516.21451945,823.95001,133.0,909.34,2648.7,,1450.203664,1000.0,774.0,697.79999,2962.0,336.0,2400.81586917,589.65002,207.00535713,969.0,1388.0,473.79999,,1779.0,1431.6,805.75,6939.8999,109.0,864.95,104.2,124.36875,930.51003666,890.90002,288.66,367.85001,606.0,3205.0,637.91028508,185.64457069,82.35,1023.0,1567.4,772.84998,6856.25,209.899995
2021-04-01 09:15:00,1082.4927202,742.0,2913.95,2564.55,717.0,3764.3,528.85,982.6,42.33329086,514.25135345,824.0,132.39999,918.99,2649.0,,1461.159873,1013.5,749.7,704.34998,3004.95,352.0,2408.88871804,596.09998,208.23248451,997.0,1391.6,512.95001,,1813.25,1447.85,809.79999,6991.5,108.75,859.42755,105.25,123.384375,921.476885,890.04999,295.8,371.89999,612.70001,3215.0,645.07282108,187.06332385,86.89,1007.8,1593.3,764.20001,6933.7002,211.425005
2021-04-05 09:15:00,1115.421915,745.0,3015.0,2558.0,708.45001,3740.0,525.9,976.39004,43.99995586,519.25740712,827.0,132.10001,916.8,2603.0,,1466.837181,1040.0,742.5,698.0,2972.95,352.89999,2379.74734724,592.0,207.66611294,988.95001,1425.0,522.0,,1799.6,1439.0,808.79999,6908.5,107.8,857.5,104.5,123.1875,919.2072375,887.0,295.66,369.20001,611.95001,3263.0,644.08488508,188.18020989,87.785,1007.2,1559.0,748.75,6994.0,213.949995
2021-04-06 09:15:00,1203.6857361,852.70001,3015.0,2620.0,693.5,3640.0,505.94502,962.5,44.9832882,527.94439704,845.0,131.85001,927.98,2553.0,,1443.480536,1040.6,731.325,701.04999,2928.0,358.29999,2373.64341147,578.5,202.89923171,954.20001,1426.0,541.29999,,1781.45,1416.3,791.59998,6846.9502,108.1,856.0,104.4,123.1875,910.10595103,903.0,291.8,357.0,621.90002,3275.0,670.808544,189.44801439,88.25,1008.0,1548.0,736.04999,6849.0,214.449995
2021-04-07 09:15:00,1213.96701636,885.0,3115.0,2668.05,691.90002,3693.45,510.9,965.84004,44.8166217,536.82776246,844.90002,131.7,946.8,2547.2,,1438.749445,1045.0,728.35,705.0,2948.8999,360.70001,2397.27154995,580.0,203.13521593,952.45001,1434.95,566.45001,,1810.7,1417.2,798.59998,6885.0,107.35,893.29745,105.35,121.6125,929.14829355,921.0,300.5,363.20001,628.40002,3277.55,666.80741308,187.54628952,88.5,1005.65,1561.45,733.0,6860.0,219.5
2021-04-08 09:15:00,1155.1891311,838.0,3144.2,2658.3999,695.5,3698.95,511.5,973.51504,44.54995197,538.44734496,850.45001,133.75,951.2,2595.0,,1457.474603,1054.4,730.45,706.0,2990.3501,374.0,2401.20957303,585.84998,203.98476856,957.95001,1451.7,639.0,,1823.7,1434.8,811.0,6939.2998,106.45,887.95,105.7,120.09375,917.845449,921.40002,302.0,363.29999,626.0,3335.0,669.03026908,193.07034748,95.365,1049.85,1579.0,736.29999,7052.8501,222.975005
2021-04-09 09:15:00,1191.0766188,837.0,3164.1499,2655.0,686.79999,3694.0,501.0,971.5,43.84995601,539.62525438,892.29999,131.95,958.8,2575.0,,1463.500518,1054.8,716.4,703.20001,2948.0,370.0,2444.52782691,579.0,203.84316859,939.70001,1455.0,630.84998,,1806.45,1417.0,801.0,6875.25,105.95,892.45,104.9,118.940625,910.74145233,915.95001,299.36,364.5,642.0,3354.3501,676.73616,196.20970886,93.0,1056.8,1618.0,736.0,7055.9502,225.675005
2021-04-12 09:15:00,1141.99805454,809.90002,3119.0,2610.0,655.0,3599.0,474.0,945.97998,42.83329036,528.92598004,940.0,128.3,1024.0,2510.0,,1419.277274,1042.95,699.5,690.0,2889.95,354.0,2449.6964822,551.95001,199.17068105,890.0,1477.55,621.75,,1768.0,1393.95,779.0,6739.8501,101.5,881.0,102.25,116.240625,890.3373213,905.40002,283.18,344.0,645.84998,3338.1001,667.44954184,185.85587949,89.32,1059.05,1572.65,719.79999,6763.2998,225.050005
2021-04-13 09:15:00,1082.73520323,755.75,3061.8999,2626.0,664.84998,3623.7,477.48999,984.75,42.06662446,530.05482012,932.59998,128.45,1028.94,2504.95,,1401.099927,1020.8,703.225,710.70001,2879.0,350.29999,2467.07291059,563.79999,197.94356311,881.0,1435.25,632.79999,,1786.05,1382.0,817.0,6845.3999,101.15,879.99745,102.5,117.7875,880.8955877,900.75,279.72,342.25,635.54999,3214.0,669.72183416,183.86358422,88.16,1050.25,1553.3,732.79999,6656.4502,218.774995
2021-04-15 09:15:00,1110.47526129,754.5,3038.95,2593.55,671.34998,3655.55,475.0,983.4,43.23328996,536.09157521,925.40002,130.8,975.01,2489.8999,,1394.376799,994.70001,718.35,713.70001,2890.0,366.79999,2458.31090769,576.75,198.65151576,883.79999,1366.4,644.0,,1809.5,1391.1,808.90002,6846.8501,103.0,870.0,106.75,118.9125,890.1557495,912.0,277.66,347.54999,641.5,3237.25,665.868864,185.67475076,91.15,1007.8,1554.5,746.0,6700.0,217.225005
2021-04-16 09:15:00,1156.1590632,794.84998,3073.0,2693.5,675.25,3657.5,469.0,988.0,43.16662336,534.12840921,944.25,129.95,988.0,2469.8999,,1374.50622,1016.8,722.5,701.29999,2924.95,376.5,2440.54057854,577.75,197.51879151,869.95001,1370.85,635.90002,,1788.15,1393.3,837.84998,6784.8501,102.9,866.75,107.85,120.825,885.11713205,919.54999,278.99,345.5,650.0,3247.0,668.38809092,190.17248705,91.44,1013.5,1559.8,755.79999,6786.4502,236.824995
2021-04-19 09:15:00,1118.3317113,730.90002,3243.1499,2650.0,655.29999,3562.0,450.4,965.4,42.14995771,525.14690512,955.0,126.0,1001.0,2386.0,,1333.669441,1028.45,708.85,684.45001,2822.55,366.0,2421.58884247,562.29999,194.54539979,836.54999,1379.7,625.5,,1720.0,1346.2,807.0,6530.0,100.4,862.0,105.95,116.4375,869.9104938,909.90002,270.67,332.04999,651.40002,3189.0,660.73158692,183.83340414,89.9,1009.4,1532.45,739.54999,6569.4502,238.975005
2021-04-20 09:15:00,1142.28903417,745.90002,3309.0,2604.7,662.0,3624.3,469.9,994.55,42.54995731,527.11007112,966.34998,126.25,1042.15,2404.45,,1367.882694,1006.0,713.2,689.0,2848.8501,371.5,2417.94617112,572.65002,195.39493354,864.79999,1379.0,630.0,,1733.6,1339.45,821.20001,6678.7002,100.9,871.0,105.0,115.70625,871.0907105,931.09998,277.2,339.89999,659.5,3225.3501,689.579328,186.03698407,90.575,1007.5,1560.0,747.59998,6688.6001,238.774995
2021-04-22 09:15:00,1133.8506249,744.90002,3334.1001,2557.0,660.95001,3694.0,471.4,991.19004,42.23329096,523.57639195,963.15002,125.5,1058.0,2348.1001,,1308.420359,971.90002,713.4,682.79999,2882.55,365.60001,2352.9687903,580.59998,194.73417773,839.95001,1364.8,651.0,,1739.75,1339.5,804.84998,6674.8999,99.75,859.5,104.45,115.25625,869.02533128,920.65002,266.4,337.64999,658.0,3148.0,672.48804508,182.62595978,93.865,985.5,1530.0,750.0,6225.0,247.25
2021-04-23 09:15:00,1147.33268109,746.90002,3299.0,2565.0,677.5,3709.6001,475.97998,1014.24,42.99995686,522.64387829,952.84998,127.25,1053.23,2357.1499,,1317.88254,974.84998,717.3,691.40002,2873.8,362.64999,2313.5885595,580.5,195.39493354,859.95001,1348.4,652.79999,,1756.35,1344.65,805.59998,6714.7002,103.0,839.96505,103.65,119.75625,871.04531755,941.90002,277.57,339.89999,645.79999,3119.0,667.54836508,181.11665433,94.5,970.95001,1496.9,787.95001,6155.0,243.675005
2021-04-26 09:15:00,1161.88166259,739.65002,3253.0,2575.0,703.79999,3749.0,482.9,1012.5,43.23328996,518.76661562,940.0,128.0,1026.0,2376.1499,,1315.741099,954.5,714.5,708.15002,2878.3999,358.25,2333.08177375,605.5,195.15894932,870.95001,1351.3,660.70001,,1783.0,1341.2,793.29999,6789.0,103.95,844.75,105.7,121.753125,890.609679,946.90002,275.91,347.45001,644.0,3153.0,666.8568,180.51293215,95.6,970.0,1489.75,787.0,6293.0,241.925005
2021-04-27 09:15:00,1177.01260335,757.5,3205.0,2579.8999,703.90002,3798.0,488.98501,1013.3,43.36662649,528.63151496,919.5,127.9,1023.2,2407.0,,1333.868645,938.54999,721.0,719.0,2939.0,370.0,2349.47379482,601.95001,195.3477367,886.0,1353.0,670.34998,,1762.6,1388.45,787.95001,6709.0,103.55,846.5,104.0,124.03125,906.5879974,946.79999,271.57,354.95001,642.45001,3136.1001,671.69770616,182.62595978,98.3,987.59998,1503.55,794.5,6345.8999,243.5
2021-04-28 09:15:00,1177.4490728,760.0,3249.0,2620.25,712.5,3954.0,531.0,1061.595,43.51662301,537.90748412,918.0,129.45,1021.38,2540.0,,1343.629631,935.84998,739.5,682.5,3009.0,368.89999,2407.11660765,622.79999,194.9229651,931.0,1359.5,676.0,,1824.0,1399.95,801.59998,6650.0,103.95,841.555,104.4,124.70625,911.490436,934.0,282.96,364.29999,647.29999,3151.0,684.639648,186.85201505,98.6,980.0,1514.9,792.0,6405.0,246.600005
2021-04-29 09:15:00,1176.18816107,765.84998,3260.0,2642.0,726.90002,3954.3,552.5,1130.0,43.74995611,539.87065013,917.40002,130.05,1028.8,2547.25,,1364.048021,929.70001,751.825,681.34998,2963.8,377.29999,2411.00540544,628.45001,195.91409882,958.84998,1369.0,728.90002,,1845.45,1389.55,792.04999,6647.4502,105.0,835.73,105.9,125.803125,928.05886275,935.0,286.9,369.95001,652.0,3157.3501,672.24106108,187.15387614,103.695,985.0,1527.5,789.0,6447.2998,246.399995
2021-04-30 09:15:00,1164.8399555,759.45001,3310.0,2605.8,729.84998,3966.3501,552.46499,1122.5,45.4832877,536.92590112,921.0,134.60001,1042.2,2470.25,,1401.797141,915.0,726.9,678.0,2860.0,377.0,2405.04904708,616.34998,194.1678156,948.5,1373.9,740.0,,1802.0,1365.0,778.40002,6559.6001,105.65,828.45995,112.7,125.04375,924.200462,940.5,289.0,362.5,666.59998,3132.05,669.820608,181.90148713,105.26,976.90002,1516.55,790.70001,6424.0,255.899995
2021-05-03 09:15:00,1226.38214724,764.0,3221.8,2595.1001,708.0,3906.8,558.0,1111.085,44.28329224,552.14043763,924.40002,133.45,1042.47,2416.25,,1419.376876,910.45001,710.95,674.5,2848.0,373.20001,2377.58143455,598.84998,190.53366806,967.70001,1361.0,730.0,,1759.0,1351.3,766.54999,6622.0,104.6,828.74745,110.7,125.353125,898.3264805,980.0,266.88,352.5,663.95001,3055.0,674.26632,177.94711288,106.9,965.0,1477.0,787.0,6380.0,248.0
2021-05-04 09:15:00,1259.8933013,782.0,3243.25,2617.95,718.65002,3888.0,574.99502,1121.885,45.7499541,555.52690879,912.90002,135.8,1044.58,2416.8501,,1443.131929,915.0,711.5,680.84998,2819.75,384.45001,2380.73185301,608.0,191.0056365,934.5,1354.95,737.5,,1764.0,1350.9,762.70001,6648.5,106.05,831.0,110.3,124.70625,893.2424701,1005.0,269.84,362.89999,664.90002,3090.0,678.02046692,180.96572378,108.665,969.90002,1434.0,798.0,6425.0,244.149995
2021-05-05 09:15:00,1249.51502783,774.79999,3357.0,2617.0,719.04999,3852.6001,570.0,1119.465,46.16662035,554.54532579,899.0,134.5,1040.4,2387.2,,1449.157844,910.79999,704.8,675.79999,2800.0,373.70001,2396.28704418,604.79999,190.67524915,934.75,1343.9,733.0,,1778.0,1346.75,749.0,6599.0,105.65,830.5,114.0,123.946875,879.94233575,1019.8,262.0,357.45001,687.90002,3099.3999,648.086016,177.43394299,108.835,972.59998,1431.9,810.0,6400.0,248.0
2021-05-06 09:15:00,1272.40542539,753.70001,3385.8999,2581.8501,722.84998,3970.0,561.98999,1119.41,47.69995548,554.00546496,916.70001,135.45,1050.4,2447.95,,1444.22755,923.90002,705.4,679.90002,2922.0,388.60001,2379.10741849,610.84998,194.40379982,938.65002,1364.7,742.0,,1793.7,1356.55,759.5,6709.0,105.1,838.49005,112.85,123.4125,878.3535825,983.45001,263.4,359.35001,696.70001,3134.0,647.04869308,182.32409869,112.9,984.70001,1448.45,800.0,6429.8999,257.399995
2021-05-07 09:15:00,1282.63820904,778.0,3397.0,2590.0,726.90002,3967.8,561.31499,1139.29,47.79994871,562.34892046,895.5,138.0,1049.8,2457.05,,1456.080176,921.40002,712.475,680.5,2995.0,404.95001,2386.44198648,614.79999,194.87576826,951.79999,1373.05,766.70001,,1813.0,1359.9,772.0,6754.5498,105.5,839.905,112.35,121.95,887.72722668,1044.7,264.6,362.0,691.0,3159.8501,634.254912,184.70880734,119.2,984.25,1459.25,785.84998,6524.0,258.274995
2021-05-10 09:15:00,1274.4907794,779.5,3342.6001,2589.0,725.0,3903.8501,557.5,1154.9,48.63328121,566.37339113,906.45001,148.5,1077.99,2450.0,,1469.128025,921.59998,715.0,685.95001,2879.0,427.5,2409.0363939,617.0,195.81970513,949.95001,1352.9,773.0,,1813.25,1398.85,783.79999,6773.1499,108.0,842.5,114.95,123.834375,883.7099506,1017.5,268.2,367.0,703.5,3164.2,629.26584508,190.59509861,122.9,992.65002,1469.75,766.0,6605.0,264.25
2021-05-11 09:15:00,1286.1299646,789.70001,3315.0,2562.0,713.70001,3894.7,545.81001,1131.065,49.91661659,564.26296805,905.95001,156.75,1069.99,2477.8999,,1463.10211,912.45001,712.1,681.5,2843.6499,420.60001,2388.41099802,612.90002,194.9229651,957.0,1341.0,754.79999,,1794.4,1399.9,779.70001,6749.0,113.4,847.45,118.7,126.675,879.96503223,1015.0,269.7,366.39999,721.84998,3128.1001,642.05962616,193.64388959,124.6,986.95001,1457.95,775.0,6619.9502,261.649995
2021-05-12 09:15:00,1288.55479485,772.79999,3274.8999,2588.95,705.75,3900.0,544.0,1132.5,51.86661796,558.66798421,906.75,159.7,1068.0,2485.0,,1450.851076,908.95001,704.3,673.95001,2858.0,417.64999,2351.98428453,606.65002,193.743044,950.54999,1330.0,741.90002,,1754.0,1425.0,771.70001,6840.0,116.75,842.87,121.15,132.1875,877.40033055,1000.9,271.2,373.5,714.95001,3120.0,638.89822108,202.09600012,124.685,977.0,1460.0,776.0,6490.5,261.274995
2021-05-14 09:15:00,1262.8515942,758.65002,3211.75,2835.25,698.59998,3894.1499,540.5,1116.375,49.56661694,558.86426155,921.0,155.95,1079.68,2457.6001,,1416.289217,912.0,699.45,679.90002,2851.8999,403.64999,2345.486448,601.95001,201.24734218,923.0,1326.85,721.5,,1728.9,1423.9,763.70001,6842.1499,113.95,863.0,116.0,129.375,881.531089,982.0,274.4,372.5,711.0,3098.5,641.664432,198.92645867,118.5,966.45001,1477.8,783.0,6482.0,254.199995
2021-05-17 09:15:00,1259.9417979,760.0,3189.95,2824.2,710.29999,3924.3999,549.0,1137.5,49.69995347,553.56374279,905.0,149.14999,1052.0,2489.95,,1394.825008,927.20001,721.3,675.29999,2884.3999,395.35001,2357.89131915,624.5,204.83430231,959.90002,1334.95,722.40002,,1755.0,1441.0,756.0,6838.3999,112.25,865.0,115.4,129.9375,891.26787678,988.79999,279.6,385.20001,698.5,3075.2,649.46914616,195.51543439,115.82,957.95001,1470.8,813.95001,6554.25,251.850005
2021-05-18 09:15:00,1304.5101779,780.0,3188.45,2845.0,726.0,4078.0,570.5,1158.9,51.66661483,542.71726046,888.34998,149.8,1060.98,2583.8999,,1422.165729,939.5,741.375,672.79999,2919.7,412.79999,2371.03456963,635.5,202.56886324,986.95001,1344.6,731.09998,,1770.95,1422.0,799.95001,6864.0,114.2,862.44745,117.5,134.915625,909.0392167,976.0,293.0,392.54999,695.84998,3124.0,650.061888,203.24306623,119.645,979.0,1547.1,832.90002,6670.0,257.399995
2021-05-19 09:15:00,1310.91172976,791.90002,3236.1001,2849.0,723.70001,4112.0,572.28999,1143.4,52.63327719,530.59468096,905.95001,152.5,1052.8,2615.0,,1416.239416,941.0,739.425,671.59998,2943.95,406.45001,2343.1237326,634.0,199.54824636,978.59998,1357.45,720.34998,,1750.35,1435.0,794.0,6854.9502,113.15,873.25,115.8,133.875,915.32614028,979.90002,291.96,389.5,706.75,3118.0,653.025696,194.97208442,118.955,986.29999,1553.9,855.0,6755.0,258.899995
2021-05-20 09:15:00,1280.310372,779.5,3272.75,2845.0,714.40002,4129.0,565.8,1129.995,52.89994693,521.22057312,927.90002,152.39999,1057.2,2582.0,,1383.470391,934.79999,732.95,679.0,2916.8,393.20001,2325.40262874,632.90002,197.56598836,987.90002,1349.1,703.40002,,1737.0,1426.95,809.54999,6814.7002,112.75,874.9825,114.7,132.159375,912.80683155,984.45001,285.72,387.79999,701.65002,3088.8,648.086016,191.13844857,113.55,984.79999,1566.25,829.45001,6632.4502,258.5
2021-05-21 09:15:00,1295.8292856,775.25,3259.3999,2854.0,733.40002,4132.0,569.5,1141.5,52.99994683,523.47820421,935.0,149.60001,1053.9,2559.5,,1381.428552,934.65002,750.95,674.90002,2890.1001,391.89999,2329.48822923,643.95001,198.08516308,1020.0,1357.5,705.90002,,1764.45,1424.7,821.0,6835.5,113.15,877.5,114.05,128.953125,912.2167232,975.70001,297.6,404.39999,694.5,3088.2,644.62824,190.59509861,112.39,986.0,1552.85,832.29999,6674.75,257.95001
2021-05-24 09:15:00,1288.70028467,779.90002,3285.0,2849.0,747.5,4184.8501,568.8,1136.5,53.33327983,523.18373912,945.5,149.75,1059.8,2579.0,,1370.920552,939.0,760.225,673.29999,2963.7,393.70001,2323.38439191,653.45001,200.16181477,1022.75,1363.0,697.0,,1778.9,1458.0,824.0,6965.0,113.95,879.40255,113.95,131.85,912.3075091,971.95001,296.6,419.20001,698.40002,3105.0,646.80170908,190.65545875,110.895,994.0,1535.0,839.0,6672.3999,259.25
2021-05-25 09:15:00,1282.2502362,776.70001,3267.0,2922.6499,745.0,4187.0,565.87998,1140.5,52.61661721,521.02424671,940.0,150.0,1064.0,2634.0,,1393.679586,943.79999,756.875,674.0,2944.8501,399.5,2333.08177375,652.0,201.43612011,1012.75,1368.0,714.5,,1773.9,1461.95,828.0,6948.0,114.85,887.94005,117.1,131.878125,906.4972115,972.59998,295.32,415.5,697.40002,3128.25,644.134272,192.58737577,112.595,1001.7,1574.9,830.90002,6637.3501,262.42499
2021-05-26 09:15:00,1286.95440688,769.90002,3220.0,2947.8999,741.40002,4180.0,579.47998,1198.0,51.39994843,521.02424671,951.95001,148.0,1067.0,2656.1499,,1426.249407,948.95001,743.5,666.40002,2986.75,389.5,2333.47557605,656.65002,200.53938952,1007.95,1400.0,691.0,,1761.8,1476.6,826.0,7051.0,114.0,880.8675,115.4,131.5125,898.55344525,980.0,291.15,418.75,706.15002,3165.0,647.09808,193.19109795,109.4,1012.0,1614.0,836.84998,6618.0,265.225005
2021-05-27 09:15:00,1301.6488782,765.0,3223.6001,2965.0,753.84998,4274.0,578.21499,1196.815,50.31661619,517.29424112,948.75,146.3,1056.78,2677.0,,1430.532289,956.90002,744.5,667.0,3028.45,388.45001,2316.54207681,656.5,202.14407277,1013.3,1416.25,694.34998,,1783.45,1485.0,831.0,7069.0,111.65,895.0,113.65,129.15,904.6814935,986.0,289.94,429.10001,709.75,3217.75,644.134272,195.27394551,110.975,1032.0,1606.95,834.25,6724.9502,272.5
2021-05-28 09:15:00,1290.44616245,784.90002,3207.0,2963.8,759.70001,4256.0,575.0,1202.495,49.86661997,518.76661562,947.34998,148.8,1056.0,2710.0,,1474.10812,949.75,756.5,674.40002,3033.3999,398.85001,2313.5885595,660.0,201.53052324,1025.5,1414.0,708.79999,,1813.0,1499.65,853.0,7047.0,111.0,890.7175,115.55,129.9375,955.5215975,987.0,302.88,433.64999,694.5,3198.0,649.76551708,195.90784777,114.36,1033.0,1612.25,847.34998,6735.0,270.149995
2021-05-31 09:15:00,1281.76527015,779.95001,3186.3,2989.95,753.0,4228.7002,566.47002,1185.505,48.73328444,526.12848812,951.0,148.39999,1067.05,2686.0,,1488.948803,947.84998,759.75,670.70001,3015.0,395.39999,2308.66603065,665.0,205.68383606,1020.4,1401.5,714.20001,,1811.8,1476.0,824.0,7100.0,111.35,887.2625,114.35,127.4625,994.87728515,982.79999,293.2,426.0,675.70001,3170.3501,656.97744,193.04016741,112.965,1032.0,1608.25,856.79999,6721.0,270.274995
2021-06-01 09:15:00,1387.002903,801.79999,3249.0,2982.6001,754.0,4347.0,581.8,1194.76,50.99994883,528.48430695,958.0,149.39999,1067.8,2704.0,,1473.261504,952.0,763.5,670.95001,3055.0,396.79999,2326.38713451,664.90002,207.09974137,1031.35,1401.0,716.95001,,1824.0,1492.5,818.0,7143.0,111.45,890.5,118.45,128.25,999.552759,982.0,287.04,435.35001,673.29999,3169.95,659.200296,196.63232042,112.3,1032.0,1612.0,862.79999,6723.0,273.5
2021-06-02 09:15:00,1510.1842797,824.0,3301.0,2933.75,745.29999,4305.8999,584.5,1186.0,50.33328284,524.75425229,960.5,149.89999,1070.8,2694.0,,1448.659835,950.70001,755.1,677.95001,2993.0,402.70001,2336.87202251,649.34998,200.53938952,1030.0,1391.95,709.04999,,1793.0,1474.6,812.0,7197.7002,111.35,890.65995,119.4,128.334375,1002.95723025,993.45001,287.29,437.95001,678.09998,3159.45,666.609816,195.84746951,112.98,1024.7,1596.75,855.0,6670.0,272.5
2021-06-03 09:15:00,1574.97574398,849.0,3435.0,2942.0,752.25,4300.0,591.5,1192.39,50.64994918,523.57639195,959.70001,150.39999,1068.0,2774.5,,1458.171816,949.79999,762.475,683.29999,3014.0,405.5,2334.31240596,653.65002,198.93469683,1037.25,1399.0,720.84998,,1827.95,1515.0,813.20001,7230.0,112.2,892.74745,123.8,130.190625,1021.341375,990.84998,289.2,441.95001,680.84998,3154.55,674.760288,197.83976478,113.975,1020.75,1702.3,863.90002,6655.0,274.95001
2021-06-04 09:15:00,1662.02714996,841.95001,3428.6499,2990.0,759.90002,4295.4502,601.0,1219.0,51.06661543,525.93216171,951.5,154.39999,1058.0,2775.0,,1501.000633,944.20001,760.325,688.75,3055.0,400.0,2333.2786749,654.90002,197.94356311,1023.4,1396.9,726.0,,1820.95,1547.25,814.0,7272.0,113.0,885.32,126.7,128.334375,1006.11204027,994.95001,287.0,441.89999,679.25,3156.8501,681.62645308,203.39399678,112.88,1026.95,1713.8,863.25,6685.0,272.75
2021-06-07 09:15:00,1665.56740212,898.79999,3380.1499,2941.0,753.95001,4284.8999,584.38501,1200.88,51.41661508,531.03640312,951.75,158.85001,1054.75,2797.8999,,1524.855288,951.95001,757.0,684.5,3076.6001,401.39999,2317.52658258,650.0,200.49218324,1032.65,1392.0,730.75,,1825.0,1569.5,811.75,7328.8501,116.75,879.5,127.5,133.7625,1017.709939,997.95001,302.89,437.39999,677.79999,3190.45,698.470752,211.90648557,115.0,1038.95,1713.85,874.0,6907.9502,275.600005
2021-06-08 09:15:00,1617.8467428,887.79999,3312.5,2944.25,751.09998,4275.0,581.7,1190.0,51.26661523,537.90748412,955.0,157.5,1059.18,2779.0,,1510.014605,972.0,750.65,692.0,3078.0,395.5,2325.40262874,648.0,202.2384759,1028.0,1421.75,714.29999,,1816.5,1583.0,810.0,7366.4502,118.5,880.64745,125.9,134.409375,1010.96904053,988.0,305.92,432.5,679.95001,3231.0,706.76943416,215.31750985,113.27,1060.9,1726.0,869.34998,6895.0,277.75
2021-06-09 09:15:00,1599.85450235,901.0,3331.6001,2965.0,751.25,4272.5,579.5,1183.8,51.83328133,541.34302463,975.0,161.39999,1062.0,2774.45,,1521.81743,985.0,751.0,696.90002,3090.0,390.95001,2335.19846115,645.59998,202.71044434,1035.7,1425.0,713.34998,,1812.0,1555.0,816.75,7339.2002,121.0,881.28,128.0,138.09375,1008.1774195,1007.0,297.8,432.29999,684.70001,3220.0,706.22602984,216.67588476,112.8,1064.45,1739.9,872.95001,6787.6001,276.625
2021-06-10 09:15:00,1580.989323,863.95001,3345.0,2959.3,745.34998,4233.5,611.5,1220.8,50.98328218,537.76022704,975.0,158.75,1060.0,2755.0,,1510.960823,981.65002,744.5,691.70001,3043.8999,389.95001,2362.76462271,642.40002,199.54824636,1028.6,1429.0,719.0,,1803.0,1534.0,810.95001,7279.4502,119.9,883.75,124.8,139.5,1012.262785,1005.0,294.98,433.29999,681.0,3224.0,710.079,210.00476673,112.58,1074.0,1745.85,884.84998,6763.7998,277.75
2021-06-11 09:15:00,1571.38699521,856.40002,3346.0,2971.6001,746.25,4216.8501,623.0,1208.0,51.66661483,539.62525438,982.29999,165.0,1097.98,2752.55,,1503.98869,990.0,748.275,690.15002,3038.0,395.0,2351.54125693,644.54999,198.65151576,1032.0,1451.6,734.09998,,1810.0,1527.15,815.84998,7244.0,119.55,880.45,126.6,139.95,1011.354926,1002.5,298.8,435.5,686.34998,3309.0,708.69586984,213.05355167,116.46,1082.4,1743.0,892.45001,6754.9502,279.475005
2021-06-14 09:15:00,1483.9476164,783.70001,3360.0,2970.0,741.40002,4195.5,624.9,1201.5,51.11661872,530.88914604,979.0,164.0,1103.0,2771.8501,,1491.737656,988.45001,743.0,685.0,3016.95,397.5,2338.29975278,636.09998,196.76364201,1028.0,1477.0,737.20001,,1789.9,1519.5,809.5,7212.9502,118.9,881.5,125.8,140.5125,1025.08629338,992.75,296.78,432.45001,683.70001,3308.7,708.350112,216.07216258,117.865,1079.35,1740.0,877.54999,6685.8999,281.399995
2021-06-15 09:15:00,1525.31522046,802.90002,3356.95,3050.0,752.0,4171.7998,623.97998,1208.49,50.9666122,533.63761771,978.84998,161.85001,1096.61,2787.05,,1508.968785,993.0,748.0,694.0,3025.0,396.35001,2357.89131915,646.20001,196.71643573,1050.0,1476.0,732.40002,,1784.15,1523.7,813.5,7228.8501,118.95,885.5,128.5,141.46875,1032.64417416,1003.75,295.0,432.79999,681.40002,3298.0,715.36443784,217.79277683,118.68,1093.0,1748.95,871.90002,6746.0498,282.0
2021-06-16 09:15:00,1491.94955622,755.0,3325.0,3042.2,756.84998,4158.0498,616.08999,1198.5,50.49994933,533.78482571,971.15002,158.8,1091.6,2777.6499,,1495.572329,986.0,747.0,698.09998,3014.8501,391.35001,2381.37188022,649.20001,197.61319464,1038.7,1489.45,728.90002,,1780.95,1516.0,821.84998,7193.75,120.6,903.425,128.25,139.21875,1020.00228298,1003.85,292.8,432.75,680.5,3294.7,728.849784,214.92509647,118.475,1077.95,1729.0,869.79999,6694.1001,281.274995
2021-06-17 09:15:00,1392.8224956,704.65002,3282.95,3073.95,745.40002,4120.0,611.5,1193.72,49.91661659,531.28179887,959.75,155.39999,1082.8,2772.8999,,1484.715722,988.95001,739.375,703.84998,2958.95,380.29999,2388.31244899,637.54999,196.33887042,1021.8,1502.65,711.0,,1771.8,1499.85,809.90002,7099.1001,120.6,909.46505,127.0,137.278125,1014.5324325,992.70001,287.4,425.95001,673.54999,3336.05,738.28456292,213.05355167,113.38,1084.7,1722.0,895.0,6750.0,280.75
2021-06-18 09:15:00,1458.7778784,704.59998,3253.0,3077.8,743.20001,4193.3501,614.8,1210.0,48.99995084,531.91984746,967.65002,153.8,1069.0,2715.0,,1483.271495,996.70001,745.0,711.0,2945.0,373.35001,2458.01555596,636.59998,194.87576826,999.79999,1515.8,696.40002,,1776.65,1490.95,808.95001,6989.8501,118.15,904.94745,124.55,137.8125,1014.5324325,1000.7,284.79,423.89999,673.0,3358.0,738.43277308,209.43121859,110.99,1091.6,1725.0,864.90002,6727.9502,280.975005
2021-06-21 09:15:00,1534.4325822,744.65002,3252.0,3079.1499,740.90002,4196.0,613.5,1219.975,49.99994984,531.91984746,962.70001,148.0,1060.0,2742.0,,1494.875116,983.45001,745.9,720.0,2913.0,369.95001,2489.81509233,633.09998,194.45099666,1010.0,1505.8,676.29999,,1777.2,1469.4,778.84998,6925.0,118.45,885.50255,122.0,132.440625,1020.20655125,990.40002,277.98,421.0,674.79999,3286.0,734.97499708,202.72990238,110.9,1070.05,1747.55,862.65002,6790.0,272.375
2021-06-22 09:15:00,1534.4325822,761.65002,3302.95,3092.8501,749.0,4230.6001,618.9,1226.6,50.66661583,538.88906712,960.90002,149.5,1064.0,2759.3501,,1514.745695,988.20001,754.0,724.0,2942.05,371.85001,2494.68839589,644.09998,194.68698088,1021.7,1521.45,682.5,,1785.0,1504.8,789.54999,7299.9502,118.9,887.39745,124.2,133.3125,1026.3345995,1011.0,280.39,425.45001,680.25,3327.05,749.59644,207.86154092,113.1,1072.0,1770.8,864.40002,6940.0,279.975005
2021-06-23 09:15:00,1522.7449004,757.0,3274.95,3030.0,743.75,4259.6499,611.5,1240.0,56.66660981,529.26956354,966.0,150.60001,1069.99,2763.0,,1506.229733,985.0,748.9,723.65002,2995.0,377.0,2475.04750578,635.0,194.30941557,1017.8,1525.0,685.0,,1764.0,1507.0,786.0,7479.0,118.85,878.0,124.4,132.75,1021.61377809,1015.05,277.2,424.75,672.34998,3329.0,755.77104,207.22763866,112.755,1062.3,1786.0,867.75,6953.7002,280.42499
2021-06-24 09:15:00,1473.3268599,725.0,3281.6499,3049.7,742.95001,4236.2002,610.8,1239.6,57.83327531,525.58862729,958.70001,149.10001,1062.99,2735.0,,1501.000633,994.59998,756.725,722.45001,2940.0,372.45001,2465.9900527,636.29999,193.17667244,1008.0,1568.75,681.5,,1742.9,1513.2,794.0,7550.0,118.5,883.5,124.45,131.034375,1005.27231609,1005.45,275.2,422.75,671.0,3383.0,754.58550692,203.69585787,112.05,1082.3,1792.95,864.40002,6978.5,275.274995
2021-06-25 09:15:00,1487.8758414,719.0,3465.0,3053.5,765.95001,4249.0,610.7,1252.0,58.63327117,526.03034945,961.0,149.25,1067.2,2725.0,,1508.968785,1010.0,761.0,731.5,2949.3,380.35001,2451.37014201,650.0,194.07343135,1020.0,1578.0,702.34998,,1754.0,1529.3,801.90002,7665.0,119.1,882.5,124.95,130.95,977.53717825,1017.55,275.6,431.0,677.40002,3399.6499,754.23974908,206.95595764,117.0,1103.2,1792.0,867.75,7000.0,275.5
2021-06-28 09:15:00,1517.9437365,729.95001,3490.0,3038.8501,769.59998,4205.25,611.77002,1251.96,59.03327744,527.11007112,971.34998,149.0,1083.99,2752.95,,1540.841393,1000.0,761.5,728.0,2958.3999,384.95001,2426.80672305,653.0,194.35659353,1021.6,1580.15,701.34998,,1748.0,1527.95,799.0,7698.0,117.85,881.0,124.5,130.78125,965.28108175,1019.7,277.8,433.14999,679.90002,3391.5,760.41434908,208.28415248,118.9,1108.0,1768.5,885.90002,6979.9502,275.399995
2021-06-29 09:15:00,1502.13384327,723.0,3604.95,3023.8501,763.54999,4188.8501,613.76499,1249.0,58.61661119,522.44755187,989.0,147.89999,1090.99,2749.0,,1517.185942,993.90002,754.1,702.5,2957.55,383.5,2458.80316058,648.75,193.79024085,1022.0,1573.65,696.5,,1738.0,1529.8,792.0,7601.0,118.55,887.5,122.45,133.81875,957.3373155,1017.3,279.2,428.95001,681.5,3366.3,762.58781816,209.18973575,119.2,1109.4,1746.0,881.0,6880.0,276.875
2021-06-30 09:15:00,1492.7255019,717.59998,3659.8501,3030.0,760.5,4164.0,612.5,1236.955,59.63327017,520.63164295,997.0,147.39999,1093.76,2725.0,,1503.689884,991.45001,754.5,695.65002,2930.0,379.39999,2466.18695385,640.79999,192.94068822,1027.55,1591.0,698.0,,1743.5,1523.4,789.40002,7646.6001,118.45,887.25,120.95,133.65,963.53340778,1011.75,274.56,424.89999,683.45001,3382.0,759.08060584,208.49546128,119.1,1105.0,1755.35,865.75,6866.0498,274.0
2021-07-01 09:15:00,1476.77011886,711.84998,3696.95,3026.8999,754.40002,4250.0,604.0,1219.8,61.96660116,521.22057312,980.0,147.3,1116.0,2709.0,,1502.345259,988.0,751.0,692.59998,2947.0,380.79999,2445.51233268,637.40002,192.37433553,1016.95,1576.85,690.0,,1725.2,1503.0,798.75,7605.0,117.8,886.25,119.75,131.034375,963.76037253,1017.4,273.05,423.70001,685.79999,3362.0,750.83136,209.73307968,117.68,1099.35,1746.4,862.0,6799.5,272.95001
2021-07-02 09:15:00,1462.36662717,724.29999,3744.8999,3038.8,752.84998,4229.5,603.0,1196.9,61.81660465,523.18373912,985.79999,148.64999,1120.0,2691.1001,,1506.926946,987.59998,744.625,690.04999,2968.95,380.60001,2454.07753288,641.34998,192.27994184,1014.15,1569.45,682.95001,,1728.0,1500.65,787.29999,7634.5,119.05,884.0,120.85,129.99375,968.18618516,1010.9,274.52,425.39999,689.5,3339.7,759.52518692,208.61619364,116.68,1097.5,1767.85,909.79999,6747.8501,271.149995
2021-07-05 09:15:00,1400.5334558,721.0,3762.95,3050.0,762.0,4249.8999,609.59502,1194.2,60.6666058,518.76661562,983.84998,150.5,1119.2,2720.0,,1501.996652,995.90002,752.25,691.0,2951.8999,391.0,2474.45670387,648.5,192.65752604,1026.5,1585.0,675.0,,1739.8,1514.0,793.5,7690.0,119.1,885.6,121.45,129.88125,977.55987473,1014.95,275.6,434.5,684.95001,3374.0,762.192624,211.36314164,116.18,1094.95,1762.9,921.0,6790.0,271.45001
2021-07-06 09:15:00,1400.72744222,731.95001,3750.75,3029.5,767.0,4249.0,634.27998,1228.235,60.7332724,517.98135904,975.0,150.7,1112.24,2731.1499,,1518.928975,982.20001,770.0,687.0,2954.0,391.0,2459.24618817,655.0,192.37433553,1035.0,1586.75,681.70001,,1760.0,1519.0,795.0,7657.9502,118.95,881.8925,125.0,129.65625,975.44905716,1032.9,286.96,436.5,683.0,3328.0,759.722784,216.25329131,117.8,1074.65,1774.0,917.59998,6999.0,269.149995
2021-07-07 09:15:00,1393.88942091,723.0,3757.8,3069.0,764.0,4224.0,628.6,1239.9,61.13326867,520.82792029,968.95001,148.75,1122.92,2738.8999,,1494.0285,977.59998,772.675,685.79999,2922.0,395.0,2452.20697192,654.75,193.69584716,1047.0,1570.55,694.0,,1768.5,1519.7,781.90002,7581.0,118.2,890.0,120.4,130.190625,965.84849363,1027.0,290.0,434.0,682.0,3282.7,756.80836292,192.64775403,122.5,1059.5,1783.4,912.20001,6962.0,268.20001
2021-07-08 09:15:00,1401.5518845,728.0,3720.0,3059.0,767.15002,4118.3999,622.08999,1245.0,62.46660066,522.98741271,968.0,148.14999,1117.6,2737.0,,1492.783476,982.0,768.85,689.29999,2934.8501,392.89999,2431.48312546,654.0,193.03509135,1061.0,1576.0,691.45001,,1763.0,1524.0,787.59998,7498.0,118.7,884.9925,119.4,131.146875,960.94605502,1026.0,289.42,435.39999,680.90002,3298.0,756.758976,190.05173657,123.0,1063.4,1746.0,947.95001,6994.8999,268.475005
2021-07-09 09:15:00,1412.80309686,737.0,3744.0,3039.1499,752.90002,4079.95,617.1,1291.2,60.8999389,527.60086262,965.59998,147.5,1104.05,2765.0,,1501.996652,979.5,758.0,683.95001,2919.6499,391.39999,2426.31447017,641.15002,191.0056365,1048.6,1569.9,683.59998,,1730.0,1502.85,776.0,7447.8999,118.4,884.0,118.65,130.190625,949.48433515,1028.0,292.0,427.5,672.29999,3282.0,763.427544,186.45960167,124.41,1068.8,1739.95,924.5,6920.6499,265.475005
2021-07-12 09:15:00,1403.4917487,735.65002,3788.8,3042.8501,757.79999,4030.0,619.88999,1294.54,61.64993815,529.02416779,967.95001,147.85001,1100.0,2743.95,,1534.566473,983.04999,751.0,686.65002,2926.0,393.0,2421.78564517,650.25,191.19441444,1057.65,1578.0,703.75,,1743.0,1516.0,781.0,7589.7998,118.75,887.7675,119.35,130.359375,953.93284425,1036.0,293.53,430.25,672.84998,3236.0,777.35742184,188.3613205,125.85,1058.7,1739.2,924.90002,7114.9502,266.07501
2021-07-13 09:15:00,1389.9126993,720.90002,3769.95,3021.1001,773.0,4019.7,622.5,1299.88,61.5999382,525.63769662,969.84998,148.5,1106.8,2744.8501,,1575.851461,983.0,753.05,694.54999,2919.0,394.95001,2417.50314352,666.34998,190.86403653,1059.95,1556.4,703.5,,1752.5,1515.0,782.20001,7529.2002,122.0,886.65,120.8,130.44375,954.63643498,1056.5,293.0,431.79999,689.34998,3214.0,771.47924216,188.51225105,124.345,1062.0,1735.0,936.70001,7160.0,264.75
2021-07-14 09:15:00,1405.4316129,711.5,3775.0,3007.75,773.45001,4003.1001,618.2,1303.3,61.54993492,521.61322595,978.40002,149.39999,1091.78,2714.0,,1573.71002,992.95001,753.675,697.04999,2920.0,394.39999,2403.52326004,668.0,193.64864088,1060.5,1582.8,705.84998,,1757.95,1549.9,787.0,7449.0,120.95,884.595,121.75,130.190625,956.36141247,1060.85,287.37,432.29999,692.40002,3222.0,767.32990108,189.1461533,124.77,1080.0,1728.6,936.04999,7238.9502,281.649995
2021-07-15 09:15:00,1386.0329709,706.40002,3798.0,3011.0,778.25,3969.95,617.72002,1311.0,61.46660167,522.69294762,981.0,148.39999,1087.7,2711.3501,,1573.461015,1052.5,763.375,699.5,2913.3999,402.89999,2387.42649225,669.59998,196.81083885,1067.4,1596.85,707.95001,,1757.0,1625.0,783.95001,7358.0,121.2,882.89005,119.4,130.190625,950.9823025,1064.95,293.0,432.95001,688.20001,3231.8501,765.25520584,188.87449039,126.58,1119.7,1716.75,927.95001,7220.0,289.82501
2021-07-16 09:15:00,1372.4539215,702.90002,3787.0,3006.0,776.0,3960.6001,619.0,1302.5,60.3999394,533.39222196,989.90002,148.05,1090.0,2671.3,,1573.012807,1048.75,764.975,702.0,2908.6499,406.0,2392.3490211,667.75,197.89635682,1058.95,1574.65,707.0,,1762.0,1622.8,784.0,7333.0,120.8,885.75,117.4,133.03125,959.94741012,1057.85,294.1,432.5,695.65002,3219.8501,765.60101308,190.44416807,128.13,1118.3,1710.0,911.0,7360.0,294.625
2021-07-19 09:15:00,1370.17458107,693.0,3919.95,2999.7,766.65002,3939.0,612.3,1282.0,62.58327055,534.66827004,983.59998,146.39999,1089.0,2617.25,,1569.327536,1018.3,744.425,696.5,2894.3999,404.95001,2379.55044609,656.90002,197.75477573,1034.7,1552.9,712.34998,,1740.0,1639.4,780.70001,7297.0,121.85,892.25,116.55,131.990625,964.146258,1050.25,288.0,429.45001,691.5,3199.8,760.71072,187.33498676,129.09,1110.45,1709.25,879.0,7385.0,292.0
2021-07-20 09:15:00,1341.31910109,680.84998,3908.0,3179.5,755.20001,3932.45,602.79502,1277.1,62.24993755,526.91374471,974.09998,145.05,1087.2,2601.0,,1581.229963,1012.2,727.0,681.5,2899.0,396.45001,2421.8841942,651.25,197.56598836,1019.0,1557.7,698.0,,1723.8,1622.65,775.70001,7265.0,122.0,895.35,113.25,132.91875,956.883386,1041.2,281.98,427.0,691.59998,3215.0,758.734848,185.94643178,127.23,1102.2,1691.45,869.90002,7544.0,289.07501
2021-07-22 09:15:00,1382.05624929,695.0,4004.0,3165.0,758.5,4013.6499,624.4,1310.0,61.58327155,537.90748412,958.95001,145.39999,1078.8,2584.95,,1593.132391,981.5,734.25,669.40002,2847.0,395.20001,2469.14047116,660.29999,196.57485464,1005.75,1592.85,722.59998,,1721.95,1647.15,767.09998,7325.0,119.7,902.32245,115.8,131.90625,964.10081966,1038.8,280.51,426.70001,688.20001,3224.95,756.66020216,185.61439062,127.795,1152.5,1714.65,925.0,7546.5,292.5
2021-07-23 09:15:00,1391.70707368,700.0,3999.75,3129.6001,764.0,3925.0,622.5,1324.395,61.7332714,550.32452871,957.70001,145.0,1086.4,2578.0,138.89999,1582.62439,1003.9,728.725,667.95001,2864.0,396.54999,2354.6916754,677.84998,201.62492637,1000.0,1598.5,727.0,,1727.3,1645.95,767.84998,7375.0,120.1,911.2,116.75,131.596875,968.88982127,1053.95,281.39,429.95001,698.95001,3241.55,767.626272,182.26372044,129.55,1141.5,1725.95,922.95001,7638.9502,300.899995
2021-07-26 09:15:00,1374.19979928,690.95001,4158.7998,3119.0,760.0,3871.3,619.82998,1357.545,61.6666048,543.64972504,960.0,145.5,1089.4,2585.0,143.75,1560.014759,1004.0,722.0,665.40002,2833.8501,402.45001,2323.4336172,687.75,203.2768159,996.65002,1611.65,729.5,,1750.0,1627.3,764.09998,7360.0,120.0,909.3875,115.6,132.384375,962.7844695,1104.9,281.0,427.79999,705.0,3224.25,776.517696,179.30548779,130.825,1138.55,1736.85,897.0,7640.0,300.25
2021-07-27 09:15:00,1381.76526966,686.29999,4189.6499,3081.5,756.0,3859.0,632.7,1384.495,61.74993805,535.74799171,958.5,145.25,1088.99,2598.0,147.8,1557.97292,1002.2,724.95,674.79999,2826.25,419.70001,2322.89213903,685.59998,201.0585548,994.0,1609.3,717.90002,,1753.0,1619.0,760.0,7320.0,119.6,922.45,115.9,132.103131,945.85289915,1113.75,282.4,433.25,705.70001,3210.0,778.64177816,179.69790117,133.45,1127.7,1742.4,925.95001,7675.0,297.32501
2021-07-28 09:15:00,1381.95925608,676.75,4100.0,3033.0,734.79999,3841.45,628.4,1400.1,63.86660592,560.18942805,921.59998,144.3,974.97,2576.5,135.0,1531.130208,995.95001,719.35,674.45001,2805.95,419.39999,2331.75269096,687.0,198.22674417,1009.8,1607.6,725.40002,,1705.8,1601.3,750.70001,7312.0,119.55,916.7,115.2,130.72499475,934.186911,1138.8,275.6,430.5,691.95001,3204.45,760.71072,175.62277644,136.995,1130.7,1749.2,931.70001,7685.0,296.67499
2021-07-29 09:15:00,1382.1532425,671.0,4054.55,3039.95,728.5,3827.8,643.0,1492.5,63.89993589,566.07892605,899.95001,144.64999,953.0,2559.95,144.0,1551.399194,1009.0,714.975,669.95001,2784.8,474.0,2334.65688453,692.5,198.41553155,1003.45,1620.0,758.09998,,1664.0,1607.35,738.84998,7130.0,118.25,910.0,115.8,130.1625,941.63130941,1148.0,276.7,443.60001,705.95001,3225.45,750.73258616,178.33952626,148.18,1141.35,1756.3,933.15002,7718.8999,299.0
2021-07-30 09:15:00,1405.91657895,687.79999,4086.45,3008.6499,718.65002,3858.0,641.68501,1461.385,62.81660364,558.02993563,929.90002,144.89999,961.0,2563.7,142.7,1559.765754,1049.95,715.875,672.0,2802.0,459.64999,2320.03707229,687.65002,195.48933667,1000.0,1623.4,757.84998,,1669.9,1624.9,760.0,7095.0,119.95,897.79745,116.75,129.9,938.70350952,1123.0,282.02,444.39999,783.75,3223.5,752.807232,181.11665433,147.27,1237.3,1747.9,942.95001,7730.0,296.5
2021-08-02 09:15:00,1401.5518845,695.0,4092.95,2986.8,725.54999,3880.0,628.39502,1439.995,62.3332708,559.4532408,933.59998,144.89999,950.1,2615.0,140.75,1607.77387,1039.0,717.5,671.45001,2796.8,452.25,2316.93578067,688.04999,195.86690198,997.15002,1634.75,751.45001,,1677.3,1618.0,759.04999,7107.4502,118.75,895.04005,117.5,129.0,943.90095691,1128.5,286.0,436.70001,801.90002,3224.8999,761.698656,180.75441498,144.7,1214.0,1776.0,969.0,7718.7998,297.70001
2021-08-03 09:15:00,1422.8903907,714.95001,4225.0,3065.0,740.84998,3838.0,634.2,1431.835,61.63326816,571.28130613,929.54999,144.75,945.89,2654.8999,140.8,1593.530798,1042.95,719.95,675.0,2822.0,450.85001,2355.92230761,691.90002,199.07627792,1025.0,1658.65,746.0,,1689.25,1638.7,772.70001,7221.0,118.5,919.0,118.2,131.4,949.1665845,1134.9,277.6,447.89999,804.34998,3290.0,761.451672,183.83340414,142.085,1230.0,1854.95,965.90002,7867.25,302.0
2021-08-04 09:15:00,1416.100866,718.0,4128.6001,3053.3,757.0,3864.8501,647.74502,1448.5,61.5999382,576.09108247,942.5,147.35001,962.0,2679.7,141.0,1598.8595,1047.75,737.25,679.65002,2834.3,455.5,2357.64519271,717.40002,199.26508417,1048.0,1679.9,754.0,,1753.25,1644.3,775.79999,7248.6001,118.85,917.49745,118.5,132.4500075,959.606963,1144.65,271.74,467.45001,797.90002,3305.2,760.71072,185.01066844,144.8,1230.4,1858.65,952.70001,7911.0,302.0
2021-08-05 09:15:00,1394.7623598,700.5,4111.7002,3040.0,755.0,3858.0,635.55,1424.89,59.69994344,607.59987714,953.0,145.89999,961.8,2757.0,138.89999,1546.817507,1073.0,753.525,678.0,2831.7,445.70001,2353.95329607,716.5,204.59831809,1012.45,1666.0,765.40002,,1793.0,1632.85,766.34998,7079.9502,117.8,914.205,117.25,131.8125,978.1272866,1175.7,267.55,462.5,794.40002,3315.0,761.40228508,181.65999826,145.0,1254.0,1821.2,939.90002,7829.8501,307.25
2021-08-06 09:15:00,1508.2444155,719.90002,4178.0498,3001.0,757.65002,3872.3501,629.95,1410.87,59.9332732,605.58764181,939.0,148.45,961.25,2759.3501,136.2,1547.315516,1070.0,750.0,675.5,2851.05,455.85001,2343.86211193,706.0,203.89036543,1034.0,1660.65,776.5,,1784.7,1639.0,772.29999,7168.5,118.7,910.4,118.2,132.375,974.56394002,1154.25,268.82,447.0,796.45001,3324.0,788.71868584,183.16930371,145.7,1273.0,1796.35,936.95001,7719.8999,303.20001
2021-08-09 09:15:00,1517.9437365,717.0,4111.0,3015.0,757.40002,3898.8999,626.99502,1446.0,57.63327218,601.41591406,920.0,147.85001,966.76,2768.75,133.55,1540.841393,1066.75,753.675,677.95001,2865.8999,445.0,2357.89131915,706.29999,204.9758834,1047.0,1667.45,762.5,,1789.6,1624.0,782.0,7165.0,119.1,911.75,117.0,132.75,948.6218691,1156.0,264.08,441.79999,793.0,3337.0,773.99846908,183.65229353,144.325,1306.8,1831.6,938.45001,7616.7002,303.0
2021-08-10 09:15:00,1453.58874167,706.75,4086.8,3008.3,764.0,3861.75,624.84502,1433.375,58.06660841,616.43412414,923.79999,144.25,971.77,2754.0,131.45,1513.94888,1072.3,759.875,674.54999,2843.8501,439.79999,2356.90681338,708.29999,202.42726327,1055.0,1680.0,750.0,,1824.9,1609.9,789.79999,7104.8999,117.2,918.53495,115.7,132.0750075,959.1530335,1146.0,262.43,436.39999,798.79999,3349.8999,765.20581892,181.2374048,141.8,1329.7,1822.0,964.09998,7545.2002,304.475005
2021-08-11 09:15:00,1412.80309686,705.0,4083.1499,3001.45,769.0,3806.25,619.99502,1423.345,57.56660891,617.66110289,914.0,144.35001,953.39,2750.0,138.75,1510.861221,1079.0,759.425,671.90002,2814.8501,444.5,2357.89131915,707.15002,198.79311574,1045.35,1684.0,752.0,,1820.0,1597.9,789.95001,7095.0,117.3,915.75,117.3,132.75,962.33054,1142.1,259.59,432.89999,795.0,3360.0,764.86006108,179.78845949,142.97,1326.75,1815.0,930.0,7548.0,303.25
2021-08-12 09:15:00,1414.1610018,710.40002,4142.9502,2985.25,763.40002,3777.0,625.48999,1438.0,58.08327506,617.36663781,916.20001,146.7,950.66,2739.8999,137.39999,1508.968785,1101.15,753.8,675.90002,2801.25,444.29999,2376.10467589,702.95001,202.19127905,1047.15,1696.5,754.29999,,1791.0,1627.0,794.65002,7084.7998,119.4,912.39745,117.9,140.775,965.1449029,1150.95,263.9,430.45001,781.25,3368.0,766.83593308,185.58419243,144.47,1394.8,1829.6,913.40002,7580.0,304.45001
2021-08-13 09:15:00,1410.2812734,709.5,4145.75,3002.0,764.5,3860.0,622.88501,1443.09,58.53327794,627.03521073,910.95001,146.3,947.16,2628.8999,139.75,1526.349317,1123.95,765.5,678.20001,2814.3999,449.60001,2372.31423023,709.90002,200.39779899,1043.75,1722.5,757.54999,,1799.0,1676.8,789.5,7049.8999,119.45,914.50255,116.95,140.475,975.90298666,1142.5,262.96,432.25,788.5,3480.0,801.01849892,188.05945941,147.66,1390.0,1841.0,904.0,7529.4502,310.225005
2021-08-16 09:15:00,1406.11056537,716.45001,4374.5,2984.1499,765.79999,3829.0,639.5,1460.7,58.51660796,632.13945215,901.09998,144.14999,937.33,2556.55,136.89999,1518.928975,1129.35,767.5,675.5,2777.8999,447.0,2399.09298408,707.40002,201.29453902,1029.9,1719.95,770.59998,,1801.2,1677.05,803.95001,7018.0,119.4,924.95,118.35,138.225,1000.0066885,1144.5,261.0,434.0,783.0,3494.3501,805.61242108,185.85587949,153.45,1399.95,1847.05,889.15002,7475.9502,310.45001
2021-08-17 09:15:00,1407.3714771,714.90002,4974.0,3044.0,760.0,3819.5,643.68501,1480.0,58.83327431,626.24995415,906.29999,142.55,943.84,2540.0,134.35001,1492.584272,1151.95,762.0,676.54999,2790.0,443.85001,2448.90887759,702.90002,199.64264949,1015.0,1748.9,762.45001,,1795.0,1665.0,803.95001,6943.0,119.5,939.87245,116.0,137.8125,991.9267434,1151.8,259.4,425.85001,793.20001,3560.8,824.92656,182.8070704,153.4,1428.8,1878.35,908.90002,7427.2002,318.524995
2021-08-18 09:15:00,1451.79436728,708.29999,4963.0,3048.0,763.79999,3856.05,664.0,1523.8,60.61660918,622.32362214,910.70001,140.25,951.01,2599.0,136.8,1502.793467,1157.9,782.675,675.15002,2795.0,439.64999,2461.264425,700.84998,199.64264949,1005.8,1755.5,748.90002,,1790.55,1661.1,797.0,6943.75,118.9,948.45,115.25,139.5,992.6530306,1146.4,260.97,424.35001,791.40002,3595.0,834.65770984,179.75827942,151.89,1425.0,1890.65,903.90002,7725.0,319.600005
2021-08-20 09:15:00,1438.06982807,706.40002,4934.7002,3124.05,749.0,3825.0,673.27002,1514.9,58.29993818,621.34203914,909.04999,138.05,931.98,2631.8,141.45,1497.315363,1140.75,759.9,674.79999,2741.0,416.0,2589.2501751,684.40002,198.88749998,990.95001,1745.0,722.0,,1732.0,1623.0,791.34998,6914.6499,117.0,982.055,111.75,135.0375,985.934874,1133.5,257.2,417.35001,784.45001,3575.0,842.11666616,175.50204408,144.7,1420.0,1892.3,915.0,7624.8999,315.975005
2021-08-23 09:15:00,1384.82055578,691.79999,4839.6499,3163.8501,749.5,3787.8999,681.95,1542.0,58.96660417,618.88808164,908.0,136.39999,919.8,2622.45,137.8,1493.281486,1178.2,766.575,672.79999,2710.8999,415.75,2631.4363458,689.95001,198.41553155,998.90002,1753.15,700.70001,,1724.55,1619.0,793.45001,6918.0,115.75,1004.75,112.0,134.9249925,986.842733,1140.95,255.08,413.0,770.0,3673.0,839.44922908,174.05309877,140.98,1442.95,1895.0,901.75,7562.3501,318.475005
2021-08-24 09:15:00,1404.84965364,702.0,4888.9502,3092.8,749.70001,3722.0,704.9,1658.4801,59.48327366,616.38505481,919.54999,136.89999,919.14,2575.0,127.95,1456.179778,1173.0,782.25,675.45001,2695.0,423.75,2616.81633666,697.25,195.39493354,1009.0,1757.0,697.0,,1725.0,1613.35,779.90002,6852.0,116.3,1009.95,115.2,134.475,995.013464,1165.9,256.4,418.75,777.95001,3667.3501,830.31082108,169.94779398,142.0,1467.0,1887.3,903.0,7474.7002,318.0
2021-08-25 09:15:00,1437.24538578,725.0,4880.0,3070.0,751.45001,3759.95,705.4,1679.9,60.18327295,610.88816056,923.59998,139.14999,918.92,2583.25,128.5,1466.78738,1169.9,782.4,692.0,2708.0,434.95001,2625.13541042,700.45001,196.24446729,1013.9,1746.9,701.0,,1716.7,1626.0,783.0,6838.0,115.25,1016.25,117.2,133.0875,1007.72349,1171.65,259.05,421.29999,776.0,3697.75,840.38777816,174.59646081,142.6,1478.0,1869.7,922.54999,7487.9502,321.399995
2021-08-26 09:15:00,1449.70901327,733.0,4780.0,3084.5,750.0,3719.6499,699.325,1612.42,60.7332724,600.23800464,916.75,139.39999,910.98,2585.0,127.15,1453.938735,1172.0,785.5,702.0,2680.0,432.29999,2655.99966631,701.54999,195.25335245,1012.65,1746.0,685.0,,1716.5,1602.95,782.90002,6701.3501,114.5,1005.98495,116.25,131.5499925,1019.02628916,1164.5,259.43,415.79999,771.09998,3687.6001,846.46355492,173.47957478,139.475,1466.75,1834.6,964.15002,7418.8999,319.25
2021-08-27 09:15:00,1469.4471315,731.95001,4832.0,3057.95,759.59998,3749.8999,702.43501,1625.195,61.9999378,594.25036797,925.45001,139.3,922.16,2586.6001,129.5,1462.155892,1169.75,779.325,707.0,2679.8999,439.0,2648.3205213,700.45001,195.25335245,1000.85,1727.7,681.40002,,1723.8,1666.7,785.0,6694.6001,114.1,1005.0,117.0,131.1375075,1018.05038612,1192.65,258.2,414.35001,777.0,3729.5,850.51412216,173.1475155,139.445,1457.1,1830.0,958.0,7594.7998,318.0
2021-08-30 09:15:00,1481.0863167,735.40002,4828.0,3114.25,789.5,3756.6001,719.7,1659.5,62.24993755,613.48937514,936.5,143.95,940.0,2608.2,135.45,1477.096177,1170.35,785.0,713.20001,2729.0,452.5,2663.82648718,715.0,196.52765779,1012.0,1718.65,694.0,,1739.55,1684.95,794.15002,6810.0,115.5,1006.125,120.4,132.2625075,1033.07549797,1199.0,267.85,423.29999,794.95001,3740.3501,852.341784,177.19246015,144.5,1455.0,1886.95,1007.0,7743.6001,319.75
2021-08-31 09:15:00,1548.83607389,754.0,5046.0,3210.0,789.0,3739.0,759.87998,1720.0,62.46660066,655.79558282,949.70001,146.14999,944.35,2697.8999,135.2,1498.410984,1193.4,791.675,719.0,2746.0,471.14999,2695.03532009,719.90002,199.73705261,1009.8,1715.0,692.45001,,1759.6,1676.0,795.79999,6872.0,116.35,991.99745,121.0,132.7875,1036.66149563,1194.5,271.4,427.0,801.0,3804.1001,857.23207708,176.25669681,145.9,1454.0,1925.0,1014.95,7860.0,321.274995
2021-09-01 09:15:00,1552.71580229,751.84998,5071.7998,3333.0,819.0,3810.0,767.45,1726.35,64.11660567,660.89982424,954.90002,146.64999,956.89,2767.0,135.10001,1508.470776,1190.5,799.0,724.59998,2764.0,474.0,2732.00351175,734.79999,200.39779899,1025.0,1709.5,689.0,,1753.85,1718.0,802.5,6820.0,116.7,994.5,122.25,133.35,1040.81490516,1222.8,271.05,432.54999,803.90002,3816.7,864.14762908,179.54697062,145.55,1468.25,1953.95,1036.7,7930.0,323.67499
2021-09-02 09:15:00,1546.36274703,760.65002,5122.0,3319.0,806.09998,3789.0,758.63999,1690.0,64.14993564,661.3415464,960.0,143.8,980.88,2747.8,138.5,1501.000633,1182.0,796.0,775.65002,2738.8501,465.0,2766.4612137,728.04999,199.64264949,1012.5,1694.3,689.0,,1788.4,1710.0,774.15002,6858.9502,116.7,1014.5,120.15,132.0750075,1047.5785001,1250.0,269.8,433.5,795.65002,3859.1499,864.444,178.88287622,143.2,1452.55,1979.5,1013.65,7993.9502,328.5
2021-09-03 09:15:00,1533.85062294,762.0,5073.2998,3344.95,809.90002,3809.5,755.5,1685.985,66.51659993,657.26795732,963.0,147.14999,981.85,2857.0,151.39999,1513.899079,1180.6,799.0,747.75,2813.95,464.5,2765.23058149,731.79999,199.40666527,1028.65,1705.95,695.25,,1811.45,1704.3,757.0,6958.0,117.9,1017.15,123.5,132.6,1087.1611525,1253.65,277.72,434.29999,797.20001,3856.8999,863.01148292,178.97344662,145.295,1449.7,2024.4,1017.65,8029.5,328.350005
2021-09-06 09:15:00,1579.48592825,765.0,5040.0,3347.7,805.90002,3829.0,761.5,1696.8949,67.63326215,653.4888824,958.0,147.85001,988.66,2888.0,149.35001,1560.761773,1210.1,790.475,743.75,2830.0,475.0,2781.22880025,728.0,199.35946842,1008.3,1732.0,697.0,,1808.0,1716.0,759.79999,6954.0,117.65,1017.4,124.35,132.2625075,1125.74516,1248.0,275.4,433.85001,793.09998,3877.6001,867.06205016,180.48275208,145.195,1467.9,2032.85,1023.9,8045.6499,344.350005
2021-09-07 09:15:00,1544.47137943,755.15002,5023.0,3394.6001,799.40002,3800.6499,756.625,1694.4699,65.99993378,667.96723165,957.29999,148.10001,985.19,2880.0,146.85001,1551.698,1214.95,791.0,743.40002,2825.0,472.39999,2765.1813562,722.45001,202.33287902,1012.0,1734.9,697.79999,,1779.45,1705.0,758.70001,6929.8999,116.9,1019.63495,122.75,130.6124925,1115.758711,1253.35,273.79,431.70001,783.0,3869.95,878.275104,179.78845949,145.9,1472.9,2039.9,1021.95,8060.0,345.0
2021-09-08 09:15:00,1531.5227859,753.0,4901.4502,3361.55,797.34998,3769.75,751.4,1688.8949,66.46659665,671.20644574,953.15002,149.85001,988.0,2823.1499,143.60001,1602.245964,1191.15,790.25,747.0,2809.8,465.85001,2766.4612137,722.75,201.0585548,1021.8,1700.85,691.5,,1828.0,1694.7,757.79999,6858.3501,114.6,1026.5,119.5,130.2000075,1113.942993,1246.95,276.28,435.39999,778.95001,3815.0,870.71737384,180.39218168,144.265,1442.35,2067.0,1050.0,8073.2998,337.70001
2021-09-09 09:15:00,1518.42870255,751.0,4820.0,3359.0,793.70001,3728.95,746.0,1682.6949,66.41660003,675.52543057,952.09998,150.95,984.49,2832.95,142.89999,1596.618457,1204.95,789.725,746.15002,2806.3,466.64999,2779.89961901,723.90002,201.90808855,1006.9,1694.9,691.5,,1841.7,1680.6,756.5,6818.4502,114.75,1026.25,123.8,130.6124925,1106.61207697,1199.65,272.6,433.79999,782.25,3808.7,876.84258692,183.22968196,145.195,1437.9,2060.0,1045.35,7983.0,332.274995
2021-09-13 09:15:00,1510.1842797,752.65002,4796.0,3374.0,790.45001,3720.0,749.5,1699.4,66.2165969,684.16335116,953.90002,155.89999,989.44,2815.0,144.25,1607.076657,1215.0,792.0,742.70001,2812.8999,480.5,2778.71831054,717.90002,203.08800965,1004.0,1701.5,700.0,,1849.8,1675.65,753.5,6895.4502,115.5,1025.0,123.4,130.725,1104.4104735,1179.05,269.67,433.79999,783.0,3852.3999,873.335424,182.32409869,147.2,1439.8,2043.45,1027.7,7965.0,335.92499
2021-09-14 09:15:00,1500.72744172,762.75,4773.0,3388.6001,801.0,3767.0,753.0,1704.0,67.99993178,686.81363508,958.34998,155.5,997.8,2870.0,152.75,1613.451178,1240.6,782.25,744.0,2861.0,483.45001,2760.55417908,714.0,205.07028653,1039.0,1695.95,702.0,,1879.0,1698.8,752.54999,6955.0,116.15,1030.4575,125.4,131.3250075,1086.707223,1174.0,274.2,436.75,788.0,3896.5,875.21252216,185.46346007,147.6,1457.0,2061.5,1023.75,7973.0498,337.850005
2021-09-15 09:15:00,1499.12705376,769.79999,4819.2002,3383.95,797.45001,3801.6001,748.0,1698.2,69.59993017,721.41443583,956.59998,162.25,995.0,2851.95,145.0,1616.19023,1288.95,777.4,752.0,2885.0,487.60001,2741.84856945,716.0,205.02308968,1062.0,1715.1,698.0,,1898.45,1724.6,760.0,6938.0,124.85,1018.5,130.7,134.25,1087.50159962,1176.0,275.87,445.0,785.75,3980.0,876.69442616,188.96504268,146.37,1480.0,2133.0,1010.0,7929.0,340.274995
2021-09-16 09:15:00,1488.8457735,772.75,4890.0,3371.0,807.45001,3834.0,744.5,1695.04,69.66659677,723.42667117,964.79999,163.0,999.3,2883.3999,144.0,1611.558742,1295.3,782.15,756.20001,2926.0,488.0,2753.95799042,729.40002,220.55084187,1186.5,1719.25,700.95001,,1910.0,1728.5,761.0,6949.0,125.7,1012.08495,131.25,136.2374925,1106.11270913,1187.0,282.38,466.10001,784.54999,3981.75,872.347488,190.17248705,147.19,1469.0,2132.95,1010.45,7869.6499,340.375
2021-09-17 09:15:00,1479.1464525,786.0,4945.5,3382.0,820.70001,3879.3999,767.99502,1749.9,69.11660066,721.21810942,962.5,163.3,991.55,2934.95,146.89999,1603.391386,1281.0,794.5,759.59998,2954.45,485.45001,2739.87955791,734.40002,223.99622091,1146.55,1718.0,692.0,,2017.0,1741.7,766.0,7064.75,124.7,1014.95,129.7,135.2999925,1114.78280797,1204.8,285.18,471.89999,787.90002,3945.0,870.371616,190.38379585,144.03,1472.0,2150.0,1000.0,7837.6499,337.20001
2021-09-20 09:15:00,1443.74393085,776.0,4952.5498,3315.0,808.54999,3813.3999,758.1,1733.4,68.64993113,720.18745708,953.0,157.55,977.11,2858.55,140.85001,1561.309583,1298.8,790.85,746.90002,2920.0,464.0,2765.47670793,720.40002,225.93130095,1132.4,1707.7,669.90002,,2037.2,1735.0,756.5,7015.4502,123.95,1019.3,129.39999,134.4,1097.76045172,1198.7,274.31,453.5,774.75,3871.0,866.37048508,187.30480669,135.19,1493.15,2096.0,1002.45,7730.1499,335.25
2021-09-21 09:15:00,1403.4432521,758.79999,4918.9502,3335.0,799.0,3793.8501,784.71001,1765.5,69.08326402,727.10760742,959.0,158.0,972.8,2859.8999,138.0,1558.769735,1315.0,784.325,737.70001,2895.0,452.45001,2814.99734816,714.5,228.85749583,1143.15,1726.75,672.0,,2027.65,1730.75,740.90002,6939.7002,125.4,1016.5,136.0,133.7999925,1096.96607509,1195.95,267.18,441.35001,766.34998,3871.55,854.02128508,182.74671026,129.69,1466.45,2097.5,991.15002,7688.0,334.5
2021-09-22 09:15:00,1418.67118607,759.59998,5010.0,3329.95,796.79999,3770.0,789.5,1778.0,68.94993416,718.5678255,974.25,162.5,975.76,2879.5,135.39999,1576.34947,1328.65,775.075,740.04999,2860.0,464.39999,2795.89783777,715.0,232.01968437,1157.85,1738.9,683.40002,,2022.4,1730.0,759.0,6846.0,127.0,1008.6925,135.25,133.0875,1108.495839,1203.55,270.78,442.79999,774.0,3896.8501,852.93452584,189.44801439,131.8,1527.9,2110.95,995.0,7670.0,337.25
2021-09-23 09:15:00,1435.499508,760.0,5134.0,3340.0,814.5,3820.0,799.9,1875.0,70.23326287,726.46955884,970.0,170.0,973.72,2876.7,140.39999,1618.530875,1336.45,786.0,735.84998,2882.0,484.79999,2774.04190813,720.0,231.83090643,1175.0,1745.0,687.25,,2052.0,1775.0,762.0,6879.8999,127.0,1006.05,138.35001,134.0625,1133.4619615,1224.0,277.0,451.14999,777.20001,3879.0,849.377976,195.60598668,133.945,1531.0,2113.75,1031.8,7697.2002,338.5
2021-09-24 09:15:00,1470.4170636,764.90002,5198.0,3505.0,816.95001,3849.1001,794.98501,1881.3,70.16659627,739.13199917,983.40002,169.45,964.22,2948.05,139.5,1651.399502,1377.75,803.975,731.29999,2862.3,485.64999,2736.9260406,724.59998,230.32059799,1189.35,1788.0,679.0,,2052.3501,1810.0,782.04999,7037.7998,126.7,999.0,139.89999,134.625,1137.29766577,1238.55,281.36,451.89999,776.65002,3944.3999,841.721472,197.38697315,132.4,1547.85,2115.0,1025.35,7642.6001,349.57501
2021-09-27 09:15:00,1497.5751624,753.79999,4771.0,3470.0,808.79999,3924.8,786.0,1874.76,69.89992987,731.90002,970.04999,169.14999,961.13,2994.0,144.75,1650.652488,1367.95,817.75,730.25,2928.0,489.95001,2722.15845405,731.75,228.29114314,1177.95,1769.0,663.75,,2058.0,1782.75,813.75,7448.0,127.8,995.0,140.75,132.8624925,1148.39619666,1233.0,272.49,450.54999,774.5,3904.0,832.23730616,201.40172565,128.87,1525.0,2107.3501,1008.0,7670.8501,339.17499
2021-09-28 09:15:00,1511.05721859,756.90002,4629.8999,3429.7,805.59998,3944.8,782.5,1818.6,70.81659562,726.79999,977.0,176.3,970.82,2944.6499,143.89999,1677.893607,1304.95,816.0,733.34998,2939.0,486.89999,2711.77191818,735.40002,228.05515892,1160.0,1710.0,667.90002,,2077.8,1759.05,822.0,7521.5498,133.64999,985.9325,143.60001,141.6749925,1164.28372916,1229.15,269.13,455.79999,791.0,3850.0,827.29762616,202.85065285,129.68,1465.0,2138.0,1020.0,7788.0,326.95001
2021-09-29 09:15:00,1452.9582858,747.84998,4507.1001,3381.7,789.5,3935.8999,763.58501,1764.79,70.79992563,702.0,1005.0,197.0,984.58,2890.0,139.5,1671.817891,1301.45,803.3,738.0,2920.55,496.89999,2701.92686048,711.95001,227.86635267,1136.9,1701.4,684.29999,,2060.0,1742.0,815.70001,7465.0,144.25,985.0,148.8,147.225,1166.598815,1214.8,262.24,462.29999,819.75,3806.0,819.39413816,201.03948631,130.98,1408.95,2167.8999,1013.95,7661.3501,323.25
2021-09-30 09:15:00,1473.3268599,756.5,4500.6499,3347.7,787.34998,3896.3999,770.0,1785.9949,69.18326392,709.79999,999.75,191.5,997.0,2846.8501,139.2,1687.554992,1291.45,803.175,740.0,2878.8501,504.0,2663.38345958,713.90002,226.92241579,1134.9,1703.0,683.20001,,2035.0,1734.25,817.40002,7408.0498,143.2,979.49745,146.05,148.5,1150.52975609,1219.0,265.4,464.89999,832.95001,3805.0,814.00987708,203.99771896,131.64,1402.65,2185.0,1041.6,7498.8999,323.375
2021-10-01 09:15:00,1424.58777188,738.25,4520.0,3252.95,771.70001,3880.75,763.92002,1773.6051,68.08326503,687.34998,991.90002,189.89999,994.0,2794.1001,140.5,1680.931465,1284.0,794.5,730.5,2851.0,486.0,2669.97964824,694.84998,223.71303985,1112.0,1678.95,686.70001,,2010.8,1712.5,831.0,7220.0,144.35001,982.24745,149.64999,145.125,1152.8901441,1217.55,259.91,455.54999,830.70001,3810.0,810.10752,203.63548565,131.1,1384.0,2175.0,1090.0,7502.0,319.875
2021-10-04 09:15:00,1484.9660451,747.5,4565.0,3230.5,781.15002,3884.6001,776.9,1793.6,68.69993441,686.20001,996.95001,193.35001,1015.4,2771.0,140.0,1648.262042,1293.6,800.675,733.34998,2870.0,509.45001,2681.79371748,703.34998,224.98736407,1125.0,1688.0,686.79999,,2014.9,1723.95,852.0,7214.9502,149.35001,982.5,148.5,144.7875,1168.80041847,1240.0,270.8,464.39999,838.90002,3783.6499,807.390696,207.22763866,132.775,1405.55,2174.3,1057.4,7609.8999,321.79999
2021-10-05 09:15:00,1511.00872199,753.79999,4576.8501,3260.0,784.0,3873.8999,776.5,1795.0,69.21659389,703.45001,961.90002,198.89999,1010.0,2789.0,138.8,1646.867616,1313.6,798.75,735.95001,2859.6499,506.20001,2672.88394026,699.0,224.13781144,1177.1,1702.95,690.84998,,1997.95,1740.0,846.0,7300.0,147.85001,979.35255,164.60001,146.3250075,1185.663854,1267.5,271.5,469.0,834.40002,3840.0,809.31718108,212.20834666,133.27,1421.0,2206.6499,1068.0,7564.8501,324.75
2021-10-06 09:15:00,1494.6653661,749.0,4509.0,3280.0,794.20001,3884.0,788.06001,1814.5551,69.49993027,707.95001,938.54999,203.8,1008.44,2783.5,139.2,1633.47116,1319.85,813.425,741.70001,2850.0,498.5,2691.63877518,705.0,223.14666828,1179.15,1709.0,684.0,,2005.0,1735.9,854.90002,7281.5,147.3,981.2125,172.75,144.1124925,1189.27259352,1273.9,268.9,471.0,824.0,3857.45,823.938624,210.51793059,132.86,1426.9,2204.7,1097.8,7539.0,325.225005
2021-10-07 09:15:00,1489.57322258,738.79999,4468.0,3318.0,790.15002,3868.6499,788.5,1788.0,67.93326518,702.20001,922.25,194.95,997.98,2858.8999,138.45,1620.522913,1317.85,813.85,732.34998,2859.3501,485.60001,2662.34972852,704.95001,221.77796925,1186.15,1704.2,670.0,,1982.25,1729.3,887.79999,7555.0,145.64999,965.20995,170.14999,143.6625,1179.64928813,1234.2,269.28,464.0,826.34998,3899.0,820.67844508,231.22559536,130.68,1423.3,2384.25,1126.95,7457.9502,324.274995
2021-10-08 09:15:00,1522.25993435,747.0,4459.0,3329.0,785.0,3878.55,782.9,1774.05,67.88326189,699.54999,929.45001,191.7,989.33,2872.95,138.0,1610.363519,1338.0,811.0,731.45001,2872.0,490.75,2637.04793023,710.0,221.63637872,1180.0,1731.5,683.0,,1966.15,1741.0,895.0,7571.9502,143.89999,958.99745,166.60001,142.6124925,1218.52830441,1229.0,270.68,464.0,833.79999,3989.8999,818.94955708,240.00974706,134.405,1447.0,2420.0,1119.95,7405.2002,333.774995
2021-10-11 09:15:00,1516.68282477,746.0,4422.9502,3344.3501,793.0,3879.8999,790.43999,1804.5,70.33326277,696.04999,923.15002,199.7,984.3,2898.6499,137.5,1658.869644,1324.9,822.5,724.90002,2878.55,490.0,2624.20012994,719.40002,226.07288204,1194.45,1730.0,678.0,,2005.0,1746.85,902.5,7814.7998,146.75,959.775,166.2,146.3250075,1234.68824,1218.5,268.38,474.95001,836.20001,3757.5,816.529104,254.10665999,132.735,1434.45,2406.1001,1140.0,7408.9502,333.149995
2021-10-12 09:15:00,1519.78660749,740.95001,4407.0498,3335.0,799.70001,3994.5,792.5,1847.5,70.56659587,698.40002,924.70001,201.0,991.4,2933.3999,137.75,1658.371635,1309.0,820.775,717.95001,2927.5,499.5,2646.40073505,713.0,229.37666111,1196.0,1689.0,681.0,,2004.0,1725.55,894.65002,7750.0,146.25,972.5,165.85001,145.9874925,1217.8928485,1215.0,268.39,484.39999,842.75,3707.0,813.071328,263.04176034,133.5,1402.85,2507.8,1143.0,7358.0,331.20001
2021-10-13 09:15:00,1559.94179643,764.59998,4409.0,3358.8999,804.5,4050.0,801.0,1857.49,71.31659512,696.79999,924.45001,194.55,989.2,2959.75,137.39999,1706.429552,1270.8,824.0,709.79999,2946.8501,512.0,2651.86484052,715.90002,236.833753,1191.95,1713.65,692.0,,2022.0,1763.9,971.15002,7749.9502,147.25,980.25255,163.8,153.375,1234.46127525,1218.65,274.96,486.14999,846.79999,3675.45,843.697344,316.25985249,137.655,1410.0,2608.95,1209.95,7389.8999,337.350005
2021-10-14 09:15:00,1606.2075576,817.70001,4429.75,3352.95,804.0,4009.05,796.9,1854.0,70.88325888,694.0,920.5,191.8,1001.93,2923.55,137.3,1767.933725,1293.25,845.0,702.70001,2944.1499,523.34998,2635.27581985,729.79999,247.16988068,1215.0,1783.6,699.0,,2025.5,1817.9,946.25,7560.0,150.60001,971.4375,161.75,154.4625,1233.53071977,1198.9,279.82,493.89999,850.0,3670.0,849.62496,319.97275598,139.06,1459.6,2584.0,1184.0,7457.9502,369.92499
2021-10-18 09:15:00,1622.6479067,829.90002,4449.0,3283.95,820.0,3969.7,805.0,1910.0,73.83325926,701.95001,915.90002,187.75,994.99,2881.0,146.14999,1791.24057,1272.5,862.5,706.04999,2950.0,551.84998,2637.3924088,748.90002,250.42644403,1229.65,1799.0,727.29999,,2046.95,1810.5,958.0,7705.2998,151.7,980.0,165.5,157.4625,1246.0364775,1220.0,283.34,501.0,851.0,3652.7,852.588768,316.95414508,142.475,1486.95,2677.8999,1179.95,7644.0,360.399995
2021-10-19 09:15:00,1587.7788477,820.0,4387.6499,3269.1001,827.0,3955.0,791.47002,1932.5,73.06659336,699.0,917.29999,188.95,984.0,2842.7,145.10001,1763.401839,1253.0,846.225,709.04999,2930.0,547.70001,2689.66976364,755.0,247.83061762,1240.0,1834.5,722.5,,2044.95,1885.0,927.59998,7768.6001,152.10001,986.60255,163.5,153.6,1248.91897522,1215.9,291.6,504.20001,842.20001,3690.1001,851.600832,312.36586858,142.655,1569.8,2638.0,1174.55,7489.0,364.975005
2021-10-20 09:15:00,1559.02036093,802.90002,4317.3501,3219.95,813.79999,3909.8999,783.35498,1906.3,70.06659637,713.90002,912.70001,183.39999,968.89,2711.0,140.39999,1717.086955,1263.4,849.375,709.5,2876.0,531.0,2543.96290968,757.45001,234.56831393,1213.9,1848.0,695.70001,,2044.95,1868.65,924.90002,7667.3501,150.64999,1010.0,159.35001,150.1875,1245.01513613,1203.0,294.93,507.5,834.79999,3630.0,841.62269816,300.04992401,137.6,1576.5,2505.55,1138.2,7309.7998,361.375
2021-10-21 09:15:00,1577.93403688,802.90002,4234.8999,3195.45,813.5,3875.1499,783.0,1878.9301,68.99993077,712.34998,917.90002,183.0,957.76,2698.0,139.89999,1747.017326,1238.9,840.975,711.0,2835.0,520.79999,2466.18695385,759.84998,234.42673284,1210.95,1814.0,693.95001,,2155.0,1826.5,911.09998,7650.0,148.55,984.0,160.3,148.0125075,1238.319676,1184.45,300.0,506.5,829.0,3607.45,828.63132,308.1397952,135.785,1546.15,2435.95,1123.65,7205.3999,354.5
2021-10-22 09:15:00,1560.42676248,787.29999,4189.4502,3002.95,825.0,3910.0,793.5,1925.0551,68.96659414,705.29999,915.0,184.3,937.56,2692.0,142.0,1757.72453,1223.35,854.0,702.0,2800.0,492.0,2459.5415399,765.84998,232.01968437,1204.7,1763.2,690.0,,2201.6499,1831.5,909.79999,7625.0,148.10001,971.9,158.35001,147.75,1209.67667916,1171.8,311.76,508.70001,826.84998,3561.6001,811.88579492,308.32092392,132.465,1561.95,2494.95,1112.7,7233.0,352.75
2021-10-25 09:15:00,1504.75265994,765.54999,4250.8999,2950.0,866.90002,3884.75,783.775,1894.7,67.49993228,704.0,913.0,177.25,939.8,2624.1499,138.95,1712.853874,1190.0,845.0,693.54999,2754.8501,478.0,2425.37918968,867.0,223.3826525,1211.0,1729.75,678.0,,2182.95,1812.8,905.90002,7396.0498,146.25,950.04745,162.95,146.25,1216.53106,1166.95,308.05,515.45001,821.25,3514.55,790.94154184,299.44620183,131.6,1535.0,2412.0,1085.0,7174.9502,342.100005
2021-10-26 09:15:00,1510.42676273,758.54999,4308.5,3024.0,851.65002,3811.8,789.49502,1845.0,69.08326402,709.84998,914.15002,176.0,939.76,2613.0,137.35001,1759.965573,1182.0,836.925,695.0,2708.0,488.0,2430.6461971,841.70001,225.6009136,1193.0,1726.6,697.45001,,2240.0,1811.9,900.0,7337.9502,145.64999,964.0,163.95,144.7125,1211.49239716,1178.3,317.6,518.20001,823.90002,3529.0,802.10525816,307.89831236,135.1,1630.0,2468.45,1054.25,7295.0,339.399995
2021-10-27 09:15:00,1533.60813992,756.54999,4325.1001,3145.0,840.79999,3815.0,791.99502,1859.9,69.91659652,714.65002,926.90002,176.64999,945.6,2611.5,139.25,1747.664738,1181.35,832.525,699.95001,2729.3501,487.70001,2417.1585665,849.0,227.77196842,1163.85,1734.15,699.5,,2253.0,1814.0,903.79999,7461.25,144.55,971.0,163.60001,143.8875075,1215.0784856,1202.05,311.6,526.84998,838.45001,3511.25,811.29305308,305.8154648,135.17,1587.1,2482.3501,1072.25,7372.0,337.274995
2021-10-28 09:15:00,1519.78660749,734.5,4314.0,3147.6001,789.0,3860.0,759.6,1837.2051,69.28326716,706.04999,928.54999,173.0,937.94,2589.95,136.5,1729.039183,1185.0,825.0,695.70001,2713.8,477.14999,2378.56594032,831.95001,222.72190613,1242.0,1724.75,684.40002,,2190.0,1862.0,896.0,7529.7002,141.85001,955.925,156.85001,143.3250075,1197.44332453,1221.75,305.59,520.54999,829.15002,3518.0,812.62674692,298.17837921,131.595,1582.85,2470.0,1044.15,7500.0,335.79999
2021-10-29 09:15:00,1411.05721908,709.59998,4349.0,3144.7,762.0,3754.8501,754.97002,1817.4,72.94993014,701.0,917.0,169.5,983.57,2530.0,135.0,1735.563108,1173.0,801.0,689.0,2702.8501,474.20001,2364.78285954,808.75,215.45359218,1182.0,1712.6,684.79999,,2096.95,1824.9,901.5,7550.0,136.89999,960.0,151.85001,141.4874925,1178.46902603,1180.0,300.0,512.65002,816.54999,3461.0,808.625616,296.78983027,133.37,1542.75,2404.0,1038.1,7690.0,329.70001
2021-11-01 09:15:00,1413.1910697,707.0,4350.0,3142.25,760.0,3750.0,750.02002,1798.0,69.59993017,722.79999,918.54999,171.95,966.99,2567.05,134.3,1788.700721,1191.45,805.5,693.45001,2692.8,481.10001,2373.54486244,809.70001,214.79283636,1235.0,1707.2,690.75,,2086.8,1805.0,887.90002,7666.0,135.3,954.945,153.60001,141.375,1160.243802,1173.05,291.0,516.95001,813.84998,3487.0,819.98688,295.64275812,137.29,1529.9,2441.45,1028.15,7811.0,328.475005
2021-11-02 09:15:00,1444.2288969,715.0,4395.0,3139.8,761.34998,3790.0,755.5,1789.49,67.86660191,723.09998,912.84998,173.75,960.8,2573.0,133.60001,1797.814295,1195.1,811.0,697.65002,2701.55,481.0,2390.38000956,810.0,216.39752905,1240.1,1706.45,693.40002,,2093.5,1824.45,879.29999,7910.0,140.8,951.70255,154.8,143.4375,1156.612366,1172.25,324.94,525.0,836.0,3513.6001,825.914496,307.89831236,137.0,1522.95,2464.8,1068.0,7815.7998,330.5
2021-11-03 09:15:00,1455.8680821,719.79999,4449.9502,3182.8999,762.65002,3763.95,753.87998,1775.475,68.74993102,732.5,914.70001,171.10001,959.65,2560.0,132.89999,1786.061271,1187.7,804.95,698.5,2697.0,480.45001,2396.28704418,806.0,214.13208999,1220.0,1717.45,683.54999,,2111.6001,1915.0,869.90002,7842.25,138.95,944.39745,154.2,140.475,1143.90234,1198.4,328.75,542.29999,822.0,3519.8999,828.878304,298.84247964,133.2,1537.7,2471.6499,1132.3,7902.25,330.92499
2021-11-04 18:00:00,1466.05236915,716.45001,4478.0,3190.0,757.04999,3764.8999,756.9,1775.0,67.43326568,704.79999,914.25,171.39999,957.73,2696.25,132.39999,1792.8342,1187.15,798.925,699.90002,2685.0,482.0,2392.3490211,789.0,214.55685214,1195.0,1717.0,685.0,,2062.0,1920.85,875.0,7819.9502,138.3,947.45,152.85001,139.3875075,1137.04795916,1189.95,325.19,535.90002,797.0,3513.25,824.53136584,297.96707644,133.5,1515.0,2444.8,1103.4,7932.8999,328.82501
2021-11-08 09:15:00,1527.78854732,735.09998,4475.0,3181.0,761.0,3800.0,771.31499,1839.2949,71.09992867,714.90002,917.95001,174.2,962.03,2777.0,133.60001,1849.706885,1192.8,802.35,704.95001,2709.7,481.45001,2411.05463073,793.0,217.76623752,1130.0,1741.0,687.95001,,2127.6001,1953.9,878.25,7882.6001,140.60001,954.79745,155.55,142.7625075,1143.90234,1202.1,334.0,534.45001,803.0,3548.0,828.08796508,304.78914917,134.765,1562.8,2548.7,1115.9,8269.0,330.5
2021-11-09 09:15:00,1609.1173539,744.5,4555.5498,3155.0,753.95001,3845.0,775.43999,1847.5,74.73325836,716.45001,925.0,172.39999,967.0,2743.55,138.89999,1872.416118,1191.0,797.3,709.95001,2750.0,476.20001,2408.29801457,788.59998,217.95501546,1084.9,1750.0,691.34998,,2126.95,1964.1,905.40002,7764.5,141.39999,952.25,158.14999,142.7625075,1147.94226716,1212.0,339.28,532.0,812.0,3535.0,831.348144,314.32796566,136.03,1572.0,2543.8,1133.0,8255.0498,333.125
2021-11-10 09:15:00,1635.3055206,745.04999,4584.0,3136.6499,753.34998,3801.6001,761.0,1837.5,73.79992262,738.0,924.5,170.85001,969.99,2765.55,139.14999,1871.918109,1175.0,784.5,708.0,2731.95,464.0,2382.5039634,784.29999,219.79571125,1066.8,1750.95,676.04999,,2091.3501,1954.0,925.0,7580.0,138.25,952.13,158.7,139.875,1161.151661,1204.8,328.6,528.5,815.0,3519.7,835.793856,311.49046538,132.9,1573.35,2526.8501,1133.9,8187.8501,329.5
2021-11-11 09:15:00,1652.7642984,741.54999,4728.1001,3106.6499,748.0,3781.8501,760.09502,1835.0,74.99992475,738.59998,912.45001,167.64999,969.87,2742.8999,144.0,1885.463967,1167.8,777.45,706.90002,2725.0,456.29999,2369.6561631,777.0,218.52138703,1038.0,1739.75,669.84998,,2077.7,1981.75,928.79999,7567.5,137.75,947.5,156.85001,138.9375,1166.82577975,1192.1,328.6,522.84998,810.45001,3510.05,831.99032216,313.33181199,132.45,1560.0,2542.8,1155.65,8141.8501,324.875
2021-11-12 09:15:00,1667.79824595,755.5,4688.0,3128.0,742.79999,3782.0,760.025,1834.9,75.99992375,745.0,917.0,168.85001,974.0,2741.3501,155.2,1867.535625,1178.15,779.525,722.0,2720.0,470.5,2376.20322492,779.90002,220.83403237,1043.5,1782.85,675.75,,2080.0,1965.0,939.5,7544.0,138.2,962.95995,155.60001,137.775,1179.64928813,1177.0,329.8,513.0,808.54999,3534.1499,842.56119784,307.62663134,134.0,1589.45,2561.75,1160.0,8113.7998,331.25
2021-11-15 09:15:00,1710.9602244,756.5,5147.5498,3180.0,744.0,3673.8999,762.74502,1834.5,75.33325775,746.0,939.84998,167.60001,979.8,2770.0,163.3,1882.426109,1181.6,785.925,723.95001,2784.8,473.60001,2392.3490211,784.54999,225.6009136,1051.0,1800.0,675.04999,,2108.0,1974.5,948.54999,7579.8501,137.64999,974.95,162.25,141.5625,1181.2153449,1179.5,325.2,515.90002,819.65002,3569.6001,847.649088,310.85656312,129.9,1601.5,2572.7,1173.0,8172.5498,333.0
2021-11-16 09:15:00,1713.43355126,761.70001,5205.0,3209.0,733.29999,3651.8,765.0,1851.1,74.66659176,742.04999,943.90002,161.64999,980.2,2739.1499,169.0,1867.535625,1175.5,778.6,719.40002,2769.0,459.89999,2396.92687448,775.75,226.21446313,1046.0,1808.95,674.0,,2103.8501,1979.95,965.95001,8128.75,137.8,979.95,159.7,143.5125075,1168.8684625,1174.15,332.6,507.39999,817.45001,3575.55,847.649088,318.07101904,126.105,1605.0,2551.3501,1202.7,8139.0,334.375
2021-11-17 09:15:00,1677.69155337,745.0,5844.3999,3239.8999,724.90002,3644.0,769.2,1842.0,72.59992716,732.34998,921.75,159.25,964.97,2749.55,162.25,1818.033481,1164.75,772.0,722.40002,2773.6499,449.20001,2372.70813099,771.95001,231.50051908,1042.0,1802.0,671.70001,,2081.8501,1978.9,979.0,8350.0,138.0,978.25,159.25,145.35,1134.34712402,1196.95,329.98,505.39999,805.0,3562.8501,837.12754984,324.01770063,123.74,1625.0,2539.0,1200.0,7948.9502,334.0
2021-11-18 09:15:00,1662.4636194,741.29999,5843.7998,3260.0,716.0,3594.8999,769.77002,1847.2,72.49992726,723.45001,907.0,157.75,953.54,2698.6499,161.85001,1804.736627,1155.0,771.75,715.0,2763.0,454.0,2369.06555809,767.5,229.37666111,1042.0,1789.45,666.90002,,2062.45,1954.0,955.0,8368.0,137.60001,974.44005,157.0,145.8375,1129.8305255,1205.0,328.88,506.20001,794.34998,3520.8501,832.830048,322.50839518,122.83,1624.75,2520.0,1158.0,7930.0,332.975005
2021-11-22 09:15:00,1650.24247494,733.40002,5640.0,3308.3501,713.0,3570.0,751.45,1814.0,70.13325964,755.95001,909.0,152.89999,937.92,2603.0,158.25,1791.140968,1125.85,776.35,709.75,2698.2,447.70001,2372.56035667,770.45001,227.25280314,1025.9,1785.4,663.5,,2044.0,1900.0,930.25,8187.8501,136.89999,978.2925,153.7,147.75,1111.6733455,1189.65,321.96,506.0,794.0,3515.95,828.92769092,309.25668727,119.68,1581.8,2492.3999,1139.55,7808.6001,330.225005
2021-11-23 09:15:00,1668.62268824,733.59998,5540.0,3288.3,692.65002,3448.5,717.8,1743.785,70.54992589,761.0,918.54999,156.75,932.37,2610.95,152.0,1797.316285,1120.0,763.9,699.40002,2646.8999,453.39999,2362.813848,757.95001,219.65411128,1010.0,1747.25,689.70001,,1993.15,1895.6,908.5,7953.9502,133.75,962.32,147.7,151.7999925,1089.99821187,1159.2,320.63,495.39999,791.75,3480.95,813.91105384,301.46867717,120.9,1564.45,2410.95,1126.65,7714.7002,324.475005
2021-11-24 09:15:00,1735.11153369,772.34998,5481.4502,3208.8999,695.09998,3459.0,731.97998,1764.7,70.98326212,781.79999,915.40002,161.64999,930.72,2617.95,156.39999,1786.808285,1132.65,768.175,704.45001,2657.8999,456.89999,2368.72088262,772.25,219.65411128,993.65002,1740.5,696.0,,2024.95,1902.4,907.70001,7897.9502,137.3,964.5,155.85001,155.5875,1093.92465666,1181.35,320.19,500.0,796.95001,3493.05,819.98688,302.94778444,120.295,1569.9,2405.25,1118.0,7768.0498,323.79999
2021-11-25 09:15:00,1720.36856577,774.29999,5750.0,3173.3501,687.0,3413.8999,720.5,1752.2,70.8665989,768.5,902.45001,162.8,939.2,2545.0,161.3,1765.941687,1131.0,766.65,694.5,2640.0,458.79999,2350.01527299,754.95001,219.18214284,970.0,1726.2,687.79999,,2048.0,1866.85,898.90002,7719.3999,136.7,960.5,156.0,153.75,1135.731609,1174.0,318.0,495.45001,787.25,3463.0,800.722128,298.93303193,118.66,1564.8,2403.2,1098.95,7634.4502,320.899995
2021-11-26 09:15:00,1715.37341546,766.0,5935.3999,3167.3501,674.90002,3383.5,704.78999,1723.7199,70.11659965,763.0,976.04999,159.39999,964.0,2506.1001,158.45,1750.851999,1126.0,753.35,689.0,2589.7,442.70001,2328.35614605,742.04999,217.15267855,956.95001,1718.35,672.54999,,2007.0,1841.75,885.0,7520.0,134.05,971.705,152.25,153.7125,1124.65577459,1154.0,311.4,487.89999,798.90002,3490.0,795.28848,293.86177165,115.95,1550.0,2385.1001,1091.85,7599.0,317.20001
2021-11-29 09:15:00,1645.9747737,715.0,5858.0,3178.8999,665.45001,3354.3501,698.0,1709.8,67.09993268,755.0,998.0,156.64999,977.0,2447.6001,153.89999,1713.252282,1145.0,753.825,686.0,2528.95,433.5,2305.95863978,727.75,211.1114731,938.0,1712.0,637.79999,,2045.0,1790.05,867.79999,7210.0,129.35001,958.11505,146.05,153.0,1134.82375,1147.85,289.0,477.75,775.0,3529.3501,765.55162616,284.20221675,113.7,1545.5,2334.3999,1056.9,7434.9502,316.42499
2021-11-30 09:15:00,1666.97380367,712.65002,5829.9502,3189.0,677.45001,3322.95,719.97998,1750.0,68.43326468,750.20001,984.0,158.5,949.65,2447.0,158.0,1702.843883,1157.9,764.5,689.75,2512.6499,430.0,2324.41812297,732.29999,212.5745847,927.5,1729.9,632.59998,,2039.6,1798.9,860.79999,7250.0,129.45,971.245,147.75,157.125,1123.88400366,1167.9,289.29,477.25,761.65002,3563.75,780.12368216,288.57920257,112.79,1594.45,2390.0,1067.8,7519.0,322.75
2021-12-01 09:15:00,1653.7342305,711.04999,5765.0,3199.75,681.40002,3294.2,710.77002,1754.6699,68.76659767,737.40002,986.70001,156.25,942.48,2482.45,157.89999,1687.654594,1163.0,753.525,695.0,2480.0,426.10001,2320.23397345,732.75,210.78110463,938.75,1741.9,639.79999,,1985.9,1794.0,842.70001,7380.0,132.95,972.495,143.64999,156.5625,1123.021583,1179.45,289.79,477.25,763.25,3590.0,781.30916584,288.8206854,109.7,1594.4,2441.95,1038.55,7678.75,322.975005
2021-12-02 09:15:00,1682.8321935,742.29999,5809.0,3194.0,678.79999,3337.3501,721.0,1789.0,68.93326417,735.70001,937.95001,159.55,933.8,2463.55,153.8,1743.083051,1186.4,764.4,706.75,2483.2,433.89999,2350.99977876,727.09998,213.47131529,950.0,1750.5,648.75,,1980.95,1794.0,859.95001,7355.4502,130.3,982.5,144.64999,162.0,1133.0988179,1190.0,291.99,478.14999,770.75,3648.0,771.47924216,290.05832795,111.6,1632.5,2422.5,1044.85,7389.0,324.04999
2021-12-03 09:15:00,1692.5315145,746.5,5654.6499,3187.45,687.34998,3343.1499,723.37998,1788.975,69.93326317,734.65002,930.0,160.7,932.8,2497.1499,152.8,1735.1647,1189.7,767.975,707.25,2497.45,433.79999,2352.87024127,729.5,213.51852158,957.84998,1786.65,654.84998,,1989.9,1844.8,855.59998,7329.0,130.25,974.94005,146.85001,162.3375,1134.14285575,1188.05,295.78,481.5,771.90002,3665.95,771.578016,292.62414722,113.42,1638.25,2405.45,1036.9,7455.0,326.975005
2021-12-06 09:15:00,1675.9941722,744.5,5468.0,3115.0,678.75,3300.0,709.58999,1759.8949,70.39992937,721.90002,915.79999,152.45,921.85,2471.8501,146.85001,1711.758253,1172.65,759.4,693.75,2475.3999,432.5,2327.32241499,726.79999,209.74277407,952.0,1733.95,661.0,,1926.5,1821.0,840.59998,7200.0,127.6,970.78,145.85001,156.0,1100.7790375,1179.0,295.0,477.0,752.54999,3658.0,768.614208,290.32999085,114.1,1619.55,2379.8501,1029.1,7389.6001,322.100005
2021-12-07 09:15:00,1635.98447307,749.95001,5435.25,3069.0,691.54999,3317.0,717.0,1725.0,71.56659487,705.70001,898.29999,150.95,910.0,2488.75,143.8,1690.244243,1155.0,766.0,696.20001,2475.0,444.39999,2305.36783787,740.95001,209.50678985,936.5,1724.9,663.65002,,1963.8,1810.0,833.65002,7261.7998,126.4,972.1825,146.25,155.2125,1091.246518,1162.45,295.26,479.70001,751.0,3598.0,756.265008,292.74487958,115.555,1581.35,2385.8501,1036.0,7336.9502,317.274995
2021-12-08 09:15:00,1674.49077744,764.40002,5367.0,3123.0,701.54999,3337.95,738.63501,1767.425,70.98326212,719.0,902.0,151.75,917.94,2516.95,148.60001,1735.065098,1181.6,777.525,698.84998,2500.0,458.45001,2308.12455248,758.79999,212.99934686,949.0,1759.8,676.0,,1970.0,1841.0,843.70001,7497.8501,127.65,976.24745,150.35001,155.7374925,1103.8657581,1173.0,299.37,492.39999,763.5,3646.45,764.31670616,299.41602175,117.7,1614.8,2418.0,1052.0,7458.75,326.5
2021-12-09 09:15:00,1686.95440492,775.79999,5386.0,3183.05,699.90002,3350.0,746.81001,1777.19,69.78326665,723.95001,902.0,153.5,923.59,2550.1001,148.64999,1723.11287,1179.8,777.35,690.29999,2528.8999,458.70001,2312.21034987,763.0,223.19387457,950.5,1769.4,678.34998,,1936.9,1884.15,857.40002,7469.0,127.65,977.45,149.89999,154.8375,1123.43007416,1184.95,301.9,493.5,766.79999,3634.75,769.65153092,300.95550728,118.2,1620.0,2424.0,1050.6,7515.2002,323.79999
2021-12-10 09:15:00,1734.2385948,794.95001,5328.3999,3292.0,691.95001,3364.2,746.7,1776.3551,70.28326615,718.90002,901.0,153.75,923.9,2552.0,146.39999,1750.204587,1167.0,764.0,686.0,2544.8,460.95001,2310.63504219,759.79999,225.55371676,968.0,1763.75,681.45001,,1920.0,1890.85,868.59998,7475.0,126.7,965.5,148.0,153.1875,1119.390147,1177.8,303.41,495.95001,775.0,3642.0,772.51656508,299.92917353,118.89,1611.2,2385.3999,1040.0,7451.8501,322.95001
2021-12-13 09:15:00,1709.21434662,778.79999,5329.0,3341.0,711.90002,3372.45,747.7,1783.5949,70.46659264,718.40002,903.0,152.8,935.6,2557.6001,144.45,1762.654824,1173.45,768.825,688.40002,2552.0,469.5,2315.55757104,769.70001,225.36492938,955.59998,1771.35,692.95001,,1916.0,1896.25,868.95001,7575.8999,128.60001,967.475,150.5,157.2374925,1123.06702134,1204.65,306.35,500.45001,773.34998,3662.0,767.873256,305.72490647,119.9,1655.5,2386.0,1052.7,7539.8999,328.274995
2021-12-14 09:15:00,1675.94567559,766.0,5250.0,3305.0,714.0,3305.0,718.0,1726.0,70.96659213,706.29999,907.84998,149.75,932.0,2492.3501,144.95,1737.953553,1165.9,758.0,678.0,2488.0,464.39999,2288.92668996,764.34998,223.80744298,949.15002,1763.0,676.0,,1874.0,1874.0,841.95001,7556.2998,127.45,966.14745,147.45,159.8624925,1092.154377,1192.9,292.73,490.35001,768.75,3635.0,744.85435708,297.00113303,117.79,1665.0,2371.25,1042.55,7458.8999,325.95001
2021-12-15 09:15:00,1675.0727367,766.65002,5269.8999,3313.95,720.0,3329.8501,707.25,1721.4949,70.11659965,694.90002,901.84998,150.60001,929.31,2508.1499,142.0,1725.104908,1161.95,761.675,675.29999,2524.0,463.85001,2288.7790141,759.5,219.18214284,950.84998,1747.95,677.65002,,1881.75,1898.75,853.70001,7640.0,128.45,965.155,147.7,161.7374925,1091.7004475,1190.65,278.13,491.0,778.84998,3623.0,741.445968,300.47253557,117.56,1646.3,2368.25,1086.95,7416.0,323.350005
2021-12-16 09:15:00,1668.13772218,756.45001,5242.0,3325.0,721.95001,3327.75,706.34502,1695.0,70.26659617,689.90002,903.5,150.10001,927.79,2509.55,142.85001,1732.923657,1167.9,758.5,677.45001,2525.0,464.0,2289.27126698,757.90002,213.47131529,949.34998,1777.6,666.20001,,1890.95,1908.0,862.25,7621.0,128.2,965.7675,146.25,158.85,1096.46670725,1186.95,276.55,490.54999,786.5,3608.45,740.952,299.74806292,116.88,1667.65,2364.8,1053.55,7440.0,324.95001
2021-12-17 09:15:00,1650.8244342,744.5,5200.0,3293.3,708.0,3261.8,702.5,1685.0,69.38326039,685.70001,884.5,149.39999,929.6,2491.0,141.0,1707.774177,1182.9,753.0,669.95001,2469.0,457.0,2273.17459764,742.0,210.35634248,929.0,1842.0,665.0,,1859.95,1874.7,852.25,7480.0,127.7,961.65255,145.10001,157.875,1093.062236,1161.95,266.76,481.39999,772.34998,3651.3501,729.88710692,295.12959427,115.885,1675.0,2339.3,1063.9,7410.7998,338.399995
2021-12-20 09:15:00,1580.0193909,717.0,4824.0,3275.0,681.84998,3171.1001,686.48501,1594.0,66.96659615,661.15002,898.45001,145.64999,915.0,2438.3501,135.75,1649.20826,1172.35,729.0,654.0,2435.0,445.25,2239.11079645,720.20001,204.12634965,874.0,1829.65,656.0,,1780.0,1829.65,830.0,7321.5498,125.45,953.40995,137.64999,159.4874925,1052.14053697,1142.55,252.68,464.0,774.70001,3606.0,710.86933892,277.71220331,111.72,1638.35,2263.1499,1030.0,7270.0,338.75
2021-12-21 09:15:00,1596.41124339,728.0,4870.0,3296.0,683.0,3160.05,675.0,1615.0,67.14993263,670.90002,897.40002,146.0,925.84,2437.8501,132.85001,1662.156507,1214.95,725.375,643.95001,2390.0,449.70001,2267.02143658,728.95001,203.37120015,867.95001,1838.0,666.0,,1768.0,1852.2,827.0,7404.9502,124.7,964.29745,136.85001,158.8125,1064.918607,1141.45,245.0,458.25,783.95001,3641.2,716.84634184,278.25554723,112.425,1655.3,2310.0,1034.65,7375.0,348.54999
2021-12-22 09:15:00,1613.43355175,729.90002,4900.25,3285.6499,676.84998,3173.55,679.075,1618.495,68.06659838,686.0,893.84998,149.39999,935.86,2495.0,139.75,1655.383578,1226.0,728.0,643.29999,2366.0,464.64999,2281.49357295,734.95001,202.19127905,885.0,1829.15,666.15002,,1770.0,1879.55,827.20001,7454.0,123.9,966.99745,137.95,152.25,1076.67533566,1139.9,238.4,457.29999,801.0,3636.8,708.89346692,285.04742177,113.1,1661.7,2308.1001,1064.45,7425.0,347.95001
2021-12-23 09:15:00,1633.55964282,747.5,4899.0,3307.8999,684.5,3190.95,699.35,1621.955,69.91659652,689.0,912.5,147.95,940.0,2503.95,140.75,1663.252128,1230.7,728.9,644.59998,2403.0,468.45001,2269.28579985,739.5,206.20301078,884.0,1861.6,670.90002,,1788.7,1887.85,833.79999,7500.0,125.4,964.99745,141.0,157.2000075,1080.35221,1134.0,243.98,465.0,803.95001,3670.5,720.79808584,288.57920257,114.68,1691.1,2337.55,1056.85,7434.7998,351.0
2021-12-24 09:15:00,1652.7158018,734.90002,4905.9502,3300.0,682.0,3195.0,698.79502,1625.0,69.56659687,682.84998,912.90002,148.14999,946.0,2504.75,134.5,1661.359692,1283.8,726.0,643.0,2413.0,464.39999,2277.16184601,733.90002,208.09088453,878.79999,1875.75,655.45001,,1780.0,1888.75,832.04999,7449.8501,125.0,971.70255,141.60001,156.525,1085.799364,1153.65,244.0,463.60001,794.79999,3705.0,720.205344,286.70765777,113.345,1735.2,2341.8999,1052.75,7450.0,351.20001
2021-12-27 09:15:00,1685.7419898,726.40002,4860.0,3284.75,674.59998,3174.1499,690.87998,1613.995,69.14993062,678.34998,933.15002,146.5,949.0,2448.25,133.85001,1609.815709,1277.0,727.0,642.34998,2410.2,458.60001,2272.33786619,738.75,206.20301078,861.79999,1874.5,654.79999,,1778.95,1875.65,823.15002,7330.0,122.15,970.0,138.05,155.4375,1079.444351,1165.05,245.6,460.5,796.59998,3700.0,715.759632,285.2285505,112.47,1792.0,2344.0,1068.0,7295.0,350.5
2021-12-28 09:15:00,1707.080496,738.90002,4894.0,3375.0,680.84998,3187.55,698.0,1624.9,69.69993341,683.5,936.29999,149.25,954.72,2519.3501,134.0,1632.873549,1289.0,733.45,643.65002,2425.0,459.14999,2282.47807872,742.45001,208.23248451,865.75,1895.9,661.40002,,1789.7,1909.0,840.0,7359.0,124.6,973.42755,140.5,156.4874925,1091.63240347,1182.5,249.37,462.89999,819.90002,3725.0,720.74869892,291.477063,113.15,1823.0,2384.95,1059.1,7417.0,353.75
2021-12-29 09:15:00,1702.2308355,734.20001,4991.2998,3386.0,679.59998,3269.0,694.99502,1633.0,70.96659213,683.5,947.59998,149.25,969.63,2571.7,137.7,1632.375539,1299.0,730.5,646.75,2442.8,457.64999,2285.87482053,744.95001,207.949294,874.90002,1893.8,657.20001,,1780.0,1908.95,843.45001,7365.0,124.75,972.55,140.85001,154.4249925,1098.0554605,1192.2,244.99,462.14999,843.65002,3719.95,720.10657016,290.75260845,112.665,1821.0,2416.45,1050.9,7460.0,355.0
2021-12-30 09:15:00,1673.1328725,726.0,5009.6499,3390.0,673.09998,3279.1499,694.49502,1628.18,70.79992563,685.79999,955.0,149.0,985.59,2591.8,137.05,1613.849586,1326.45,733.425,645.34998,2437.8501,456.0,2293.8984441,740.5,205.68383606,893.45001,1909.8,659.40002,,1769.95,1901.7,843.0,7395.1499,127.85,979.25,141.2,158.5499925,1091.67775102,1202.7,243.0,454.89999,841.95001,3740.0,728.94855784,287.61324104,112.7,1838.0,2448.0,1045.6,7494.8999,359.95001
2021-12-31 09:15:00,1673.1328725,735.0,5056.7998,3405.0,686.5,3264.7,699.9,1650.0,70.99992877,694.09998,957.25,147.55,986.21,2604.2,138.39999,1637.455236,1329.45,742.4,655.0,2483.6001,477.35001,2333.62335037,746.25,206.53338869,892.90002,1898.35,665.0,,1801.0,1907.1,845.0,7449.5,126.8,990.74745,142.95,154.65,1082.12248966,1204.95,246.3,461.39999,850.95001,3760.0,736.01232,291.96005282,112.35,1813.0,2535.0,1069.9,7659.5,359.399995
2022-01-03 09:15:00,1680.8923293,738.65002,5068.0,3440.8999,698.5,3292.6001,724.39502,1704.0,70.73326237,692.59998,947.90002,155.95,986.06,2733.6001,142.45,1660.21427,1339.9,761.5,654.65002,2496.5,479.95001,2341.15472106,766.0,207.52453185,915.5,1914.05,671.0,,1828.1,1937.45,840.0,7605.9502,126.55,990.7,143.45,155.2125,1093.03953952,1214.45,251.64,472.0,860.04999,3830.0,740.35925816,302.37426044,115.1,1818.0,2546.0,1065.0,7750.0,363.399995
2022-01-04 09:15:00,1676.0426688,747.0,5028.8999,3472.45,711.04999,3316.0,737.5,1719.0,73.01659341,703.25,937.45001,156.64999,978.58,2724.8999,141.55,1689.746234,1336.7,766.45,655.0,2496.6001,481.5,2370.78844319,778.0,209.27080563,917.95001,1906.65,673.90002,,1857.0,1943.0,842.0,7649.0,133.3,997.39005,148.60001,159.75,1117.1204995,1227.0,255.24,484.70001,854.0,3889.1499,747.57118108,301.25736837,115.97,1803.8,2594.95,1067.0,7772.8501,361.54999
2022-01-05 09:15:00,1692.19203827,758.79999,5138.6499,3540.0,730.90002,3365.0,769.11499,1805.0,72.29992413,702.75,931.79999,154.3,980.92,2790.0,137.89999,1746.120909,1330.0,786.0,658.25,2512.95,479.39999,2382.5039634,795.84998,209.08201826,911.90002,1902.9,697.0,,1928.35,1951.0,847.0,7808.0,132.85001,1001.25,151.10001,158.5125075,1124.3833715,1225.0,255.35,495.0,844.54999,3870.0,734.530416,297.48410474,118.08,1782.95,2608.0,1081.15,7769.0,360.42499
2022-01-06 09:15:00,1672.01745058,748.90002,5038.0,3537.55,733.5,3429.0,777.93501,1808.0,71.04992538,720.5,935.95001,155.25,967.21,2828.45,133.14999,1739.148776,1297.8,777.375,651.95001,2509.0,485.70001,2374.62791724,792.5,208.04367825,924.0,1828.0,692.5,,1915.0,1953.0,842.25,7899.4502,132.35001,996.7875,151.39999,156.525,1113.942993,1228.45,249.8,494.39999,844.90002,3835.0,726.08357308,297.60485521,118.3,1728.85,2601.3501,1088.95,7699.9502,356.125
2022-01-07 09:15:00,1678.75847868,747.70001,5059.1001,3582.0,740.90002,3437.5,778.5,1814.2949,71.31659512,715.15002,926.65002,157.45,953.89,2833.6001,131.45,1799.806333,1298.5,783.375,662.95001,2515.5,495.25,2384.37442591,802.29999,208.27966247,938.45001,1836.0,679.0,,1925.4,1934.95,849.75,7944.7998,132.2,998.0,157.5,156.375,1115.78140748,1219.25,246.27,501.95001,836.0,3864.8999,735.66656216,299.14434074,117.4,1724.55,2687.25,1095.0,7580.0,360.75
2022-01-10 09:15:00,1712.9000886,743.0,5085.0,3590.0,744.0,3451.25,775.9,1800.0,70.49992927,711.34998,917.84998,161.0,945.68,2851.0,130.89999,1837.655055,1304.85,786.0,669.70001,2584.0,497.29999,2387.42649225,812.79999,212.10261626,929.84998,1869.9,679.5,,1955.3,1959.95,846.75,8232.0,132.3,998.445,159.39999,155.4375,1115.3047815,1240.7,248.6,504.95001,835.0,3978.0,734.036448,304.8193232,117.34,1725.0,2663.55,1094.75,7617.6001,354.5
2022-01-11 09:15:00,1794.374385,768.90002,5141.5,3564.0,747.04999,3445.95,775.99502,1793.5051,70.71659239,709.54999,921.75,160.64999,947.98,2829.0,132.5,1863.551549,1348.0,784.35,665.90002,2592.1499,497.20001,2380.83030359,814.70001,211.67784467,935.04999,1870.0,668.54999,,1954.25,1970.0,848.75,8162.4502,134.0,991.25,161.64999,154.35,1123.45281603,1239.95,246.36,507.79999,841.5,3925.0,734.62918984,306.63048974,116.27,1745.0,2678.75,1124.0,7679.3999,349.225005
2022-01-12 09:15:00,1816.6828233,774.90002,5099.0,3582.45,751.45001,3452.0,786.9,1819.0,70.64992912,732.70001,918.40002,160.75,940.66,2828.8999,132.89999,1869.975872,1357.1,788.325,674.25,2595.0,500.85001,2378.56594032,825.45001,211.1114731,946.59998,1889.0,659.20001,,1976.15,1984.0,884.20001,8200.0,134.2,992.5,165.7,155.025,1146.14929103,1255.4,249.8,513.5,845.0,3929.0,734.33281892,309.01520443,115.08,1755.0,2672.0,1150.5,7729.0,350.875
2022-01-13 09:15:00,1806.9835023,776.0,5051.0,3560.0,749.0,3474.3,784.95498,1827.49,70.76659567,735.65002,929.15002,166.45,951.92,2838.0,133.45,1875.503777,1359.4,777.5,676.40002,2600.0,509.0,2384.37442591,828.0,213.14094683,950.0,1912.5,691.54999,,1966.9,2029.0,909.5,8260.0,136.64999,987.5,165.5,158.625,1153.4348595,1261.0,251.4,512.84998,871.0,3923.0,730.52928508,310.19245061,122.55,1748.9,2628.8999,1187.7,7719.6001,333.0
2022-01-14 09:15:00,1833.60813845,795.0,5015.0,3462.0,735.95001,3462.2,784.61001,1833.3449,74.03326239,730.90002,933.0,166.14999,944.6,2845.0,134.45,1860.314487,1342.95,774.35,674.84998,2594.8,509.5,2383.48846917,822.0,212.19700995,926.65002,1933.0,689.54999,,1945.0,2049.95,895.95001,8145.0,136.14999,985.9675,163.3,157.2374925,1165.37320535,1272.25,252.96,510.35001,868.90002,3977.0,767.626272,311.15842421,122.63,1746.8,2639.0,1199.95,7700.0,324.625
2022-01-17 09:15:00,1844.22889494,789.40002,4984.7002,3399.0,720.59998,3527.0,791.0,1843.5,74.26659216,734.75,920.20001,166.10001,939.99,2880.0,134.5,1921.320651,1273.0,778.0,675.54999,2724.45,509.0,2357.10371453,828.90002,212.95216889,931.90002,1953.9,704.84998,,1952.95,2071.95,904.0,8368.9004,137.35001,975.75,168.2,157.1625,1164.3291675,1293.25,250.98,518.90002,863.40002,4043.0,762.04441384,318.1012293,124.5,1751.0,2604.3,1187.9,7946.0,325.82501
2022-01-18 09:15:00,1851.11541285,790.0,4909.8999,3396.45,735.90002,3497.2,794.5,1855.875,72.83326026,730.70001,914.59998,165.5,944.89,2859.3,134.60001,1922.117466,1269.95,775.45,678.79999,2727.0,512.34998,2371.3790482,836.0,214.55685214,927.34998,1945.0,704.54999,,1975.0,2078.55,910.09998,8248.9502,137.75,972.5,168.39999,155.8875075,1163.12629972,1293.0,253.4,517.45001,867.20001,4041.7,760.71072,319.06717271,123.375,1746.55,2635.0,1177.0,7894.0,325.0
2022-01-19 09:15:00,1801.1639097,761.75,4615.0,3370.0,731.95001,3462.3,804.5,1862.1,70.13325964,715.0,901.59998,164.85001,946.88,2746.8,132.39999,1856.479814,1220.5,769.875,667.40002,2740.0,506.25,2331.90046527,821.0,209.93155201,903.79999,1916.0,689.25,,1945.0,2027.0,908.95001,8060.0,135.3,972.24745,171.0,155.5499925,1153.888789,1272.1,241.3,517.65002,848.0,4012.0,729.096768,315.26372901,122.09,1676.6,2617.8,1212.0,7599.8999,315.82501
2022-01-20 09:15:00,1823.81182424,751.70001,4725.0,3364.8999,737.15002,3448.0,765.0,1826.2,70.93326217,719.65002,899.90002,168.25,942.4,2756.0,130.7,1829.437898,1201.4,764.25,660.59998,2759.25,508.0,2289.51739342,812.95001,209.69556779,898.45001,1848.0,686.0,,1925.0,2035.0,897.59998,8140.0,136.35001,954.0,170.89999,161.5125075,1139.34034852,1255.65,246.85,519.15002,842.75,3920.0,737.24724,315.86745119,122.4,1673.2,2610.0,1194.2,7559.5498,311.20001
2022-01-21 09:15:00,1816.6828233,733.65002,4733.75,3324.95,725.25,3473.95,749.9,1709.5,70.54992589,714.0,880.0,163.3,914.0,2754.0,125.15,1821.718751,1179.85,764.9,646.95001,2777.0,515.79999,2298.18114265,811.34998,208.13808138,872.95001,1808.0,680.0,,1901.0,1994.8,884.90002,8244.0,136.10001,953.1125,166.39999,164.4375,1135.84509138,1263.2,244.76,507.5,819.70001,3851.55,733.98706108,310.22263068,120.43,1653.0,2561.8999,1206.55,7454.6499,305.5
2022-01-24 09:15:00,1772.50241614,725.25,4710.7998,3270.0,716.40002,3454.2,735.0,1643.3949,69.58326352,707.0,895.0,160.39999,897.96,2729.1499,114.2,1784.666844,1164.5,760.625,639.84998,2769.3999,500.5,2308.61680536,816.70001,205.54225497,869.29999,1768.65,657.0,,1887.9,1959.0,878.34998,8332.7998,135.25,952.0,168.3,163.3125,1136.97991513,1240.0,240.6,506.79999,825.0,3849.6499,716.2536,304.45708989,116.365,1588.0,2522.55,1200.0,7365.0,302.75
2022-01-25 09:15:00,1697.91463766,712.84998,4535.0,3156.95,755.0,3490.0,699.6,1568.245,68.49993128,720.45001,909.0,161.60001,883.79,2708.95,100.45,1719.327998,1139.65,747.5,633.5,2789.0,486.5,2297.54111545,804.29999,202.66324749,886.90002,1740.0,640.59998,,1873.9,1931.3,858.25,8664.0,135.64999,944.20255,166.7,165.15,1084.27865478,1232.9,240.56,517.5,811.70001,3809.3999,701.38517308,297.33317419,112.1,1527.65,2407.75,1113.25,7153.8999,286.0
2022-01-27 09:15:00,1673.66633515,712.29999,4427.0,3143.0,777.0,3536.8,690.23501,1557.04,68.76659767,716.0,931.5,161.3,873.03,2690.0,98.0,1693.2323,1115.95,742.5,625.90002,2770.0,492.85001,2289.56671716,801.5,203.41839699,893.59998,1709.7,632.15002,,1898.55,1922.0,862.84998,8971.6504,136.0,939.5,168.75,164.475,1069.50334034,1221.9,249.53,530.84998,817.40002,3733.3999,700.940592,303.49114648,110.345,1484.5,2360.3999,1087.8,7150.2998,278.45001
2022-01-28 09:15:00,1691.65857561,732.79999,4565.0,3170.0,784.70001,3562.3,704.56001,1578.765,70.33326277,754.0,942.0,165.0,876.0,2747.0,96.449997,1729.437591,1102.2,743.35,632.90002,2755.0,506.60001,2282.7735289,805.84998,206.95816028,925.75,1727.55,645.90002,,1956.9,1948.0,896.0,8930.0,144.0,932.45,174.7,163.125,1078.49105366,1237.75,259.97,536.40002,842.90002,3729.8,721.09450616,307.50589898,112.575,1482.9,2377.8,1042.0,7266.3999,282.475005
2022-01-31 09:15:00,1681.8622614,723.90002,4584.0,3193.45,777.79999,3585.6499,707.58999,1574.1,73.24992651,735.0,950.0,163.39999,873.72,2681.0,92.5,1730.085003,1113.95,745.775,627.5,2734.05,499.75,2276.02976283,798.70001,208.3740656,927.45001,1749.5,639.0,,1938.9,1924.0,888.84998,8720.0,143.39999,931.995,174.85001,162.5625,1092.33590341,1238.4,254.4,540.90002,849.75,3758.0,728.05944508,313.93553417,111.46,1487.6,2380.0,1037.85,7279.5498,287.20001
2022-02-01 09:15:00,1712.02714971,744.29999,4532.25,3212.3501,793.90002,3592.3501,711.57998,1601.495,70.81659562,735.0,959.0,163.45,865.28,2684.5,95.800003,1769.875962,1136.5,758.5,638.54999,2769.8,512.65002,2284.0533864,812.84998,215.97275746,927.0,1780.0,658.84998,,1905.0,1999.9,894.70001,8790.7998,144.14999,938.90995,174.89999,162.7875,1098.78179309,1250.0,258.0,543.95001,895.0,3808.0,730.084704,310.76599272,117.445,1514.95,2442.1001,1064.85,7535.5,291.20001
2022-02-02 09:15:00,1732.2987306,746.84998,4683.0,3244.1499,805.90002,3585.0,728.0,1675.0,70.73326237,731.75,958.5,164.60001,885.95,2722.55,99.75,1782.87401,1173.85,767.5,645.79999,2743.3999,518.40002,2296.85196141,818.70001,220.2204734,981.79999,1792.8,663.79999,,1948.0,2008.0,880.29999,8683.0,142.75,942.5,174.05,163.35,1092.6083065,1227.55,260.87,544.25,898.45001,3864.0,735.91354616,310.5848821,117.99,1490.0,2477.8999,1107.0,7575.0,295.0
2022-02-03 09:15:00,1733.2686627,745.0,4704.75,3241.6001,811.90002,3650.95,728.70498,1671.7,70.48326262,729.0,957.0,164.14999,887.39,2709.8501,98.5,1778.889934,1170.85,769.975,647.29999,2817.95,516.5,2295.81823035,818.40002,222.01395347,979.70001,1779.0,667.40002,,1942.45,1985.0,882.40002,8798.0,138.60001,928.9825,171.25,161.25,1090.08899777,1220.0,257.4,544.70001,891.20001,3882.5,759.722784,310.4943117,118.17,1479.8,2506.55,1100.0,7485.0,294.399995
2022-02-04 09:15:00,1716.779817,741.15002,4794.0,3248.8,804.5,3621.1001,718.83999,1646.935,69.8665999,723.25,957.75,162.8,881.3,2677.8999,97.849998,1757.973535,1167.1,766.425,637.0,2780.0,528.5,2276.91571957,812.0,225.12894516,974.95001,1753.95,665.90002,,1918.0,1957.8,861.40002,8680.0,137.45,920.0,172.7,160.0125075,1066.03073428,1194.0,253.52,546.40002,902.84998,3824.7,737.54361092,306.57011753,119.775,1464.95,2520.0,1090.0,7529.8999,288.899995
2022-02-07 09:15:00,1712.41512255,729.90002,4724.5498,3251.2,803.59998,3570.0,716.5,1636.405,68.59993118,720.09998,947.0,163.0,870.0,2646.1001,95.5,1742.684643,1171.35,759.5,623.70001,2734.0,533.25,2280.80451736,805.0,221.58918188,959.40002,1732.0,666.65002,,1890.0,1947.5,844.70001,8615.0,136.35001,921.0,173.3,160.725,1069.8210456,1171.7,250.2,549.0,901.45001,3831.8,727.861848,304.48728808,121.46,1465.75,2498.1499,1068.8,7518.9502,286.899995
2022-02-08 09:15:00,1694.4713787,723.0,4529.7002,3223.5,801.0,3512.95,714.7,1611.98,67.96659514,714.70001,951.0,162.5,875.87,2645.0,94.650002,1721.120832,1169.85,739.225,607.84998,2691.6499,533.09998,2232.85908636,795.70001,219.27653653,940.75,1725.0,662.90002,,1848.05,1896.95,837.70001,8789.0996,135.64999,910.7125,173.0,161.5499925,1071.27362,1149.0,249.07,537.65002,895.95001,3799.7,701.43456,300.95550728,122.24,1456.15,2465.0,1067.05,7499.0,282.899995
2022-02-09 09:15:00,1738.02132999,735.40002,4587.0,3259.0,809.5,3570.0,715.78999,1641.49,67.74993203,726.09998,972.5,169.35001,879.0,2636.8999,95.449997,1739.049174,1189.0,749.85,606.75,2736.6001,544.40002,2245.01783107,804.25,219.93729234,971.40002,1743.0,666.59998,,1847.8,1899.9,845.95001,8989.7998,135.60001,911.8575,169.60001,158.7374925,1083.6205024,1140.8,250.8,536.5,894.54999,3777.95,700.446624,304.09486866,123.4,1470.95,2495.0,1075.0,7547.8999,285.375
2022-02-10 09:15:00,1754.6071689,741.54999,4623.0,3248.0,815.95001,3581.55,724.0,1655.0,68.24993153,726.95001,977.34998,170.3,877.75,2664.0,95.400002,1764.248455,1191.9,767.75,611.5,2751.0,553.5,2249.59568445,808.79999,220.31485765,977.75,1773.9,678.0,,1888.9,1911.0,857.75,9050.0,136.85001,910.645,170.39999,161.775,1087.47890315,1150.0,255.0,543.95001,896.25,3789.8,702.422496,308.20017345,125.425,1472.0,2503.95,1085.0,7548.9502,287.375
2022-02-11 09:15:00,1721.53248429,733.90002,4613.4502,3229.95,809.90002,3575.0,707.99502,1620.0,67.88326189,725.40002,976.04999,169.3,869.91,2625.3999,92.75,1752.99344,1179.0,762.5,601.5,2747.0,553.84998,2243.68864983,797.40002,220.2204734,990.0,1745.95,675.0,,1854.1,1889.0,861.95001,8865.0,137.7,906.75,170.5,159.0,1082.39489275,1144.85,252.8,537.70001,895.79999,3752.5,694.61778184,306.08714582,126.495,1449.95,2480.0,1099.55,7460.1001,283.0
2022-02-14 09:15:00,1685.64499659,714.79999,4678.0,3182.7,803.0,3538.0,693.0,1588.795,66.46659665,704.0,962.90002,166.25,853.32,2597.7,87.0,1689.845835,1164.35,749.725,589.79999,2703.1499,533.95001,2201.60102816,773.95001,213.3297342,964.79999,1718.55,665.0,,1823.85,1846.95,845.40002,8615.0498,136.45,890.0125,176.35001,155.2125,1068.98127603,1127.0,241.2,515.59998,886.65002,3793.25,692.34553892,294.91828547,122.775,1418.8,2423.0,1055.0,7242.5,278.57501
2022-02-15 09:15:00,1698.73907994,722.45001,4675.0,3270.0,799.09998,3601.0,719.5,1642.75,66.46659665,713.09998,938.79999,164.85001,858.89,2738.0,84.650002,1708.9694,1174.0,762.45,574.5,2787.8501,536.34998,2268.44887149,778.0,210.96989201,972.0,1746.75,643.45001,,1819.0,1882.0,858.0,8664.25,135.8,916.1625,170.0,152.8875075,1100.27966966,1123.65,244.18,526.84998,880.0,3835.0,697.482816,305.18156255,121.2,1442.6,2499.8,1086.5,7318.4502,282.625
2022-02-16 09:15:00,1722.5994096,750.84998,4724.0,3285.1001,808.29999,3640.0,722.49502,1658.99,67.11660266,728.20001,940.25,166.0,874.56,2738.3999,87.0,1742.983449,1182.65,767.375,592.90002,2844.6001,538.0,2268.05516764,777.54999,212.10261626,987.54999,1755.45,646.15002,,1852.85,1887.3,878.5,8736.4004,136.7,919.87,168.89999,150.75,1104.4104735,1131.5,254.88,528.0,881.15002,3854.1001,699.80444584,306.63048974,121.79,1463.95,2519.8999,1092.4,7320.0,285.149995
2022-02-17 09:15:00,1709.0203602,745.0,4667.5,3294.95,802.0,3660.0,712.8,1641.8301,68.21659489,727.5,955.5,165.5,867.05,2762.75,90.099998,1744.826084,1174.0,761.0,595.40002,2872.3,540.75,2277.16184601,767.25,211.77224779,980.0,1749.0,649.45001,,1844.25,1884.9,877.29999,8658.2998,134.89999,920.0,172.39999,149.1375075,1114.35148416,1132.85,256.47,520.0,872.34998,3835.0,717.38974616,308.80389563,120.95,1461.45,2537.5,1073.15,7225.0,286.20001
2022-02-18 09:15:00,1701.84286266,739.20001,4592.7998,3272.0,790.54999,3642.5,711.6,1628.9,67.19993591,719.54999,929.84998,168.25,868.6,2739.7,88.400002,1732.973458,1170.1,758.5,597.5,2818.0,537.79999,2291.73253141,756.79999,210.92269517,966.0,1722.5,642.5,,1831.0,1896.0,869.75,8645.9502,134.10001,911.62,171.75,150.1124925,1115.03237841,1160.9,258.39,520.90002,867.90002,3815.95,715.85840584,303.46094829,120.5,1445.0,2499.5,1065.0,7064.8501,282.850005
2022-02-21 09:15:00,1686.51793548,726.75,4524.9502,3278.45,796.79999,3637.95,708.08999,1623.815,67.28326916,716.54999,913.70001,163.5,883.33,2718.8501,84.800003,1729.835998,1169.5,765.35,589.40002,2748.0,529.0,2268.35051937,762.90002,208.89323088,972.0,1737.3,635.0,,1851.3,1883.9,850.5,8724.25,134.14999,908.0,167.55,149.25,1106.45315625,1150.5,250.51,517.5,864.0,3827.8,712.64761384,302.10257339,120.2,1440.0,2488.0,1054.8,6912.5498,286.350005
2022-02-22 09:15:00,1628.41900269,711.09998,4605.5498,3236.8,787.0,3615.0,703.61499,1627.0,66.69993641,702.5,918.0,160.64999,847.12,2730.0,80.550003,1682.973304,1154.15,761.05,577.0,2752.0,519.25,2244.6731556,759.75,204.73989918,949.84998,1751.0,624.70001,,1849.1,1855.0,856.0,8659.7998,132.5,909.6675,166.5,148.8375,1087.56964366,1126.5,243.2,505.29999,849.0,3667.8999,708.25133816,293.59009063,116.665,1420.7,2457.0,1058.4,6770.0,284.5
2022-02-23 09:15:00,1665.85838175,719.40002,4735.0,3296.8999,785.5,3639.8999,711.73501,1639.0,66.84993293,708.95001,921.29999,162.3,852.13,2748.5,85.150002,1697.216376,1159.0,762.85,578.0,2762.45,523.25,2238.71689569,756.40002,205.30627075,960.79999,1758.25,627.95001,,1912.85,1852.0,869.70001,8789.9502,133.45,910.47755,166.39999,149.625,1092.40403823,1114.95,244.36,505.35001,853.0,3622.8999,722.37881308,293.04674067,115.26,1424.95,2525.0,1084.0,6866.0,285.45001
2022-02-24 09:15:00,1599.03006006,688.0,4535.0,3197.8,769.15002,3559.3,690.02002,1589.59,65.58326754,688.54999,908.75,156.8,829.8,2691.25,81.5,1646.369606,1134.95,737.475,560.0,2624.6001,527.40002,2207.26193634,727.09998,201.34173586,934.29999,1714.95,604.5,,1874.4,1800.0,831.90002,8587.25,129.0,898.43495,162.39999,147.0,1062.14959166,1091.5,230.89,487.95001,836.95001,3483.8501,705.92965892,278.64796665,111.995,1400.0,2466.0,1037.2,6649.1499,278.45001
2022-02-25 09:15:00,1588.84577301,703.0,4747.6001,3141.45,764.84998,3560.0,698.99502,1606.5,67.0499294,695.15002,926.70001,164.89999,840.2,2675.0,83.400002,1592.435177,1141.0,732.95,545.54999,2592.0,546.90002,2161.97467092,739.29999,204.36233387,929.79999,1728.15,605.95001,,1866.25,1798.7,825.0,8466.0,131.0,894.74745,160.39999,148.4249925,1047.64658952,1077.7,231.88,491.89999,835.0,3530.0,704.74412584,281.15342578,115.07,1400.0,2474.0,1074.75,6656.6499,279.375
2022-02-28 09:15:00,1601.45489031,709.65002,4826.0,3190.5,749.90002,3561.0,702.5,1608.485,70.49992927,690.0,929.95001,169.95,830.0,2614.95,80.949997,1598.012884,1133.3,719.275,532.5,2546.95,580.04999,2146.12402957,744.75,204.31513703,924.79999,1728.05,629.79999,,1852.0,1822.25,807.0,8339.9502,133.95,888.46505,161.85001,157.6875,1074.61004722,1062.8,225.6,485.29999,847.0,3563.75,712.10425892,276.11234556,122.5,1419.85,2563.6499,1119.0,6602.0,280.04999
2022-03-02 09:15:00,1614.20949743,717.90002,4903.9502,3111.2,756.45001,3498.3,693.63501,1615.715,73.19992989,684.0,931.29999,185.64999,812.68,2579.0,82.0,1576.449072,1124.65,699.2,563.0,2498.5,614.25,2121.4130332,724.95001,204.456737,912.65002,1714.4,654.0,,1819.35,1826.95,810.75,8199.0,135.0,894.47,168.35001,159.8624925,1089.8847295,1125.0,229.46,479.79999,844.95001,3571.95,709.93078984,274.24080076,129.96,1420.7,2604.8,1117.7,6539.0,279.149995
2022-03-03 09:15:00,1627.74005022,724.59998,4969.0,3051.0,759.45001,3404.8,694.42998,1634.795,73.31659311,679.79999,945.0,197.75,778.85,2539.0,83.199997,1571.319574,1152.0,696.0,563.5,2468.0,613.90002,2134.35928407,721.95001,207.85490032,926.0,1733.9,662.5,,1819.6,1813.55,793.15002,7939.9502,133.45,894.0,171.8,164.5125075,1096.17169847,1126.75,227.2,483.39999,832.79999,3578.6001,710.079,276.80662003,132.865,1443.6,2639.8,1135.65,6437.1499,287.975005
2022-03-04 09:15:00,1605.72259155,710.70001,4889.3999,2863.8,732.5,3285.95,669.8,1567.23,74.9165915,667.95001,941.0,191.0,774.79,2400.8999,82.900002,1508.869183,1154.85,693.0,528.90002,2403.6001,618.0,2045.75376477,706.54999,214.65123639,922.90002,1736.0,660.40002,,1785.95,1754.05,756.0,7519.2002,133.35001,877.20255,171.0,163.125,1073.22551685,1077.4,223.3,470.89999,839.59998,3561.2,680.09516216,260.71742995,131.985,1460.0,2565.0,1126.0,6170.0,290.0
2022-03-07 09:15:00,1544.1319032,691.70001,4732.7998,2727.95,705.0,3279.0,637.0,1499.4,72.79992363,679.34998,946.0,192.0,758.39,2297.25,79.650002,1469.825238,1161.4,666.175,520.0,2289.8,623.0,1949.46910047,667.0,214.27367108,896.95001,1751.0,643.0,,1730.9,1666.8,719.84998,7029.8501,130.5,870.3875,189.8,161.4,1049.53044234,1048.8,211.97,453.95001,829.0,3548.0,665.374896,242.54538626,130.18,1464.0,2419.95,1080.0,5929.2998,289.82501
2022-03-08 09:15:00,1559.06885754,692.0,4740.0,2736.95,673.75,3354.45,621.73501,1452.5,72.58326051,686.84998,977.0,191.7,777.39,2264.45,80.599998,1459.865048,1179.6,667.0,514.95001,2259.25,618.0,1927.66229766,669.45001,215.64237955,847.79999,1800.0,639.95001,,1729.5,1666.0,703.04999,6855.0,135.8,876.5,194.95,167.5499925,1019.525657,1039.75,209.96,442.10001,861.70001,3609.0,679.452984,238.74194255,129.4,1466.9,2419.5,1091.6,5875.0,295.375
2022-03-09 09:15:00,1619.7381104,718.0,4814.8999,2890.0,680.5,3360.0,652.5,1519.955,75.11659464,698.0,987.54999,190.60001,796.26,2308.3501,80.650002,1502.693865,1195.0,687.35,523.0,2310.6001,598.95001,1975.95230568,674.5,218.4269839,880.0,1831.6,634.25,,1748.15,1699.8,739.90002,7078.1001,133.95,869.0,183.8,162.0,1074.4511265,1041.95,214.47,454.29999,885.79999,3654.0,697.38404216,247.07330262,127.68,1511.0,2460.5,1155.0,6058.75,298.20001
2022-03-10 09:15:00,1696.99320216,737.65002,4819.0,3040.0,720.40002,3440.0,679.4,1585.0,75.49992425,707.5,992.90002,184.0,797.3,2393.45,83.949997,1568.729925,1198.2,713.5,529.75,2410.45,596.5,2081.24519778,701.0,219.4653239,928.0,1844.75,652.15002,,1813.0,1758.0,762.5,7399.8501,135.0,884.2625,176.89999,158.5499925,1091.7004475,1057.1,220.0,476.64999,881.90002,3684.0,718.72344,262.58896871,131.38,1525.95,2504.75,1164.35,6261.2002,298.25
2022-03-11 09:15:00,1704.1706997,731.75,4863.0,2939.95,706.65002,3445.5,668.5,1575.0,72.93326016,702.40002,1053.75,182.5,799.2,2315.0,82.400002,1569.626342,1207.15,704.475,524.20001,2345.0,603.0,2077.50407585,684.70001,223.80744298,915.5,1831.4,673.0,,1779.9,1735.45,741.79999,7200.0,133.39999,880.90255,176.39999,159.75,1094.4240245,1066.1,218.91,474.79999,907.0,3639.8501,717.29092292,254.25759053,133.99,1491.85,2498.2,1181.75,6119.9502,295.0
2022-03-14 09:15:00,1699.75750865,733.5,5016.5498,2972.3501,712.40002,3464.95,668.9,1573.5,72.0332644,704.84998,1058.0,182.14999,798.93,2320.75,80.699997,1577.644295,1214.8,725.0,521.15002,2351.0,593.54999,2062.53958815,698.45001,226.0256852,914.0,1895.0,673.0,,1797.35,1754.0,746.0,7335.0,132.89999,873.87245,175.5,160.5,1100.50663441,1072.6,223.2,486.0,911.79999,3648.3501,715.265664,252.95959388,131.17,1508.9,2545.0,1207.5,6067.8999,300.399995
2022-03-15 09:15:00,1701.45488982,736.0,4999.0,3032.0,718.0,3494.0,675.0,1595.0,70.04992639,709.5,1083.0,180.0,799.8,2354.95,79.599998,1592.335575,1214.3,724.75,519.79999,2380.0,581.90002,2048.55960622,708.09998,227.86635267,922.0,1888.35,660.79999,,1789.95,1765.0,769.20001,7620.0,132.95,878.0,169.5,161.2875,1102.11812952,1079.35,227.4,490.5,908.0,3659.0,764.662464,256.09895526,129.3,1515.0,2579.0,1181.0,6172.0,301.850005
2022-03-16 09:15:00,1710.9602244,729.5,4957.1499,3050.0,726.0,3592.2,689.93999,1624.0,69.96659314,715.5,1078.0,177.8,794.8,2373.8501,80.0,1609.417301,1202.95,727.5,521.34998,2376.5,575.40002,2047.7720016,711.40002,229.37666111,936.0,1893.95,662.75,,1774.8,1770.65,776.0,7595.75,133.0,894.275,167.85001,158.85,1093.01679766,1097.8,226.0,494.29999,900.0,3668.0,746.43503492,258.72513467,127.12,1494.5,2593.5,1191.45,6317.2002,299.725005
2022-03-17 09:15:00,1768.76817756,743.79999,4998.0,3163.3,746.75,3664.8501,705.68999,1658.9,70.59992917,727.95001,1066.4,180.0,810.0,2463.0,82.0,1650.154478,1215.0,744.9,532.90002,2429.25,584.40002,2083.90336336,725.0,231.64210018,949.5,1923.3,692.95001,,1827.6,1804.6,799.90002,7741.9502,134.3,918.7425,171.5,159.5625,1133.64348791,1140.0,228.88,503.5,915.0,3710.0,765.10704508,263.04176034,131.78,1509.95,2721.6499,1284.0,6469.5,305.5
2022-03-21 09:15:00,1786.51793499,750.45001,4914.8999,3117.3,749.40002,3718.0,701.875,1644.3949,71.46659163,724.34998,1071.0,186.35001,816.59,2448.95,83.300003,1608.022875,1209.9,746.825,534.29999,2447.95,600.95001,2078.19313144,722.90002,233.86036128,938.0,1886.9,699.0,,1830.0,1805.0,791.09998,7940.0,133.39999,918.5,175.0,162.0,1127.560878,1139.0,228.28,502.0,931.0,3713.95,764.51425384,263.40398158,133.4,1520.0,2768.0,1302.5,6370.0,308.0
2022-03-22 09:15:00,1781.7652677,743.90002,4828.0,3062.7,736.0,3662.0,701.0,1659.0,70.21659289,721.0,1049.25,185.8,811.39,2404.8,81.900002,1584.616428,1181.75,749.0,530.5,2435.0,602.84998,2021.92872514,721.0,236.69217191,932.0,1890.0,699.90002,,1813.6,1777.0,789.04999,7809.0,134.14999,893.49745,181.25,157.125,1150.68858603,1101.85,221.0,495.79999,922.0,3711.0,748.855488,266.51316288,133.0,1543.95,2718.8,1298.45,6225.8501,305.5
2022-03-23 09:15:00,1792.4830174,751.0,4716.0498,3079.8999,742.90002,3683.3501,710.4,1672.875,71.29992513,719.84998,1044.9,184.25,837.79,2413.7,82.0,1588.650305,1190.85,759.4,534.0,2439.8,611.79999,1985.30511049,726.79999,239.47678569,944.45001,1900.0,710.0,,1827.25,1791.55,794.20001,7862.7998,133.75,877.5,177.7,157.9500075,1164.26112347,1117.7,222.0,502.39999,926.0,3729.8,750.83136,269.86381495,134.78,1561.7,2742.95,1314.6,6312.5,307.5
2022-03-24 09:15:00,1784.23859456,742.29999,4685.0,3038.95,730.45001,3637.8999,703.55498,1651.2,69.68326342,708.84998,1040.1,188.5,869.71,2388.2,82.349998,1597.514874,1194.0,734.825,526.0,2427.25,626.20001,1960.49556509,712.70001,242.11980895,937.95001,1894.6,719.5,,1728.9,1779.7,780.0,7655.0,135.7,875.0,180.39999,158.4,1173.02187203,1097.5,220.32,494.79999,914.70001,3758.2,742.53267784,262.86063161,135.95,1571.95,2694.0,1309.95,6379.5498,306.899995
2022-03-25 09:15:00,1821.5324838,746.90002,4764.0,3064.55,726.65002,3659.1499,706.74502,1650.0,69.39993037,714.45001,1033.3,188.89999,875.0,2389.8501,81.849998,1605.582628,1199.0,726.0,528.0,2438.0,630.95001,1946.36790729,706.09998,241.41185629,933.29999,1894.0,726.5,,1731.8,1777.9,773.0,7542.2998,136.14999,873.9,179.25,158.1,1187.479572,1101.3,222.48,493.29999,914.95001,3779.5,731.07264,263.82659314,136.6,1574.95,2634.0,1288.0,6390.6499,307.0
2022-03-28 09:15:00,1866.53733324,749.70001,4720.0,3058.6001,737.90002,3737.0,703.5,1656.0,68.93326417,737.0,1044.25,193.7,872.59,2386.6499,81.0,1610.512922,1187.6,719.0,520.70001,2397.8501,634.79999,1950.10902922,713.40002,243.53571427,942.90002,1880.9,731.45001,,1728.0,1755.0,772.70001,7539.0,135.5,867.44745,177.89999,159.5625,1193.72110263,1103.8,224.11,498.60001,910.90002,3713.0,737.19785308,262.58896871,135.5,1538.95,2545.55,1290.0,6394.9502,304.5
2022-03-29 09:15:00,1872.84189189,766.90002,4697.5,3087.7,741.65002,3735.0,706.0,1662.0,69.53326691,763.0,1041.0,192.2,871.11,2492.95,80.5,1632.076733,1175.0,730.125,525.70001,2401.0,636.0,1963.94133528,716.95001,243.06374583,944.5,1889.4,764.75,,1740.9,1754.1,783.0,7563.1001,135.3,849.99745,175.2,160.8375,1197.466021,1114.95,225.4,501.39999,922.0,3722.0,738.729144,265.2453463,134.615,1539.55,2559.0,1283.25,6548.0,302.67499
2022-03-30 09:15:00,1954.4131815,775.95001,4693.7002,3094.3501,765.84998,3729.6499,727.44502,1724.985,70.63325914,769.90002,1054.8,187.95,873.3,2518.2,86.0,1671.270081,1181.95,741.375,543.34998,2281.0,622.0,1987.71714963,731.75,242.02540582,945.0,1919.0,750.70001,,1768.85,1777.05,795.0,7629.9502,135.95,867.37755,164.85001,164.025,1220.162496,1127.65,227.76,500.39999,922.0,3738.0,773.306904,267.14706514,133.555,1534.3,2565.75,1285.0,6668.7998,304.649995
2022-03-31 09:15:00,1980.6013482,781.0,4634.7002,3129.25,763.0,3715.1499,744.5,1730.0,70.78326565,759.0,1035.0,184.89999,877.5,2495.0,88.699997,1671.917493,1174.8,742.35,550.25,2316.8999,600.29999,2022.17485158,739.90002,240.0903541,938.45001,1913.0,737.5,,1778.75,1781.35,813.0,7652.75,135.60001,871.69005,165.25,162.9375,1211.85558615,1128.0,228.88,497.54999,927.0,3754.6499,770.59008,264.61142594,132.045,1509.6,2545.3999,1284.9,6699.0,301.649995
2022-04-01 09:15:00,1987.3908729,790.70001,4558.0,3121.0,775.75,3746.0,744.9,1720.0,72.33326076,766.65002,1025.9,187.25,866.93,2494.75,85.599998,1674.158536,1174.0,755.0,551.40002,2246.0,577.0,2053.53145881,738.29999,241.03429098,970.95001,1910.3,749.95001,,1780.0,1794.0,829.5,7729.0,143.45,880.38495,168.25,169.3125,1209.79016153,1120.8,239.8,509.75,919.0,3763.0,782.93928,266.99613459,134.09,1502.65,2550.0,1295.0,6688.8501,301.70001
2022-04-04 09:15:00,2013.09407355,822.15002,4583.2998,3143.0,785.5,3772.0,759.08999,1748.0,73.44992964,775.0,1029.65,189.0,868.0,2518.1001,87.699997,1681.280072,1188.95,861.05,597.54999,2319.0,589.65002,2099.40932924,749.79999,243.44131114,994.79999,1893.0,738.0,,1840.0,1829.85,836.0,7794.0,146.0,893.325,169.05,171.0750075,1214.2614125,1129.9,238.0,514.90002,928.79999,3780.0,785.40912,271.3731204,135.4,1504.3,2562.0,1309.0,6758.4502,303.25
2022-04-05 09:15:00,2123.95731258,860.90002,4605.0,3157.0,796.0,3819.95,747.99502,1730.0,74.56659186,773.79999,1036.0,188.95,881.6,2600.0,85.150002,1705.184528,1203.0,833.35,575.65002,2352.6499,590.95001,2124.56345166,755.45001,247.16988068,994.0,1889.6,746.0,,1838.05,1845.0,852.0,7900.0,150.60001,903.0,172.75,175.9500075,1211.94632666,1130.2,237.49,516.40002,940.70001,3835.6001,800.22816,278.85926941,135.8,1522.5,2577.8,1335.0,6816.0,304.75
2022-04-06 09:15:00,2117.21638148,862.65002,4609.0,3165.0,779.95001,3810.0,742.5,1689.91,73.66659276,780.70001,1033.85,197.0,871.0,2555.45,85.300003,1710.463429,1194.9,794.9,568.0,2349.1499,589.45001,2130.86419014,744.90002,248.585786,978.75,1857.5,746.5,,1793.0,1858.0,838.70001,7849.0,155.3,913.0,173.5,178.8375,1195.87726775,1122.45,236.0,515.20001,938.79999,3809.3,802.698,279.34225923,138.67,1482.0,2564.8999,1336.8,6792.0,299.0
2022-04-07 09:15:00,2148.3511049,866.0,4583.7002,3208.95,795.0,3819.6001,735.6,1670.0,79.29991711,777.84998,1062.65,197.05,871.41,2577.8999,85.25,1693.2323,1180.75,770.675,560.54999,2368.2,584.90002,2141.30004975,757.79999,247.50025859,986.90002,1828.15,742.75,,1792.0,1855.85,840.29999,7748.0,158.0,912.5,173.8,179.9249925,1182.940277,1115.75,236.99,519.90002,948.0,3745.5,808.42801892,277.16885938,138.1,1474.65,2544.45,1346.85,6796.5,296.0
2022-04-08 09:15:00,2110.5722496,844.79999,4628.5,3220.0,800.70001,3836.0,742.5,1684.0,80.73325234,768.34998,1038.45,198.8,895.53,2573.8501,85.5,1778.69073,1180.0,762.875,566.84998,2380.0,584.54999,2159.51340649,756.0,253.77743882,990.0,1838.0,762.04999,,1790.0,1838.9,860.65002,7730.5,154.89999,924.8,171.3,175.5750075,1191.5649375,1165.0,242.7,519.5,937.29999,3705.0,809.95930984,275.44824513,137.995,1483.4,2532.6499,1319.6,6850.0,293.5
2022-04-11 09:15:00,2133.85062,860.0,4686.6499,3222.0,794.25,3825.0,738.4,1684.5449,82.73325033,765.20001,1028.3,198.0,890.0,2565.0,85.849998,1823.611187,1164.0,755.0,571.70001,2361.75,587.45001,2160.10420841,765.45001,257.83634851,998.90002,1814.0,775.0,,1806.15,1829.75,861.34998,7616.5498,154.60001,926.0125,172.75,176.6625,1197.71568223,1160.0,247.6,522.0,933.54999,3712.3501,814.059264,277.04810287,138.4,1462.35,2509.95,1291.5,6918.5,292.125
2022-04-12 09:15:00,2152.2793299,859.0,4682.0,3162.1001,801.0,3776.7,729.99502,1650.2,82.1332476,759.95001,1031.7,195.75,881.62,2537.6001,84.300003,1807.774485,1141.7,753.425,572.79999,2325.95,570.79999,2131.45499205,768.90002,253.58863257,987.65002,1757.5,773.75,,1812.65,1781.5,867.40002,7711.5,153.60001,924.95,172.2,175.2374925,1181.39696209,1153.0,244.99,516.70001,928.15002,3739.0,812.92311784,272.1579532,135.995,1441.6,2508.5,1287.85,6858.75,284.0
2022-04-13 09:15:00,2150.48485852,854.90002,4764.0,3121.8999,805.79999,3747.5,738.0,1650.0,83.41658298,756.5,1033.8,191.3,872.47,2555.0,88.300003,1770.921782,1143.1,751.15,568.75,2311.1499,551.90002,2131.45499205,772.54999,255.42932836,996.25,1757.5,781.09998,,1818.5,1772.85,875.0,7704.9502,156.2,927.45,174.85001,176.5125075,1176.85766709,1157.9,239.43,520.90002,943.0,3709.8501,813.565296,267.35837394,134.6,1428.7,2495.95,1262.8,6840.0,282.75
2022-04-18 09:15:00,2172.647904,846.75,4744.4502,3058.0,801.65002,3758.25,737.5,1604.0,85.43324429,740.15002,1035.0,190.89999,863.69,2531.1001,84.400002,1760.264379,1112.75,715.825,576.84998,2294.95,555.65002,2149.07754688,762.90002,257.22279898,983.0,1650.0,775.84998,,1775.6,1749.95,876.0,7599.0,163.75,934.3,179.0,173.85,1161.9687341,1181.95,234.96,515.0,941.04999,3610.0,814.94842616,263.43417976,135.805,1390.0,2500.0,1248.0,6689.8999,274.92499
2022-04-19 09:15:00,2187.1968855,850.25,4870.0,3059.2,816.20001,3774.6001,744.32998,1608.0,86.49991322,739.0,1038.9,203.25,863.22,2574.8999,83.900002,1769.925763,1115.95,694.775,579.90002,2327.5,556.20001,2172.65665698,777.90002,257.22279898,988.95001,1636.65,790.0,,1766.7,1760.75,887.79999,7678.0,166.35001,936.25,179.8,175.0125075,1211.083906,1184.95,237.8,520.95001,937.75,3563.55,826.75422184,265.78869023,136.665,1361.85,2520.6001,1278.0,6764.25,272.774995
2022-04-20 09:15:00,2141.56158019,835.95001,4850.0,3089.5,802.45001,3734.95,729.47002,1579.995,85.19991785,744.5,1015.0,205.55,868.0,2578.5,82.300003,1751.997421,1094.8,679.95,560.75,2315.0,549.0,2135.04833966,770.0,250.56805344,982.75,1596.3,758.0,,1727.0,1712.4,889.90002,7699.0,163.2,920.94745,177.35001,171.75,1241.043253,1135.7,226.75,513.70001,931.0,3569.1499,803.63654908,266.66409343,133.645,1320.95,2505.0,1285.65,6827.75,270.274995
2022-04-21 09:15:00,2224.58776796,858.90002,4903.6499,3174.3999,804.0,3739.5,718.7,1602.1,86.23325015,743.90002,1020.0,207.89999,870.31,2674.45,81.849998,1762.903829,1105.05,689.9,575.70001,2321.75,547.34998,2169.60459064,764.20001,249.62411656,992.70001,1627.2,747.25,,1773.45,1725.8,914.0,7899.7998,163.39999,928.395,176.7,171.4874925,1266.0093755,1148.6,230.79,518.0,946.0,3644.0,812.083392,271.28256811,132.275,1319.0,2524.95,1295.0,6887.0,271.25
2022-04-22 09:15:00,2236.6634226,886.0,4860.0,3173.3,798.0,3694.75,720.7,1574.85,85.54991084,740.90002,998.54999,209.0,859.8,2637.0,81.800003,1747.017326,1134.95,687.675,568.90002,2305.0,529.84998,2155.08313053,758.84998,248.25539865,988.0,1610.7,737.0,,1748.9,1716.4,927.04999,8016.6499,163.0,912.47245,176.3,172.65,1271.910459,1140.0,228.0,513.5,942.25,3617.0,811.68819784,270.0147455,131.155,1324.0,2526.45,1294.0,6809.9502,270.42499
2022-04-25 09:15:00,2225.9941695,880.95001,4765.6001,3155.1001,788.79999,3724.75,707.49502,1540.0,83.33324973,743.0,963.0,202.2,835.94,2650.0,81.599998,1699.059011,1098.0,685.325,552.0,2332.95,508.5,2128.50147474,762.20001,244.47965114,958.45001,1572.8,719.5,,1737.9,1675.0,928.0,7998.0,160.89999,917.5,173.0,170.1749925,1252.11908741,1129.2,220.8,499.20001,922.34998,3584.0,800.12938616,263.22287096,126.295,1297.95,2489.0,1281.75,6713.0498,265.57501
2022-04-26 09:15:00,2341.3189992,913.0,4741.0,3148.7,796.59998,3905.0,726.29502,1563.325,84.46657859,758.90002,980.59998,192.3,837.05,2665.55,80.900002,1723.11287,1107.0,690.975,556.0,2413.0,500.89999,2124.51422637,768.54999,246.08435327,983.34998,1592.0,724.29999,,1748.0,1703.1,942.90002,8067.5,158.45,927.20995,171.7,174.15,1268.7329525,1106.0,232.2,507.89999,924.75,3587.8999,814.40502184,264.09827416,124.17,1285.7,2552.1499,1287.2,6694.2002,268.875
2022-04-27 09:15:00,2348.15711749,924.65002,4658.9502,3164.0,772.95001,3919.0,710.0,1534.11,82.98325008,761.54999,980.25,191.8,832.74,2672.95,79.599998,1702.69448,1099.9,689.5,558.45001,2528.6001,497.60001,2119.0501209,750.0,244.0076827,979.79999,1572.75,734.20001,,1752.0,1691.6,940.70001,7865.0,159.60001,923.28495,168.89999,174.6375075,1283.712626,1098.9,233.34,502.79999,921.70001,3568.45,807.98343784,261.38152434,125.5,1274.5,2537.8,1264.4,6629.8501,263.5
2022-04-28 09:15:00,2318.0406288,900.25,4603.0,3268.0,785.45001,4000.0,680.5,1525.0,83.33324973,754.29999,990.59998,192.5,830.33,2704.0,77.599998,1714.148699,1102.3,689.5,575.34998,2541.95,502.0,2215.1379825,751.90002,248.9161639,992.45001,1601.8,734.25,,1773.0,1731.0,945.0,7940.0,160.10001,926.74005,166.0,177.1875,1294.1530045,1125.0,232.6,510.0,927.34998,3604.3999,809.119584,265.15478798,126.865,1284.4,2531.0,1238.9,6635.0,263.32501
2022-04-29 09:15:00,2322.16284022,898.90002,4596.0,3278.0,766.84998,3840.0,682.36001,1528.0,83.28325311,761.0,994.90002,193.0,853.2,2707.6499,74.849998,1731.628832,1100.5,702.375,594.0,2552.0,497.79999,2254.5182133,759.95001,248.25539865,1009.5,1597.3,740.0,,1810.3,1739.0,939.25,7946.5,161.0,933.28,167.45,177.2625075,1296.49069603,1132.6,247.8,512.5,967.04999,3623.25,825.173544,270.31660659,129.17,1284.8,2532.0,1249.2,6797.0,264.25
2022-05-02 09:15:00,2291.27059983,862.84998,4440.0,3211.5,738.20001,3720.0,664.98501,1502.275,79.79991661,742.95001,989.75,188.89999,829.05,2626.75,71.900002,1682.22629,1082.0,703.225,585.75,2505.6001,486.0,2217.10699404,743.79999,249.67130397,1026.0,1552.75,734.20001,,1780.45,1685.95,933.70001,7750.0,158.35001,924.0,159.25,174.9375,1273.49921225,1093.4,247.4,495.0,925.0,3547.95,818.65318616,267.41874616,130.275,1249.0,2437.0,1231.85,6730.0,259.5
2022-05-04 09:15:00,2291.8524621,864.20001,4325.3501,3194.7,735.15002,3683.0,666.77998,1505.875,79.94992312,739.34998,983.0,190.7,827.08,2562.0,70.0,1696.718367,1076.0,701.8,580.54999,2520.0,483.0,2215.97491086,747.0,251.13439669,1029.0,1570.0,736.0,,1823.7,1681.9,923.95001,7747.0,161.89999,923.605,162.8,179.5875,1266.463305,1096.95,251.49,496.45001,920.90002,3545.45,821.962752,265.99999903,133.0,1243.95,2407.0,1234.9,6708.6001,251.925005
2022-05-05 09:15:00,2234.52957198,835.5,4054.1499,3126.95,721.79999,3595.0,649.74502,1471.1,79.46658361,733.09998,967.20001,191.95,814.98,2529.2,66.650002,1638.351653,1075.2,687.5,577.40002,2538.1499,475.89999,2167.83248025,743.0,250.33206922,995.0,1589.4,726.40002,,1821.0,1671.2,921.0,7538.0,160.75,918.92,168.39999,180.4874925,1239.227535,1115.0,238.99,494.0,919.20001,3533.0,802.204032,262.0154266,131.65,1266.1,2309.0,1242.85,6595.8999,251.850005
2022-05-06 09:15:00,2193.9864102,820.95001,3898.6499,3052.3999,692.5,3555.0,620.50498,1389.53,78.08325499,723.90002,946.34998,188.95,789.77,2418.2,62.299999,1598.012884,1056.65,667.5,573.75,2599.0,454.25,2136.3775209,723.0,252.36153351,934.29999,1561.85,700.90002,,1794.95,1633.0,914.79999,7359.8999,160.35001,879.98495,167.39999,179.3624925,1206.9985405,1081.0,238.6,486.10001,885.70001,3474.5,769.108176,253.68406654,129.0,1299.0,2240.0,1199.75,6300.0,245.449995
2022-05-09 09:15:00,2176.72161882,807.45001,3807.95,3038.8,669.0,3584.7,613.525,1401.165,75.71658737,720.5,942.0,185.95,787.19,2370.45,60.400002,1567.385299,1082.9,663.25,569.0,2560.0,448.54999,2106.25154589,720.0,251.22879037,912.79999,1586.8,686.09998,,1784.0,1629.85,901.90002,7424.5,159.8,852.76505,167.3,184.8375,1178.90034984,1074.9,235.6,483.70001,891.40002,3456.0,758.734848,245.95641054,127.42,1280.0,2213.3501,1151.45,6274.8999,244.675005
2022-05-10 09:15:00,2153.249262,803.95001,3782.7,3138.75,672.09998,3646.7,611.30498,1397.92,76.46658662,728.5,939.59998,183.85001,786.8,2441.7,56.75,1569.576541,1085.0,676.5,572.90002,2519.3501,442.29999,2163.84513343,720.0,251.84234934,920.0,1569.15,677.0,,1808.8,1629.6,910.95001,7575.0,161.25,834.0,161.64999,186.2625075,1146.89832009,1096.8,235.59,482.54999,890.84998,3464.8,763.13117308,246.62051098,125.465,1271.45,2186.0,1112.1,6423.4502,241.875
2022-05-11 09:15:00,2092.87098878,784.95001,3734.8999,3109.55,676.0,3627.95,599.66001,1383.065,75.06659135,735.0,942.59998,173.7,788.59,2433.6001,56.450001,1557.47491,1079.3,677.5,575.70001,2519.3999,429.89999,2155.77228457,719.79999,247.50025859,928.0,1549.95,658.0,,1818.0,1609.0,898.40002,7559.5498,156.95,831.955,160.0,186.0,1127.99211103,1104.45,232.87,479.0,867.0,3448.45,749.64582692,239.6777059,119.09,1265.65,2138.0,1075.6,6436.5,240.975005
2022-05-12 09:15:00,2050.04858355,759.0,3650.0,3078.0,667.0,3654.0,576.475,1326.9,74.38325537,722.79999,937.0,170.2,779.24,2401.0,53.900002,1523.90907,1070.95,663.4,564.65002,2459.0,422.0,2131.30741464,710.70001,242.02540582,916.5,1527.5,651.54999,,1806.6,1554.95,889.0,7323.9502,153.0,824.225,161.0,181.4249925,1105.25028847,1081.95,224.0,473.0,855.84998,3449.7,738.976128,232.22173092,116.24,1232.85,2103.8999,1045.0,6300.0,238.0
2022-05-13 09:15:00,2070.8050335,735.90002,3712.8999,3116.25,659.40002,3736.0,574.9,1323.475,75.23325785,713.0,940.09998,173.64999,795.8,2483.0,59.200001,1511.907041,1078.0,659.0,565.84998,2500.0,414.45001,2183.63379786,702.40002,246.2259438,894.15002,1529.25,637.0,,1795.0,1574.9,905.0,7340.0,150.0,828.11505,160.3,179.8875075,1124.837301,1079.0,218.98,477.0,889.0,3439.8999,752.06628,253.17090268,115.18,1234.55,2154.0,1054.5,6292.7998,239.75
2022-05-16 09:15:00,2077.54606159,728.15002,3707.8999,3089.8999,649.20001,3725.0,571.19502,1277.87,75.8499239,698.0,945.0,172.8,791.0,2628.3999,57.700001,1490.940841,1066.95,656.0,557.75,2511.95,400.79999,2187.52259565,690.95001,245.37640062,898.79999,1511.85,626.70001,,1825.0,1567.5,908.90002,7305.3501,148.89999,826.0,156.25,178.4249925,1126.1990895,1054.0,219.5,461.5,894.75,3430.0,735.46896508,248.67316036,113.48,1221.0,2152.0,1045.05,6194.7002,237.175005
2022-05-17 09:15:00,2126.33364623,747.29999,3832.95,3056.6001,657.5,3787.0,584.9,1302.07,77.96658511,710.0,941.04999,185.0,788.97,2714.7,56.700001,1484.06831,1086.0,658.5,556.84998,2538.8501,437.29999,2241.71963829,712.0,250.61524084,905.0,1525.0,645.79999,,1844.9,1607.9,917.0,7584.6499,150.75,819.5,163.7,179.475,1152.93549166,1075.35,224.16,469.64999,895.59998,3467.0,733.789464,256.97434035,119.72,1210.0,2185.0,1079.85,6125.8501,244.5
2022-05-18 09:15:00,2150.2423755,767.20001,3842.0,3128.8,670.40002,3829.5,595.67002,1314.965,79.08325399,727.15002,961.20001,187.5,796.99,2769.8999,59.599998,1503.341278,1097.35,666.65,558.54999,2554.2,438.39999,2266.33228254,717.0,252.78628622,917.95001,1549.7,644.90002,,1864.0,1623.0,922.75,7640.1499,150.89999,820.9175,164.5,178.6875,1166.598815,1085.0,225.36,468.60001,909.0,3495.0,748.75671416,258.00068013,120.9,1230.5,2194.3,1100.0,6279.0,247.625
2022-05-19 09:15:00,2089.96119247,747.34998,3717.8501,3071.7,657.75,3778.0,574.5,1255.195,76.93325615,693.0,953.95001,183.5,802.95,2738.0,56.849998,1465.094148,1058.3,648.2,547.40002,2549.0,425.95001,2248.41427753,698.70001,263.5943729,890.84998,1484.7,624.95001,,1827.3,1562.75,913.0,7525.0,148.55,812.2475,162.05,172.2374925,1140.49786875,1073.9,217.32,450.0,900.0,3405.0,737.44483708,245.59417723,115.49,1153.9,2156.1001,1074.85,6176.3999,236.899995
2022-05-20 09:15:00,2165.27632305,772.79999,3695.0,3125.0,675.75,3849.0,584.19502,1269.9,79.44992362,691.5,982.59998,186.85001,859.82,2720.0,58.75,1515.940918,1034.5,662.1,547.34998,2613.3999,435.0,2311.61954796,711.90002,266.52058666,900.0,1466.75,634.29999,,1839.9,1613.45,911.34998,7648.8999,150.95,848.0,163.8,174.8250075,1200.37112441,1083.5,221.8,464.0,917.70001,3313.8999,733.789464,254.40852108,117.84,1134.8,2155.55,1092.0,6165.0,231.100005
2022-05-23 09:15:00,2177.4975645,779.90002,3764.6499,3188.0,684.79999,3874.5,590.625,1279.4,80.06658634,693.90002,987.70001,186.75,865.4,2767.5,60.5,1504.436899,1037.0,664.975,556.20001,2699.95,420.70001,2350.99977876,725.95001,264.72710659,922.0,1488.0,594.0,,1871.5,1660.0,943.45001,7954.8501,155.35001,868.5,164.2,174.0,1204.52462473,1091.9,229.58,471.39999,931.29999,3338.8999,739.71708,260.29481234,109.7,1147.8,2200.0,1099.0,6224.0,233.899995
2022-05-24 09:15:00,2113.3849557,764.79999,3740.0,3183.6499,681.45001,3842.0,583.3,1262.18,77.78325863,689.25,977.70001,186.75,875.0,2769.8999,67.599998,1461.159873,1022.4,662.5,556.0,2654.0,415.5,2343.1237326,717.34998,259.58264118,917.0,1469.55,556.40002,,1890.0,1653.7,960.40002,7941.9502,151.85001,863.91505,157.75,172.2374925,1197.466021,1083.6,228.98,466.79999,930.84998,3324.8501,729.096768,258.09123242,103.99,1151.85,2165.0,1080.45,5957.6001,234.800005
2022-05-25 09:15:00,2115.85837955,743.95001,3673.95,3039.0,672.65002,3819.0,587.77002,1258.81,78.48325459,689.90002,985.90002,185.55,879.6,2749.8501,66.900002,1438.948649,992.79999,667.975,571.54999,2669.25,405.04999,2293.84921881,720.84998,258.54430117,923.5,1442.5,545.0,,1941.5,1639.7,953.79999,7859.5,153.14999,879.3,153.25,172.0499925,1205.95450265,1116.0,229.27,464.45001,922.65002,3292.8501,715.21627708,258.99681569,101.835,1094.9,2181.0,1085.85,5979.0,230.425005
2022-05-26 09:15:00,2025.2182248,719.29999,3709.0,2860.0,685.25,3870.0,587.54502,1258.5,76.5165899,695.5,977.34998,186.0,869.8,2738.8999,62.5,1395.273216,986.0,685.5,581.0,2647.3501,410.5,2260.42524792,733.0,253.21106726,906.79999,1430.0,555.70001,,1922.0,1588.9,933.5,7839.9502,155.10001,886.5,153.3,171.8250075,1196.05879416,1109.8,230.2,470.10001,922.45001,3241.5,716.10538984,255.1631738,106.755,1089.5,2150.8501,1054.3,5917.0,227.350005
2022-05-27 09:15:00,2031.32879703,714.09998,3880.0,2869.0,693.79999,3890.0,607.7,1289.0,77.54991886,700.0,977.79999,188.64999,881.8,2765.0,63.0,1417.285236,1010.45,697.35,604.29999,2726.8999,426.95001,2298.72242392,741.20001,255.52372204,927.0,1467.0,561.29999,,1950.0,1606.0,958.0,7965.8999,155.0,891.34745,155.5,171.4874925,1182.55439153,1129.4,232.3,475.0,912.79999,3278.8999,722.77395784,261.56263496,106.765,1126.2,2159.95,1074.9,5976.5,233.975005
2022-05-30 09:15:00,2109.6023175,737.0,3915.55,2884.0,698.0,3903.1499,612.7,1299.0,78.43325464,703.75,992.0,187.89999,885.35,2796.0,72.099998,1443.231531,1053.35,710.25,613.40002,2787.45,419.5,2328.35614605,751.95001,255.80689367,946.45001,1530.0,544.75,,1951.75,1663.7,1011.75,8060.0,152.5,899.345,147.3,172.4249925,1213.807483,1150.0,237.0,476.89999,915.5,3386.6001,743.915808,268.77712106,106.38,1170.5,2260.0,1123.2,6156.75,240.75
2022-05-31 09:15:00,2158.87486818,749.0,3999.8,2878.0,696.0,3958.0,616.92002,1311.195,78.64992109,706.59998,1004.9,195.25,879.8,2818.6499,77.699997,1449.45665,1045.8,702.4,607.5,2809.95,428.5,2331.21111433,756.70001,259.11067274,939.95001,1518.0,558.29999,,1896.15,1674.4,1043.0,8100.0,158.0,907.88,153.0,176.3624925,1215.9863446,1180.9,239.14,476.39999,882.79999,3383.3999,770.54069308,271.3731204,107.19,1192.0,2300.0,1135.0,6140.0,240.375
2022-06-01 09:15:00,2123.47234653,743.70001,3989.75,2939.8999,692.45001,3904.0,613.0,1302.495,82.56658383,706.20001,998.65002,197.3,872.33,2818.0,79.800003,1444.22755,1045.45,700.225,609.0,2799.8999,422.0,2376.40002763,755.59998,258.73310743,938.34998,1514.75,572.34998,,1874.0,1661.0,1057.25,8068.8999,160.2,892.42245,152.89999,174.75,1205.2736084,1176.0,240.0,472.0,875.0,3388.0,771.084048,269.26009277,107.9,1197.0,2304.8999,1145.0,6099.7002,239.475005
2022-06-02 09:15:00,2151.3093978,751.90002,3845.0,2919.0,693.15002,3749.8999,608.0,1303.0,83.18324988,696.95001,1006.85,199.2,872.0,2785.3501,74.400002,1443.231531,1048.9,694.0,609.54999,2733.0,414.39999,2271.2055861,751.75,259.06348533,945.0,1513.85,575.0,,1879.0,1649.45,1057.95,7972.0,159.3,873.8175,152.89999,172.0499925,1240.33966228,1148.0,239.2,472.35001,862.90002,3432.0,751.325328,269.01860994,108.475,1155.4,2225.3501,1124.0,6023.9502,238.225005
2022-06-03 09:15:00,2174.83025122,758.5,3693.95,2919.45,698.0,3733.8999,616.8,1322.0,82.64991708,700.79999,998.75,201.0,878.33,2766.6499,74.849998,1435.811189,1069.65,700.375,617.45001,2688.7,416.89999,2288.92668996,757.0,260.24340643,953.79999,1555.0,581.95001,,1879.0,1673.7,1056.55,7995.0,159.45,878.3675,154.2,171.0750075,1278.87832222,1161.85,239.59,475.5,875.0,3477.3,761.698656,268.68655066,109.28,1182.0,2244.95,1145.0,6115.0,244.0
2022-06-06 09:15:00,2162.948583,745.0,3649.8999,2872.0,684.0,3869.75,605.0,1268.9,81.78325462,689.79999,979.70001,196.8,870.73,2696.0,71.199997,1334.66546,1047.35,693.5,614.5,2594.45,410.70001,2266.28305725,750.95001,260.33778124,933.95001,1536.6,583.25,,1877.0,1662.3,1048.6,7776.8999,158.64999,861.84005,156.0,170.5875,1277.357613,1149.6,238.94,465.60001,873.95001,3453.0,760.71072,261.98524653,108.29,1149.0,2208.95,1138.5,5735.0,237.75
2022-06-07 09:15:00,2186.90590587,742.5,3633.7,2804.0,678.0,3853.6499,598.99502,1244.995,82.84991688,687.25,979.65002,199.95,855.0,2656.8,69.699997,1331.677403,1033.75,687.15,607.15002,2578.05,413.0,2224.83546279,742.95001,259.58264118,929.95001,1519.85,579.45001,,1865.0,1638.4,1045.0,7820.0,157.7,849.97755,162.95,169.6875,1266.96267284,1138.0,236.66,465.95001,857.40002,3418.8501,752.807232,264.5510658,108.15,1139.8,2179.45,1106.0,5576.2998,235.375
2022-06-08 09:15:00,2177.44906789,740.0,3645.0,2775.0,673.54999,3850.0,605.4,1264.5,83.48324958,687.79999,976.04999,201.95,842.46,2674.8,68.599998,1349.605745,1033.8,690.5,608.90002,2617.05,407.0,2184.56907834,741.0,259.01626961,938.0,1520.2,583.0,,1880.1,1607.8,1056.95,7921.0,159.75,838.0,166.39999,169.875,1262.3779395,1159.2,239.43,475.54999,854.0,3413.95,755.62282984,265.87924252,108.89,1139.3,2133.0,1097.95,5613.2998,236.0
2022-06-09 09:15:00,2157.1289904,737.0,3680.6499,2697.6001,662.75,3895.0,593.16001,1251.795,82.48325058,679.40002,974.29999,200.39999,867.0,2724.45,69.699997,1321.717213,1031.7,691.025,606.90002,2603.55,402.29999,2174.13341563,734.09998,256.46765892,923.5,1516.95,575.70001,,1872.85,1600.0,1049.3,8010.0,158.0,841.24745,167.35001,169.275,1272.3643885,1167.25,234.53,470.89999,862.09998,3437.0,750.04102108,263.01156216,108.725,1141.95,2154.0,1091.75,5535.0,238.074995
2022-06-10 09:15:00,2148.3996015,732.15002,3715.0,2736.0,663.70001,3971.0,583.5,1238.095,82.48325058,676.45001,971.59998,199.3,872.8,2736.95,69.699997,1326.498104,1023.75,683.975,603.79999,2614.3999,391.79999,2174.62566852,728.29999,255.80689367,925.0,1493.95,574.0,,1854.2,1594.5,1043.5,7988.2002,156.60001,843.625,166.64999,170.5875,1266.41786666,1163.7,233.52,464.14999,853.95001,3393.0,762.09385016,258.9062634,103.14,1123.9,2166.0,1120.1,5535.7002,233.600005
2022-06-13 09:15:00,2107.17748725,714.70001,3678.05,2683.0,652.0,3895.05,555.4,1200.0,80.99991873,673.34998,984.75,197.39999,871.0,2724.55,68.300003,1310.213194,1002.0,665.0,590.0,2612.3,377.79999,2182.64929209,702.29999,254.01342304,900.34998,1443.6,567.95001,,1752.6,1565.95,1029.0,7967.3501,154.89999,848.49005,163.95,169.125,1213.2627676,1161.8,231.98,454.04999,851.0,3293.0,745.05195416,252.44642399,101.2,1084.6,2124.45,1111.55,5450.0,226.5
2022-06-14 09:15:00,2205.6255954,721.79999,3757.8501,2666.3501,655.70001,3915.75,546.1,1157.765,80.7999156,689.40002,970.79999,194.5,864.99,2752.1499,70.75,1316.288909,1000.95,663.0,584.65002,2614.8999,369.60001,2179.64654949,694.65002,252.45592719,869.95001,1448.9,576.79999,,1748.65,1554.3,1025.0,7901.3999,152.45,855.0,160.55,170.475,1212.83157997,1145.0,229.72,449.25,835.65002,3238.8999,739.964064,248.64298632,101.37,1056.55,2116.8999,1092.3,5498.0,226.850005
2022-06-15 09:15:00,2152.95828237,713.29999,3756.1001,2683.6001,656.34998,3742.6499,549.98999,1187.0,81.21658185,685.0,974.90002,193.85001,869.82,2751.1001,71.900002,1335.661479,1007.0,657.9,582.20001,2628.0,362.89999,2125.4494084,696.34998,252.31431778,857.0,1446.4,569.0,,1750.0,1567.0,1039.3,7929.0,153.7,853.25,157.25,169.725,1197.14827035,1144.7,230.6,455.45001,830.04999,3234.0,737.44483708,251.38991017,97.425,1037.0,2127.5,1108.0,5473.5498,225.324995
2022-06-16 09:15:00,2150.63044533,717.09998,3775.0,2725.45,658.20001,3736.8,561.49502,1206.98,81.2999151,683.90002,977.75,192.8,871.86,2749.0,72.0,1342.53401,1007.0,660.275,585.84998,2624.25,363.75,2130.47048628,700.04999,252.88067991,859.40002,1443.75,571.5,,1753.55,1575.0,1037.7,8025.0,150.14999,847.45,151.55,168.225,1207.02123698,1137.65,235.0,457.75,826.0,3244.8501,739.71708,254.10665999,97.5,1033.6,2145.0,1117.6,5486.0,223.375
2022-06-17 09:15:00,2073.13277355,689.45001,3724.0,2657.0,640.79999,3713.95,547.5,1186.44,79.54991686,661.75,944.54999,184.85001,859.78,2666.7,69.400002,1301.547828,963.15002,649.5,572.0,2518.0,342.54999,2126.92616706,692.65002,249.34091662,821.84998,1396.95,561.70001,,1683.7,1529.95,1007.95,7849.7002,144.45,842.74745,145.14999,162.6749925,1191.49689347,1114.35,230.9,447.54999,810.29999,3118.75,719.711376,238.13822037,92.74,974.34998,2051.6499,1084.7,5302.9502,209.375
2022-06-20 09:15:00,2059.45682793,673.90002,3825.0,2673.3501,637.15002,3638.8,551.0,1185.0,78.74992099,647.45001,928.15002,181.89999,835.84,2661.8999,68.0,1316.239109,966.0,662.5,558.45001,2501.45,334.60001,2168.76766228,687.79999,251.22879037,814.59998,1422.35,554.59998,,1689.85,1497.85,1008.0,7784.1001,141.39999,851.14745,138.89999,158.1749925,1187.97893984,1092.8,232.37,443.45001,813.5,3138.75,714.030744,237.2326371,90.5,988.15002,1973.45,1057.95,5347.4502,208.949995
2022-06-21 09:15:00,2111.5421817,691.54999,3869.0,2710.0,645.34998,3675.0,556.4,1192.74,77.46658561,658.15002,944.45001,185.64999,855.31,2711.0,67.25,1334.66546,999.90002,677.0,565.79999,2524.8501,343.5,2197.41687864,708.0,255.66531257,809.40002,1456.0,580.79999,,1709.0,1515.2,1004.75,7840.0,141.25,860.0,140.2,159.8624925,1177.22071991,1098.5,236.66,454.95001,820.29999,3237.75,724.157088,240.88515026,89.55,1004.65,2093.75,1069.0,5433.0,213.375
2022-06-22 09:15:00,2085.30551839,687.84998,3807.75,2707.95,633.65002,3721.5,553.15,1170.0,76.6499231,650.34998,945.0,184.75,869.77,2713.0,68.599998,1325.701289,979.0,668.475,563.84998,2553.5,334.0,2190.42678922,698.90002,255.14612841,801.84998,1459.6,569.90002,,1675.85,1490.95,1003.95,7869.0,139.95,847.5,136.95,158.4375,1161.28783985,1096.0,239.8,451.20001,821.0,3250.55,718.229472,239.6777059,87.385,996.95001,2070.95,1051.0,5428.0,211.350005
2022-06-23 09:15:00,2064.0155088,683.29999,3857.0,2767.95,640.84998,3796.0,549.5,1158.9,76.09992365,664.59998,937.29999,182.0,861.54,2825.0,70.0,1336.458294,977.5,674.0,560.0,2686.6499,327.64999,2222.37419836,706.0,252.26713038,794.29999,1458.0,565.5,,1695.0,1511.75,1031.6,8317.7998,139.14999,852.24745,136.39999,158.775,1146.1719875,1083.0,243.44,456.45001,826.5,3318.0,711.01754908,247.465716,85.595,998.54999,2047.8,1037.95,5498.8999,210.399995
2022-06-24 09:15:00,2102.8127928,687.95001,3922.0,2784.8,642.45001,3841.3501,561.66499,1168.595,77.96658511,675.70001,943.5,180.39999,874.51,2909.55,71.849998,1334.66546,984.54999,680.825,565.29999,2767.7,324.95001,2282.87197948,715.25,253.30547038,815.84998,1467.5,572.90002,,1714.9,1512.0,1074.5,8390.0,137.89999,862.5,141.0,159.0,1139.8169745,1092.9,251.15,460.35001,833.79999,3345.0,726.13296,249.2467085,86.475,1001.0,2076.3999,1062.5,5510.0,213.0
2022-06-27 09:15:00,2144.5198731,698.70001,3870.0,2827.6499,646.90002,3958.45,572.5,1178.0,80.43325264,687.0,946.40002,182.8,879.97,2909.95,72.699997,1349.904551,1006.8,688.0,572.5,2809.0,338.0,2295.71987823,728.84998,255.47650632,829.70001,1484.0,588.5,,1719.9,1544.7,1095.0,8546.7002,139.05,870.35995,142.60001,160.0125075,1155.22788103,1096.6,253.8,464.85001,848.0,3362.8999,728.20760584,253.2312749,87.885,1024.1,2083.6499,1080.9,5582.0,215.375
2022-06-28 09:15:00,2143.79242403,683.79999,3846.6499,2784.8,644.70001,3907.2,561.9,1155.0,80.16658624,684.90002,947.79999,186.95,876.0,2886.1001,65.699997,1348.460323,1007.0,675.5,569.0,2792.7,345.25,2287.99140948,717.29999,256.98681476,823.5,1488.25,580.54999,,1692.35,1557.5,1121.45,8539.9004,139.3,874.9925,151.75,158.6625,1150.23465653,1090.0,252.69,465.75,837.5,3330.0,731.07264,252.47662217,88.44,1029.0,2022.0,1076.0,5585.0,214.550005
2022-06-29 09:15:00,2180.21337438,684.40002,3817.95,2719.0,637.79999,3900.0,555.4,1124.895,79.23325384,689.09998,961.90002,190.25,881.75,2922.95,61.450001,1354.486238,1000.25,675.375,561.54999,2784.75,345.60001,2264.26472197,706.70001,259.58264118,817.34998,1477.0,581.15002,,1658.95,1554.0,1115.45,8530.0,143.10001,876.25,157.39999,161.25,1178.8549115,1088.0,251.96,462.70001,843.70001,3333.0,734.82678692,253.50293781,88.88,1027.4,1954.3,1115.0,5648.0,212.399995
2022-06-30 09:15:00,2180.89232685,685.90002,3765.5,2726.95,639.29999,3768.3501,553.52002,1119.6,79.73325334,691.59998,944.0,189.0,883.0,2910.0,59.0,1332.02601,996.54999,677.0,556.0,2773.0,349.89999,2214.15347673,711.90002,259.29946955,816.70001,1482.0,582.79999,,1676.9,1566.9,1117.5,8634.5996,143.95,878.44005,154.45,161.0625,1187.43413366,1092.65,259.44,469.29999,848.15002,3310.8999,713.289792,255.97820479,89.45,1026.0,1965.75,1113.3,5649.0,211.5
2022-07-01 09:15:00,2174.5877682,680.0,3745.0,2780.0,646.59998,3678.7,563.39502,1134.3,78.49992124,685.79999,956.04999,186.14999,879.0,2809.8,56.700001,1344.62565,981.45001,680.0,567.29999,2770.0,342.89999,2257.47173061,706.75,269.02200994,810.0,1485.0,580.5,,1679.5,1576.0,1113.35,8450.0,143.2,891.47,151.14999,159.6749925,1176.585264,1105.35,254.96,468.79999,836.95001,3333.0,714.22834108,250.30322232,87.5,1014.0,1954.35,1088.1,5699.75,211.600005
2022-07-04 09:15:00,2208.5353917,684.29999,3782.8,2798.0,655.15002,3695.1499,564.89502,1144.3,77.54991886,685.5,950.0,185.7,882.25,2805.5,55.799999,1352.195394,989.5,680.1,575.5,2799.0,342.0,2341.45007279,721.09998,276.85667658,840.0,1492.25,568.75,,1684.45,1587.45,1102.0,8467.5996,142.2,901.17245,129.95,159.1124925,1108.495839,1122.0,257.82,474.14999,839.65002,3317.95,723.02094184,250.4843269,87.12,1013.8,1966.6,1122.0,5745.0,210.875
2022-07-05 09:15:00,2221.82346147,694.20001,3874.75,2812.3,659.90002,3700.0,575.5,1174.8,78.29991811,689.29999,949.65002,185.2,893.5,2843.8999,55.900002,1372.314978,1002.65,689.675,581.20001,2770.8501,356.89999,2374.62791724,732.15002,276.57350496,839.0,1509.95,564.0,,1694.8,1597.25,1102.0,8508.5498,144.25,907.1575,128.60001,161.9625,1118.89077916,1131.35,262.09,480.0,846.79999,3272.0,730.331688,252.83884341,87.92,1021.9,1989.1,1134.4,5763.0,211.524995
2022-07-06 09:15:00,2208.5353917,696.29999,3889.55,2869.0,659.40002,3777.3,593.88501,1207.0,77.23325585,694.95001,950.0,182.85001,888.66,2920.0,55.799999,1369.725329,999.0,686.7,571.90002,2842.0,342.29999,2470.22352596,731.90002,273.74169433,840.0,1500.0,557.29999,,1712.4,1590.5,1112.0,8652.4502,142.0,921.42,123.5,160.6124925,1108.47314253,1125.0,259.26,481.0,842.65002,3268.5,742.77966184,251.93326014,86.11,1014.9,2025.5,1175.0,5844.8999,209.300005
2022-07-07 09:15:00,2225.9456729,707.0,3930.0,2932.0,664.5,3836.1001,598.68999,1220.0,79.28325712,696.5,950.34998,186.60001,888.6,2958.0,55.150002,1386.358846,1000.9,699.0,565.65002,2868.75,364.5,2491.78410387,744.0,276.71508605,863.40002,1513.95,578.0,,1744.0,1614.15,1138.95,8700.0,142.75,927.5,124.15,161.475,1104.52395588,1130.0,264.31,488.25,852.90002,3319.3999,750.43616584,261.38152434,90.655,1026.9,2171.6001,1186.95,5871.9502,211.975005
2022-07-08 09:15:00,2234.33568255,717.75,3946.0,2888.0,676.79999,3830.0,592.8,1212.73,80.81658559,696.59998,942.25,191.89999,882.99,2982.8501,55.299999,1401.398733,999.0,705.0,558.84998,2879.95,368.0,2465.00554693,757.5,277.94222287,867.5,1516.95,581.09998,,1756.45,1702.0,1194.9,8656.9502,144.2,922.5,126.35,164.5499925,1097.601531,1149.4,264.71,489.89999,859.5,3305.0,755.12886184,267.96209612,91.79,1034.7,2154.0,1210.8,5958.9502,212.350005
2022-07-11 09:15:00,2312.90018265,732.0,3968.1499,2940.55,681.95001,3858.0,590.39502,1204.655,79.46658361,681.0,950.0,194.3,913.74,3053.05,56.5,1405.382809,979.15002,704.95,549.09998,2875.3999,363.29999,2485.87706925,771.54999,280.30206506,860.0,1499.9,591.34998,,1747.0,1688.85,1167.9,8525.0,147.0,926.25,125.9,165.9375,1102.5039696,1155.1,256.0,491.29999,863.0,3225.0,760.71072,266.36223234,92.9,1017.35,2173.8501,1222.8,5869.0,207.5
2022-07-12 09:15:00,2317.94373258,742.90002,4098.7002,2923.25,685.25,3863.0,595.95498,1199.0,78.93325414,666.90002,947.34998,195.3,907.8,3038.5,59.650002,1395.671624,948.54999,702.625,546.65002,2884.55,356.0,2452.01016921,767.45001,278.79176606,861.15002,1468.6,581.45001,,1739.0,1672.9,1164.45,8497.4502,148.10001,923.5,126.75,162.7125,1107.45180115,1147.0,251.5,491.35001,860.0,3136.2,752.807232,262.61914878,91.595,1016.8,2142.0,1212.0,5836.5498,207.425005
2022-07-13 09:15:00,2312.94848527,739.0,3958.95,2968.95,685.0,3878.95,597.9,1212.0,78.43325464,670.0,958.90002,196.14999,906.94,2994.95,61.5,1400.601918,936.0,697.1,545.75,2891.8,351.89999,2480.3147101,764.75,278.2725819,856.15002,1460.0,593.75,,1745.95,1683.25,1156.5,8488.1504,149.35001,916.245,124.9,162.525,1104.864403,1150.8,254.98,492.45001,863.25,3110.0,758.734848,263.13231867,91.42,1004.2,2141.8,1211.95,5885.0,206.0
2022-07-14 09:15:00,2331.7167684,730.79999,3979.3,2954.8501,680.45001,3885.95,592.69502,1195.68,79.31658709,652.20001,968.65002,195.45,921.6,3006.8501,59.0,1402.394752,927.54999,686.325,543.45001,2866.0,354.5,2483.80950868,759.5,279.73570294,829.79999,1452.95,591.45001,,1777.0,1667.35,1151.35,8587.3496,149.3,922.04745,132.60001,164.4375,1104.84170652,1146.9,259.89,488.89999,882.95001,3057.0,769.40454692,260.3551906,91.1,998.59998,2140.0,1216.9,5851.9502,205.300005
2022-07-15 09:15:00,2350.09698169,738.45001,3944.0,2985.0,674.20001,3919.0,592.825,1187.08,82.23325083,657.5,968.0,193.89999,922.51,3045.3,56.200001,1401.398733,905.0,682.45,541.70001,2816.45,351.89999,2534.01930295,759.0,277.51744184,829.0,1446.0,584.0,,1790.0,1687.85,1175.9,8799.0,150.14999,941.8175,128.39999,162.75,1096.2397425,1158.1,263.6,484.39999,884.95001,3028.8999,783.08749016,266.6942735,91.03,988.90002,2193.1499,1214.85,5832.0,202.050005
2022-07-18 09:15:00,2368.42879538,742.5,3970.8,3025.0,688.0,3990.0,606.81001,1228.66,86.93324278,670.0,975.40002,196.89999,922.76,3078.0,55.099998,1425.402791,907.5,683.05,545.95001,2835.8501,368.10001,2564.63753085,773.15002,279.68848722,853.20001,1493.6,592.0,,1850.0,1734.6,1179.5,8843.0,151.55,948.6,130.7,159.2999925,1100.7790375,1186.85,283.79,491.5,895.59998,3076.95,788.32354108,273.96911975,90.8,1022.0,2247.3,1237.7,5991.0,202.850005
2022-07-19 09:15:00,2385.35401353,751.79999,4032.95,3023.0,703.84998,4036.0,609.81499,1247.0,86.21657683,677.0,974.0,199.60001,899.6,3089.0,54.400002,1440.193673,897.5,679.275,544.79999,2846.8501,371.35001,2535.10235775,782.0,279.02775028,871.79999,1486.85,589.59998,,1852.0,1734.95,1189.5,8798.9004,151.2,932.425,133.2,158.625,1110.7654865,1185.95,279.8,498.54999,891.29999,3078.95,783.77900584,272.79187357,92.19,1010.95,2253.0,1218.25,6095.9502,203.899995
2022-07-20 09:15:00,2398.44809688,756.95001,4141.7002,3044.7,714.5,4055.0,614.96001,1263.8,86.16658022,680.0,982.95001,200.39999,898.4,3111.0,54.5,1459.118034,918.79999,685.55,541.09998,2838.75,376.20001,2577.43610586,789.54999,282.70909466,897.45001,1525.8,599.95001,,1850.0,1746.85,1195.0,8865.4502,152.25,933.0,136.60001,159.225,1154.11575375,1199.0,286.25,510.60001,884.70001,3171.95,791.53433308,278.16499494,93.8,1051.7,2298.0,1233.0,6145.0,208.75
2022-07-21 09:15:00,2423.8118213,756.90002,4169.8501,3084.95,718.45001,4070.6001,628.31499,1275.735,89.96657307,679.95001,989.5,199.45,897.37,3092.1001,54.450001,1461.956688,926.95001,684.75,532.34998,2854.0,379.5,2589.15162607,788.95001,285.25773367,962.0,1535.45,595.90002,,1825.0,1768.95,1180.0,8831.9004,151.25,944.49745,133.5,159.9,1134.82375,1187.0,293.69,513.40002,877.90002,3184.0,810.74969816,274.99545349,93.885,1035.8,2298.0,1229.2,6149.1499,208.75
2022-07-22 09:15:00,2438.45779601,764.95001,4169.6001,3092.75,735.0,4091.0,632.5,1286.5,90.03324634,681.90002,976.5,199.85001,881.36,3179.0,54.0,1523.90907,931.90002,698.5,536.95001,2883.3999,382.0,2602.24565126,803.90002,285.54090529,956.0,1540.0,592.54999,,1842.0,1779.55,1185.9,8889.0,151.39999,954.2,133.8,160.4625,1142.22280085,1176.2,299.98,520.20001,876.15002,3197.0,814.059264,277.68202323,94.4,1043.7,2329.95,1266.85,6495.0,208.699995
2022-07-25 09:15:00,2485.11143302,757.25,4252.8999,3117.2,738.79999,4073.95,633.4,1279.495,91.46657157,686.54999,979.79999,201.7,878.17,3153.8999,52.5,1515.293506,932.0,702.3,536.0,2875.8,388.54999,2612.87831358,817.79999,285.96568633,966.5,1517.15,588.40002,,1848.8,1785.5,1185.0,8858.5996,150.45,950.5,132.45,158.25,1120.04834477,1172.0,301.8,519.0,878.0,3186.45,803.98230692,276.26327611,96.485,1028.9,2348.8,1245.0,6446.7998,207.824995
2022-07-26 09:15:00,2491.36768905,753.5,4188.9502,3149.8,723.45001,4030.0,638.37002,1354.885,90.3332427,685.34998,962.0,203.3,865.76,3098.8999,46.650002,1511.409032,929.65002,701.0,531.0,2847.7,389.39999,2584.32764625,802.79999,286.72082639,969.90002,1496.65,599.65002,,1794.95,1780.75,1146.0,8625.4004,150.95,939.0,131.60001,158.25,1109.35825966,1150.1,301.78,520.79999,877.40002,3168.8999,799.93178908,270.8901487,97.67,1037.25,2334.95,1247.8,6462.0498,207.699995
2022-07-27 09:15:00,2495.15032725,762.20001,4136.9502,3193.0,720.54999,3960.0,642.93999,1338.895,91.28324508,683.95001,976.25,204.7,860.0,3063.05,44.400002,1555.582474,929.34998,703.0,532.54999,2787.95,389.85001,2550.36219719,803.79999,287.90074749,983.75,1473.0,603.79999,,1761.15,1819.5,1150.3,8707.4502,150.55,933.45,130.2,158.25,1101.6868965,1177.5,294.8,529.95001,897.0,3194.1001,794.00417308,268.65637059,96.155,1009.95,2311.0,1258.55,6551.0,203.699995
2022-07-28 09:15:00,2488.50619537,768.59998,4206.0,3280.0,733.70001,3913.7,710.99502,1522.325,92.29990406,679.40002,978.95001,205.0,862.98,3080.0,46.299999,1560.811574,949.0,712.0,536.0,2812.0,395.25,2584.32764625,815.5,288.0895443,1020.0,1524.45,626.95001,,1831.85,1816.0,1152.0,8770.1504,150.95,967.25,130.5,161.1,1120.27530952,1195.0,301.24,537.5,896.84998,3264.0,800.12938616,271.22218986,102.0,1043.45,2341.5,1270.95,6560.0,208.5
2022-07-29 09:15:00,2543.1619662,775.65002,4252.7998,3354.3501,734.95001,3952.25,726.0,1520.1,92.09990427,680.65002,983.95001,212.45,836.59,3145.0,47.200001,1581.379366,965.70001,719.3,560.0,2846.8,416.79999,2604.01776165,823.40002,288.75028123,1049.95,1555.7,637.95001,,1856.9,1832.5,1184.2,8943.0,154.45,971.15255,134.5,163.35,1142.58598984,1304.7,296.0,537.0,951.95001,3317.3,804.87146908,273.30503742,109.3,1068.0,2392.5,1276.85,6577.25,212.149995
2022-08-01 09:15:00,2589.13665075,804.0,4293.75,3355.0,732.29999,3988.25,731.0,1525.0,95.93323375,697.79999,1031.0,213.7,827.96,3175.55,47.25,1583.022798,956.5,724.225,560.20001,2908.0,428.0,2597.12622126,825.0,291.48769818,1047.9,1564.0,641.0,,1862.0,1817.85,1248.7,9085.0,157.7,975.0,139.0,165.1124925,1174.65606363,1317.25,279.6,535.0,939.95001,3327.0,804.673872,290.39036911,111.45,1058.95,2381.05,1305.5,6664.0,215.449995
2022-08-02 09:15:00,2615.9068737,810.40002,4348.25,3404.75,734.34998,4005.0,735.6,1529.0,95.683234,700.29999,1006.1,217.25,825.6,3148.0,55.549999,1588.152295,953.84998,722.3,545.0,2828.95,420.5,2598.20927606,822.0,298.89760266,1071.9,1547.0,649.95001,,1893.0,1811.65,1259.75,9196.8496,160.10001,975.05,137.05,167.5499925,1183.7573501,1312.8,280.67,544.90002,926.59998,3312.8999,816.035136,289.72626867,108.0,1049.5,2397.8,1312.5,6694.0,215.824995
2022-08-03 09:15:00,2635.3055157,809.90002,4386.75,3448.0,738.5,4010.0,737.63999,1533.8,94.69990832,696.84998,1028.75,214.95,820.8,3170.0,56.900002,1598.162286,961.79999,717.875,540.54999,2807.8,422.5,2622.72337128,828.0,293.46996562,1070.0,1570.0,660.79999,,1879.8,1804.0,1259.95,9144.75,160.95,977.3125,138.45,168.5625,1184.755995,1287.55,279.29,546.40002,917.79999,3349.0,805.56303416,287.52268875,108.45,1057.0,2425.8999,1326.75,6695.0,216.5
2022-08-04 09:15:00,2661.3965922,820.5,4409.0,3476.95,736.70001,4035.0,738.5,1540.695,95.83323719,698.5,1046.9,213.45,831.86,3196.5,58.650002,1595.323632,969.95001,723.35,539.40002,2827.95,433.0,2602.49177771,829.95001,292.95081922,1072.85,1603.85,673.45001,,1859.0,1814.8,1265.0,9048.0,160.5,996.19005,137.14999,168.15,1188.27394863,1286.95,275.4,544.0,920.0,3387.8999,788.372928,286.13413377,109.5,1072.7,2430.45,1325.0,6685.3501,220.149995
2022-08-05 09:15:00,2684.43247957,818.70001,4422.0,3491.95,731.20001,4038.25,736.79502,1525.1,94.99990469,710.0,1045.95,210.25,838.76,3179.8,59.150002,1609.467102,964.95001,718.475,545.54999,2809.8999,426.5,2616.47166119,840.90002,294.31950881,1057.75,1625.7,674.0,,1850.0,1807.0,1278.5,8985.2002,157.14999,1001.0,138.5,168.5625,1170.5933946,1287.85,275.76,542.90002,929.0,3377.0,783.82844216,285.5002134,109.25,1067.95,2472.3999,1323.7,6799.0,221.0
2022-08-08 09:15:00,2723.22976357,823.0,4474.5498,3476.95,747.34998,4039.8999,739.8,1558.9,94.53324182,709.84998,1039.5,216.14999,846.8,3145.1001,56.200001,1600.652334,968.0,732.25,543.40002,2793.3,422.54999,2616.81633666,842.29999,296.34899197,1057.7,1622.0,676.0,,1849.5,1832.05,1280.0,8998.0,160.0,999.36505,137.5,169.725,1172.74955973,1272.35,280.8,524.0,919.79999,3378.8999,784.32241016,284.89649122,108.15,1064.85,2474.7,1333.0,6775.2002,221.399995
2022-08-10 09:15:00,2749.6604133,808.0,4625.9502,3449.8501,747.84998,4066.0,736.9,1567.4,96.09990025,718.0,1046.3,220.45,852.8,3169.3501,56.549999,1609.765908,967.0,735.75,543.95001,2785.0,444.39999,2635.22659456,853.0,296.49058251,1067.5,1621.2,674.79999,,1849.25,1867.0,1279.7,8999.5,157.14999,1007.5,136.75,168.6749925,1175.63196666,1294.3,281.92,523.5,927.0,3385.0,784.12481308,288.09623086,109.9,1059.15,2469.8999,1331.85,6742.1001,218.0
2022-08-11 09:15:00,2762.75449665,799.90002,4552.5,3477.95,760.65002,4058.25,732.5,1593.0,97.41656893,719.40002,1049.0,226.8,855.6,3265.95,58.150002,1613.600581,968.5,745.5,545.5,2818.0,446.5,2626.41526792,866.5,295.87702354,1086.0,1631.35,678.29999,,1856.65,1878.8,1278.95,8998.0,156.85001,999.12,136.0,170.1749925,1184.71055666,1283.95,285.06,526.0,926.90002,3428.7,788.91628292,292.80525783,110.65,1093.9,2486.0,1359.7,6654.9502,221.0
2022-08-12 09:15:00,2784.82045192,799.70001,4394.7998,3434.8,762.0,4060.0,734.3,1588.84,97.3832323,712.5,1043.6,222.25,857.92,3221.3999,63.099998,1646.419407,964.0,744.65,548.34998,2795.0,442.70001,2585.41070105,877.25,292.0540603,1088.05,1614.0,685.0,,1860.0,1869.0,1268.9,8815.0,159.0,987.82245,139.7,171.4500075,1198.98673022,1289.85,281.21,531.79999,922.79999,3419.0,766.53956216,290.66205013,112.9,1076.4,2493.0,1390.6,6610.1499,219.25
2022-08-16 09:15:00,2896.2172506,826.0,4381.5498,3509.45,772.0,4100.0,738.4,1597.0,98.44990456,716.0,1036.0,224.39999,863.8,3342.0,67.449997,1628.341662,969.0,754.25,572.90002,2845.6499,434.75,2607.31595443,884.5,294.03633719,1096.9,1609.0,680.90002,,1861.8,1864.0,1298.7,9040.0,159.8,992.73,141.89999,172.4625,1206.22686035,1321.0,277.4,533.84998,919.45001,3414.8501,771.18282184,296.66907376,113.7,1079.95,2499.5,1454.35,6679.0,219.899995
2022-08-17 09:15:00,2937.48786146,831.95001,4370.0498,3545.6499,773.75,4120.4502,763.8,1714.15,98.56657111,724.65002,1042.95,223.5,865.98,3433.3,65.599998,1632.42534,982.90002,756.375,591.70001,2929.0,442.39999,2652.25854438,885.5,295.68822672,1095.0,1612.0,676.45001,,1854.0,1867.35,1294.0,9070.0,163.64999,992.19745,140.8,173.2125,1215.12383316,1321.0,273.8,530.54999,926.0,3417.95,786.94041092,298.4802403,113.5,1106.9,2523.1499,1482.0,6723.75,222.449995
2022-08-18 09:15:00,3090.2036706,836.45001,4338.6001,3542.7,776.0,4079.0,758.87998,1698.9,98.16656818,736.0,1034.05,222.64999,848.0,3438.0,69.25,1615.14441,983.45001,756.95,598.95001,2938.6001,441.0,2672.93316555,887.65002,298.28405313,1107.45,1598.2,677.75,,1912.0,1898.55,1278.35,9012.4004,162.64999,986.6375,138.3,173.775,1211.5378355,1333.0,273.05,534.79999,919.0,3392.0,803.98230692,293.89195172,113.0,1109.2,2503.8999,1522.5,6710.25,220.875
2022-08-19 09:15:00,3160.9116237,883.90002,4309.4502,3538.5,772.65002,4088.45,753.87002,1694.7,97.39990561,737.59998,1036.6,221.64999,849.42,3460.0,68.25,1615.542818,987.04999,756.0,594.40002,2936.8999,442.0,2657.13184794,886.90002,298.42563422,1104.95,1604.9,676.79999,,1942.45,1942.0,1272.65,8968.0,161.64999,983.495,138.5,172.275,1208.22415015,1334.7,272.98,533.65002,920.79999,3421.5,799.734192,294.67680263,112.9,1135.0,2498.95,1487.4,6782.8999,221.25
2022-08-22 09:15:00,3095.82927678,891.90002,4133.0,3485.55,754.45001,4073.3999,727.97998,1629.875,96.74990293,734.40002,1029.85,220.95,845.99,3415.05,62.849998,1592.634381,970.0,744.175,576.65002,2835.6499,425.39999,2625.47998744,867.40002,299.22799001,1067.3,1599.0,663.09998,,1838.0,1944.0,1247.4,8767.4502,158.95,981.5,134.5,173.1,1194.42469335,1311.4,272.97,519.90002,903.45001,3384.1001,787.33560508,283.11552286,109.6,1100.0,2458.0,1416.75,6666.8501,215.449995
2022-08-23 09:15:00,2981.5712754,857.20001,4093.45,3383.95,750.84998,4072.8501,725.0,1652.05,99.86656981,742.59998,1046.8,223.7,847.04,3480.0,65.25,1601.100542,951.0,737.975,571.29999,2810.0,431.79999,2588.95482337,868.0,298.28405313,1078.9,1554.5,655.0,,1869.0,1911.95,1277.0,8757.0,159.2,984.44745,134.2,171.6375075,1204.3657494,1292.65,271.32,524.0,892.0,3341.8999,801.85827416,278.98002592,108.25,1070.1,2501.95,1355.0,6580.0,209.25
2022-08-24 09:15:00,3058.1959113,838.15002,4220.0,3385.0,752.04999,4083.95,723.63999,1642.64,100.29989604,754.20001,1053.85,226.0,849.26,3473.5,64.199997,1610.712126,953.79999,737.75,574.25,2824.0,432.14999,2569.5600597,875.34998,301.5406448,1105.0,1546.0,657.29999,,1873.95,1898.0,1283.5,8772.0,163.0,985.84745,137.39999,172.4625,1211.991765,1289.95,269.94,523.0,899.95001,3308.0,803.191968,280.67043596,108.15,1073.4,2495.0,1353.9,6533.7002,209.75
2022-08-25 09:15:00,3082.25022738,842.34998,4239.8501,3405.1499,758.59998,4095.6499,723.9,1659.5,99.76656324,754.04999,1043.95,227.14999,852.78,3513.7,63.200001,1640.841701,953.90002,743.4,579.75,2821.05,436.75,2587.67486742,881.45001,298.66161844,1119.75,1548.7,659.84998,,1905.45,1918.0,1277.45,8835.0,161.95,989.3,138.14999,173.25,1208.76882016,1316.0,272.74,528.29999,890.65002,3278.1499,802.10525816,283.02495246,107.9,1089.65,2501.6001,1373.4,6606.0,210.050005
2022-08-26 09:15:00,3077.54605669,845.0,4235.75,3384.5,755.0,4124.3501,714.15,1650.6551,102.63322703,741.5,1035.7,232.0,855.0,3453.8,62.700001,1680.732262,956.0,740.9,581.5,2840.8999,445.45001,2574.18723682,877.5,297.71768157,1101.7,1544.95,670.54999,,1927.0,1912.0,1299.0,8832.75,164.7,983.30255,138.25,173.4,1202.913175,1327.5,269.49,529.5,890.5,3257.0,801.01849892,284.02110614,109.2,1097.55,2556.0,1400.85,6570.0,211.25
2022-08-29 09:15:00,3071.24149805,844.59998,4272.0,3348.3501,734.90002,4050.0,701.55,1619.0,103.76655923,724.90002,1024.0,231.60001,844.65,3338.8,60.549999,1675.303958,922.0,723.0,565.0,2831.95,433.0,2567.49249913,861.0,297.29292885,1062.9,1468.55,659.95001,,1877.95,1890.0,1280.8,8859.9004,163.39999,987.95,136.60001,171.6749925,1205.1828225,1310.9,266.36,517.0,881.0,3142.7,806.84734108,275.84065851,105.65,1047.6,2540.8999,1368.0,6580.0,203.175005
2022-08-30 09:15:00,3164.9855325,860.59998,4337.5,3409.75,753.54999,4128.9502,733.5,1700.0,103.94989904,730.09998,1042.2,235.5,852.32,3397.6001,61.25,1685.264148,945.25,744.975,576.5,2864.0,441.60001,2625.67688859,890.75,303.38130283,1109.8,1496.1,668.0,,1920.0,1928.0,1315.0,9164.0,165.45,999.75,139.85001,172.6875,1200.75700988,1333.65,271.81,532.5,895.5,3226.5,804.13051708,285.19835231,108.5,1080.5,2623.1001,1416.85,6690.0,207.975005
2022-09-01 09:15:00,3147.4296645,846.54999,4328.9502,3474.3999,754.90002,4131.75,733.38501,1768.6949,106.93322272,746.0,1044.25,236.8,846.5,3434.8999,63.150002,1699.656623,931.0,744.725,581.0,2882.2,431.60001,2613.86281935,885.70001,303.85327127,1121.0,1468.1,669.79999,,1925.5,1930.5,1325.7,9233.6504,164.25,1002.5,136.25,172.5750075,1182.46365103,1313.0,271.6,540.90002,901.90002,3190.0,831.842112,286.40579668,107.75,1065.0,2647.1499,1416.0,6760.0,205.824995
2022-09-02 09:15:00,3268.08912075,860.90002,4398.0,3489.0,754.54999,4102.7998,731.3,1784.5,109.89989307,740.90002,1031.2,232.45,846.4,3469.0,63.400002,1690.742253,937.0,745.25,586.09998,2889.0,425.20001,2582.35863471,881.29999,306.07153237,1119.5,1478.0,669.0,,1929.0,1958.8,1330.65,9149.9004,166.39999,992.4,135.75,171.6375075,1169.02738322,1311.0,268.0,537.84998,878.0,3163.0,836.781792,284.83611901,107.0,1066.5,2645.0,1421.55,6666.6499,206.375
2022-09-05 09:15:00,3328.61298078,864.90002,4308.6001,3450.0,758.79999,4055.8501,725.4,1752.89,109.63322001,741.95001,1030.45,232.35001,843.91,3447.0,60.799999,1707.425571,942.29999,749.5,578.84998,2848.0,430.20001,2581.7678328,885.90002,311.1216041,1112.45,1467.0,683.54999,,1957.0,1972.75,1324.45,9016.7998,165.10001,979.1325,133.89999,169.1625,1171.81900425,1296.0,267.6,540.79999,886.15002,3147.95,831.00238616,280.09691196,107.3,1070.8,2640.0,1408.95,6619.8501,204.0
2022-09-06 09:15:00,3343.93800495,858.54999,4422.0,3434.55,761.54999,3990.0,725.5,1748.6,111.2665517,765.0,1042.0,234.64999,850.4,3424.1001,60.799999,1723.859884,942.90002,753.325,580.79999,2869.75,432.89999,2579.4051174,889.95001,311.49916941,1118.75,1470.0,687.0,,1949.95,1985.1,1327.0,9022.75,168.85001,965.4,134.14999,171.0,1182.940277,1317.0,278.31,542.70001,890.70001,3140.8501,835.59625892,279.94598141,108.8,1071.0,2646.8999,1413.6,6556.0,203.675005
2022-09-07 09:15:00,3383.07466819,878.75,4410.0,3435.0,758.0,3937.5,720.79502,1714.4,109.91655639,761.90002,1061.85,239.3,853.2,3419.0,60.400002,1748.013345,932.54999,745.0,578.5,2875.0,433.54999,2556.66293566,882.65002,309.89446728,1100.0,1465.75,687.75,,1915.1,1961.35,1311.95,8873.5498,170.14999,965.35255,132.95,170.2125,1177.90161416,1337.4,278.17,537.45001,896.40002,3161.8999,817.51704,275.59917567,108.9,1061.0,2641.3999,1424.05,6798.0,204.425005
2022-09-08 09:15:00,3396.21724815,888.40002,4444.8999,3484.6499,782.20001,3879.95,727.94502,1749.0,110.4665525,776.0,1059.75,240.5,859.39,3463.5,62.5,1765.443678,940.90002,750.0,586.0,2873.5,436.95001,2555.77697892,900.79999,312.06554098,1115.0,1481.1,691.09998,,1938.0,1977.0,1331.95,8885.0996,169.2,963.85,134.14999,170.1749925,1179.308841,1340.35,277.18,546.29999,900.75,3183.5,821.56755784,273.21446702,108.4,1092.9,2659.8999,1427.9,6939.0,207.175005
2022-09-09 09:15:00,3402.47331019,925.0,4474.8999,3483.7,787.95001,3880.0,732.4,1758.5,110.9332187,774.79999,1065.95,238.0,863.9,3483.0,63.650002,1790.642958,953.0,754.5,588.90002,2878.25,430.64999,2605.98677319,911.95001,314.61415166,1149.55,1520.0,701.75,,1950.7,1987.4,1338.0,8989.0,169.35001,968.5,134.2,169.6124925,1184.755995,1326.95,275.0,557.0,901.90002,3233.5,817.023072,271.46367269,107.35,1132.35,2652.1499,1422.0,7029.0,209.725005
2022-09-12 09:15:00,3390.39765555,942.0,4501.7998,3453.6499,805.0,3889.8,731.98999,1742.0,113.2665497,771.40002,1068.5,239.05,860.0,3553.0,63.200001,1764.945668,963.5,752.0,584.0,2869.8999,432.89999,2564.63753085,908.90002,313.76460848,1145.0,1545.9,694.40002,,1944.0,1967.0,1315.6,9012.2998,168.10001,957.99745,135.39999,168.525,1185.663854,1311.0,266.87,558.59998,895.15002,3269.8,820.974816,273.48614804,107.95,1165.0,2669.7,1417.8,6900.0,212.199995
2022-09-13 09:15:00,3461.5905747,953.90002,4520.0,3459.0,808.95001,3890.0,744.4,1844.0,113.86655576,788.90002,1063.0,235.3,861.39,3582.1001,66.599998,1801.449764,959.79999,757.95,605.90002,2903.0,439.29999,2568.57555393,913.95001,316.2188538,1165.55,1553.0,697.95001,,1940.0,1995.0,1309.95,8989.0498,168.95,963.325,135.14999,170.625,1193.69840615,1335.0,270.0,560.0,893.29999,3263.45,841.721472,277.07830105,108.7,1164.45,2723.0,1470.0,6969.6001,213.0
2022-09-14 09:15:00,3499.5150168,958.79999,4480.0,3448.5,811.34998,3918.95,756.0,1813.45,113.14988981,788.40002,1068.0,233.8,852.49,3563.95,65.150002,1791.688778,938.45001,769.45,586.20001,2869.7,447.89999,2565.62203662,922.25,319.9946013,1225.0,1498.95,701.79999,,1977.8,1972.95,1313.85,9000.0,173.05,961.7175,134.10001,174.9,1184.755995,1320.0,270.89,574.84998,897.70001,3141.3999,850.76110616,274.51248178,110.4,1121.85,2712.0,1474.35,6964.3999,211.350005
2022-09-15 09:15:00,3654.65565619,972.70001,4459.1499,3458.75,806.5,3884.6001,753.28501,1823.95,114.65,790.65002,1062.95,234.95,847.05,3672.0,64.900002,1809.019509,936.70001,770.475,583.40002,2855.0,439.5,2558.53359508,936.65002,318.15391495,1220.0,1475.2,698.0,,1987.2,1984.7,1314.25,9325.0,176.14999,962.85255,134.39999,178.6875,1181.82814973,1317.0,274.8,578.5,888.15002,3137.75,837.769728,275.20676229,109.0,1124.3,2717.0,1451.45,6925.0,210.449995
2022-09-16 09:15:00,3750.67893409,976.45001,4363.2998,3420.0,792.59998,3800.0,748.01499,1785.5,113.5,788.0,1060.0,234.0,837.0,3640.3999,65.0,1798.810314,918.0,757.35,568.84998,2804.3,424.29999,2524.12521687,917.59998,315.84128848,1251.05,1425.0,694.5,,1980.0,1956.9,1297.0,9315.9004,174.7,950.45,132.0,178.8375,1158.8820135,1302.95,267.6,574.0,890.5,3094.3501,829.56986908,269.50157561,107.5,1073.95,2677.6499,1463.4,6818.75,206.375
2022-09-19 09:15:00,3687.63334759,972.59998,4331.0,3342.1001,802.0,3731.8501,752.44502,1779.3,113.75,786.0,1043.95,232.64999,822.21,3633.7,65.449997,1755.931696,907.15002,757.0,557.0,2724.95,416.25,2547.90093276,912.5,318.01232442,1256.0,1406.0,691.5,,1940.0,1931.95,1298.45,9343.4502,174.10001,942.0,134.35001,178.5750075,1145.12794965,1308.0,261.66,574.40002,876.95001,3042.0,792.52226908,260.5664994,106.2,1051.85,2632.0,1440.0,6511.9502,203.100005
2022-09-20 09:15:00,3768.1862085,987.84998,4595.0,3410.0,816.20001,3807.8999,771.5,1812.95,112.1,796.95001,1097.55,233.8,847.6,3738.25,65.699997,1760.911791,920.84998,762.0,564.54999,2823.25,427.5,2580.88187606,922.5,320.56097287,1275.8,1413.55,698.25,,1961.7,1955.8,1312.0,9430.0,173.14999,946.0,133.60001,177.1875,1151.93689215,1322.5,263.7,577.95001,914.75,3079.95,803.09319416,267.66023503,106.35,1065.7,2693.55,1459.0,6563.3501,204.699995
2022-09-21 09:15:00,3746.65371588,976.09998,4668.5,3424.8999,816.0,3807.45,773.5,1820.0,110.55,797.0,1101.85,232.7,853.82,3787.25,63.950001,1742.336037,913.75,760.75,561.79999,2807.95,423.89999,2605.74064675,917.0,325.84701938,1265.0,1388.8,692.5,,1950.0,1946.3,1323.0,9398.0,172.05,944.47,133.2,175.7625075,1149.8034235,1318.75,261.99,577.29999,922.5,3041.3999,801.216096,263.22287096,107.2,1066.95,2700.0,1498.6,6532.9502,202.949995
2022-09-22 09:15:00,3623.617829,953.5,4631.2002,3440.0,808.79999,3760.0,777.8,1788.0,112.0,794.79999,1071.8,231.3,844.42,3759.8999,63.75,1729.088984,904.90002,755.075,551.45001,2799.3501,415.0,2659.39621121,911.70001,329.19798585,1238.5,1383.95,687.0,,1924.6,1905.6,1320.55,9435.0,169.64999,941.75,130.85001,169.7999925,1136.1855385,1299.95,255.2,574.0,911.25,3029.95,798.005304,262.37766594,105.3,1072.0,2744.95,1493.0,6364.8501,200.175005
2022-09-23 09:15:00,3625.5090996,950.84998,4719.0,3437.95,789.0,3770.0,773.15,1778.2,111.0,788.0,1093.0,226.95,842.95,3774.45,63.349998,1727.594956,912.59998,737.5,545.0,2812.25,412.70001,2681.54759104,904.90002,329.95312592,1213.95,1394.8,686.95001,,1888.7,1895.45,1318.1,9451.0,168.5,932.80995,129.10001,164.8125,1132.98533553,1289.95,251.38,568.0,926.70001,3022.5,796.57278692,260.74760398,107.9,1049.9,2755.7,1491.85,6283.9502,199.699995
2022-09-26 09:15:00,3548.0116218,909.90002,4420.4502,3468.0,763.5,3686.75,746.0,1745.1,105.0,771.15002,1081.2,222.10001,831.76,3669.95,60.650002,1686.260167,917.40002,718.225,536.45001,2754.8501,390.0,2686.71624633,877.90002,326.55497204,1180.0,1399.45,661.95001,,1858.0,1876.8,1258.95,9270.2998,163.85001,944.495,128.8,157.0125075,1097.5107451,1271.8,240.44,549.0,926.34998,3025.8501,776.46830908,252.29549344,104.45,1052.25,2677.95,1428.8,6240.0,199.600005
2022-09-27 09:15:00,3520.41705356,875.0,4354.1001,3500.0,754.15002,3594.95,737.99502,1715.75,101.85,765.0,1104.9,219.7,840.0,3615.0,59.75,1690.194442,921.45001,720.0,526.90002,2735.0,379.95001,2671.70253334,874.84998,320.51375715,1178.0,1406.5,650.95001,,1834.85,1864.0,1252.9,8908.9502,161.64999,939.75,127.9,155.9249925,1101.232967,1270.65,237.83,550.90002,909.84998,3025.0,791.73193016,243.90376116,101.35,1045.0,2679.55,1443.4,6273.9502,200.699995
2022-09-28 09:15:00,3488.7972671,847.0,4295.0,3582.8999,733.90002,3573.8999,729.75,1678.9,100.95,771.0,1117.7,213.39999,859.4,3665.7,59.25,1681.031067,926.95001,705.3,520.25,2625.0,372.10001,2666.78000449,863.25,314.61415166,1160.0,1405.85,632.5,,1808.0,1856.0,1261.75,8850.0,159.45,948.95,123.95,157.7999925,1079.444351,1250.85,238.7,539.79999,926.0,3049.95,794.49814108,245.47344487,97.849998,1036.4,2634.5,1409.45,6277.6499,200.25
2022-09-29 09:15:00,3554.55866348,847.5,4404.6499,3563.45,730.79999,3563.8501,731.68999,1685.0,100.7,769.0,1121.65,215.14999,881.4,3678.25,62.0,1683.122707,931.0,701.1,529.75,2604.3501,376.89999,2684.74723479,861.59998,316.12445067,1174.8,1409.85,628.0,,1810.0,1857.4,1267.95,8800.0,161.7,956.5,128.2,159.0750075,1074.67809125,1251.0,242.53,535.70001,955.5,3055.8501,794.00417308,249.48819134,98.25,1044.5,2606.05,1409.15,6262.8501,200.949995
2022-09-30 09:15:00,3417.84673398,830.45001,4484.8999,3411.8999,737.75,3553.95,736.2,1699.0,101.35,809.0,1128.0,216.0,881.0,3693.8,62.849998,1690.244243,935.54999,715.725,532.40002,2592.1499,395.35001,2672.83461652,867.04999,316.92680645,1192.3,1419.3,633.95001,,1826.45,1882.95,1282.7,8872.0,161.55,959.75,132.39999,164.025,1090.338659,1258.0,244.55,536.90002,950.95001,3019.7,796.276416,246.46958043,100.4,1018.8,2637.3999,1430.0,6325.0,198.350005
2022-10-03 09:15:00,3356.01356261,834.40002,4490.0,3352.5,742.0,3559.8999,739.8,1686.0,103.0,815.54999,1144.9,218.0,887.8,3781.8999,63.099998,1674.756148,932.84998,708.925,530.54999,2573.95,389.45001,2691.63877518,860.95001,314.33098004,1185.9,1412.0,631.0,,1813.0,1852.0,1276.1,8970.0,164.10001,957.19745,135.0,160.9874925,1097.12490502,1256.65,243.4,531.65002,967.84998,3020.7,795.09088292,245.44324669,99.650002,1018.25,2625.0,1425.0,6355.2998,199.0
2022-10-04 09:15:00,3192.24052752,826.29999,4444.5498,3368.3501,744.5,3599.8999,750.5,1705.0,102.45,816.75,1147.5,224.0,889.98,3579.8999,64.449997,1681.877683,951.0,729.0,533.09998,2627.8999,400.89999,2635.02969341,872.65002,315.27491692,1222.0,1432.25,645.0,,1827.8,1880.95,1277.95,8758.5498,164.0,967.5,135.0,159.2625075,1097.601531,1265.0,240.75,535.79999,956.29999,3098.0,782.88989308,246.892192,101.5,1036.0,2629.0,1436.9,6381.8501,203.0
2022-10-06 09:15:00,3219.01065348,835.0,4450.0,3366.75,760.40002,3617.1499,759.9,1724.15,105.0,815.84998,1150.4,234.10001,889.59,3596.8501,66.150002,1698.212395,967.95001,731.3,539.20001,2663.6499,413.95001,2650.58488457,891.70001,320.27777293,1234.95,1459.8,678.0,,1840.0,1919.0,1277.0,8825.0,165.10001,976.2575,136.55,158.1749925,1112.127275,1279.95,243.6,541.79999,962.0,3124.0,789.95360584,252.1445629,103.8,1045.0,2620.0,1454.8,6366.8501,206.5
2022-10-07 09:15:00,3211.3966865,826.0,4433.0,3359.6001,757.5,3668.8999,740.775,1709.85,106.5,796.79999,1147.2,233.55,881.71,3550.0,70.199997,1696.120755,972.95001,717.475,533.5,2734.8999,411.95001,2572.51357701,884.5,317.96514646,1217.85,1457.85,673.0,,1830.0,1928.95,1261.95,8845.5996,164.85001,969.0,134.25,157.3125,1109.35825966,1256.9,241.93,535.59998,961.54999,3105.0,784.32241016,249.94098298,103.5,1036.45,2745.0,1480.0,6307.2002,205.875
2022-10-10 09:15:00,3180.16487287,813.95001,4420.0,3299.0,778.70001,3624.8999,733.8,1693.95,105.6,794.79999,1131.5,232.0,877.6,3542.0,69.699997,1681.230271,967.15002,713.0,534.5,2599.8,409.14999,2570.24921374,889.79999,312.86788732,1216.9,1465.0,668.0,,1821.75,1917.0,1246.55,8876.4502,165.60001,960.25,134.0,158.9625,1097.42000459,1243.95,238.54,533.90002,954.25,3127.0,765.69978692,243.54152182,103.5,1033.0,2727.8999,1451.8,6173.25,206.75
2022-10-11 09:15:00,3237.6333498,820.59998,4362.3501,3360.0,795.5,3635.05,735.25,1707.05,105.4,797.5,1127.15,230.95,877.6,3550.6499,69.199997,1675.303958,972.0,708.5,535.0,2575.5,412.45001,2570.10153787,883.25,311.92395044,1215.95,1479.65,669.34998,,1809.85,1923.8,1249.25,8850.0,164.39999,960.7325,133.5,158.5875,1095.785813,1243.0,238.85,533.70001,951.90002,3145.0,750.68314984,241.18701135,103.65,1035.0,2694.0,1459.65,6205.0,208.949995
2022-10-12 09:15:00,3197.8661337,806.5,4350.0,3339.5,810.79999,3653.0,725.85,1701.6,103.45,781.34998,1118.05,233.0,862.0,3468.6499,66.449997,1670.323863,963.90002,707.425,528.59998,2564.45,401.39999,2564.24382699,871.70001,312.86788732,1192.1,1441.1,653.75,,1813.0,1916.0,1259.35,8720.0,165.3,938.3425,132.0,161.9625,1081.12389015,1220.45,243.57,535.0,960.0,3109.8999,749.843424,240.40217855,101.2,1018.8,2644.8999,1439.85,6190.0,204.800005
2022-10-13 09:15:00,3164.69445588,811.75,4317.9502,3258.2,814.95001,3648.8,722.6,1694.55,104.4,779.0,1127.85,235.60001,861.8,3554.95,64.650002,1678.04301,989.04999,703.125,526.0,2574.3,416.5,2566.7541198,865.45001,312.72627791,1196.75,1437.95,656.0,,1815.9,1912.0,1274.15,8785.4502,166.8,946.0825,131.85001,162.975,1086.707223,1216.55,242.18,533.79999,973.75,3110.0,751.02895708,243.60190007,101.8,1021.0,2628.0,1438.6,6216.0,196.175005
2022-10-14 09:15:00,3205.6255905,806.59998,4324.0,3246.0,820.70001,3663.0,734.5,1709.0,103.6,779.95001,1120.0,238.95,868.0,3554.8999,64.150002,1708.42159,1023.0,723.5,534.40002,2585.0,411.25,2584.22909722,883.79999,315.18051379,1216.35,1494.0,659.5,,1858.0,1936.75,1272.0,8766.5996,167.5,950.6875,132.8,163.5,1096.85259272,1217.05,243.16,534.84998,979.90002,3150.0,759.67339708,247.04312254,102.8,1049.9,2663.6001,1432.0,6260.0,193.75
2022-10-17 09:15:00,3137.7303435,789.95001,4300.5498,3218.0,817.0,3674.8,737.22998,1725.0,102.75,771.0,1113.05,238.55,874.8,3525.0,63.25,1702.196471,1006.8,728.8,525.90002,2570.0,395.89999,2569.51083441,887.5,315.98286958,1203.8,1495.0,636.25,,1862.2,1914.0,1238.75,8749.7002,169.05,953.0,128.2,161.2125,1095.785813,1198.65,239.47,544.70001,985.0,3128.3999,762.63720508,240.824772,100.4,1027.95,2634.8999,1387.4,6281.7998,189.475005
2022-10-18 09:15:00,3198.8360658,815.0,4377.0,3250.0,822.90002,3664.8501,743.0,1736.25,106.9,785.59998,1130.2,242.14999,874.73,3622.0,64.400002,1693.929513,1013.65,731.45,532.40002,2596.75,398.39999,2601.06424434,900.70001,321.88247506,1228.65,1510.95,638.5,,1875.9,1931.2,1267.35,8888.25,169.45,971.45255,129.10001,161.25,1118.0283585,1226.0,246.17,563.5,985.0,3155.3501,766.638336,245.53381709,101.0,1033.95,2664.7,1436.0,6444.0,192.125
2022-10-19 09:15:00,3210.475251,823.45001,4405.8999,3245.7,838.45001,3716.95,744.0,1731.0,109.2,788.65002,1145.0,243.0,878.81,3685.0,63.700001,1705.83194,1006.5,738.7,535.40002,2574.0,398.10001,2576.94385298,900.65002,327.97087735,1231.7,1504.95,639.95001,,1877.45,1947.0,1264.8,8855.0,168.10001,992.4,128.7,162.6749925,1147.46573197,1233.8,246.8,563.45001,980.70001,3159.0,767.626272,245.68474764,101.25,1030.0,2677.0,1447.7,6446.0,190.600005
2022-10-20 09:15:00,3263.8215165,822.25,4393.2998,3241.8501,831.90002,3703.8999,744.9,1730.0,109.15,794.0,1142.0,242.5,871.0,3660.0,62.0,1688.0032,1019.3,726.45,538.0,2570.0,396.70001,2569.5600597,893.29999,331.27465642,1214.0,1504.0,630.0,,1882.95,1917.8,1254.0,8739.2002,167.89999,1007.18495,131.0,163.5,1143.4484105,1230.0,245.69,556.79999,982.84998,3160.0,762.686592,241.42849418,101.2,1043.4,2644.0,1431.6,6413.0,191.300005
2022-10-21 09:15:00,3280.3103622,824.20001,4430.0,3164.75,906.0,3720.3501,749.0,1740.4,108.95,802.84998,1148.0,241.35001,877.79,3684.7,63.200001,1708.122784,1029.9,728.825,548.29999,2577.0,398.04999,2625.43076215,910.0,333.3985144,1169.0,1506.0,630.5,,1925.0,1925.0,1268.9,8794.0,168.45,1017.5,133.39999,164.1749925,1142.4497656,1250.25,246.55,565.79999,991.90002,3160.3999,771.42980584,242.84724735,101.45,1044.35,2679.6499,1443.0,6421.0,191.649995
2022-10-24 18:15:00,3239.6703042,810.0,4435.0,3159.0,918.45001,3720.0,731.0,1724.2,105.35,807.5,1150.0,241.7,876.8,3684.8999,62.950001,1701.200452,1038.85,731.5,547.0,2590.0,398.85001,2599.0952328,933.5,330.09473533,1160.0,1521.8,633.95001,,1915.0,1919.9,1278.0,8788.7998,167.95,1052.5,134.0,165.1875,1135.95857375,1268.95,243.0,572.5,989.95001,3178.0,766.638336,245.11120553,102.1,1051.15,2699.8999,1446.35,6444.0,193.199995
2022-10-25 09:15:00,3244.4228745,812.75,4449.8999,3135.0,910.59998,3727.0,724.25498,1700.9,105.5,806.34998,1164.85,240.95,895.5,3724.0,64.900002,1722.116851,1037.25,733.9,544.79999,2602.0,402.79999,2545.93192122,943.25,329.90593851,1153.05,1532.9,650.95001,,1911.6,1954.65,1283.85,9017.0,169.7,1052.44005,132.89999,164.5499925,1134.3698205,1278.6,248.0,586.20001,997.34998,3184.25,767.42867492,247.82795534,102.5,1086.0,2697.3501,1442.0,6474.0,193.225005
2022-10-27 09:15:00,3254.1221955,824.0,4499.0,3123.0,919.95001,3690.6001,721.0,1676.55,108.9,822.20001,1180.1,241.60001,903.8,3741.05,65.650002,1733.571069,1037.45,733.675,537.95001,2620.0,413.39999,2490.7995981,933.70001,328.82042054,1153.6,1534.9,683.0,,1888.0,1971.85,1299.85,9076.9502,171.5,1023.75,132.2,168.6375075,1120.50227428,1264.0,250.74,585.0,1013.4,3174.0,770.096112,248.552428,104.65,1098.0,2765.0,1470.55,6474.0,193.475005
2022-10-28 09:15:00,3286.0814582,834.79999,4584.0,3071.6001,917.95001,3719.0,709.0,1660.5,108.55,824.40002,1171.8,247.8,900.55,3773.1001,65.699997,1731.081022,1039.75,733.5,536.5,2674.3501,412.5,2511.37567024,927.5,329.05640476,1161.0,1527.95,678.45001,,1894.85,1986.0,1315.9,9549.9502,174.7,1018.59745,135.60001,171.75,1150.7112825,1265.35,256.77,582.65002,1003.5,3178.5,764.11910908,248.25056691,104.6,1081.0,2738.8999,1478.0,6470.0,192.925005
2022-10-31 09:15:00,3258.971856,831.0,4625.0,3113.0,918.0,3706.3501,714.96001,1689.85,107.2,833.79999,1177.85,247.5,925.0,3864.1001,63.849998,1723.11287,1052.5,749.0,541.29999,2694.1499,408.75,2532.14884044,917.04999,330.84987539,1159.6,1546.4,676.45001,,1912.0,2034.65,1358.5,9769.0,174.0,1023.5,135.2,172.6875,1162.49075302,1273.75,254.79,577.45001,1027.3,3199.0,763.13117308,251.32953795,102.15,1078.3,2791.0,1543.0,6730.8999,194.199995
2022-11-01 09:15:00,3498.98155415,844.90002,4647.0,3164.3999,904.0,3744.2,723.6,1714.7,110.4,841.45001,1185.25,247.0,916.0,3889.6499,63.75,1762.95363,1061.85,764.5,550.90002,2690.8501,415.0,2535.93928611,921.0,330.84987539,1159.9,1575.0,688.25,,1941.5,2056.0,1366.55,9636.9004,182.95,1036.7425,135.7,176.9249925,1180.2167,1286.4,247.26,585.75,1049.0,3262.6001,775.035792,255.01224326,101.45,1080.0,2784.0,1566.0,6850.0,196.5
2022-11-02 09:15:00,3516.14925532,850.0,4532.7998,3159.95,877.0,3746.0,724.0,1722.5,110.25,830.0,1178.4,249.60001,929.0,3849.8,64.699997,1775.852076,1066.35,764.125,548.15002,2657.2,426.85001,2524.27279428,920.75,336.27751243,1157.7,1572.75,693.95001,,1920.0,2042.0,1361.0,9454.5996,182.7,1035.0,139.2,177.4125,1157.6110109,1279.4,244.56,578.95001,1070.95,3270.0,768.81180508,256.64230522,103.0,1098.7,2747.3501,1565.0,6875.0,197.425005
2022-11-03 09:15:00,3506.01356187,837.79999,4425.0,3148.75,880.40002,3814.0,719.5,1732.5,112.2,824.40002,1176.0,247.60001,920.0,3747.0,62.799999,1764.895867,1049.2,760.125,548.29999,2668.3999,415.89999,2509.50520773,913.84998,338.4013704,1150.95,1543.9,688.0,,1913.0,2022.5,1355.0,9310.0,181.85001,1023.75,136.7,175.2000075,1161.85525173,1281.0,248.67,587.95001,1055.6,3228.05,760.71072,255.55559322,102.45,1071.15,2779.0,1551.7,6784.0,196.875
2022-11-04 09:15:00,3734.04459858,867.0,4410.0,3185.0,872.90002,3809.8999,722.48999,1805.0,111.4,821.79999,1175.25,248.7,920.0,3729.0,63.650002,1764.945668,1049.0,758.05,546.90002,2637.2,432.0,2506.55169042,913.40002,336.04152821,1158.0,1520.45,703.95001,,1908.0,2029.35,1352.0,9324.0,179.5,1026.75,138.39999,172.0875,1180.2167,1281.85,252.86,596.95001,1046.4,3220.05,757.746912,257.18564915,105.0,1058.8,2781.45,1550.2,6960.0,196.199995
2022-11-07 09:15:00,3893.01646977,869.0,4420.0,3198.0,876.79999,3818.6499,725.06499,1817.9,110.3,824.04999,1152.0,251.35001,909.46,3765.0,65.449997,1787.953707,1055.7,756.0,543.5,2625.0,438.89999,2512.45872504,920.09998,336.37191556,1158.0,1527.9,715.45001,,1910.0,2032.0,1355.6,9352.7998,179.5,1036.0,139.0,173.9249925,1184.89217385,1282.0,258.8,622.70001,1049.95,3242.8,767.08291708,264.12845423,107.45,1067.9,2772.0,1523.5,7018.0,197.425005
2022-11-09 09:15:00,3926.2851408,901.0,4435.0,3146.0,880.75,3794.0,723.5,1798.0,111.2,825.5,1154.95,263.39999,913.16,3791.95,67.5,1786.808285,1061.45,758.975,538.20001,2656.55,433.0,2505.46863562,921.90002,341.18599363,1172.9,1529.0,716.20001,,1903.6,2036.95,1364.85,9480.8496,177.75,1042.1175,139.0,173.25,1190.18045253,1290.0,259.8,621.0,1036.65,3249.8,772.36835492,266.36223234,107.55,1048.95,2769.0,1508.9,7060.0,197.199995
2022-11-10 09:15:00,3908.826363,898.0,4377.4502,3086.0,856.70001,3770.0,716.5,1756.9,108.5,830.70001,1152.0,260.5,923.2,3739.3999,65.949997,1733.172662,1062.4,763.5,534.5,2722.0,420.39999,2498.67564426,912.95001,339.72287259,1157.8,1512.0,705.70001,,1915.0,2001.85,1339.0,9250.75,174.2,1020.0,140.85001,165.1124925,1178.65064323,1268.1,258.0,615.09998,1022.3,3225.0,762.39022108,253.89535722,106.0,1034.0,2711.1001,1499.3,6895.0,195.550005
2022-11-11 09:15:00,3927.20657629,907.79999,4540.0,3098.0,854.70001,3783.95,715.78501,1748.0,108.45,836.90002,1143.85,258.89999,915.8,3739.0,73.550003,1731.977439,1098.7,818.5,553.0,2731.95,431.79999,2507.33929504,928.0,340.71402519,1161.45,1573.5,721.95001,,1933.9,2018.8,1318.75,9240.0,173.60001,1025.0,141.3,163.3875075,1196.558162,1273.2,257.4,619.54999,1031.45,3341.6001,770.44186984,256.88378806,108.2,1066.0,2694.3999,1549.7,6927.7998,202.925005
2022-11-14 09:15:00,3955.3831038,907.5,4568.0,3077.95,853.90002,3768.0,710.7,1735.0,107.65,830.79999,1133.6,256.25,896.77,3565.0,75.449997,1749.905781,1102.95,814.0,545.20001,2708.0,458.64999,2474.80137934,906.54999,336.93827768,1160.0,1591.4,731.40002,,1928.7,2021.9,1309.7,9163.0498,173.39999,1019.62245,141.0,160.275,1199.281739,1259.9,257.1,603.95001,1021.4,3349.0,765.6504,264.2492047,110.0,1074.45,2665.0,1441.6,6897.5,201.324995
2022-11-15 09:15:00,3942.7739865,915.5,4629.0,3095.0,859.84998,3789.0,706.23999,1729.8,107.4,838.75,1134.95,238.85001,888.52,3557.8999,71.150002,1749.457573,1106.1,811.575,540.95001,2754.05,460.54999,2430.74474613,913.65002,329.38678267,1167.75,1597.85,724.84998,,1933.3,2017.0,1296.3,9203.5498,174.14999,1009.29745,143.35001,162.375,1192.20039341,1262.0,254.02,602.09998,1022.0,3339.95,764.662464,264.73217641,109.35,1070.5,2669.1499,1425.0,7000.0,199.774995
2022-11-16 09:15:00,3972.8418816,916.0,4610.0,3093.0,861.59998,3798.5,703.48501,1714.5,109.8,844.04999,1136.45,235.5,908.99,3583.8,70.5,1742.983449,1112.45,821.0,532.15002,2755.0,455.54999,2444.52782691,918.09998,327.40451523,1158.0,1609.0,721.95001,,1968.65,2009.85,1295.0,9252.5,172.95,1007.2125,143.3,163.0875,1187.45687553,1265.55,250.96,603.5,1022.8,3367.8999,764.86006108,264.5510658,108.8,1075.0,2678.2,1425.0,7035.0,200.850005
2022-11-17 09:15:00,3911.7361593,897.70001,4515.9502,3096.55,861.40002,3767.3501,695.0,1699.95,111.35,849.40002,1132.45,234.75,897.69,3500.0,69.800003,1717.037154,1100.6,815.775,535.54999,2765.1001,444.39999,2459.29541346,922.29999,327.97087735,1152.75,1602.8,712.95001,,1965.0,2059.0,1285.0,9169.5996,170.8,1006.98495,143.8,165.3375,1186.1177835,1261.15,261.96,602.75,1030.5,3360.0,779.92608508,258.12141249,106.8,1061.85,2645.0,1410.85,6959.6001,199.0
2022-11-18 09:15:00,3921.4354803,894.90002,4449.0,3114.8501,865.79999,3706.8501,692.8,1674.65,111.4,851.84998,1127.05,233.55,886.91,3457.55,69.349998,1716.588946,1106.0,811.5,534.75,2739.1001,443.89999,2449.99183393,922.0,325.42223835,1151.35,1598.0,711.59998,,1997.55,2050.95,1255.95,9023.9502,169.05,1002.2875,143.25,164.1,1184.3020655,1261.0,256.89,605.75,1017.85,3362.75,783.433248,257.45733017,106.3,1065.0,2583.3999,1403.7,6939.1001,199.449995
2022-11-21 09:15:00,3899.0785454,888.0,4440.0,3110.3501,870.95001,3645.8,674.7,1657.7,107.2,852.79999,1108.2,230.39999,878.6,3411.0,66.400002,1701.200452,1106.35,806.0,534.90002,2722.5,444.45001,2473.07849424,924.79999,320.93853818,1142.05,1587.85,722.84998,,1954.55,2033.0,1234.9,8929.2002,166.2,992.98,136.35001,164.625,1174.769546,1248.9,261.0,602.09998,1012.8,3333.7,766.09498108,258.15161068,107.7,1057.9,2578.95,1382.8,6875.8501,197.225005
2022-11-22 09:15:00,3934.0445976,885.75,4480.0,3119.5,877.0,3643.0,672.775,1659.9,107.8,860.54999,1109.7,230.7,880.52,3407.95,64.900002,1710.01522,1105.9,802.175,540.59998,2690.8501,436.35001,2484.89256348,926.5,321.88247506,1173.25,1588.0,709.90002,,1953.85,2033.15,1235.45,8934.9502,167.5,992.46505,135.89999,164.4,1165.91792075,1235.95,270.99,600.70001,1012.4,3318.95,767.52749816,257.42713198,105.4,1052.9,2609.0,1412.9,6917.0,194.699995
2022-11-23 09:15:00,3939.71879738,887.5,4616.1499,3114.8,877.79999,3654.1499,680.5,1656.0,109.1,851.84998,1124.55,231.10001,884.0,3418.95,64.300003,1706.827959,1111.5,802.5,549.09998,2697.5,439.29999,2485.87706925,931.84998,322.82641193,1183.0,1592.0,722.0,,1961.5,2044.0,1240.35,8989.0,168.25,990.65,136.64999,164.1,1170.18481266,1235.0,272.59,609.59998,1019.1,3330.0,766.638336,259.17792631,106.0,1058.65,2632.5,1421.95,6904.5,195.975005
2022-11-24 09:15:00,3816.6828135,882.5,4833.0,3120.25,880.79999,3629.6499,683.98501,1647.45,107.4,851.0,1117.65,231.8,887.99,3402.8999,64.099998,1726.79814,1135.0,816.0,573.54999,2680.6499,439.60001,2520.3347712,940.65002,323.29838037,1186.95,1636.0,728.45001,,1956.3,2060.0,1257.0,8994.9004,170.0,993.72,140.0,165.75,1177.493123,1245.35,268.19,611.29999,1037.4,3392.95,785.40912,256.73285751,105.95,1071.0,2618.3,1434.0,6890.0,199.875
2022-11-25 09:15:00,3831.1347048,881.0,4885.0,3119.8,891.79999,3652.7,677.8,1646.95,108.0,860.0,1107.0,233.64999,886.99,3422.25,64.900002,1732.077041,1137.55,815.85,590.0,2716.75,441.79999,2515.80594621,942.90002,322.73200881,1193.8,1644.0,728.59998,,1949.0,2095.8,1267.7,9080.0,171.25,991.2,141.3,165.6749925,1191.51949916,1254.95,264.4,613.70001,1037.95,3403.3501,789.854832,262.70970107,106.5,1082.9,2620.0,1448.0,6943.0,202.199995
2022-11-28 09:15:00,3806.9834925,885.25,4768.8501,3159.0,899.5,3710.0,683.27998,1661.9,108.75,852.54999,1110.0,232.75,889.48,3449.5,65.300003,1737.007335,1132.75,803.725,593.0,2804.0,436.5,2503.10592023,943.79999,322.59042771,1205.45,1653.5,724.75,,1942.95,2072.0,1272.0,9104.0996,171.89999,992.2625,141.2,166.65,1235.16486598,1269.5,258.96,610.90002,1041.5,3417.0,799.14145016,265.84906848,106.4,1091.0,2608.5,1444.9,6924.8999,204.725005
2022-11-29 09:15:00,3797.2841715,891.79999,4842.0,3169.0,901.90002,3697.0,680.88999,1652.85,107.9,844.79999,1125.85,231.3,895.74,3464.75,64.900002,1725.104908,1138.75,806.175,587.5,2837.95,440.89999,2599.04600751,949.90002,325.65822256,1199.85,1638.75,735.90002,,1939.0,2072.0,1265.0,9024.75,171.60001,1018.75,141.10001,166.6875,1239.97647328,1273.3,256.2,611.79999,1051.2,3429.0,802.10525816,264.36993707,107.65,1085.45,2640.0,1462.5,7005.0,204.449995
2022-11-30 09:15:00,3821.4353838,884.15002,4760.1001,3199.95,905.09998,3772.8999,675.42002,1644.65,106.55,852.0,1149.0,228.85001,903.59,3504.5,66.800003,1761.559203,1129.9,806.45,593.0,2861.0,451.95001,2656.19656746,958.20001,324.85586678,1183.7,1645.75,745.65002,,1955.0,2086.0,1316.0,9020.0,172.85001,1016.95,141.8,168.7125,1246.24074577,1289.7,275.0,611.40002,1058.3,3414.8999,812.03400508,266.24148187,107.95,1082.0,2665.0,1479.8,7095.0,204.0
2022-12-01 09:15:00,3826.3336379,896.5,4794.0,3197.0,909.5,3744.05,677.0,1642.5,106.35,853.20001,1145.2,230.39999,906.36,3500.0,67.150002,1800.204741,1150.65,818.5,600.90002,2884.0,466.5,2641.42898091,957.0,322.54324031,1180.95,1672.6,752.95001,,1961.75,2110.0,1316.95,9025.0,173.64999,1017.495,142.0,168.6375075,1250.5757725,1298.15,269.29,609.79999,1057.85,3480.0,811.98461816,267.81116557,111.3,1107.95,2665.0,1479.0,7299.0,208.175005
2022-12-02 09:15:00,3844.61685798,903.59998,4882.9502,3174.3,907.0,3712.3501,674.19502,1653.0,106.45,851.95001,1124.9,228.0,904.8,3435.0,68.900002,1817.435869,1140.4,809.3,594.95001,2865.0,470.39999,2618.7853482,934.5,321.69367824,1185.75,1661.8,751.29999,,1934.9,2098.8999,1293.8,8928.9004,172.85001,1006.88495,144.8,166.125,1247.398266,1299.95,259.64,609.59998,1049.85,3468.8999,802.698,266.33203416,112.5,1116.3,2651.3999,1477.4,7299.0,206.949995
2022-12-05 09:15:00,3820.5625419,896.5,4901.9502,3168.7,907.29999,3672.0,669.9,1655.0,107.6,851.59998,1122.55,231.8,906.4,3360.0,69.0,1829.686903,1141.95,807.3,593.79999,2832.8999,483.85001,2584.32764625,937.0,319.85302021,1198.0,1644.85,759.0,,1943.95,2096.8,1269.45,8853.2002,175.64999,992.5,143.95,166.6875,1233.21296913,1298.1,260.0,618.0,1045.95,3439.1499,793.312608,264.12845423,116.1,1120.0,2629.95,1481.0,7285.0,207.475005
2022-12-06 09:15:00,3935.0145297,902.29999,4800.0,3169.0,906.90002,3699.8,673.5,1646.9,108.4,845.0,1117.8,232.5,894.89,3338.0,65.449997,1822.71477,1125.0,806.85,595.40002,2825.0,477.5,2618.73612291,929.75,319.23946124,1208.0,1626.0,755.75,,1943.1,2100.0,1265.45,8800.0,176.0,999.5,143.14999,168.1124925,1224.2478615,1313.5,267.8,619.79999,1040.0,3407.95,790.3488,260.41556885,115.35,1096.15,2624.0,1488.0,7273.7002,206.300005
2022-12-07 09:15:00,3935.8873716,902.5,4815.0,3234.7,918.0,3708.55,672.49502,1642.0,107.15,841.59998,1122.65,232.14999,876.6,3324.8999,65.400002,1832.176951,1116.6,809.3,590.90002,2802.0,472.10001,2677.65879325,933.20001,322.3544435,1189.0,1623.8,751.0,,1932.5,2144.0,1268.9,8747.8496,175.0,1003.9575,141.75,168.0750075,1223.3400025,1296.6,273.35,612.90002,1037.15,3393.7,796.770384,258.39309351,113.5,1087.3,2623.75,1483.1,7294.8999,204.75
2022-12-08 09:15:00,3923.3753445,898.5,4777.8501,3240.8999,943.95001,3658.55,668.0,1621.8,105.5,840.20001,1113.0,231.25,875.85,3330.0,64.800003,1818.033481,1113.75,813.0,580.79999,2778.8,472.95001,2669.04436776,933.54999,322.96799303,1194.3,1623.9,746.70001,,1904.8,2175.0,1282.0,8711.0,172.45,1004.95,143.0,166.3875075,1209.7221175,1268.75,271.0,613.79999,1018.0,3380.6001,798.20290108,254.40852108,113.0,1082.4,2613.8999,1466.45,7219.6001,204.0
2022-12-09 09:15:00,3970.9020174,912.0,4735.9502,3242.3501,945.0,3669.3,661.8,1626.95,106.9,836.59998,1115.85,232.35001,882.96,3363.0,64.849998,1828.242675,1075.0,817.425,581.90002,2782.25,476.0,2699.12111748,934.79999,323.29838037,1216.0,1628.0,750.79999,,1916.75,2194.3501,1284.65,8763.75,171.75,1014.74745,142.95,164.2125,1207.45247,1277.0,270.82,618.0,997.0,3374.1001,800.12938616,254.13685817,113.75,1075.7,2629.8999,1468.0,7223.1001,203.0
2022-12-12 09:15:00,3910.669137,894.84998,4756.0,3230.0,941.15002,3624.6001,653.9,1603.95,106.55,836.95001,1110.0,233.7,892.58,3352.95,64.75,1811.957765,1039.15,826.8,578.0,2774.8999,466.95001,2681.79371748,933.90002,324.71428569,1219.9,1565.95,742.0,,1879.7,2169.0,1277.3,8693.2998,170.0,1026.0,142.5,163.5,1190.6570785,1273.0,275.19,618.70001,995.0,3296.0,803.191968,251.69177126,112.1,1044.4,2613.5,1456.5,7163.9502,198.75
2022-12-13 09:15:00,3949.5635112,898.0,4761.3501,3185.0,949.29999,3642.0,664.8,1616.9,105.4,840.0,1112.5,234.45,894.93,3342.1499,65.199997,1817.734675,1046.9,828.5,583.79999,2815.05,466.0,2677.8556944,935.90002,326.60215944,1240.95,1577.5,746.0,,1871.75,2175.7,1285.95,8697.3496,170.0,1031.79745,144.64999,162.6,1195.1963735,1280.35,274.19,617.40002,996.34998,3336.45,804.62448508,254.46889933,112.85,1047.45,2600.0,1459.9,7243.0,199.675005
2022-12-14 09:15:00,3969.01064981,908.5,4712.0,3195.0,950.15002,3667.95,668.85498,1627.9,105.65,842.0,1119.0,233.2,902.7,3385.0,65.449997,1826.649045,1057.3,832.75,585.54999,2782.8999,470.95001,2677.8556944,936.04999,327.87648367,1257.0,1588.5,759.65002,,1875.95,2210.0,1291.0,8677.7002,173.7,1022.5325,148.60001,165.4125,1197.89725403,1286.0,276.0,626.75,1003.0,3377.0,807.143712,254.37834704,113.2,1068.05,2596.0,1460.55,7278.9502,202.25
2022-12-15 09:15:00,3950.58193991,906.95001,4686.6001,3161.2,944.95001,3656.0,671.4,1631.7,105.65,831.0,1118.1,232.60001,905.52,3382.3501,65.25,1818.033481,1051.8,834.7,587.25,2783.8,470.64999,2641.67510735,919.90002,326.69656257,1273.55,1570.0,762.90002,,1881.8,2209.0,1293.5,8673.5996,174.05,1007.49745,148.85001,165.2999925,1187.0256425,1295.0,280.84,629.54999,1007.0,3364.75,805.61242108,255.25373213,113.45,1060.0,2588.6499,1459.95,7217.5498,199.875
2022-12-16 09:15:00,3926.1880506,890.95001,4638.0,3117.0,945.20001,3627.8999,669.52998,1610.0,102.4,832.70001,1108.0,229.89999,891.77,3347.3,64.0,1782.973612,1046.45,822.55,585.70001,2767.6499,462.75,2646.05615803,913.70001,319.90019818,1248.8,1549.5,747.54999,,1856.95,2211.6001,1287.0,8588.0,173.10001,993.0,150.5,163.65,1188.7505746,1278.75,280.8,615.59998,1005.1,3292.0,795.23909308,258.27234304,112.1,1033.5,2520.0,1432.45,7164.7998,197.399995
2022-12-19 09:15:00,3980.6013384,896.0,4620.0,3088.0,948.09998,3636.3501,670.5,1627.0,100.85,845.04999,1100.5,227.85001,881.73,3409.5,62.799999,1762.854028,1037.5,823.325,586.75,2785.0,463.0,2677.8556944,910.59998,323.15679928,1241.7,1516.9,750.79999,,1864.0,2187.45,1294.9,8621.4502,172.25,1006.0,147.55,164.4,1182.032418,1270.9,277.37,609.5,993.15002,3245.5,800.22816,255.28393032,112.1,1028.1,2525.25,1424.25,7114.3999,195.25
2022-12-20 09:15:00,4046.5567212,895.29999,4616.4502,3088.6499,952.75,3634.0,669.88501,1618.5,101.6,839.75,1097.4,226.89999,878.0,3378.3999,63.200001,1756.927715,1033.35,818.2,585.0,2790.6001,459.25,2664.12183891,912.45001,321.83528765,1234.35,1516.0,747.15002,,1861.95,2179.8999,1288.0,8584.4004,171.45,1008.3925,146.2,164.1749925,1192.018867,1269.0,279.8,606.5,990.65002,3249.0,800.17877308,252.3558717,111.5,1025.0,2517.6001,1421.3,7125.0498,194.949995
2022-12-21 09:15:00,4064.015499,893.0,4788.4502,3112.45,958.90002,3657.1499,669.38999,1629.25,102.2,833.04999,1130.0,227.7,887.0,3350.0,63.5,1765.344076,1053.25,822.4,589.90002,2798.05,463.89999,2653.39062756,915.84998,322.11845928,1238.15,1521.0,752.95001,,1860.95,2174.95,1284.5,8566.9502,171.05,1017.4,146.8,163.6875,1195.1963735,1244.8,283.9,609.15002,1009.5,3283.05,802.10525816,250.18246581,112.0,1030.55,2528.0,1420.15,7153.2998,196.625
2022-12-22 09:15:00,3829.2919308,874.29999,4848.7998,3093.5,936.0,3647.8999,657.5,1594.2,99.900002,824.70001,1147.35,225.75,891.2,3296.1499,62.049999,1748.760359,1054.65,813.75,582.79999,2796.55,463.0,2646.84376265,903.84998,318.48429286,1208.8,1529.95,749.0,,1835.0,2148.3501,1277.65,8384.0,168.64999,1022.0,145.14999,162.75,1182.32742678,1249.0,277.4,599.0,1034.05,3294.0,799.240224,244.32637273,110.6,1035.0,2509.2,1380.0,7092.0,195.975005
2022-12-23 09:15:00,3732.2987208,853.95001,4805.0,3086.8501,917.25,3600.0,646.6,1543.3,99.150002,817.95001,1146.95,222.89999,883.6,3200.0,58.349998,1738.949572,1044.1,802.075,578.95001,2720.0,452.89999,2608.4972629,889.65002,313.29264004,1179.7,1509.9,736.54999,,1839.15,2104.1499,1230.0,8329.9502,166.35001,1022.75,143.5,161.475,1175.90436975,1248.0,265.39,590.70001,1027.85,3266.8501,788.27415416,235.45165063,106.75,1015.5,2505.0,1335.0,6985.0,192.925005
2022-12-26 09:15:00,3632.2986243,812.0,4740.0,3071.8999,932.95001,3574.8,646.98999,1544.95,99.849998,815.20001,1135.0,221.60001,869.4,3228.6499,59.75,1734.069079,1041.75,819.5,570.75,2698.0,445.39999,2596.97864385,897.0,316.31325692,1208.0,1509.9,737.34998,,1826.1,2108.0,1247.4,8346.0,167.75,1012.2825,142.85001,160.6875,1153.888789,1249.35,273.4,601.70001,1011.8,3272.0,774.24545308,235.87426219,105.55,1006.5,2512.3999,1365.0,7104.8999,190.800005
2022-12-27 09:15:00,3683.7050256,821.20001,4712.7002,3129.0,937.79999,3600.0,653.0,1551.4,100.95,819.45001,1104.9,222.89999,853.96,3213.1499,60.599998,1741.838027,1040.75,817.975,574.20001,2718.25,472.39999,2594.07415492,902.75,317.54035598,1209.95,1521.45,769.29999,,1827.95,2128.0,1248.5,8315.0,168.2,1000.88495,145.39999,161.4,1156.9755096,1254.75,278.0,603.09998,1015.75,3273.8,771.578016,239.94938692,111.55,1012.6,2519.8999,1363.25,7165.9502,193.675005
2022-12-28 09:15:00,3709.9902825,817.0,4679.6001,3143.8,937.45001,3604.95,657.0,1534.7,100.9,813.90002,1103.15,224.25,853.33,3233.6001,60.799999,1761.061194,1038.3,816.5,571.75,2726.75,473.70001,2562.76706834,903.95001,316.2188538,1227.0,1524.95,767.09998,,1831.4,2136.0,1255.0,8453.5,167.60001,994.795,144.64999,163.7999925,1157.4294391,1249.9,279.4,607.0,1010.6,3266.1001,773.45511416,239.01360546,112.3,1019.4,2596.0,1356.5,7157.5,194.774995
2022-12-29 09:15:00,3709.9902825,822.5,4610.0,3125.0,944.0,3600.0,652.05,1522.0,99.800003,824.75,1098.0,224.35001,870.93,3490.75,61.549999,1752.99344,1046.0,821.75,573.20001,2745.0,472.20001,2543.27375564,923.34998,316.92680645,1234.9,1521.3,771.45001,,1820.0,2120.55,1267.6,8449.0,167.39999,995.87755,146.0,162.375,1157.02085716,1262.8,269.8,618.0,1004.7,3271.5,769.602144,235.45165063,112.0,1015.7,2588.8501,1350.0,7035.3999,196.050005
2022-12-30 09:15:00,3780.7953258,826.75,4582.4502,3130.75,943.5,3643.1001,671.98999,1573.0,101.35,824.79999,1095.0,226.45,857.02,3298.0,61.450001,1764.397858,1055.25,822.5,573.0,2764.8501,482.29999,2546.37494882,908.5,317.87074333,1238.0,1530.4,777.5,,1838.0,2133.0,1265.35,8490.0,167.8,994.5,148.75,162.5625,1169.7763215,1263.8,276.96,620.54999,1006.8,3299.0,772.86232292,236.77984546,114.75,1027.65,2610.0,1361.15,7053.0498,198.149995
2023-01-02 09:15:00,3757.5169554,826.75,4516.7002,3087.8999,945.0,3620.0,661.0,1560.0,101.2,816.20001,1082.0,227.2,853.51,3249.95,60.700001,1741.041212,1042.5,819.875,571.40002,2749.6001,491.0,2540.07411189,907.0,315.27491692,1231.1,1526.5,783.5,,1833.0,2097.6001,1271.0,8454.0,168.55,985.75,150.8,161.625,1170.6841805,1247.65,278.0,619.20001,1001.4,3266.8501,761.698656,239.07398372,119.7,1021.85,2616.0,1358.4,7039.9502,196.949995
2023-01-03 09:15:00,3737.00298848,826.40002,4508.9502,3059.95,965.59998,3620.0,666.0,1570.0,100.9,818.79999,1080.95,225.75,851.62,3240.0,59.549999,1735.363904,1045.8,821.5,600.0,2739.8999,488.45001,2522.30378274,905.95001,314.66136739,1249.85,1532.65,776.5,,1836.5,2096.8,1265.0,8402.0,169.2,988.04745,150.60001,162.15,1167.9606035,1275.0,275.39,616.59998,1012.8,3320.0,758.63607416,240.49273688,120.5,1024.8,2619.0,1350.0,7039.0,198.875
2023-01-04 09:15:00,3758.4383909,822.0,4514.1001,3050.0,970.0,3602.55,663.8,1567.35,100.9,820.45001,1081.95,224.5,852.0,3242.8501,58.700001,1721.120832,1042.0,822.875,609.90002,2728.0,477.45001,2518.75946352,907.90002,313.8590116,1273.4,1521.0,767.65002,,1834.9,2101.45,1255.8,8537.0498,168.5,989.9,148.85001,161.5499925,1162.53614598,1282.3,270.58,614.95001,1025.9,3327.3501,758.24088,238.34951106,119.05,1029.35,2626.25,1353.55,7062.0,198.75
2023-01-05 09:15:00,3726.86700405,821.59998,4455.5,3046.6001,961.90002,3632.5,649.0,1548.0,100.15,825.0,1093.2,218.89999,860.77,3266.8999,57.099998,1701.051049,1049.8,809.025,612.40002,2771.1001,467.45001,2551.78973055,903.0,315.18051379,1232.5,1505.9,752.84998,,1832.8,2099.2,1255.0,8475.0,170.35001,994.7075,147.0,158.9249925,1151.34673841,1274.55,268.0,611.59998,1021.9,3337.3,771.578016,234.6969979,117.0,1024.95,2620.0,1312.0,7042.2002,196.100005
2023-01-06 09:15:00,3751.93984583,824.40002,4474.2998,3023.5,950.95001,3648.0,613.99502,1473.55,100.5,812.25,1093.1,219.89999,863.86,3278.8501,56.400002,1692.883693,1047.9,804.55,620.59998,2775.3501,474.0,2571.43052221,878.95001,318.62588339,1217.7,1475.0,754.40002,,1826.0,2121.7,1274.95,8483.9502,172.14999,996.32245,148.10001,157.725,1156.58966952,1287.35,265.15,607.45001,1021.8,3301.55,761.55044584,234.4856891,117.85,1011.65,2584.3999,1289.55,7029.8999,194.399995
2023-01-09 09:15:00,3763.336548,820.25,4452.1499,3017.6499,960.0,3669.0,607.8,1450.9,101.7,821.5,1096.95,217.7,867.99,3275.1001,57.25,1693.132698,1071.0,805.775,618.04999,2772.3999,474.0,2588.70869693,878.75,322.16564668,1223.6,1489.35,746.65002,,1816.0,2127.3,1313.9,8446.9502,171.0,1008.21505,150.2,158.9625,1181.124559,1313.9,264.94,609.0,1023.35,3327.0,759.52518692,237.08170656,118.1,1021.0,2529.95,1255.0,7064.0,196.5
2023-01-10 09:15:00,3745.92626681,820.65002,4489.0,2985.0,964.0,3636.0,601.5,1429.0,100.1,826.09998,1090.25,217.3,869.66,3265.8,56.150002,1677.993209,1072.6,800.0,613.04999,2758.05,480.5,2612.23848328,878.40002,319.42822974,1231.15,1483.9,751.45001,,1816.0,2131.8999,1326.4,8410.0,170.7,1009.45,150.3,159.3375,1182.940277,1313.65,267.52,609.0,1024.0,3298.0,763.47693092,252.20494115,119.75,1014.05,2498.7,1235.15,7049.9502,196.949995
2023-01-11 09:15:00,3554.31618045,803.09998,4482.4502,2974.8999,955.75,3589.95,594.9,1422.85,100.75,779.65002,1083.95,218.5,864.0,3174.5,56.150002,1652.246118,1079.6,799.0,605.54999,2720.0,493.45001,2606.82370155,870.84998,316.31325692,1238.2,1494.0,758.45001,,1804.15,2140.0,1320.0,8334.6504,168.8,1004.245,150.0,159.7875,1161.151661,1309.15,268.77,599.5,1033.05,3349.5,763.427544,253.56331606,120.35,1016.95,2488.6001,1235.0,7033.0,198.0
2023-01-12 09:15:00,3568.3801959,799.45001,4382.3999,2939.8501,949.70001,3580.0,596.48999,1414.95,100.5,769.29999,1064.1,217.0,864.4,3152.95,55.0,1658.371635,1074.5,801.95,605.79999,2700.3,495.60001,2562.27481545,869.34998,314.89735161,1224.75,1485.0,764.40002,,1807.0,2164.6499,1327.0,8377.0,167.2,997.5,148.25,160.4249925,1149.57645875,1320.0,268.45,597.90002,1035.45,3350.0,754.63489384,253.86517715,119.25,1013.5,2475.0,1242.5,7166.9502,198.949995
2023-01-13 09:15:00,3623.71482221,800.25,4370.0,2925.0,937.45001,3617.8501,598.5,1399.85,100.1,765.95001,1070.6,215.7,868.34,3196.0,54.5,1664.795958,1084.0,804.95,607.59998,2744.8999,490.0,2598.35685347,874.90002,313.62302738,1237.3,1519.4,771.95001,,1787.3,2164.8501,1337.0,8500.0498,168.14999,997.5,147.5,161.5125075,1122.52221516,1326.0,262.6,602.90002,1035.0,3379.0,748.46029384,251.35973614,121.6,1009.0,2456.8999,1218.35,7258.0,198.300005
2023-01-16 09:15:00,3627.49755739,797.5,4364.25,2929.6001,941.75,3620.95,607.22002,1418.45,103.0,768.09998,1074.7,215.89999,870.55,3179.8999,54.299999,1661.7581,1100.45,810.65,612.59998,2765.0,492.70001,2587.23193827,877.45001,313.57583998,1250.0,1528.0,771.0,,1799.0,2161.0,1335.25,8514.2998,168.64999,992.0,147.8,161.9249925,1125.58623928,1322.75,260.31,606.09998,1039.5,3353.0,745.89168,250.4843269,121.45,1035.75,2434.8,1216.45,7334.75,200.5
2023-01-17 09:15:00,3539.86428915,791.45001,4336.4502,2944.8501,919.70001,3612.7,601.99502,1391.6,103.0,768.90002,1071.1,215.14999,871.96,3192.0,53.099998,1659.367654,1113.95,805.5,610.59998,2769.0,489.29999,2633.55293475,867.95001,314.80294848,1240.0,1542.2,763.75,,1801.95,2217.8,1323.85,8493.2998,168.2,998.30995,149.0,164.025,1127.1069485,1310.4,256.13,606.0,1036.0,3381.8,743.71821092,253.2312749,119.9,1050.0,2417.8999,1199.95,7389.0,201.024995
2023-01-18 09:15:00,3538.3123008,795.84998,4352.0,2960.0,925.59998,3638.75,604.9,1380.0,104.0,780.0,1072.0,217.35001,878.99,3192.0,51.450001,1680.084849,1125.85,820.8,610.04999,2786.3501,504.0,2651.76629149,872.0,317.68194651,1238.0,1551.85,769.5,,1827.0,2274.8,1325.0,8537.4004,169.7,1002.095,149.75,165.1124925,1130.78382284,1322.0,258.35,597.15002,1041.5,3408.95,743.61943708,251.11824727,123.0,1051.5,2429.8501,1232.25,7383.0,201.925005
2023-01-19 09:15:00,3431.32879017,783.95001,4339.7998,2973.6001,938.0,3628.95,602.96499,1365.95,103.0,776.5,1069.6,224.8,876.63,3180.05,51.900002,1686.260167,1113.35,825.0,611.0,2779.75,503.0,2637.78630956,870.54999,316.83240333,1245.0,1549.55,774.0,,1803.5,2283.8,1328.7,8519.0,170.39999,994.75,152.10001,165.9375,1126.26713353,1330.0,259.47,591.75,1044.0,3387.0,743.668824,246.19789942,124.3,1054.0,2411.8,1222.95,7260.0,202.0
2023-01-20 09:15:00,3372.79348493,786.59998,4322.4502,2848.0,934.84998,3586.6001,601.975,1361.65,103.4,775.84998,1067.0,229.25,876.21,3194.8999,52.25,1680.732262,1121.4,834.5,608.40002,2767.5,501.54999,2564.63753085,876.5,316.40765061,1228.0,1545.0,764.0,,1778.9,2297.6499,1325.0,8500.0,169.89999,983.3925,152.5,167.9249925,1123.4755125,1325.95,258.8,596.59998,1047.5,3394.6499,733.93767416,249.0353997,124.2,1057.5,2396.95,1207.5,7265.0,202.699995
2023-01-23 09:15:00,3355.965066,778.34998,4353.5,2800.0,939.70001,3627.0,593.5,1345.0,102.5,776.0,1064.25,230.39999,873.09,3224.6001,51.900002,1661.160488,1122.9,841.3,596.45001,2812.0,500.35001,2563.65302508,883.29999,319.19224552,1220.15,1553.3,747.15002,,1799.65,2273.3,1345.95,8482.0,169.5,972.0,153.10001,171.225,1119.4809329,1318.15,259.39,601.75,1054.9,3419.0,734.92561016,248.09963636,123.85,1069.6,2384.3,1189.3,7184.9502,203.875
2023-01-24 09:15:00,3402.5218068,774.0,4349.9502,2827.1001,935.0,3696.1001,592.1,1349.0,101.85,777.54999,1074.9,232.0,870.96,3234.8501,52.299999,1631.429321,1143.7,851.2,594.75,2787.0,497.89999,2569.5600597,881.70001,321.64649084,1219.8,1568.8,737.90002,,1792.7,2252.3,1335.1,8718.0,167.55,971.7,153.2,169.9500075,1109.24477728,1301.0,258.56,604.59998,1050.95,3451.95,740.458032,255.97820479,122.55,1077.3,2390.6001,1208.55,6897.6499,205.100005
2023-01-25 09:15:00,3324.9272388,756.90002,4318.0,2811.0,907.45001,3740.0,585.50498,1334.9,100.9,780.5,1068.25,228.0,853.78,3235.0,52.049999,1604.536808,1134.85,846.475,591.75,2793.0,495.79999,2601.06424434,876.79999,321.88247506,1211.0,1556.0,726.90002,,1760.4,2205.0,1332.0,8833.0,166.60001,967.525,153.39999,165.9375,1096.10356365,1278.8,254.13,595.84998,1045.65,3435.0,733.54248,257.94030187,122.25,1067.7,2370.0,1219.45,6830.8501,202.949995
2023-01-27 09:15:00,3245.87777265,699.84998,4285.3501,2772.8501,892.5,3995.0,586.15498,1336.15,99.949997,778.90002,1072.95,227.64999,876.18,3264.95,51.799999,1596.120448,1134.3,818.5,593.90002,2810.1001,494.79999,2605.54374559,843.0,329.29238898,1168.65,1550.95,728.25,,1752.1,2195.0,1339.8,8889.0,167.05,969.7,154.14999,166.0875,1083.68863722,1291.5,256.8,568.54999,1051.0,3446.0,736.90148216,273.72763087,123.25,1057.65,2368.3999,1212.0,6799.0,201.800005
2023-01-30 09:15:00,2946.21725036,656.59998,4260.0,2776.0,885.5,3948.95,606.62002,1360.0,92.949997,774.95001,1057.0,226.8,867.89,3210.0,48.549999,1599.955121,1139.95,812.65,592.34998,2764.95,483.35001,2569.5600597,826.25,332.02979648,1124.8,1544.0,725.0,,1730.6,2173.25,1342.0,8865.0,172.25,960.6825,148.85001,164.1375075,1076.67533566,1244.45,252.98,554.34998,1072.15,3458.45,731.41839784,271.6749815,121.1,1047.95,2342.8501,1190.0,6903.9502,202.399995
2023-01-31 09:15:00,2981.18339955,626.90002,4303.75,2779.95,879.29999,3878.0,605.0,1357.15,96.25,779.0,1043.0,228.35001,875.34,3277.0,50.700001,1614.546799,1137.7,811.35,589.5,2772.0,476.35001,2550.06684545,838.29999,335.09759134,1098.85,1548.9,719.79999,,1738.6,2132.75,1385.5,8943.8496,172.64999,960.0,147.89999,165.15,1083.82472528,1243.7,259.08,557.0,1060.3,3449.0,730.47989816,274.57284193,120.45,1028.85,2386.45,1204.4,7099.0,201.274995
2023-02-01 09:15:00,2920.22307007,629.0,4352.0,2778.0,895.20001,3886.3999,598.03999,1360.0,97.25,784.65002,1035.9,228.0,876.0,3354.95,51.049999,1616.538837,1137.0,832.5,584.65002,2822.8501,480.60001,2562.66851931,875.20001,345.19772536,1119.0,1555.05,738.70001,,1784.0,2215.95,1390.0,9030.4502,173.8,958.85255,146.0,168.75,1080.32951352,1228.75,273.38,565.0,1043.95,3419.0,739.37132216,278.61778658,124.15,1034.5,2409.8,1265.0,7239.0,201.949995
2023-02-02 09:15:00,2278.22511008,534.0,4262.0,2741.0,872.0,3859.1001,581.9,1288.65,93.5,781.0,1032.8,221.7,875.81,3320.7,48.900002,1597.066666,1155.5,812.25,505.25,2713.2,471.0,2598.84910636,860.59998,363.13252602,1081.0,1586.95,736.90002,,1768.0,2166.95,1378.2,8940.0,170.85001,956.45,145.0,162.8250075,1065.826466,1155.0,259.92,532.65002,1015.7,3469.0,733.789464,271.19200979,122.5,1044.25,2385.0,1224.65,7310.0,205.0
2023-02-03 09:15:00,1629.38893479,507.0,4259.7998,2763.8999,885.0,3858.0,603.0,1340.8,94.400002,794.95001,1027.8,220.7,885.98,3325.0,49.25,1612.604562,1156.65,830.25,499.0,2684.1499,468.95001,2616.27485849,872.65002,360.81987123,1131.0,1604.65,734.29999,,1783.7,2181.8501,1391.95,8963.0,166.45,952.7325,145.35001,161.3624925,1066.2803955,1145.65,256.84,545.95001,1032.45,3504.0,732.060576,272.1579532,121.0,1026.9,2470.0,1238.4,7225.0,206.5
2023-02-06 09:15:00,1566.4403415,548.70001,4335.6499,2765.0,899.15002,3869.7,612.4,1349.0,95.0,794.65002,1033.6,220.35001,876.03,3300.05,49.099998,1614.696202,1149.85,834.7,489.75,2704.8,457.0,2604.01776165,867.79999,366.43630509,1135.0,1598.0,731.29999,,1778.25,2181.6001,1391.9,8936.0,166.85001,953.0,144.2,163.0125075,1053.5703695,1146.85,259.52,558.79999,1025.95,3473.1499,723.66312,269.86381495,120.0,1016.4,2479.95,1248.6,7207.75,203.100005
2023-02-07 09:15:00,1903.68573267,598.45001,4360.0,2774.5,888.40002,3895.0,618.2,1362.35,95.099998,795.84998,1034.85,221.14999,893.65,3299.0,51.0,1626.15042,1153.0,832.45,491.5,2694.8,441.89999,2604.55923982,856.0,362.37735764,1148.15,1576.05,720.65002,,1780.0,2172.0,1385.0,8920.0,167.7,954.995,144.95,163.65,1056.47547291,1147.85,260.6,551.40002,1028.5,3493.0,726.08357308,267.69040906,115.35,1008.45,2459.75,1248.75,7205.0,202.75
2023-02-08 09:15:00,2155.33451902,605.0,4404.2998,2784.0,886.45001,3898.8501,637.7,1377.0,96.300003,781.0,1041.2,217.14999,899.32,3277.95,55.299999,1634.467179,1149.0,834.1,510.29999,2686.95,439.79999,2567.09879527,860.70001,356.14737425,1151.25,1603.0,736.0,,1780.0,2175.25,1380.0,8854.5,165.75,953.2425,145.89999,159.9375,1071.22818166,1172.0,262.16,554.5,1016.9,3539.8999,723.02094184,266.24148187,112.75,1021.15,2480.0,1240.0,7293.75,203.800005
2023-02-09 09:15:00,2102.8127928,589.0,4404.4502,2820.3501,876.15002,3890.5,648.77998,1409.9,96.699997,775.09998,1044.6,216.8,905.91,3249.55,56.799999,1655.383578,1152.0,830.825,522.70001,2614.0,447.70001,2559.61645297,864.90002,358.69601326,1168.2,1619.75,737.40002,,1775.2,2151.95,1386.0,8833.0,166.64999,954.2175,146.39999,160.4625,1076.19880047,1185.0,263.49,552.0,1021.2,3547.6001,717.58729384,266.06037125,112.95,1017.7,2475.6499,1346.75,7250.0,204.475005
2023-02-10 09:15:00,1930.164879,599.90002,4425.2998,2830.95,872.70001,3848.95,652.76001,1418.65,96.650002,773.20001,1036.85,214.39999,901.0,3242.3,54.150002,1635.811805,1130.0,829.25,528.40002,2589.6499,444.95001,2546.57175152,861.90002,355.81701522,1167.0,1616.3,726.65002,,1778.65,2169.95,1386.95,8875.0,165.8,953.5075,147.0,160.8375,1068.95853416,1187.5,264.0,557.25,1014.35,3542.3501,719.217408,270.34678666,111.25,1021.6,2472.0,1352.6,7226.8999,203.5
2023-02-13 09:15:00,1863.91851657,596.09998,4439.6001,2829.0,870.45001,3912.6001,647.31499,1415.0,97.199997,779.59998,1040.6,213.7,911.48,3272.0,53.700001,1636.658421,1121.25,830.875,526.0,2602.0,439.79999,2550.60832363,859.29999,354.11790997,1170.0,1597.0,727.70001,,1784.45,2210.3999,1384.0,8864.4004,168.2,959.95,148.8,162.375,1066.734325,1187.95,256.94,556.90002,1017.35,3549.0,720.699312,269.8034367,110.6,1017.8,2523.95,1335.0,7250.0,202.824995
2023-02-14 09:15:00,1832.2017369,581.25,4380.4502,2804.75,871.90002,3906.95,647.23501,1405.0,95.150002,777.59998,1032.45,214.3,912.8,3300.0,52.5,1621.269927,1142.4,838.75,517.45001,2577.1001,435.25,2561.68401354,867.29999,365.91712093,1162.0,1596.0,726.0,,1777.0,2216.0,1377.0,8847.0,168.5,963.0,149.2,162.7875,1081.21463066,1181.45,254.9,544.59998,1018.05,3524.8501,715.01868,268.23375903,109.9,1025.7,2528.95,1325.0,7229.8999,203.225005
2023-02-15 09:15:00,1769.54412324,578.84998,4514.0,2798.3,872.20001,3911.8999,649.6,1423.95,94.800003,787.15002,1033.45,213.8,912.64,3341.95,50.900002,1633.47116,1134.6,839.0,520.0,2575.0,437.25,2531.95193929,873.25,361.3862428,1160.45,1599.0,728.59998,,1790.0,2187.8501,1383.15,8895.7002,166.5,964.94005,149.39999,161.4,1106.3169774,1183.85,255.58,544.65002,1006.4,3526.0,720.99568292,268.59599233,110.6,1075.0,2528.25,1352.0,7177.0,203.925005
2023-02-16 09:15:00,1818.5741909,590.79999,4668.0,2834.3501,874.29999,3930.95,652.475,1435.0,98.400002,790.5,1038.0,216.5,909.97,3344.0,51.799999,1636.160411,1152.15,840.95,522.0,2590.0,438.0,2522.20523371,877.79999,363.65168186,1156.1,1614.45,731.45001,,1803.9,2202.3,1397.0,8880.0,167.7,989.9925,156.45,162.6749925,1118.3915021,1186.3,256.46,546.84998,1010.0,3575.0,726.626928,270.61846768,112.2,1141.05,2545.6499,1371.0,7193.7998,206.625
2023-02-17 09:15:00,1761.25120379,586.0,4668.9502,2845.8501,868.25,3920.0,647.57998,1427.2,98.650002,787.45001,1035.75,218.25,907.0,3297.0,52.200001,1662.156507,1121.7,834.075,514.54999,2539.1001,438.0,2506.79781686,867.54999,362.99091661,1143.9,1595.0,735.90002,,1791.4,2249.0,1372.55,8874.0,169.64999,978.75255,158.8,161.9249925,1110.99245125,1175.6,252.26,539.65002,996.5,3538.8999,725.93536292,267.11688506,113.1,1139.0,2545.8501,1378.9,7393.2998,204.0
2023-02-20 09:15:00,1634.3355885,581.65002,4649.9502,2852.0,861.20001,3934.95,644.35498,1425.8,96.75,793.79999,998.0,218.95,907.71,3335.0,55.049999,1643.730156,1134.7,834.725,522.75,2544.5,435.54999,2503.59817311,866.54999,365.77553984,1122.8,1603.0,733.0,,1768.05,2252.0,1354.95,8849.0,170.0,957.25,157.8,162.75,1112.01379263,1170.65,251.76,533.95001,991.65002,3522.0,720.64992508,268.83748121,112.7,1156.85,2507.25,1363.9,7492.0,203.899995
2023-02-21 09:15:00,1595.00484184,593.79999,4640.0,2838.7,849.0,3927.0,640.825,1409.4,96.199997,788.0,979.09998,219.2,900.86,3298.1001,56.150002,1652.295919,1122.05,831.175,514.79999,2545.0,438.29999,2504.53345359,859.45001,364.26523139,1112.15,1601.65,736.0,,1745.0,2262.0,1362.4,8720.0,174.25,946.69005,155.89999,164.0625,1110.6747006,1168.0,250.53,528.95001,990.79999,3508.8999,721.19328,268.77712106,114.2,1151.95,2485.95,1357.45,7485.0,204.0
2023-02-22 09:15:00,1513.094076,583.54999,4535.9502,2813.95,843.0,3890.25,636.0,1392.0,96.150002,781.65002,972.79999,215.85001,904.04,3270.1499,55.400002,1627.744051,1105.55,820.975,501.75,2534.6499,434.5,2484.44953588,854.09998,363.32129452,1096.95,1575.0,723.25,,1726.1,2241.0,1352.85,8719.0,173.2,944.14005,154.5,162.975,1103.048685,1148.95,244.26,521.90002,978.0,3447.0,725.145024,263.13231867,113.7,1134.25,2462.8,1352.45,7331.8501,200.175005
2023-02-23 09:15:00,1394.7623598,558.15002,4518.2998,2805.55,848.25,3872.75,626.24502,1365.95,95.699997,777.5,967.45001,215.95,903.0,3274.8501,56.0,1582.176182,1111.95,809.425,494.95001,2512.6001,438.5,2476.91796829,844.45001,371.91112954,1097.55,1569.85,714.29999,,1713.75,2208.2,1326.25,8747.4502,171.64999,941.2075,156.2,161.9249925,1087.04767013,1141.9,243.05,524.0,977.25,3452.3999,716.20421308,263.49455198,113.65,1149.5,2432.5,1345.0,7266.0,199.350005
2023-02-24 09:15:00,1384.0931067,565.90002,4486.0,2762.0,854.59998,3874.8999,628.6,1386.0,95.900002,775.79999,966.0,217.3,902.0,3249.8999,56.75,1588.152295,1104.5,808.95,490.0,2508.55,438.0,2472.34011491,845.59998,367.19144515,1089.65,1569.0,706.75,,1724.25,2172.3,1320.55,8740.0,171.2,942.45,155.35001,161.5499925,1087.68312603,1142.35,244.4,527.5,983.34998,3433.95,712.64761384,263.64548252,112.9,1141.0,2413.75,1341.95,7241.7998,198.25
2023-02-27 09:15:00,1274.29679298,571.95001,4494.75,2758.6499,858.45001,3799.95,624.1,1367.25,95.699997,754.40002,968.59998,218.0,898.22,3205.3999,54.75,1578.640314,1090.0,799.5,490.89999,2488.0,415.0,2448.46584999,858.29999,365.11477458,1089.85,1540.0,685.0,,1729.8,2139.8999,1285.4,8643.0498,173.5,942.25,156.05,164.9625,1084.73258428,1135.0,244.12,529.79999,972.54999,3390.0,711.807888,258.42327358,110.05,1118.25,2412.0,1307.3,7235.0,196.649995
2023-02-28 09:15:00,1355.9650758,614.45001,4473.3999,2839.0,857.59998,3743.0,624.66001,1371.9,96.150002,757.09998,945.90002,216.95,887.8,3181.0,54.400002,1578.142305,1096.9,802.65,491.70001,2472.0,413.89999,2436.01195045,858.0,362.70774499,1089.9,1524.0,683.95001,,1741.4,2138.3,1293.25,8709.0,173.0,936.25,155.45,167.25,1074.4511265,1134.9,242.53,528.45001,976.0,3392.0,709.091064,256.46117649,107.05,1135.5,2425.0,1307.65,7283.9502,196.600005
2023-03-01 09:15:00,1532.492718,616.0,4446.0,2853.3,868.75,3748.3501,620.39502,1360.0,97.099998,753.45001,910.25,219.0,871.43,3143.8999,55.349998,1591.638362,1104.0,806.5,490.85001,2443.95,414.89999,2431.7292519,864.0,359.07357857,1106.55,1500.85,678.79999,,1750.6,2130.0,1305.55,8776.25,173.05,941.02,155.10001,166.6875,1064.69164225,1126.65,246.29,537.40002,966.04999,3389.0,708.25133816,258.39309351,107.1,1129.0,2396.05,1309.9,7344.0,195.875
2023-03-02 09:15:00,1596.5082366,625.0,4450.2002,2849.0,866.79999,3757.3501,620.96001,1385.95,97.550003,751.79999,903.0,224.45,880.29,3158.95,55.200001,1595.622438,1117.0,802.975,491.25,2483.3,416.79999,2431.7292519,861.84998,358.46002904,1110.5,1488.6,683.70001,,1746.35,2149.0,1278.55,8771.0,172.2,940.0,155.05,165.75,1067.48326328,1123.0,244.98,539.90002,967.0,3369.8999,709.68380584,257.33657969,106.9,1124.0,2394.3,1306.8,7330.0,195.175005
2023-03-03 09:15:00,1848.642086,704.0,4445.0,2852.0,858.59998,3748.0,614.1,1364.45,97.699997,765.90002,892.0,226.45,889.39,3150.8999,55.400002,1605.532827,1129.7,810.0,492.54999,2478.8,419.35001,2451.32081827,873.0,363.79326296,1133.2,1489.8,686.0,,1765.0,2159.8999,1276.95,8629.0,175.0,930.7325,155.7,169.0875,1086.45756177,1132.7,245.8,564.29999,969.75,3358.0,704.645352,259.90239896,107.45,1119.6,2402.0,1312.85,7350.0,195.725005
2023-03-06 09:15:00,2070.8050335,722.75,4488.8999,2884.0,863.75,3774.0,618.3,1399.45,97.25,775.90002,885.54999,225.5,891.76,3169.1001,54.950001,1604.586609,1148.0,819.725,496.75,2491.75,422.20001,2460.13234182,876.84998,370.49522422,1140.0,1520.4,683.79999,,1764.6,2184.8501,1284.25,8663.0,177.5,927.70255,159.7,171.6,1100.59751109,1145.95,249.81,567.90002,979.5,3404.95,710.079,266.51316288,107.6,1096.0,2426.3999,1333.6,7255.5,198.324995
2023-03-08 09:15:00,2025.2182248,715.0,4441.2002,2870.0,862.5,3817.8,612.9,1383.8,96.400002,769.90002,883.79999,225.14999,888.8,3211.55,55.299999,1602.594571,1124.0,819.75,496.35001,2481.0,409.95001,2462.64263463,873.65002,371.10877375,1179.0,1496.0,677.0,,1744.3,2189.6001,1291.95,8712.0498,179.14999,928.69005,158.85001,171.2625075,1098.0554605,1141.3,258.98,565.5,965.0,3396.0,714.47532508,266.39241241,106.9,1088.4,2401.2,1348.0,7283.4502,196.5
2023-03-09 09:15:00,2006.64412208,716.59998,4538.25,2872.45,874.25,3838.75,604.0,1378.95,96.900002,795.0,896.84998,226.95,887.67,3219.95,56.349998,1602.345566,1126.7,822.975,496.60001,2491.05,418.5,2453.33915355,869.79999,371.53356423,1182.65,1498.35,691.95001,,1744.55,2199.0,1294.8,8737.0,182.2,928.95,159.14999,172.8375,1097.10216316,1134.7,262.94,565.75,959.40002,3385.0,714.12951784,266.87538412,108.95,1083.35,2407.95,1366.9,7301.25,196.925005
2023-03-10 09:15:00,1881.668274,701.75,4399.7002,2844.0,861.59998,3845.3999,588.73999,1342.0,95.5,778.95001,884.59998,225.3,882.61,3147.2,54.5,1600.353528,1118.15,806.875,491.14999,2443.8,409.5,2432.22150479,845.34998,368.32417884,1162.25,1474.3,681.34998,,1713.5,2182.0,1256.7,8628.0,181.0,926.5,156.7,171.1124925,1064.010748,1100.55,257.0,554.95001,957.5,3337.25,701.63215708,264.30956485,108.35,1062.95,2379.95,1345.45,7242.9502,194.949995
2023-03-13 09:15:00,1925.3152185,710.54999,4435.9502,2849.45,857.0,3838.0,594.75,1341.2,94.900002,777.79999,889.09998,225.75,883.19,3122.95,54.700001,1611.708145,1133.6,801.9,495.5,2441.8999,414.95001,2449.94260865,855.29999,368.98491578,1119.5,1478.3,691.45001,,1723.3,2178.95,1231.0,8637.2998,181.55,924.995,158.0,172.5375,1064.010748,1101.4,256.77,553.15002,959.90002,3369.8,698.76712292,263.82659314,109.0,1164.7,2376.95,1357.1,7258.0,196.300005
2023-03-14 09:15:00,1818.47719768,684.54999,4354.75,2786.95,835.70001,3794.45,585.0,1302.3,92.949997,776.75,883.70001,222.8,884.18,3050.0,52.5,1563.600427,1103.4,791.8,485.35001,2411.5,407.95001,2433.69826344,834.45001,364.78441556,1082.4,1448.35,682.79999,,1677.55,2171.0,1192.4,8544.9502,181.0,921.75,156.85001,170.8125,1046.28480103,1092.55,251.6,532.79999,963.75,3304.3999,691.5552,256.09895526,108.55,1138.25,2391.8501,1351.0,7115.0,193.574995
2023-03-15 09:15:00,1834.57807055,687.84998,4367.9502,2866.3501,843.5,3787.5,582.0,1309.7,94.25,765.54999,883.40002,223.2,885.0,3059.75,52.200001,1573.16221,1097.9,791.45,478.45001,2407.8501,412.75,2421.39194131,843.95001,362.75493239,1086.55,1442.85,684.79999,,1688.0,2212.45,1174.4,8704.9502,179.55,918.555,154.45,172.5375,1043.26616985,1081.4,250.81,532.0,964.90002,3260.3501,691.50581308,256.58192697,109.15,1132.2,2413.8501,1360.0,7188.0,191.850005
2023-03-16 09:15:00,1818.6226875,692.34998,4370.0,2900.0,837.90002,3811.0,575.5,1304.0,92.699997,759.0,890.0,222.45,886.0,3081.0,53.700001,1560.462967,1087.55,779.55,469.0,2394.0,400.85001,2431.04009786,831.29999,360.91427436,1041.95,1417.8,675.70001,,1678.85,2187.0,1175.25,8533.4004,180.0,925.0,153.39999,174.6749925,1023.157093,1088.55,252.17,529.34998,970.0,3219.8,688.04803708,252.65773279,107.25,1122.6,2482.0,1345.05,7149.7998,188.350005
2023-03-17 09:15:00,1861.15421009,691.75,4376.2002,2923.95,841.5,3827.95,581.675,1316.3,94.699997,759.45001,888.40002,225.95,892.63,3058.0,55.75,1586.010855,1117.1,789.6,477.29999,2375.55,398.04999,2444.72472806,838.40002,363.41569764,1038.6,1442.9,678.0,,1706.2,2228.8999,1186.25,8510.9502,181.7,943.75,154.89999,175.5,1022.22653752,1091.1,253.59,531.59998,968.70001,3221.3999,700.10086616,255.64616362,107.35,1132.5,2474.0,1359.85,7308.8999,189.175005
2023-03-20 09:15:00,1794.3258884,677.75,4353.8999,2915.0,841.0,3834.95,574.04502,1307.95,93.349998,759.79999,876.90002,221.60001,898.8,2989.8999,54.75,1592.634381,1108.3,784.05,471.39999,2356.45,394.04999,2477.65634762,837.79999,358.08246373,1020.0,1419.7,672.90002,,1702.95,2205.0,1179.15,8316.8496,177.55,949.5,154.14999,172.0499925,1007.72349,1089.95,254.98,526.59998,962.65002,3169.6499,698.223768,251.72196945,106.45,1136.8,2474.95,1366.0,7284.3999,187.975005
2023-03-21 09:15:00,1805.0436381,674.40002,4353.8999,2887.0,857.34998,3922.0,571.5,1271.5,93.449997,766.0,872.40002,218.95,896.0,2975.0,54.150002,1602.594571,1102.4,791.25,484.0,2356.3501,390.60001,2484.15418415,854.5,357.56327957,1029.95,1405.0,671.5,,1711.95,2227.0,1175.0,8275.0,177.55,962.95,153.75,170.775,1032.235683,1099.7,257.73,523.45001,965.0,3156.75,697.482816,249.88060472,105.4,1109.85,2521.55,1353.75,7360.0,185.125
2023-03-22 09:15:00,1794.374385,671.90002,4295.0,2853.1499,859.79999,3945.5,585.7,1314.95,93.949997,763.20001,866.0,216.89999,896.0,2968.8999,53.900002,1609.566704,1105.75,793.025,498.5,2369.25,396.75,2442.95251923,862.54999,357.61049529,1044.0,1407.25,671.25,,1713.2,2246.25,1180.5,8289.5996,177.8,950.45,152.8,168.525,1040.15675277,1127.65,252.96,527.0,974.40002,3143.5,707.55977308,252.59735454,105.95,1106.3,2524.0,1349.5,7449.1001,185.0
2023-03-23 09:15:00,1778.8554714,667.34998,4299.3501,2823.0,861.15002,3912.3999,590.0,1310.5,92.75,765.79999,870.90002,214.75,899.9,2950.0,53.200001,1613.55078,1080.4,795.175,505.0,2383.8501,400.64999,2461.31365029,867.45001,361.29183967,1046.2,1383.95,670.79999,,1700.0,2242.0,1175.0,8375.0,175.85001,958.495,153.14999,168.375,1030.37452666,1125.55,252.83,521.0,982.95001,3146.3501,705.33691708,255.07262151,105.5,1112.0,2528.0,1352.4,7465.0,182.449995
2023-03-24 09:15:00,1768.1862183,660.65002,4354.6499,2815.6499,852.5,3882.8999,582.975,1290.0,94.5,767.0,879.0,213.89999,899.6,2931.0,52.849998,1602.046761,1090.0,786.95,501.89999,2378.7,401.0,2459.19686443,860.0,361.52782389,1024.95,1398.95,671.15002,,1708.95,2219.3501,1170.55,8386.5,175.2,955.0,153.2,168.1875,1021.341375,1121.85,251.86,514.95001,979.0,3170.0,701.13818908,253.89535722,105.05,1118.0,2519.7,1345.0,7431.2002,183.425005
2023-03-27 09:15:00,1704.55867254,644.84998,4407.8999,2820.0,842.20001,3844.3,572.5,1251.6,93.75,769.70001,891.34998,210.2,905.73,2929.0,51.299999,1641.389511,1065.5,789.725,499.45001,2330.8999,396.60001,2466.18695385,856.40002,362.84932608,1020.95,1395.75,666.5,,1712.85,2190.0,1150.6,8316.7998,173.95,956.39005,152.45,169.6875,1023.157093,1116.6,246.6,514.15002,990.95001,3152.75,698.86594616,252.65773279,103.4,1113.65,2510.0,1342.85,7483.4502,182.0
2023-03-28 09:15:00,1680.8923293,627.79999,4343.5,2810.6001,837.40002,3833.8,562.43999,1247.85,92.5,765.59998,894.25,211.25,909.42,2894.8,50.549999,1635.164392,1063.8,791.45,498.5,2308.6001,399.79999,2474.55525289,858.90002,360.91427436,1038.4,1398.0,662.95001,,1709.8,2169.8,1149.0,8355.5996,173.0,950.99745,150.25,167.3250075,1024.29191675,1106.5,246.86,511.75,987.79999,3149.55,691.20944216,250.24284407,103.1,1104.6,2507.1499,1338.5,7511.8999,182.024995
2023-03-29 09:15:00,1703.2007676,642.54999,4380.0,2793.75,848.45001,3894.0,564.6,1252.0,92.050003,754.90002,896.59998,214.89999,915.0,2947.8,51.75,1631.329719,1070.0,801.0,498.0,2315.5,400.89999,2500.44775465,862.09998,362.47176077,1063.95,1389.9,685.45001,,1727.0,2159.3,1152.45,8319.0996,175.39999,956.25,150.85001,167.775,1018.9809416,1106.0,252.0,518.0,996.5,3150.0,694.519008,247.8883336,104.5,1087.4,2525.0,1341.0,7600.0,180.375
2023-03-31 09:15:00,1770.1260825,655.40002,4400.9502,2775.0,860.90002,3907.8501,569.4,1270.0,98.449997,753.0,902.70001,214.3,931.3,2963.3501,51.700001,1645.074781,1096.9,806.475,501.20001,2356.8999,410.29999,2528.65384496,881.0,362.94372921,1076.0,1429.95,692.5,,1740.65,2176.95,1163.0,8370.0,177.25,987.595,153.0,170.0625,1063.76108678,1112.95,256.38,524.90002,995.20001,3213.0,702.422496,254.61982988,105.5,1106.0,2536.75,1389.0,7644.2998,182.875
2023-04-03 09:15:00,1702.1823389,639.0,4343.9502,2781.6499,866.79999,3995.0,573.4,1286.55,99.0,761.90002,910.0,220.85001,936.4,3050.0,52.150002,1635.06479,1099.25,807.85,508.5,2434.5,406.89999,2530.1798289,887.09998,362.47176077,1081.15,1435.0,691.65002,,1752.2,2183.5,1180.0,8579.0,178.10001,989.5,157.85001,170.5125075,1066.2803955,1126.8,258.2,528.5,988.0,3224.95,709.832016,256.5517469,105.25,1105.0,2544.6499,1393.0,7737.0,184.199995
2023-04-05 09:15:00,1685.6934932,639.79999,4250.0,2811.55,871.0,4026.95,594.70498,1324.0,98.449997,768.0,897.34998,224.25,939.0,3009.0,52.900002,1657.923426,1113.0,828.0,511.95001,2441.55,404.60001,2548.44241093,887.75,365.3507588,1089.2,1427.5,690.0,,1759.7,2262.5,1173.3,8548.0,178.3,993.65,157.35001,169.9500075,1065.826466,1118.9,258.84,527.59998,999.0,3264.3501,719.61260216,258.84588515,105.0,1115.0,2581.5,1373.0,7699.6499,185.949995
2023-04-06 09:15:00,1739.71871117,651.34998,4225.0,2825.0,863.25,4065.0,595.9,1311.45,99.0,768.70001,899.75,223.14999,942.24,2970.0,52.450001,1667.335806,1109.05,834.6,516.90002,2438.2,406.5,2544.94741545,890.09998,368.41855365,1093.45,1428.4,688.0,,1761.45,2291.6499,1175.0,8535.0,176.60001,992.0,153.45,170.5499925,1068.550043,1120.0,261.4,533.70001,1014.0,3257.3501,722.62579708,265.21514812,105.1,1104.95,2584.0,1378.0,7730.0,185.225005
2023-04-10 09:15:00,1758.19591767,657.0,4243.6499,2810.0,854.95001,4072.0,596.98999,1317.25,100.55,776.29999,904.5,224.45,954.44,2987.0,54.200001,1707.276168,1105.0,835.5,520.29999,2467.8501,413.85001,2529.14609784,882.79999,368.13538203,1083.0,1434.0,693.25,,1768.0,2319.8999,1191.0,8555.7998,178.0,985.82245,157.5,172.0499925,1066.91585141,1119.45,261.4,530.40002,1016.95,3272.0,721.83545816,285.74170228,105.75,1111.75,2602.0,1373.2,7772.0,187.199995
2023-04-11 09:15:00,1774.0058109,660.25,4286.7998,2790.0,855.70001,4183.5498,588.0,1325.0,100.95,776.0,908.15002,224.3,961.18,3059.0,55.25,1714.696509,1109.9,834.7,522.79999,2478.8501,418.04999,2515.41224235,885.59998,375.78128017,1078.1,1433.35,715.0,,1859.0,2330.0,1204.2,8670.9502,179.75,984.75,159.3,174.0,1062.6489595,1131.85,262.0,535.70001,1022.25,3272.95,717.19214908,279.97616149,107.85,1117.0,2603.5,1370.9,7793.9502,187.425005
2023-04-12 09:15:00,1802.86129088,662.0,4328.9502,2806.2,856.65002,4307.3501,587.675,1329.0,101.1,774.54999,920.90002,228.0,983.92,3145.0,54.25,1734.367885,1097.45,844.1,518.45001,2485.0,422.39999,2516.39674812,892.0,375.49808023,1077.1,1431.5,722.5,,1850.95,2312.7,1212.95,8709.9502,178.3,984.75,159.05,173.6625,1074.8142701,1130.0,262.4,534.0,1020.2,3260.95,714.87046984,282.9042201,108.4,1113.5,2593.45,1367.0,7794.0,186.725005
2023-04-13 09:15:00,1828.3220085,664.90002,4481.1001,2813.3,867.70001,4305.9502,593.7,1346.0,101.8,771.15002,923.04999,229.64999,977.6,3231.45,54.150002,1712.206462,1089.0,848.525,533.5,2477.3,422.75,2522.64845821,901.65002,374.36537486,1114.5,1411.05,722.0,,1874.3,2295.0,1222.2,8704.0,176.10001,984.0,160.5,173.7374925,1073.9064111,1139.0,261.79,534.25,1023.85,3230.0,714.96929308,284.95686948,108.15,1100.25,2599.95,1384.0,7749.0,184.949995
2023-04-17 09:15:00,1847.62365729,666.70001,4448.3999,2845.6001,882.0,4311.0,599.8,1352.95,101.5,789.0,917.45001,229.95,984.59,3254.0,54.25,1721.618842,1055.0,860.0,542.5,2469.0,429.14999,2539.04038083,917.29999,379.46262455,1136.7,1261.15,723.65002,,1913.8,2273.8,1218.95,8850.0,173.95,1020.5,160.45,179.9249925,1100.75634103,1150.75,265.4,545.0,1009.9,3163.3999,710.572968,285.56059166,108.3,1038.0,2612.25,1368.0,7824.0,180.975005
2023-04-18 09:15:00,1845.53830327,671.40002,4384.1001,2858.45,872.0,4266.1001,599.4,1348.7,103.85,765.0,925.5,232.39999,983.6,3278.0,54.200001,1728.740377,1066.4,838.625,540.0,2474.95,433.0,2520.3347712,907.95001,379.46262455,1149.5,1269.95,725.0,,1904.6,2230.0,1217.9,8748.7998,170.75,1035.0,160.55,178.125,1078.9904215,1153.3,269.0,548.5,1006.25,3156.8501,711.21514616,291.80912227,107.9,1037.75,2607.6499,1373.4,7779.0,184.449995
2023-04-19 09:15:00,1821.24150417,665.0,4355.0,2852.7,874.5,4296.8999,596.0,1338.95,103.1,766.84998,925.95001,234.60001,988.0,3300.0,55.950001,1705.184528,1073.95,835.15,532.95001,2452.1001,437.35001,2508.52070196,896.90002,378.84907502,1145.9,1254.35,733.70001,,1888.35,2235.0,1217.95,8741.7998,169.95,1033.1825,160.45,173.5499925,1070.32032266,1145.25,273.98,547.5,1009.4,3140.0,700.34785016,287.06989711,110.4,1029.0,2595.95,1370.95,7634.0,183.949995
2023-04-20 09:15:00,1822.40542269,678.5,4358.8501,2851.0,875.59998,4330.5,596.59502,1341.35,103.3,773.75,913.70001,231.5,983.2,3308.7,54.400002,1691.539068,1047.2,838.725,531.59998,2462.25,435.70001,2493.1623135,899.29999,380.07617408,1131.55,1237.85,727.0,,1903.4,2251.45,1224.9,8739.9004,170.2,1036.03495,160.10001,174.6749925,1070.8196905,1131.8,274.71,545.45001,1002.1,3113.0,695.90213816,289.60553631,108.7,1023.8,2619.0,1398.5,7600.0,181.850005
2023-04-21 09:15:00,1797.52666433,670.59998,4428.0,2887.0,873.84998,4337.0,594.5,1338.0,103.5,775.25,918.54999,230.45,975.8,3259.95,56.75,1685.264148,1074.0,838.475,541.25,2476.3999,430.85001,2470.61722982,900.70001,386.07018269,1135.75,1233.25,719.0,,1903.65,2243.0,1221.95,8704.0,169.95,1029.35,159.85001,174.2625075,1071.7275495,1136.6,272.35,546.40002,994.29999,3164.45,696.49488,287.79436977,108.1,1019.6,2594.55,1405.8,7517.4502,184.350005
2023-04-24 09:15:00,1762.75459854,672.75,4462.2002,2898.0,884.40002,4354.9502,596.47002,1322.9,103.2,767.40002,917.20001,232.0,970.8,3217.45,56.400002,1686.509172,1058.9,845.725,555.54999,2524.0,428.95001,2466.08840482,906.5,387.01411957,1141.0,1230.0,723.90002,,1902.0,2232.7,1217.1,8577.0,171.25,1035.45,160.75,174.225,1080.76070116,1113.65,282.36,555.54999,982.5,3180.95,726.13296,287.3717582,106.7,1007.45,2636.3999,1396.05,7458.0,189.300005
2023-04-25 09:15:00,1856.20755638,682.5,4446.25,2901.75,895.79999,4375.0,609.27002,1352.0,102.0,777.0,912.0,232.3,968.23,3246.5,60.599998,1696.668566,1058.8,843.85,546.84998,2534.0,431.70001,2461.01829856,916.0,390.36508604,1127.6,1235.5,730.59998,,1907.0,2254.0,1215.0,8525.0,172.45,1046.43,161.8,175.4249925,1080.62461309,1122.15,293.86,567.90002,982.90002,3191.2,729.096768,287.61324104,107.6,1006.1,2637.0,1388.0,7507.4502,189.449995
2023-04-26 09:15:00,1817.6527554,671.59998,4488.7002,2916.45,889.45001,4362.6499,611.97998,1349.5,101.9,779.90002,914.20001,230.64999,974.85,3280.0,59.0,1698.212395,1067.0,837.5,536.90002,2524.0,427.0,2478.98552886,916.95001,389.8459302,1139.8,1233.0,724.65002,,1894.4,2287.3,1217.25,8550.0,171.7,1054.45,161.60001,179.625,1083.12122534,1122.0,287.97,567.0,976.79999,3208.3999,739.964064,289.48478584,107.05,1002.5,2647.6499,1388.7,7480.0,188.824995
2023-04-27 09:15:00,1808.8748699,668.20001,4438.5,2920.0,890.0,4422.5498,625.44502,1374.0,102.1,789.20001,917.29999,232.5,987.8,3270.3999,61.150002,1698.859807,1075.0,842.625,530.09998,2526.8501,431.45001,2482.92355194,919.90002,393.99924302,1148.45,1247.8,734.75,,1913.0,2310.0,1225.0,8570.0,171.35001,1059.99745,160.89999,178.725,1082.167928,1145.0,282.4,567.40002,981.59998,3199.2,746.138664,290.99409129,107.85,1008.65,2674.0,1387.0,7508.0,188.300005
2023-04-28 09:15:00,1885.5480024,683.0,4529.0,2919.95,890.04999,4439.7002,629.6,1368.95,103.45,802.04999,919.0,234.75,987.0,3305.0,66.0,1718.082974,1068.75,845.5,531.0,2567.0,437.0,2429.56333921,920.45001,404.24096758,1157.55,1259.0,736.0,,1943.3,2369.0,1228.75,8612.4502,172.5,1092.48,159.8,178.4625,1100.27966966,1148.0,273.0,580.45001,992.5,3227.25,755.77104,294.61642438,108.5,1026.7,2679.3,1375.0,7579.0,194.0
2023-05-02 09:15:00,1906.8865086,685.90002,4573.2998,2933.7,876.40002,4506.5,633.46499,1370.9,105.1,806.79999,921.0,237.45,991.79,3383.8,65.650002,1736.857932,1074.8,849.5,545.84998,2539.95,449.89999,2439.60529806,925.79999,403.06104648,1161.85,1279.75,746.5,,1937.45,2416.3501,1240.8,8827.0,176.0,1104.95,164.8,180.8624925,1110.2207711,1158.25,270.66,580.84998,988.90002,3235.0,773.60327492,292.20153565,110.85,1065.8,2674.0,1439.0,7582.0,196.074995
2023-05-03 09:15:00,1881.668274,684.84998,4524.4502,2962.3999,866.84998,4489.9502,625.5,1350.95,106.55,794.5,924.5,238.95,992.0,3367.8999,64.949997,1731.728434,1064.0,848.0,547.84998,2518.0,443.89999,2451.4193673,923.84998,404.47695179,1159.9,1272.5,735.5,,1933.85,2390.0,1242.0,8828.0,178.64999,1097.2925,163.35001,181.5,1109.8576275,1150.1,267.14,575.0,972.40002,3216.0,777.35742184,292.86563609,111.0,1050.75,2679.5,1414.0,7542.0,194.175005
2023-05-04 09:15:00,1876.8186135,682.0,4569.8999,2986.1499,867.15002,4470.0,639.9,1378.3,108.25,792.70001,935.40002,238.0,995.0,3382.45,66.599998,1755.981497,1067.95,867.225,549.75,2532.75,446.45001,2470.4696524,923.90002,403.06104648,1151.0,1275.8,742.0,,1951.1,2381.6499,1238.05,8822.9502,177.45,1099.74745,161.2,180.525,1113.42101947,1169.9,266.2,580.79999,975.90002,3224.45,773.20813016,293.65046285,111.9,1047.05,2694.25,1407.65,7529.0,193.074995
2023-05-05 09:15:00,1896.2172555,693.59998,4630.0,3025.0,885.0,4504.2998,644.8,1394.0,107.95,790.95001,935.20001,238.0,997.8,3392.05,66.699997,1760.164777,1069.95,830.475,548.75,2562.0,443.5,2480.9545404,942.45001,407.68632774,1154.95,1279.0,741.65002,,1974.0,2406.95,1242.35,8988.0,176.39999,1103.93495,161.95,181.125,1117.27942022,1183.25,269.47,588.25,977.25,3244.0,772.76354908,292.62414722,110.85,1050.7,2766.0,1427.45,7668.8999,192.199995
2023-05-08 09:15:00,1868.96216349,690.65002,4660.0,3035.7,881.40002,4558.0,669.51001,1410.8,107.5,795.29999,934.90002,233.39999,993.34,3407.3999,66.199997,1777.893915,1077.5,825.175,551.0,2592.0,446.89999,2487.69850338,941.70001,409.14944878,1134.65,1270.3,741.0,,1968.5,2385.0,1239.85,9120.9502,177.55,1115.0,165.35001,184.6875,1127.40195728,1185.7,271.0,587.59998,969.0,3254.8501,780.27184292,303.24964553,109.85,1047.0,2770.0,1429.9,7754.0,191.5
2023-05-09 09:15:00,1871.968953,695.90002,4647.8999,3074.8,890.20001,4577.0,673.98501,1446.7,108.15,798.34998,943.0,238.8,987.98,3410.0,64.699997,1781.130977,1082.6,828.0,557.45001,2604.0,446.70001,2485.87706925,945.0,408.86624883,1149.9,1272.0,740.5,,1970.0,2401.8999,1250.0,9140.0,178.64999,1107.24745,166.5,185.1749925,1128.8318806,1189.95,280.0,586.45001,966.84998,3298.0,782.64290908,309.58872843,111.2,1051.45,2790.0,1448.0,7823.0,191.725005
2023-05-10 09:15:00,1857.32297829,692.40002,4634.0,3057.0,892.5,4576.5,666.5,1420.85,108.6,797.54999,946.70001,237.25,992.97,3422.8,62.900002,1772.266408,1088.8,827.325,563.5,2604.1499,442.85001,2495.72212695,941.0,402.44749695,1175.8,1276.4,729.59998,,1964.0,2388.95,1255.8,9180.0,177.35001,1106.495,167.64999,185.9625,1134.75570597,1195.0,272.2,575.0,959.95001,3306.5,782.445312,309.64911876,110.0,1051.0,2767.7,1454.4,7775.0,192.274995
2023-05-11 09:15:00,1953.20076637,714.0,4645.0,3156.1499,900.0,4594.0,668.0,1427.75,109.0,794.54999,947.0,238.14999,940.0,3424.8501,63.5,1776.897896,1092.6,844.0,569.40002,2604.0,434.0,2558.73049623,947.0,403.43861179,1200.0,1275.9,729.40002,,1980.0,2314.05,1260.85,9315.0,180.0,1111.75,168.64999,186.9,1139.13608025,1195.8,273.98,580.0,963.90002,3309.7,781.951344,310.40377149,109.5,1058.8,2765.0,1475.0,7855.7998,193.425005
2023-05-12 09:15:00,1949.563521,712.0,4640.0,3179.75,913.59998,4628.8501,673.36499,1428.0,108.65,793.70001,953.0,237.25,908.99,3647.5,63.650002,1765.941687,1103.4,836.4,569.0,2614.0,419.0,2599.0952328,948.0,399.00212735,1214.0,1256.0,708.90002,,1968.0,2235.0,1278.8,9329.7998,179.25,1103.47,169.0,187.2000075,1129.10419291,1193.95,274.93,580.75,963.09998,3290.0,785.656104,314.23739526,108.4,1053.5,2784.5,1490.0,7920.0,192.625
2023-05-15 09:15:00,1905.62559687,701.70001,4689.0,3168.0,919.5,4608.5,675.0,1430.0,108.6,802.5,940.0,239.60001,906.42,3705.0,64.099998,1754.736473,1105.95,840.375,563.04999,2720.0,412.85001,2629.36878523,949.0,404.66574861,1222.65,1268.9,710.5,,1977.0,2260.0,1287.75,9307.5,176.75,1100.995,166.60001,184.2374925,1136.88912923,1194.5,273.52,584.0,955.75,3292.0,781.85257016,324.28938165,108.2,1069.9,2802.1001,1518.35,7775.0,193.5
2023-05-16 09:15:00,1876.8186135,698.79999,4642.25,3165.7,922.5,4595.0,684.9,1438.0,109.1,801.25,942.65002,241.7,909.58,3685.0,65.0,1738.102956,1105.3,835.9,563.5,2717.55,417.70001,2636.90015592,952.20001,405.89285711,1226.1,1273.95,711.04999,,1978.0,2255.0,1291.7,9229.2998,178.0,1099.45,168.5,183.4125,1134.64222359,1201.8,272.06,590.40002,962.54999,3285.0,780.17306908,323.564909,108.65,1071.8,2800.8,1529.0,7805.3501,194.399995
2023-05-17 09:15:00,1862.2211354,691.95001,4599.6001,3147.95,918.90002,4600.0,681.04502,1430.4,109.75,797.65002,932.0,243.7,909.01,3636.3,64.050003,1731.828036,1093.95,825.0,562.75,2766.3999,413.39999,2632.56842898,948.40002,404.90173283,1248.0,1260.95,701.34998,,1950.9,2244.0,1271.7,9132.0,177.85001,1094.56505,168.0,181.4249925,1118.9362175,1184.95,270.12,590.5,945.29999,3280.0,777.11043784,316.32024282,107.5,1066.4,2790.0,1513.15,7759.9502,193.675005
2023-05-18 09:15:00,1866.1493604,689.70001,4529.8999,3125.0,929.5,4572.4502,683.06499,1430.0,109.25,803.0,929.65002,242.89999,900.44,3649.95,64.599998,1726.100927,1085.0,826.975,568.79999,2759.1499,413.39999,2627.84280128,952.25,408.2055119,1248.0,1259.65,709.5,,1933.65,2233.55,1269.95,9150.0,177.7,1097.5,168.45,180.75,1115.3047815,1172.85,271.4,593.90002,943.0,3228.95,776.517696,314.47889621,107.15,1059.95,2782.0,1517.75,7767.8501,192.675005
2023-05-19 09:15:00,1923.3753543,694.15002,4465.0,3127.95,927.0,4550.1499,682.0,1422.7,107.85,808.34998,922.0,241.60001,888.0,3579.0,65.0,1717.086955,1104.0,825.0,564.90002,2744.05,408.39999,2607.95578473,956.0,399.3797021,1251.0,1273.3,696.59998,,1946.85,2199.05,1262.45,9118.2002,175.35001,1090.0,166.75,178.125,1110.28886052,1157.7,271.38,586.25,934.40002,3234.5,762.58781816,317.79936821,105.7,1078.75,2719.95,1498.6,7689.1499,194.100005
2023-05-22 09:15:00,2276.4306387,753.40002,4625.0,3105.6001,927.75,4566.6499,681.8,1418.7,111.3,804.0,931.04999,241.2,893.97,3576.8,66.849998,1720.025211,1121.9,826.45,569.20001,2722.0,409.0,2614.30584695,954.25,401.88112538,1251.0,1295.6,707.79999,,1952.5,2222.0,1269.45,9169.7002,177.05,1084.95,166.39999,179.25,1119.390147,1159.9,267.58,580.29999,942.75,3308.45,758.734848,318.16158944,105.25,1110.45,2734.0,1507.2,7738.0,198.300005
2023-05-23 09:15:00,2676.47913335,785.65002,4617.0498,3127.95,922.5,4553.3999,687.39502,1447.8,111.05,808.95001,932.29999,240.2,899.93,3607.7,64.0,1713.600889,1131.35,824.8,573.75,2718.1499,413.79999,2608.74338935,958.84998,407.0255908,1266.9,1314.15,711.90002,,1940.2,2228.6001,1270.75,9235.0,175.64999,1080.5,167.05,177.4125,1120.298006,1167.85,276.07,583.70001,956.20001,3327.95,762.24201092,320.57647816,106.05,1119.2,2726.3999,1511.95,7752.3999,201.050005
2023-05-24 09:15:00,2667.313275,739.0,4607.0,3133.1499,920.84998,4552.2002,684.85498,1447.0,109.3,802.90002,939.90002,241.5,904.8,3624.0,64.699997,1702.69448,1115.0,817.375,571.95001,2744.75,410.5,2597.12622126,953.84998,410.37655728,1275.9,1305.0,706.54999,,1940.0,2208.5,1278.0,9318.2002,175.3,1074.9,166.45,178.3875075,1118.482288,1177.15,278.0,585.25,954.79999,3317.2,765.25520584,319.76146529,105.8,1103.35,2722.0,1505.05,7683.9502,200.225005
2023-05-25 09:15:00,2481.86225748,727.0,4597.9502,3129.0,923.54999,4651.3999,684.8,1429.65,110.75,825.5,947.0,242.2,906.78,3682.25,68.199997,1705.134727,1118.25,810.025,573.70001,2759.0,405.75,2585.45972943,941.59998,417.64488067,1271.9,1307.0,702.65002,,1933.55,2207.3,1280.8,9293.4004,175.55,1081.6,167.39999,180.225,1111.6733455,1182.0,277.6,582.90002,951.70001,3306.0,773.01053308,312.72808981,105.2,1100.0,2720.0,1519.9,7668.1001,199.5
2023-05-26 09:15:00,2521.7749634,730.34998,4620.0,3136.95,927.90002,4664.5498,692.0,1446.3,111.0,829.34998,952.75,242.45,907.8,3697.5,68.25,1711.011239,1140.35,809.5,578.84998,2749.8999,415.29999,2615.53647916,952.45001,419.81592605,1272.45,1323.45,705.45001,,1949.95,2220.75,1292.8,9415.0,177.25,1081.45,167.39999,178.4249925,1138.9091155,1203.7,277.23,587.75,976.70001,3338.6499,781.457376,313.78460363,106.75,1120.4,2759.7,1533.65,7750.0,201.274995
2023-05-29 09:15:00,2505.81958035,740.0,4665.0,3155.0,937.70001,4663.1499,697.18999,1468.5,111.8,829.40002,959.20001,247.64999,913.8,3718.2,68.400002,1708.521192,1147.95,820.5,588.45001,2794.8,425.0,2638.032436,957.59998,426.47067159,1295.0,1332.7,708.95001,,1973.3,2241.8,1350.0,9488.7998,177.8,1092.5,160.25,178.7625075,1148.441635,1231.9,284.68,596.40002,973.25,3372.0,787.384992,317.01450522,108.85,1128.05,2821.8,1544.5,7857.7002,203.0
2023-05-30 09:15:00,2477.35197622,742.34998,4795.0,3155.0,939.70001,4635.3501,701.875,1467.2,112.6,826.34998,961.5,247.14999,911.25,3722.8,68.300003,1725.553117,1144.0,821.325,589.0,2795.0,421.5,2623.70787705,952.29999,426.14031256,1296.15,1326.4,717.90002,,1979.1,2237.0,1335.3,9402.9004,178.0,1086.43,161.7,176.9249925,1151.93689215,1217.8,284.24,595.5,967.45001,3326.95,787.384992,316.04856181,108.95,1120.8,2841.8999,1561.9,7970.0,201.925005
2023-05-31 09:15:00,2495.6352933,749.0,4731.0,3219.3501,939.90002,4628.9502,702.6,1465.0,112.45,888.75,965.0,247.89999,905.93,3727.0,70.0,1726.598936,1153.35,817.475,603.70001,2787.0,410.70001,2638.4754636,952.0,426.6594684,1297.4,1331.1,704.95001,,2064.3999,2224.0,1328.25,9449.9502,177.0,1092.9175,159.39999,176.4,1139.29500097,1239.65,283.98,584.79999,979.29999,3327.7,790.3488,318.46345053,106.95,1127.45,2832.1001,1595.0,7927.4502,202.399995
2023-06-01 09:15:00,2483.026176,744.95001,4847.0,3249.8999,930.95001,4669.7998,705.72998,1459.0,113.45,837.95001,966.5,231.89999,911.99,3733.0,68.800003,1713.15268,1155.15,809.95,594.45001,2812.6499,414.39999,2688.93138431,954.25,421.93978402,1298.0,1329.5,701.90002,,1979.15,2222.0,1337.7,9377.5498,174.7,1096.24745,156.0,175.5750075,1127.96936916,1243.0,283.7,586.40002,990.45001,3340.0,791.78131708,323.74601961,106.7,1136.7,2837.6499,1573.05,7898.7998,204.0
2023-06-02 09:15:00,2462.5605117,744.0,5002.2002,3249.95,930.5,4707.0,710.0,1466.9,113.5,839.29999,969.65002,233.39999,924.0,3748.0,73.199997,1712.156661,1151.1,807.4,586.0,2912.6499,421.89999,2695.77369941,944.65002,419.95750714,1292.95,1312.9,709.04999,,1951.35,2237.3,1345.0,9525.1504,175.89999,1104.75,155.0,176.3250075,1127.03890447,1216.2,284.84,588.90002,1003.7,3335.8999,790.20058984,326.76463052,108.3,1139.2,2871.0,1603.2,7947.4502,204.899995
2023-06-05 09:15:00,2438.4092994,744.0,5009.2002,3239.95,953.90002,4716.9502,709.16001,1469.5,118.65,841.34998,976.90002,231.2,930.4,3717.5,72.150002,1737.555146,1148.5,808.25,580.95001,2919.8,426.0,2679.82470594,951.79999,421.79820293,1306.45,1309.45,714.0,,1951.5,2272.8,1401.0,9640.0,176.2,1106.48495,156.0,178.5,1127.44739563,1219.0,285.43,589.79999,1017.7,3327.0,790.79338108,331.32272695,109.9,1134.55,2875.0,1610.0,7925.0,204.875
2023-06-06 09:15:00,2431.5712781,747.0,4969.4502,3238.8999,970.75,4744.9502,713.2,1478.9,118.5,838.25,974.95001,230.64999,928.0,3722.0,73.150002,1767.933725,1132.3,804.925,582.75,2912.0,422.0,2665.94307613,947.79999,418.73040808,1315.9,1288.6,717.5,,1966.4,2280.7,1414.9,9770.0,175.75,1096.57755,155.89999,177.75,1129.24041715,1225.0,283.95,588.90002,1015.95,3288.8501,786.34766908,336.27325487,109.85,1102.0,2893.0,1607.5,8120.0,201.675005
2023-06-07 09:15:00,2392.77399409,751.0,5040.0,3229.25,981.25,4787.8999,714.1,1483.2,119.0,847.5,977.90002,231.5,935.6,3740.0,75.0,1765.344076,1133.8,806.275,595.5,2979.0,423.70001,2684.74723479,945.84998,420.6654598,1312.75,1294.0,732.20001,,1972.0,2318.0,1422.8,9800.0,178.0,1121.2375,154.5,180.0375,1134.82375,1248.0,285.2,590.59998,1017.5,3278.8501,814.059264,347.14025413,111.75,1099.0,2910.0,1612.0,8171.8999,201.800005
2023-06-08 09:15:00,2401.4547894,749.0,5028.5498,3247.0,974.84998,4829.8999,711.1,1485.0,118.7,849.40002,969.84998,231.39999,938.6,3727.1001,76.349998,1769.079147,1131.25,813.0,597.40002,3026.0,425.70001,2679.38167834,950.5,420.75986292,1323.9,1292.0,764.45001,,1936.9,2345.05,1415.55,9765.0,184.35001,1128.87755,156.64999,184.0875,1142.47250747,1254.75,289.8,593.95001,1016.0,3270.0,814.84960292,348.07601748,113.0,1101.5,2921.8501,1616.7,8213.9502,202.375
2023-06-09 09:15:00,2384.9659437,742.0,4965.8501,3238.8999,981.70001,4821.7998,708.25,1476.0,121.45,839.79999,971.0,229.45,941.0,3667.2,78.0,1730.881818,1131.0,809.25,593.70001,3025.0,421.85001,2647.28679024,944.0,419.76873864,1336.4,1282.5,756.95001,,1897.7,2368.8501,1387.0,9713.9004,184.25,1114.0,156.89999,184.125,1138.70484723,1253.6,287.76,589.09998,990.70001,3250.0,802.05582184,341.97843552,111.65,1079.0,2919.95,1620.1,8217.7002,200.175005
2023-06-12 09:15:00,2429.6799105,746.54999,4995.0,3202.3501,977.90002,4790.0,711.0,1473.0,123.9,843.09998,973.25,229.25,939.0,3616.5,80.300003,1728.292169,1140.95,807.9,591.0,2938.25,421.0,2615.83183089,943.5,416.22897535,1336.95,1295.7,757.95001,,1884.0,2370.0,1384.8,9700.0,186.45,1117.45,155.25,184.8375,1129.9213114,1256.3,292.25,581.5,989.90002,3254.3999,798.10407784,343.4575609,110.6,1079.0,2885.45,1609.0,8205.0,199.899995
2023-06-13 09:15:00,2429.6799105,742.40002,4990.0,3272.0,989.70001,4795.0,720.0,1492.0,122.45,844.0,983.84998,230.3,945.76,3640.75,78.800003,1740.045193,1144.95,804.5,587.0,2955.8999,424.0,2655.21206169,946.25,421.37341245,1342.9,1306.5,762.59998,,1883.0,2357.8999,1388.5,9618.0498,186.64999,1133.9,156.2,182.5875,1145.46839678,1248.8,292.2,581.40002,996.0,3265.0,811.19422984,344.75554548,111.85,1087.9,2918.0,1694.75,8318.2998,199.25
2023-06-14 09:15:00,2410.08728208,742.75,5022.5498,3289.8999,988.20001,4768.4502,718.2,1491.9,123.15,833.95001,981.90002,229.89999,945.91,3642.3,78.449997,1777.694711,1138.4,806.0,589.45001,2967.55,430.0,2660.23313957,946.95001,422.64773668,1336.25,1306.7,779.0,,1867.95,2360.0,1381.0,9599.0,188.39999,1137.55,158.39999,185.4,1159.7898725,1254.95,290.0,578.54999,995.0,3255.8501,854.56464,344.84611588,114.0,1084.95,2928.2,1730.0,8366.9502,198.574995
2023-06-15 09:15:00,2451.0184167,748.70001,5259.7998,3304.0,989.0,4764.6499,714.17002,1482.0,122.75,833.79999,1000.0,229.64999,971.0,3608.8,76.099998,1792.734598,1147.0,802.975,585.04999,2961.3999,425.64999,2675.39442997,942.95001,423.59167355,1319.95,1293.95,778.0,,1869.0,2369.5,1407.2,9697.7998,187.3,1150.0,157.89999,185.2125,1163.21704023,1250.6,284.0,576.70001,994.79999,3247.45,861.87538616,347.14025413,114.2,1083.5,2924.6499,1716.25,8428.0,198.725005
2023-06-16 09:15:00,2450.9213265,749.70001,5294.0,3322.0,985.45001,4714.75,721.86001,1515.0,127.25,840.0,1007.15,229.7,988.0,3563.8999,76.0,1782.625005,1154.25,804.6,615.0,2844.8999,431.45001,2681.79371748,937.75,430.0576506,1318.6,1301.5,781.79999,,1861.65,2380.0,1409.8,9643.4004,188.7,1158.7625,158.64999,185.5125075,1172.22749541,1291.95,282.2,574.70001,994.65002,3199.3999,859.94890108,345.44983806,114.8,1086.95,2960.0,1719.5,8432.1504,194.324995
2023-06-19 09:15:00,2445.78088035,749.90002,5261.9502,3344.95,986.0,4655.0,739.88501,1553.3,126.35,840.0,1017.55,228.8,1004.8,3569.1499,77.0,1787.405896,1153.9,807.125,629.0,2827.7,432.0,2669.38884633,933.95001,430.34081278,1317.25,1299.5,782.0,,1868.45,2419.8999,1415.35,9642.1504,188.2,1157.5,158.45,186.225,1172.953828,1288.15,300.18,572.75,1006.7,3214.8999,859.50432,346.05356024,115.6,1095.8,3024.3999,1723.55,8415.5996,191.0
2023-06-20 09:15:00,2361.7846635,742.0,5197.8999,3326.8501,977.0,4670.0,737.61499,1543.2,126.75,833.70001,1018.8,227.75,985.35,3570.0,76.400002,1765.692682,1170.75,805.5,644.84998,2809.6001,433.25,2638.86916746,928.54999,429.30248222,1315.4,1305.0,786.5,,1847.0,2389.6499,1409.9,9538.9004,188.0,1149.99745,157.8,187.275,1163.875238,1306.8,314.54,569.45001,1007.75,3232.5,856.540512,352.54357369,115.25,1110.95,2986.3501,1725.0,8291.4004,192.475005
2023-06-21 09:15:00,2366.634324,753.25,5173.0,3333.0,978.29999,4703.6499,728.58999,1535.0,126.3,840.75,1013.45,228.8,990.0,3585.55,77.349998,1772.91382,1175.7,818.625,659.95001,2830.0,429.70001,2664.90954198,928.40002,428.73613897,1307.5,1303.8,774.0,,1849.75,2412.0,1403.4,9537.0,188.7,1153.48495,160.55,194.2874925,1166.53077097,1306.3,358.71,569.5,993.84998,3261.3999,866.61746908,353.72083798,114.9,1120.75,2985.0,1723.95,8352.6504,193.625
2023-06-22 09:15:00,2376.2851484,758.0,5155.0,3326.8501,973.45001,4669.0,720.41499,1527.2,127.35,843.5,1007.0,229.60001,985.39,3630.0,75.849998,1782.87401,1170.45,828.775,655.79999,2862.0,425.39999,2636.50645206,935.54999,424.4412073,1289.05,1289.4,763.75,,1847.3,2424.0,1392.0,9494.3496,187.95,1144.5375,160.95,193.5,1168.09678235,1306.0,353.0,569.0,996.20001,3267.6499,851.600832,352.99636533,112.2,1126.25,2984.75,1719.5,8279.0,193.0
2023-06-23 09:15:00,2320.36856283,741.0,5084.3999,3304.1499,965.5,4655.0,705.5,1519.7,123.9,862.75,999.95001,227.55,1003.0,3564.7,75.300003,1742.983449,1170.55,829.95,643.0,2839.75,416.95001,2619.32682637,931.90002,422.55333355,1318.0,1279.35,758.70001,,1845.55,2427.0,1379.6,9427.0,187.5,1130.99745,159.0,190.9874925,1149.98494991,1274.9,341.71,562.09998,995.95001,3249.3999,835.99145308,344.81593581,110.75,1118.0,2981.0,1743.9,8165.0498,191.5
2023-06-26 09:15:00,2266.19785505,726.29999,5055.0,3315.3501,963.5,4657.9502,703.5,1510.85,122.55,857.34998,1025.0,226.45,1014.8,3572.3,75.25,1724.15869,1175.95,825.375,632.34998,2859.0,416.0,2632.76533013,931.79999,426.09309684,1326.6,1274.0,751.34998,,1831.95,2403.8501,1404.9,9520.0,187.39999,1135.0,158.25,187.6875,1141.81421891,1276.2,342.69,558.5,1003.8,3213.8999,855.552576,343.51792105,110.2,1126.0,2981.0,1761.8,8270.0,190.949995
2023-06-27 09:15:00,2273.37544958,730.45001,5150.0,3344.5,976.0,4678.6499,703.0,1527.35,122.6,871.34998,1026.1,226.8,1017.31,3582.2,76.949997,1729.586993,1174.45,836.45,674.0,2866.8999,419.29999,2620.36065588,939.95001,422.12858083,1320.95,1282.0,765.0,,1847.0,2396.95,1417.0,9500.0,186.95,1143.5,158.85001,187.5375,1139.13608025,1290.0,345.71,567.95001,1003.35,3209.6499,857.62722184,348.28733835,111.5,1121.0,2989.2,1766.0,8229.0996,192.125
2023-06-28 09:15:00,2345.87787405,759.0,5175.9502,3355.25,984.0,4740.0,712.5,1535.0,122.4,873.59998,1018.5,227.64999,1023.88,3569.8999,77.0,1747.714539,1173.95,839.95,671.95001,2861.3501,421.54999,2645.9578059,944.0,425.33796622,1346.95,1296.7,791.45001,,1848.1,2432.8999,1413.75,9575.0,190.60001,1140.0,160.14999,189.375,1152.00502697,1312.6,343.67,574.0,1025.55,3230.95,849.62496,356.19608685,112.05,1126.95,3044.3999,1773.2,8318.7998,191.875
2023-06-30 09:15:00,2364.64596319,759.90002,5148.9502,3449.6001,989.84998,4735.0,719.5,1536.6,126.7,883.0,1021.45,231.35001,1034.99,3600.0,75.449997,1750.951601,1194.0,854.4,657.5,2920.0,422.64999,2644.28394919,942.20001,426.612281,1382.25,1338.9,789.0,,1850.55,2483.5,1461.0,9853.5,191.64999,1147.3125,161.0,194.7750075,1160.53881078,1315.45,353.39,574.0,1055.0,3310.0,853.13212292,361.62958648,112.2,1132.5,3067.95,1783.95,8319.0,194.875
2023-07-03 09:15:00,2345.15042498,747.45001,5142.5,3379.95,990.0,4688.0,735.5,1544.5,126.0,884.15002,1029.9,233.75,1035.8,3666.0,77.25,1790.842162,1195.0,878.75,657.0,2911.8501,428.75,2663.92503621,945.75,439.82739728,1387.0,1346.0,808.29999,,1859.0,2492.3999,1498.05,9785.8496,192.60001,1147.5,163.25,191.2125,1190.203149,1312.0,355.58,586.34998,1053.65,3318.8,856.49112508,363.62186364,114.25,1136.9,3054.0,1780.0,8499.0,196.949995
2023-07-04 09:15:00,2341.4160894,751.0,5124.7002,3387.0,984.84998,4674.7998,792.0,1634.95,124.2,873.79999,1016.0,232.8,1040.95,3558.8501,76.199997,1797.814295,1193.0,873.5,657.25,3039.8999,428.95001,2664.76176766,951.29999,441.76245844,1394.0,1346.0,802.75,,1868.35,2484.3999,1487.0,9716.5,194.8,1142.25,162.89999,189.375,1191.5649375,1320.05,358.64,595.95001,1053.9,3315.0,851.30446108,360.05992088,113.4,1156.0,3090.0,1791.95,8498.0,198.675005
2023-07-05 09:15:00,2339.52472181,746.90002,5148.5,3400.0,975.5,4900.0,799.98999,1642.0,123.75,871.0,1018.8,232.85001,1040.36,3423.3999,75.099998,1777.196702,1202.6,860.0,675.95001,3172.0,427.39999,2716.64512329,964.75,453.70325049,1413.1,1357.95,803.59998,,1867.8,2484.95,1478.0,10036.95,194.75,1147.2,164.39999,190.4625,1184.3020655,1316.7,365.6,593.70001,1057.7,3329.0,850.85988,358.00725339,113.55,1184.95,3113.8999,1746.0,8452.0,197.699995
2023-07-06 09:15:00,2354.60726295,745.90002,5310.0,3410.0,986.09998,4938.0,782.4,1624.0,125.1,877.90002,1023.55,236.0,1051.7,3289.1499,75.25,1776.698692,1198.0,843.925,677.70001,3206.8501,428.0,2722.15845405,963.90002,450.63545564,1396.7,1347.45,804.54999,,1882.85,2499.95,1552.9,10016.3,197.14999,1169.62245,165.8,197.7000075,1200.39386628,1311.75,360.32,593.5,1056.6,3328.45,837.32514692,365.22173949,112.85,1184.0,3111.8501,1760.0,8479.9502,198.475005
2023-07-07 09:15:00,2337.48786439,740.0,5274.9502,3414.0,989.45001,4913.1499,774.88999,1626.65,125.9,883.59998,1028.75,235.85001,1054.63,3248.0,74.900002,1763.650843,1182.95,837.5,679.0,3172.0,425.0,2726.73630743,955.04999,448.84198501,1393.95,1345.8,801.90002,,1874.4,2504.0,1591.95,9945.0,197.75,1162.3425,166.0,196.9124925,1209.69942103,1318.0,355.8,595.5,1051.2,3356.8999,842.21544,377.20561271,113.3,1184.3,3210.0,1753.95,8447.4004,198.725005
2023-07-10 09:15:00,2388.65178267,730.0,5203.5,3372.05,986.0,4951.0,762.99502,1622.0,124.65,889.59998,1026.0,235.60001,1043.0,3232.0,75.550003,1752.246426,1161.9,838.375,674.75,3186.3501,436.20001,2669.33981794,952.90002,444.49986594,1372.4,1341.9,813.79999,,1874.35,2463.3501,1579.0,9933.3496,193.35001,1152.12,165.39999,192.2999925,1251.029702,1302.0,346.08,599.79999,1051.0,3324.75,831.348144,383.24283453,115.7,1159.95,3155.0,1717.95,8434.4502,197.925005
2023-07-11 09:15:00,2371.4354879,732.45001,5272.3999,3399.95,971.75,4954.4502,768.0,1632.0,128.64999,893.15002,1033.5,235.8,1043.0,3262.0,77.0,1766.887905,1131.75,838.0,684.79999,3128.0,431.85001,2674.65605065,952.70001,447.94523554,1383.65,1350.9,815.70001,,1893.8,2479.0,1576.0,9956.8496,192.95,1147.9925,165.10001,191.5499925,1257.384715,1308.75,355.51,595.95001,1074.75,3295.0,832.830048,380.61665511,116.1,1166.2,3098.0,1708.0,8443.2998,196.399995
2023-07-12 09:15:00,2358.8748672,732.45001,5288.4502,3414.3999,957.54999,4947.5,750.8,1605.1,128.5,895.70001,1032.9,237.3,1039.79,3307.0,78.800003,1777.296304,1124.5,833.15,677.5,3113.3,428.10001,2663.03888256,951.15002,450.96584299,1384.8,1351.9,814.79999,,1890.9,2485.95,1579.65,9950.0,194.75,1155.0,169.0,191.0625,1271.910459,1306.6,363.59,594.5,1083.75,3289.1499,837.57213092,380.8279458,116.05,1169.0,3124.0,1700.0,8373.3496,196.975005
2023-07-13 09:15:00,2333.36565297,729.25,5289.8999,3425.0,966.0,4990.0,752.28999,1625.0,128.8,893.29999,1036.0,235.3,1040.63,3305.0,84.5,1776.798294,1124.4,828.725,690.84998,3130.95,439.5,2645.81003159,959.25,450.02190611,1391.5,1376.8,814.20001,,1901.6,2484.8999,1594.8,9898.9502,191.8,1156.07755,169.3,189.15,1270.5486705,1336.0,365.84,598.0,1081.9,3367.45,838.757664,378.23194646,116.95,1191.9,3114.6001,1708.0,8350.0,199.300005
2023-07-14 09:15:00,2313.2880585,727.45001,5198.4502,3439.0,967.0,4906.2998,751.88999,1635.0,127.5,890.25,1034.8,232.10001,1032.98,3365.0,85.25,1761.90781,1157.1,826.8,684.79999,3142.5,448.5,2644.8747511,965.0,448.37001657,1383.95,1430.0,807.90002,,1887.35,2477.05,1566.9,9727.2998,188.35001,1160.0,169.75,183.2999925,1253.25391116,1326.05,362.27,591.29999,1080.0,3524.8501,842.462424,377.93008537,117.9,1232.0,3097.3501,1693.75,8299.0,202.75
2023-07-17 09:15:00,2385.54799995,742.79999,5318.9502,3473.0,968.90002,4906.3999,754.2,1621.95,128.25,896.65002,1039.0,232.64999,1049.0,3374.0,83.400002,1787.854105,1172.0,841.0,674.84998,3157.3999,454.14999,2661.31599746,973.79999,449.12515664,1404.75,1458.95,812.0,,1899.45,2494.0,1559.0,9699.0,188.95,1169.7675,168.39999,183.7125,1277.83423898,1328.55,358.41,602.84998,1081.05,3549.8999,850.31652508,378.53380755,119.35,1270.75,3072.95,1722.95,8260.0,212.475005
2023-07-18 09:15:00,2434.529571,747.5,5324.0,3523.0,979.95001,4995.1001,755.5,1625.0,128.3,880.20001,1035.2,232.45,1043.14,3369.0,80.650002,1791.838181,1170.0,852.0,667.0,3120.0,449.0,2659.2486338,987.95001,447.61487651,1409.2,1477.95,801.0,,1908.0,2489.95,1542.15,9766.2998,189.14999,1159.5,168.14999,182.775,1288.00225977,1322.3,360.24,604.04999,1078.9,3524.0,852.588768,374.82090406,118.15,1258.4,3039.95,1710.95,8251.0,210.149995
2023-07-19 09:15:00,2369.5441203,735.45001,5223.9502,3530.0,969.90002,4909.1499,759.9,1649.8,127.75,877.0,1042.0,229.89999,1054.0,3356.55,80.349998,1781.429782,1174.9,844.375,660.45001,3143.6499,444.39999,2655.11351266,980.0,453.51448199,1443.4,1498.8,797.84998,,1915.0,2502.95,1549.5,9666.0,196.60001,1151.25,167.95,184.65,1296.422652,1321.55,358.94,602.40002,1086.0,3516.8501,854.51525308,377.5074738,117.2,1261.7,3017.3999,1720.0,8356.8496,210.5
2023-07-20 09:15:00,2360.7176412,735.95001,5210.0,3535.0,979.90002,4889.0,763.71499,1658.25,127.25,886.70001,1057.9,230.7,1078.94,3343.0,79.099998,1815.842239,1162.8,846.0,662.84998,3100.2,442.89999,2674.21302305,998.15002,466.02164561,1433.5,1471.0,801.45001,,1962.4,2495.7,1553.75,9785.0,194.25,1154.225,168.10001,184.3875075,1315.475,1321.6,359.7,610.79999,1104.5,3478.8999,864.444,376.48114006,117.25,1255.5,3016.6001,1725.0,8349.9502,210.0
2023-07-21 09:15:00,2383.94770898,735.34998,5253.0,3537.95,985.0,4879.3999,765.77002,1645.0,126.65,891.90002,1062.0,230.5,1067.95,3336.0,80.699997,1817.684874,1139.9,844.9,662.5,3124.6001,441.45001,2634.88211599,1001.45,469.79739312,1430.35,1350.0,823.34998,,1987.75,2595.0,1552.6,9845.0,196.35001,1161.59745,171.0,184.725,1307.44995,1322.75,373.63,619.5,1104.2,3434.8999,865.82713016,380.94869627,117.95,1217.95,3005.0,1730.05,8313.5,207.175005
2023-07-24 09:15:00,2366.05226775,740.25,5225.7002,3568.0,984.95001,4919.0,764.47998,1660.0,127.75,892.59998,1053.0,232.0,1087.37,3321.8501,82.449997,1835.463813,1127.7,842.325,660.20001,3155.0,437.54999,2565.57281133,1008.7,471.68526688,1439.4,1349.9,789.0,,1950.0,2638.0,1557.0,9815.0,197.0,1152.43,172.25,186.1124925,1257.475,1324.4,369.59,621.90002,1107.35,3413.45,856.540512,383.03154384,116.5,1203.95,2992.8999,1734.2,8244.1504,204.0
2023-07-25 09:15:00,2404.4616759,752.0,5220.0,3547.8999,977.65002,4909.8999,764.93999,1664.9,127.2,894.70001,1061.75,232.35001,1095.99,3365.0,83.199997,1835.463813,1119.0,849.5,660.0,3179.0,450.5,2546.52272313,999.0,442.23442687,1446.0,1342.85,805.5,,1902.0,2617.75,1569.5,9774.9502,201.35001,1157.0,173.35001,188.625,1252.6,1320.0,366.19,621.79999,1110.0,3406.8,859.010352,387.89150136,119.9,1164.7,3032.8999,1718.45,8415.0,202.75
2023-07-26 09:15:00,2430.6498426,765.40002,5255.0,3413.0,980.0,4903.5,773.4,1664.9,127.35,896.5,1082.05,231.2,1098.0,3360.0,84.599998,1841.639131,1120.85,849.8,660.0,3189.8999,451.64999,2558.53359508,997.75,446.48214282,1429.9,1350.0,809.0,,1897.9,2673.8501,1574.0,9810.0,202.14999,1145.0,174.3,191.7374925,1273.5,1299.95,367.08,616.34998,1114.4,3420.8501,873.28603708,401.71675138,120.6,1167.0,3044.8999,1726.45,8458.5996,201.800005
2023-07-27 09:15:00,2410.2812685,758.84998,5265.0,3414.0,990.0,4908.0,757.78999,1662.7,128.8,901.40002,1219.4,231.89999,1122.8,3367.25,86.099998,1841.390126,1122.7,851.5,668.25,3158.95,459.60001,2542.97840391,1006.5,448.51159767,1433.2,1363.8,814.5,,1902.6,2676.3501,1500.0,9827.1504,203.0,1145.0,173.64999,190.0499925,1268.82495,1312.0,369.82,621.25,1155.35,3411.6499,869.38368,391.48365437,121.45,1125.0,3024.1001,1722.7,8390.7998,203.300005
2023-07-28 09:15:00,2407.03189897,760.79999,5364.0,3399.0,969.75,4900.0,739.46001,1630.0,131.7,899.90002,1190.4,229.95,1123.6,3358.5,87.25,1827.595263,1118.5,834.45,664.45001,3175.0,452.64999,2553.56184094,998.70001,443.13117635,1421.95,1363.85,806.0,,1885.8,2668.1499,1471.0,9750.0,210.45,1131.5925,174.95,195.8624925,1271.42505,1301.95,367.66,619.90002,1143.9,3393.7,850.02015416,390.00452899,121.1,1100.0,3010.0,1738.95,8341.6504,201.425005
2023-07-31 09:15:00,2442.2890278,780.0,5339.9502,3388.0,958.59998,4938.3999,736.98999,1602.8,131.0,897.79999,1184.75,229.95,1132.08,3375.95,87.150002,1847.316439,1119.5,828.4,655.0,3230.0,463.25,2542.87985488,999.40002,443.36716057,1419.9,1357.5,821.20001,,1875.0,2690.0,1479.0,9837.7002,218.95,1132.7,177.5,200.25,1276.94995,1296.95,379.6,621.0,1145.0,3426.6499,850.46468584,389.73284797,123.85,1119.0,3017.95,1764.0,8410.0,203.0
2023-08-01 09:15:00,2438.4092994,781.0,5210.0,3385.0,964.0,4978.6499,733.0,1599.95,133.25,897.40002,1187.3,241.3,1141.87,3435.0,85.699997,1847.615245,1142.0,833.725,646.79999,3244.0,471.54999,2533.92095083,1003.7,442.56481422,1423.2,1369.0,825.0,,1865.75,2689.0,1504.0,9892.0,226.64999,1134.5,177.0,196.5,1279.5,1285.0,380.2,620.84998,1152.65,3460.0,852.88513892,394.17022411,124.15,1154.5,3027.5,1762.05,8368.0,204.0
2023-08-02 09:15:00,2438.4092994,773.90002,5043.7002,3371.95,958.90002,4937.9502,729.0,1572.35,130.7,890.65002,1185.0,243.14999,1139.17,3430.0,85.949997,1832.575358,1137.0,825.75,644.90002,3073.0,461.20001,2533.57637381,994.09998,438.74185099,1394.15,1371.95,817.84998,,1847.9,2644.95,1497.0,9793.4502,225.14999,1146.9075,178.64999,190.35,1256.0,1284.9,373.25,610.5,1144.3,3446.3999,844.68528,388.97819525,122.9,1152.6,3005.7,1716.65,8315.0,202.949995
2023-08-03 09:15:00,2473.326855,779.5,5030.0,3379.95,946.59998,4913.6499,722.42998,1522.9,126.5,882.04999,1178.95,235.10001,1146.8,3385.0,88.400002,1827.296457,1135.55,825.675,640.95001,3021.55,458.5,2521.36850226,983.0,437.75072671,1380.6,1366.55,809.0,,1833.85,2642.75,1501.55,9659.9502,223.60001,1144.39745,175.8,187.9500075,1250.44995,1274.8,367.72,600.84998,1169.7,3433.25,831.49635416,378.20176639,119.65,1146.95,2986.95,1697.5,8285.0996,201.0
2023-08-04 09:15:00,2480.9892216,779.90002,5036.4502,3373.3,954.84998,4864.2002,720.5,1507.35,128.05,892.95001,1238.7,236.5,1142.2,3478.8501,98.400002,1838.601273,1152.35,828.25,644.25,2985.0,466.0,2519.30104014,976.0,435.53246561,1414.9,1385.9,814.79999,,1842.8,2635.0,1502.45,9616.0,222.2,1134.9425,174.45,186.7875,1258.0,1287.15,368.74,598.70001,1145.0,3471.0,831.44691784,377.32636319,119.75,1181.85,2935.8,1718.05,8231.8496,205.0
2023-08-07 09:15:00,2491.7555649,794.65002,5024.8999,3350.0,955.0,4743.5498,718.275,1512.25,129.2,900.54999,1228.5,236.0,1137.6,3377.1499,102.85,1857.525634,1155.75,831.55,649.75,2964.95,467.35001,2534.11785198,981.5,430.95437175,1417.65,1395.0,816.59998,,1845.0,2654.0,1531.0,9539.7998,221.35001,1127.58,174.5,186.7125,1264.19995,1305.7,372.0,577.0,1166.75,3488.0,830.50841816,373.7040301,119.6,1192.85,2919.95,1718.0,8250.0,206.5
2023-08-08 09:15:00,2486.17845533,805.0,5055.0,3359.95,959.90002,4698.0,720.5,1520.3,130.0,894.29999,1269.0,235.39999,1147.79,3385.05,100.3,1860.9619,1156.9,827.8,654.84998,3088.75,467.25,2545.1443166,986.59998,431.37915279,1420.95,1393.55,816.5,,1842.65,2649.5,1534.0,9623.0,220.39999,1124.94745,173.8,183.9375,1267.225,1358.75,374.95,574.25,1164.6,3489.95,842.80818184,371.13821083,119.5,1208.9,2932.0,1719.7,8229.9502,208.75
2023-08-09 09:15:00,2441.2220055,806.84998,5026.0,3356.95,953.29999,4689.7998,721.4,1529.75,132.39999,897.45001,1271.65,235.7,1176.75,3415.0,94.849998,1842.585349,1146.0,827.25,652.0,3081.3501,469.79999,2529.14609784,975.29999,434.11656029,1410.45,1396.0,828.90002,,1834.0,2655.0,1537.55,9540.0498,219.7,1117.8125,177.25,182.625,1264.5,1374.0,375.18,575.0,1159.3,3467.0,852.04541308,376.72264101,120.5,1236.5,2962.0,1806.4,8173.9502,209.25
2023-08-10 09:15:00,2499.99998775,819.79999,4981.4502,3320.0,951.95001,4708.3999,717.4,1529.75,133.14999,883.90002,1277.9,236.8,1183.33,3434.8,96.150002,1847.615245,1144.8,827.125,651.5,3062.8999,471.0,2511.86792313,973.65002,433.55019817,1434.0,1395.8,835.0,,1832.4,2661.6001,1556.05,9500.0,220.85001,1112.22755,179.75,181.9874925,1275.0,1358.9,374.78,577.59998,1157.9,3464.8999,852.78636508,379.31864035,120.65,1239.2,2995.5,1915.0,8205.0,210.399995
2023-08-11 09:15:00,2490.93102562,810.45001,5012.0,3248.95,945.70001,4650.0,715.9,1521.8,133.25,873.70001,1258.8,235.60001,1177.01,3420.0,95.199997,1832.67496,1186.95,819.2,641.90002,3073.3501,470.0,2497.34646302,963.5,428.45293903,1431.75,1396.85,831.34998,,1800.0,2656.8999,1559.6,9469.0,216.5,1100.5,179.7,184.6875,1279.42505,1340.0,370.01,579.0,1151.0,3466.6499,843.54913384,377.17543264,121.4,1250.35,3067.45,1909.85,8155.0,211.074995
2023-08-14 09:15:00,2410.23277189,794.20001,4927.5498,3209.8999,943.29999,4633.7002,705.88999,1497.95,131.95,870.59998,1252.0,236.2,1175.8,3372.0,93.400002,1827.694865,1177.0,807.5,638.0,3025.0,458.60001,2500.6446558,962.90002,425.95151575,1397.5,1395.0,815.0,,1802.35,2663.55,1550.75,9364.0,214.0,1102.0,180.45,183.975,1291.15,1315.95,363.86,573.0,1142.0,3455.0,835.69508216,369.47797483,120.4,1221.2,3020.3501,1935.0,8142.5498,208.100005
2023-08-16 09:15:00,2390.8826265,786.0,4953.9502,3208.8501,940.0,4615.0,699.4,1482.0,131.89999,874.0,1246.0,234.8,1177.9,3346.95,95.599998,1812.75458,1186.25,804.825,629.79999,3016.8501,448.0,2515.46146764,959.79999,431.7567181,1388.05,1419.95,803.70001,,1789.85,2695.0,1573.0,9437.75,217.95,1106.5,179.45,186.4874925,1291.4,1299.95,363.33,566.40002,1145.5,3466.0,833.27462908,375.12276515,117.95,1239.0,3015.8999,1967.0,8265.0,210.100005
2023-08-17 09:15:00,2412.41511912,813.59998,4960.0,3224.0,943.0,4668.4502,702.0,1480.0,131.60001,859.84998,1245.85,233.89999,1181.41,3323.0,93.25,1805.234637,1180.95,804.95,630.95001,2997.3999,449.25,2520.9746015,957.79999,424.77159465,1391.25,1420.0,796.65002,,1787.4,2691.05,1579.05,9474.75,219.8,1101.41505,179.10001,186.6,1289.05005,1289.95,374.0,573.15002,1148.95,3460.8,835.74446908,375.51519664,116.8,1233.9,3079.45,1984.55,8233.0996,210.199995
2023-08-18 09:15:00,2585.790482,849.59998,4895.0,3185.5,945.95001,4649.5498,691.57998,1478.3,129.60001,862.0,1257.0,228.95,1196.0,3369.0,91.400002,1793.680816,1177.85,798.15,627.45001,2989.7,447.5,2527.96469092,955.0,418.49442386,1377.0,1408.7,793.90002,,1768.4,2674.7,1582.55,9470.0,216.64999,1094.0,177.64999,182.7374925,1288.80005,1285.85,370.4,575.25,1149.3,3410.0,838.70827708,374.36811243,116.4,1225.95,3079.5,2027.7,8246.4004,208.175005
2023-08-21 09:15:00,2575.1697255,864.09998,4945.4502,3187.5,954.25,4629.9502,706.3,1484.5,129.7,874.0,1245.3,230.8,1185.0,3372.0,90.5,1805.782447,1188.9,800.25,629.34998,2944.3501,450.85001,2535.00380872,959.29999,423.35568933,1400.0,1407.0,797.59998,262.04999,1772.6,2666.6001,1552.65,9469.0,219.55,1108.805,176.3,185.775,1277.725,1289.8,371.0,575.54999,1143.9,3409.75,839.15285816,376.30002944,117.1,1224.0,3082.5,2018.0,8278.9502,208.675005
2023-08-22 09:15:00,2639.1852441,869.0,4959.0,3198.6001,959.09998,4636.5498,715.35,1494.0,133.7,879.95001,1240.25,232.05,1189.0,3369.0,94.300003,1817.734675,1187.0,799.0,654.04999,2965.6001,454.39999,2535.10235775,956.95001,429.63286013,1404.6,1406.05,799.95001,236.45,1772.0,2685.6499,1555.0,9508.0498,222.3,1104.62245,177.89999,187.6124925,1268.975,1313.2,370.79,574.45001,1147.0,3411.0,841.27689092,378.23194646,117.75,1223.0,3091.0,2034.0,8267.9502,209.050005
2023-08-23 09:15:00,2640.54305205,862.45001,4987.0,3196.0,980.45001,4666.3501,714.9,1474.0,135.39999,877.0,1259.9,231.5,1194.99,3380.0,95.0,1807.774485,1195.0,795.275,638.5,2975.0,465.29999,2543.47065679,968.04999,430.10482857,1408.0,1416.6,802.90002,224.64999,1781.9,2726.0,1554.85,9640.0,222.89999,1113.49005,177.2,187.5,1271.42505,1304.5,371.27,577.95001,1130.45,3402.0,837.769728,375.96798828,119.25,1218.85,3085.0,2068.95,8234.9004,208.975005
2023-08-24 09:15:00,2534.4325773,844.40002,4983.5,3232.8999,994.25,4727.1001,718.59502,1492.0,135.5,874.70001,1239.65,232.64999,1197.94,3375.0,95.75,1806.230656,1189.0,798.1,637.5,2971.45,465.89999,2551.5928294,982.40002,428.07537372,1435.0,1425.05,806.70001,213.45,1799.0,2766.8,1554.95,9661.6504,222.39999,1114.5,176.7,189.4874925,1269.94995,1311.65,386.35,582.0,1133.1,3413.05,844.48768292,373.7040301,120.1,1216.5,3099.8999,2079.6499,8324.0,210.0
2023-08-25 09:15:00,2472.3569229,830.40002,4913.1001,3265.0,988.20001,4646.8999,727.81001,1509.5,137.95,875.95001,1219.9,230.10001,1178.0,3362.1499,93.349998,1775.55327,1170.8,788.75,635.84998,2945.0,454.29999,2540.71404064,972.59998,425.71553153,1421.45,1422.5,787.54999,224.10001,1789.35,2682.7,1547.25,9624.75,221.85001,1114.02245,175.25,185.5499925,1252.5,1298.55,375.94,575.29999,1123.3,3385.8,835.94206616,372.31547512,118.15,1197.2,3074.75,2062.05,8190.0,205.649995
2023-08-28 09:15:00,2504.3646822,824.0,4911.8501,3272.0,992.5,4620.0,726.1,1514.0,136.39999,875.75,1237.0,230.05,1165.8,3364.95,96.099998,1782.87401,1159.7,791.325,632.25,2951.2,452.85001,2528.21081736,975.0,421.79820293,1411.25,1424.8,780.95001,222.25,1796.6,2700.0,1553.0,9670.0,219.3,1110.72755,175.8,186.75,1242.0,1307.0,374.19,574.79999,1124.15,3394.0,832.78066108,367.3649472,118.25,1196.3,3079.95,2027.05,8150.3999,206.225005
2023-08-29 09:15:00,2460.37816447,830.79999,4945.0,3289.0,991.0,4671.0,731.09502,1514.0,135.85001,870.0,1245.65,230.39999,1157.3,3370.0,95.0,1799.756532,1163.3,796.325,636.0,2993.0,458.5,2519.2517164,977.25,419.10797339,1413.7,1424.4,785.90002,221.7,1797.55,2722.1001,1564.35,9684.75,221.75,1108.99005,176.10001,189.75,1226.725,1301.65,375.6,576.29999,1125.05,3389.55,833.76859708,368.57239156,120.15,1207.9,3090.0,2052.7,8218.0,205.949995
2023-08-30 09:15:00,2466.5373303,833.0,4889.9502,3302.8501,998.0,4720.7998,733.08999,1518.85,135.5,862.59998,1256.8,230.75,1151.21,3412.0,100.5,1817.635073,1175.15,801.975,639.95001,3008.0,465.14999,2496.70663272,975.90002,419.10797339,1410.9,1436.65,791.95001,231.25,1792.95,2737.6499,1589.0,9817.9502,222.0,1114.0,176.89999,188.7000075,1221.5,1307.85,384.0,577.70001,1119.15,3408.1001,839.05403492,370.02133687,122.7,1221.6,3111.0,2077.3501,8314.7998,205.100005
2023-08-31 09:15:00,2415.08243239,810.90002,4911.7998,3302.0,994.70001,4703.0498,728.5,1507.8,135.05,859.5,1266.1,230.45,1139.0,3410.0,100.8,1811.758561,1188.1,791.575,647.90002,2965.0,465.0,2500.44775465,966.20001,419.95750714,1401.9,1444.9,791.79999,242.8,1783.8,2724.6001,1590.0,10065.0,221.64999,1114.45,176.0,187.2000075,1212.5,1308.6,387.8,570.29999,1118.85,3417.3999,841.17811708,368.05923978,123.6,1214.5,3118.95,2073.1001,8360.0,205.0
2023-09-01 09:15:00,2391.41608916,808.0,4849.9502,3264.2,993.0,4699.0,732.93999,1518.7,138.39999,867.54999,1268.9,237.25,1126.85,3406.45,98.349998,1817.734675,1188.0,789.5,648.0,2947.1499,478.5,2475.53975866,973.04999,420.05191027,1423.6,1446.0,807.70001,245.14999,1779.6,2715.95,1604.5,10397.95,231.64999,1105.48495,184.75,189.4500075,1212.82495,1327.1,387.19,571.20001,1117.5,3389.0,837.17698616,371.22878123,128.7,1229.9,3124.8999,2112.95,8345.0,208.875
2023-09-04 09:15:00,2405.431608,811.75,4870.0,3266.25,994.54999,4689.3999,737.0,1525.95,142.35001,869.45001,1255.4,248.95,1133.34,3461.0,98.599998,1843.332363,1235.0,795.725,645.84998,2964.95,492.29999,2475.04750578,969.04999,418.49442386,1427.5,1470.0,826.59998,266.95001,1789.0,2742.0,1605.9,10467.95,236.5,1098.99745,184.45,192.375,1211.82495,1332.45,389.0,576.34998,1114.0,3432.8501,838.757664,371.65136261,132.89999,1266.0,3124.95,2074.5,8594.0,218.25
2023-09-05 09:15:00,2426.18805795,810.90002,4992.0,3248.8501,986.20001,4735.0,735.84502,1519.8,141.89999,867.79999,1266.0,255.89999,1128.0,3444.0,99.300003,1864.547568,1241.7,794.2,648.09998,2973.8999,489.75,2484.35108531,970.0,419.57994183,1429.8,1480.05,818.0,260.0,1783.0,2739.0,1584.1,10412.7,236.89999,1099.93,186.0,192.75,1216.975,1338.95,385.99,578.25,1136.0,3447.0,842.11666616,373.64366996,132.45,1266.6,3157.5,2080.0,8600.0,218.75
2023-09-06 09:15:00,2428.7099784,808.5,5043.6499,3230.0,983.15002,4710.0,739.7,1522.45,140.75,882.40002,1267.0,257.79999,1126.99,3417.1001,98.849998,1851.599321,1242.4,800.0,651.20001,2955.0,484.89999,2486.96012405,969.5,423.35568933,1421.75,1482.9,817.5,259.79999,1777.0,2742.8,1580.9,10260.0,235.85001,1105.0,186.75,192.9375,1218.07495,1329.0,385.4,574.25,1149.0,3443.8999,872.347488,369.810016,132.39999,1259.6,3180.55,2087.1499,8556.7998,217.774995
2023-09-07 09:15:00,2444.228892,812.95001,5044.8999,3253.75,979.79999,4725.0,738.77998,1524.8,141.0,883.70001,1261.0,274.75,1130.9,3411.95,101.6,1843.730771,1257.0,807.0,657.75,2968.45,479.5,2482.77597453,969.5,423.82765777,1443.2,1473.4,821.40002,257.29999,1792.35,2855.95,1577.9,10300.9,238.0,1104.255,185.2,193.2750075,1219.125,1351.3,380.16,581.0,1141.45,3460.0,856.49112508,372.19472465,130.8,1274.85,3182.95,2093.0,8545.0,216.850005
2023-09-08 09:15:00,2462.26972605,828.79999,5049.7998,3263.05,987.29999,4784.6001,744.99502,1558.8,144.3,890.65002,1262.0,284.45001,1126.73,3406.3501,101.1,1848.860269,1269.55,816.45,660.79999,3027.0,478.79999,2481.98827146,975.0,422.78931777,1459.95,1474.75,824.0,255.0,1805.0,2928.7,1578.0,10400.0,243.60001,1098.9675,184.95,195.9749925,1228.0,1349.45,391.99,588.5,1138.05,3465.0,854.41642984,379.68089177,131.64999,1278.0,3205.0,2131.55,8550.0,216.725005
2023-09-11 09:15:00,2551.16390603,887.20001,5106.7998,3265.0,1004.0,4810.0,744.4,1552.0,147.14999,892.29999,1252.75,284.20001,1132.8,3409.8999,102.55,1861.659113,1284.3,818.25,677.54999,3059.0,487.79999,2499.561601,982.0,422.97812402,1452.0,1478.05,829.34998,257.70001,1811.5,2926.0,1589.0,10550.0,243.89999,1109.99745,185.95,198.75,1238.42505,1356.85,394.36,592.29999,1140.0,3485.7,854.51525308,383.60508595,131.85001,1275.0,3221.55,2106.3501,8498.6504,218.75
2023-09-12 09:15:00,2547.62375085,889.5,5125.0,3279.8,1010.0,4849.8501,745.9,1558.9,144.95,896.5,1259.9,280.04999,1143.4,3414.95,102.5,1912.35648,1291.75,821.45,670.29999,3069.3,490.89999,2509.50520773,995.15002,428.83051378,1453.9,1504.0,840.0,252.0,1819.0,3009.0,1589.45,10568.4,244.95,1119.75,184.89999,204.25,1241.5,1352.8,393.97,594.25,1153.8,3589.8999,863.456064,385.77847372,133.14999,1283.8,3221.1499,2111.95,8609.8496,220.75
2023-09-13 09:15:00,2489.76720409,867.20001,5021.2002,3284.6499,1017.0,4843.0,750.825,1565.05,136.95,918.0,1250.0,281.5,1151.9,3369.8999,100.75,1938.750983,1282.4,825.8,658.95001,3034.8999,484.79999,2470.12497693,994.84998,431.37915279,1459.65,1505.0,820.15002,247.8,1836.0,2943.7,1568.6,10536.4,238.45,1128.4575,184.7,194.60001,1231.32495,1351.05,384.0,598.0,1156.7,3588.8501,880.49796,379.43939082,130.5,1268.75,3270.0,2073.0,8685.0,218.975005
2023-09-14 09:15:00,2468.4771945,857.84998,5100.0,3294.2,1022.4,4858.0,751.17002,1563.6,138.7,920.59998,1244.25,282.20001,1155.26,3385.0,100.1,1946.221126,1290.7,825.0,655.40002,3028.95,508.89999,2475.04750578,992.90002,430.34081278,1467.85,1512.55,825.0,244.55,1831.75,2931.6499,1575.4,10580.0,239.2,1125.5,188.89999,195.64999,1232.9,1360.75,385.55,603.70001,1150.9,3597.7,886.87015708,380.8279458,134.2,1289.35,3302.45,2088.95,8700.0,221.625
2023-09-15 09:15:00,2481.0863118,854.59998,5150.3999,3240.0,1031.75,5149.0,756.51499,1567.6,138.2,948.70001,1241.95,284.14999,1168.57,3447.8999,104.45,1980.035971,1310.0,835.0,646.84998,3103.0,508.0,2451.4193673,997.5,426.75387153,1464.4,1518.4,819.70001,244.64999,1823.45,2934.95,1610.7,10550.0,239.3,1135.05,191.7,196.2,1234.0,1374.85,386.73,600.70001,1153.8,3607.3501,879.016056,384.26916827,133.3,1303.7,3264.0,2085.5,8750.9502,221.875
2023-09-18 09:15:00,2478.1765155,848.04999,5162.0,3229.8999,1029.9,5274.8999,756.0,1565.35,145.0,935.79999,1257.6,282.75,1165.76,3452.8501,105.0,1980.185374,1311.3,827.5,665.54999,3128.0,494.0,2454.32365932,996.25,428.54734216,1462.75,1504.9,814.95001,240.85001,1812.0,2930.0,1670.0,10623.65,242.14999,1142.0,187.5,200.5,1225.5,1393.0,384.92,608.40002,1157.0,3619.3,875.26190908,388.9178351,135.0,1302.0,3352.0,2073.0,8737.5996,220.524995
2023-09-20 09:15:00,2457.46836817,837.59998,5059.7998,3228.0,1047.5,5263.3501,764.7,1568.2,140.10001,919.29999,1252.6,288.0,1144.37,3450.0,104.9,1952.19724,1304.0,799.5,659.34998,3132.8501,486.39999,2441.5743096,996.0,429.58568216,1475.65,1495.1,810.79999,232.0,1803.45,2944.95,1665.0,10494.05,246.0,1141.32755,189.5,205.95,1213.80005,1376.8,389.0,606.79999,1156.0,3625.0,870.27284216,390.60825117,131.8,1289.15,3349.0,2088.2,8623.5,218.425005
2023-09-21 09:15:00,2428.51599198,842.40002,5046.9502,3261.2,1033.6,5185.5498,758.36499,1552.25,138.0,920.15002,1240.25,286.79999,1139.4,3440.05,100.95,1932.27686,1285.0,784.475,653.90002,3062.95,486.45001,2444.52782691,982.5,428.12256112,1443.65,1504.55,791.59998,235.60001,1790.8,2905.1001,1656.2,10345.0,242.89999,1133.49745,188.45,205.55,1195.05005,1351.9,384.8,606.59998,1156.95,3605.0,863.456064,387.40852965,129.25,1296.0,3322.5,2112.0,8438.0,215.625
2023-09-22 09:15:00,2422.8903858,838.70001,5016.7998,3283.6001,1027.25,5084.1499,757.7,1551.0,136.89999,922.34998,1209.1,286.10001,1138.78,3431.8,101.4,1921.27085,1283.6,782.2,656.0,3040.0,481.79999,2451.4193673,960.90002,423.26128621,1463.5,1506.95,783.70001,232.25,1769.9,2936.45,1617.95,10566.75,239.3,1131.99745,187.7,202.89999,1191.225,1337.6,385.94,602.0,1148.0,3633.75,879.11482984,380.8279458,128.7,1320.0,3298.8,2079.55,8310.6504,213.375
2023-09-25 09:15:00,2414.1609969,831.70001,5113.4502,3334.8,1026.0,5060.1499,784.98999,1591.0,136.85001,913.34998,1197.15,289.0,1107.98,3429.8999,100.5,1938.203173,1280.0,770.35,653.0,3022.7,478.79999,2460.96907327,961.20001,419.86311345,1454.55,1489.85,783.45001,230.85001,1789.3,2923.8,1620.0,10720.0,240.25,1135.43495,186.7,200.64999,1180.35,1340.0,391.87,601.5,1136.8,3620.0,894.67482184,377.44711366,128.3,1314.4,3314.8999,2173.5,8279.9502,209.875
2023-09-26 09:15:00,2423.8603179,831.0,5097.0,3324.8999,1020.7,5102.9502,789.99502,1583.0,138.3,920.95001,1185.0,291.39999,1105.39,3539.2,100.4,1952.097638,1268.95,770.0,648.84998,3039.0,474.29999,2450.43486153,958.95001,419.57994183,1443.95,1479.9,788.40002,231.7,1781.8,2944.0,1606.6,10633.95,243.2,1153.145,188.14999,200.05,1175.1,1302.35,388.62,595.0,1130.0,3594.95,898.92298616,377.74897475,130.55,1303.05,3308.0,2185.0,8328.0,208.399995
2023-09-27 09:15:00,2422.8903858,833.0,5118.8501,3309.0,1027.95,5067.5498,785.5,1570.0,137.55,921.04999,1189.0,293.39999,1121.0,3496.8999,101.2,1959.01997,1267.65,766.25,649.54999,3034.0,475.75,2465.9900527,946.5,424.58279784,1439.0,1469.6,785.70001,231.2,1771.1,2994.8999,1599.6,10706.0,240.5,1150.27755,189.3,199.60001,1185.9,1304.0,382.68,594.29999,1145.9,3614.0,893.094144,375.4548365,128.75,1293.9,3266.95,2150.2,8289.9502,208.274995
2023-09-28 09:15:00,2435.4995031,841.34998,5145.5,3289.0,1037.95,5128.8501,782.9,1574.95,138.0,932.0,1185.0,294.14999,1101.49,3500.0,100.6,1930.235021,1266.0,768.8,650.65002,3018.2,479.60001,2462.24893077,947.25,424.72440725,1445.35,1472.6,787.40002,228.85001,1771.9,3050.5,1596.9,10705.0,241.2,1145.39745,189.5,204.45,1191.5,1308.5,382.48,595.20001,1152.0,3602.8,885.190656,376.60189053,129.3,1274.05,3224.8999,2132.0,8323.9502,208.25
2023-09-29 09:15:00,2404.99513856,832.5,5186.9502,3195.0,1041.0,5082.5,784.8,1552.95,138.64999,936.40002,1199.2,297.5,1126.0,3480.5,102.75,1943.233069,1249.7,767.725,639.40002,3070.0,494.5,2434.48586806,956.0,420.61828183,1439.95,1446.8,783.90002,232.89999,1744.0,3058.3501,1576.5,10705.5,251.5,1135.25,192.25,201.89999,1184.55005,1312.0,386.19,600.0,1167.4,3568.45,875.21252216,382.15614064,129.55,1231.65,3176.45,2091.1001,8285.9502,204.625
2023-10-03 09:15:00,2351.9882523,836.75,5154.9502,3227.8,1044.7,5073.0,797.55,1564.2,140.60001,928.25,1185.7,297.10001,1117.38,3434.95,105.9,1931.280841,1256.7,763.5,637.5,3064.8999,484.54999,2460.27991923,951.59998,418.06963338,1438.4,1437.0,776.54999,233.89999,1735.0,3077.45,1598.0,10709.8,246.7,1129.73495,189.3,200.0,1167.80005,1302.15,387.98,604.90002,1161.95,3534.2,868.93909892,381.94484995,129.10001,1230.7,3212.5,2086.3,8377.0,204.050005
2023-10-04 09:15:00,2427.49756327,845.45001,5096.8501,3189.0,1037.0,5019.2002,804.3,1555.85,139.14999,925.95001,1185.0,291.5,1099.8,3408.95,104.4,1902.39629,1244.8,767.5,632.0,3020.0,477.89999,2472.14321376,935.5,416.93692801,1428.5,1449.95,768.0,230.0,1727.0,3064.1001,1537.9,10283.9,241.0,1167.94005,184.60001,199.39999,1159.5,1297.7,383.99,600.45001,1139.0,3548.0,859.35610984,374.79072399,127.1,1215.5,3205.0,2055.95,8292.5498,202.725005
2023-10-05 09:15:00,2411.73616665,832.0,5079.8501,3232.1001,1009.2,5039.2998,791.48501,1556.0,141.35001,929.59998,1172.95,290.54999,1095.0,3453.8999,107.7,1901.400271,1253.95,775.775,627.75,3048.8501,482.39999,2485.6801681,943.95001,415.80419432,1415.4,1475.65,762.65002,227.89999,1747.0,3114.8999,1550.8,10270.95,237.39999,1155.35995,184.0,199.5,1164.69995,1282.1,374.59,594.34998,1128.65,3624.0,858.763368,375.12276515,126.15,1223.95,3231.0,2058.1499,8208.7998,205.199995
2023-10-06 09:15:00,2439.33073489,836.5,5084.0,3217.0,1008.0,5120.0,819.2,1640.7,140.5,929.20001,1181.7,291.0,1097.44,3464.45,107.2,1898.312612,1256.0,772.5,636.20001,3045.0,476.45001,2480.9545404,946.54999,418.73040808,1438.0,1484.5,771.15002,227.64999,1747.0,3114.95,1554.0,10332.95,237.5,1153.38,183.5,197.45,1162.4,1287.55,372.6,598.95001,1132.15,3634.95,866.91384,378.74509824,127.0,1223.0,3319.8,2091.8999,8239.6504,204.899995
2023-10-09 09:15:00,2385.74198637,818.79999,5066.0,3163.0,999.70001,5068.7002,813.5,1628.0,137.60001,928.04999,1166.85,288.95001,1105.47,3476.0,105.25,1889.348441,1266.65,765.0,629.54999,3049.95,473.5,2477.50877021,942.04999,418.35283333,1445.0,1491.0,761.40002,223.0,1733.8,3085.0,1541.25,10334.4,236.3,1149.04005,184.7,196.89999,1155.975,1290.75,368.17,589.0,1133.8,3679.0,873.18721384,375.51519664,124.9,1227.75,3296.0,2089.45,8199.8496,205.5
2023-10-10 09:15:00,2442.24053119,823.70001,5084.5498,3164.8999,1014.95,5064.0,813.5,1643.95,141.0,954.04999,1163.6,303.89999,1097.4,3474.0,107.95,1914.846527,1264.75,764.5,624.75,3003.1001,484.79999,2481.79146876,957.5,419.91032917,1436.35,1497.0,774.20001,223.89999,1768.7,3099.0,1543.85,10417.0,236.85001,1150.85,184.5,198.55,1158.94995,1312.6,379.35,595.0,1130.4,3648.0,881.63410616,381.85427955,125.9,1231.45,3299.2,2089.75,8186.3501,204.375
2023-10-11 09:15:00,2461.6876698,827.40002,5140.0,3185.0,1025.65,5095.0,817.3,1650.95,140.5,956.79999,1175.0,305.0,1117.6,3494.1001,109.8,1974.508066,1274.45,771.075,627.0,3111.0,485.95001,2524.22356899,962.04999,424.25243881,1431.9,1518.25,782.54999,227.7,1779.95,3110.0,1559.15,10440.0,239.7,1163.695,184.7,199.14999,1174.85,1310.95,384.1,597.0,1134.45,3650.0,886.37618908,385.05400107,126.3,1238.9,3296.0,2114.8,8390.0,211.975005
2023-10-12 09:15:00,2445.92627318,823.25,5113.9502,3188.5,1031.0,5151.0,812.7,1642.95,138.7,956.79999,1186.35,309.10001,1116.81,3534.95,113.25,2013.950418,1248.55,776.0,626.29999,3132.1001,494.0,2527.76778976,960.09998,427.13143684,1444.0,1504.4,789.95001,227.39999,1776.9,3105.05,1570.05,10624.55,242.75,1165.0,184.85001,202.0,1179.67505,1317.4,381.71,593.0,1132.55,3588.6499,883.36299416,386.50294638,126.9,1232.0,3295.05,2107.8,8385.0,210.949995
2023-10-13 09:15:00,2419.9805895,824.79999,5029.1001,3172.0,1011.45,5123.4502,808.28999,1649.0,138.2,955.95001,1169.2,310.85001,1104.82,3500.0,111.8,1992.735213,1266.5,774.4,633.0,3119.0,487.5,2536.77601756,957.40002,426.47067159,1466.3,1438.0,780.0,225.89999,1769.95,3099.0,1574.4,10745.05,243.8,1179.9925,186.25,202.39999,1178.75,1329.65,377.35,581.29999,1147.2,3577.0,906.925248,403.89013916,125.75,1202.95,3307.0,2109.7,8417.0,207.199995
2023-10-16 09:15:00,2390.59164687,818.5,5049.4502,3128.0,1009.45,5099.3999,806.9,1649.4,137.89999,958.75,1170.1,313.64999,1101.4,3503.0,112.75,1992.038,1279.3,767.225,635.0,3174.3,486.5,2541.99389814,954.84998,425.71553153,1462.85,1443.6,794.34998,225.95,1762.15,3113.25,1577.25,10810.85,245.0,1177.5,188.2,203.85001,1177.275,1332.2,377.0,578.75,1147.25,3574.6499,906.72765092,409.20288831,127.25,1198.25,3329.0,2117.0,8455.0,205.949995
2023-10-17 09:15:00,2387.9728302,814.40002,5068.0,3137.0,1014.7,5150.0,815.9,1676.75,138.89999,960.25,1178.05,318.35001,1114.6,3522.8,114.2,2012.107783,1279.0,777.875,645.90002,3187.55,488.45001,2530.1798289,960.95001,429.0193106,1458.45,1453.35,796.0,233.0,1774.8,3114.2,1583.9,10797.85,247.2,1168.10995,187.05,209.0,1179.85,1351.1,378.58,579.95001,1144.0,3534.1499,916.804608,405.03722337,128.55,1203.0,3328.45,2117.6001,8332.0,206.925005
2023-10-18 09:15:00,2368.33170518,809.04999,5039.9502,3115.2,1014.1,5198.75,808.46001,1665.0,138.95,958.90002,1219.45,319.75,1138.95,3546.8501,115.1,1983.024028,1281.5,770.6,648.45001,3184.0,494.79999,2531.41046111,950.65002,432.51188648,1444.0,1454.0,801.0,222.89999,1775.2,3079.1499,1579.45,10809.85,246.8,1172.3575,188.05,208.45,1183.5,1358.6,378.17,579.25,1161.8,3522.7,903.96144,405.85223624,128.7,1202.0,3324.1499,2090.3999,8349.8496,206.824995
2023-10-19 09:15:00,2342.09504187,797.29999,5019.9502,3110.8999,999.0,5495.0,792.3,1642.95,137.2,951.29999,1225.0,315.70001,1134.95,3534.0,113.15,1970.972198,1274.75,763.125,644.25,3275.0,482.25,2514.82144044,945.0,429.39687591,1464.7,1439.65,782.70001,216.0,1753.4,3069.8999,1578.9,10798.7,241.8,1211.35,186.64999,207.39999,1160.9,1353.6,378.0,574.0,1150.0,3476.8501,889.53759416,405.88241632,126.5,1185.45,3300.95,2074.0,8538.0,198.375
2023-10-20 09:15:00,2370.46555579,803.0,4999.9502,3115.1001,992.90002,5510.0,783.23501,1639.75,136.89999,947.5,1221.85,316.70001,1124.01,3500.1499,114.5,1969.278966,1261.35,763.5,641.95001,3265.0,479.85001,2504.13965128,940.0,423.82765777,1471.8,1438.5,779.75,217.0,1773.2,3056.25,1575.0,10799.0,242.14999,1237.25,187.3,205.2,1157.35,1368.65,377.15,570.0,1145.0,3499.5,890.92067492,408.35769537,125.75,1176.0,3291.5,2060.6001,8648.3496,198.024995
2023-10-23 09:15:00,2339.81579843,795.79999,5010.5498,3108.8999,984.90002,5493.3999,788.48999,1651.7,135.89999,949.09998,1210.2,312.85001,1133.39,3492.8999,113.9,1931.480045,1260.5,764.375,644.70001,3232.75,473.95001,2471.06025741,944.79999,415.28503848,1469.75,1432.35,774.79999,214.2,1769.0,3006.8999,1574.9,10724.65,240.89999,1233.74745,185.95,205.14999,1153.125,1366.55,383.2,566.0,1149.2,3478.95,895.11940292,402.83362534,123.4,1170.95,3274.95,2041.15,8523.5996,196.5
2023-10-25 09:15:00,2277.44906741,783.34998,4971.3501,3108.0,974.0,5423.9502,785.69502,1630.0,134.64999,939.65002,1188.75,312.70001,1122.44,3446.25,109.5,1912.406281,1252.9,761.4,627.95001,3171.0,473.0,2451.4193673,933.79999,413.44435213,1446.95,1402.55,761.84998,211.8,1761.75,2965.5,1576.6,10647.45,236.3,1226.48495,185.85001,200.45,1140.6,1346.1,377.37,560.79999,1129.7,3425.0,883.65936508,393.56650193,122.8,1165.9,3236.3,2007.9,8398.5,193.850005
2023-10-26 09:15:00,2181.3772929,771.79999,4859.8999,3055.0,975.0,5347.4502,765.6,1608.4,130.2,924.59998,1155.0,309.14999,1103.5,3375.0,108.0,1866.539606,1238.2,746.0,614.95001,3130.05,458.45001,2451.4193673,916.59998,412.12284994,1429.3,1374.0,745.0,217.0,1727.7,2916.1499,1558.2,10594.0,233.3,1213.03,184.14999,200.0,1129.0,1315.8,363.77,552.90002,1117.95,3373.7,876.24984508,383.75601649,120.9,1120.0,3189.8999,2040.95,8236.0,190.274995
2023-10-27 09:15:00,2206.5955275,786.40002,4860.5498,2974.6499,1004.75,5423.7002,754.9,1593.25,132.85001,918.40002,1197.9,317.14999,1090.79,3410.0,109.25,1862.55553,1270.0,739.0,615.59998,3152.8999,464.39999,2456.34189615,918.15002,412.31161843,1444.5,1385.0,735.45001,225.60001,1708.0,2910.55,1533.95,10845.0,238.45,1211.4,185.8,201.8,1136.75,1320.7,405.94,562.5,1119.8,3362.0,883.708752,388.76690456,121.8,1125.95,3138.75,2142.95,8270.0,192.175005
2023-10-30 09:15:00,2235.6934905,794.40002,4868.3999,2991.95,1002.75,5397.75,752.68501,1571.1,133.95,931.95001,1212.4,315.79999,1078.79,3426.0,108.6,1874.806564,1274.8,744.975,618.0,3128.55,461.75,2453.38837884,926.29999,412.64199634,1460.9,1380.35,736.79999,226.2,1720.9,2932.0,1515.45,10700.0,238.39999,1212.5,189.2,202.2,1162.5,1330.7,387.04,566.70001,1119.95,3382.8501,885.190656,388.67633415,121.25,1138.9,3121.95,2143.2,8416.2998,192.175005
2023-10-31 09:15:00,2250.242472,791.09998,4899.6499,3012.75,998.0,5366.1499,757.97002,1581.45,133.64999,923.54999,1206.1,316.79999,1088.19,3367.0,108.15,1884.418147,1279.85,752.0,621.0,3139.6001,465.0,2453.38837884,931.0,409.05505509,1460.0,1381.15,738.54999,223.2,1747.0,2951.55,1497.3,10490.0,237.2,1216.5,189.8,202.95,1164.0,1375.4,381.39,569.5,1119.6,3399.0,892.50140216,387.58964027,120.15,1137.15,3205.8,2165.0,8452.0996,192.050005
2023-11-01 09:15:00,2242.72549823,790.5,4856.0,3008.8999,979.29999,5449.5,754.9,1580.0,134.55,914.54999,1208.7,315.79999,1084.08,3315.1001,107.15,1889.448043,1285.95,738.725,623.95001,3144.6499,466.0,2455.30816509,917.59998,406.93119711,1445.6,1377.45,737.29999,222.05,1735.95,2983.1499,1485.0,10422.2,236.7,1210.00255,188.8,202.35001,1158.75,1377.95,381.4,569.65002,1132.55,3371.6001,908.90112,382.63911234,119.1,1138.0,3212.8999,2209.3,8445.0,192.774995
2023-11-02 09:15:00,2228.8554692,783.5,4895.0,2962.0,988.34998,5392.8501,761.5,1592.6,135.0,925.95001,1211.85,312.79999,1083.0,3345.0,108.0,1893.382318,1275.0,745.25,626.79999,3149.95,475.79999,2457.32640192,924.79999,408.44149612,1479.95,1376.3,734.40002,219.60001,1758.65,2937.8501,1477.5,10345.0,235.7,1207.49005,187.64999,203.64999,1162.15,1357.75,393.0,575.45001,1137.55,3375.95,906.62887708,385.29550202,118.55,1130.0,3228.5,2210.0,8473.2002,192.574995
2023-11-03 09:15:00,2210.4752559,798.79999,5165.5,2982.8999,991.40002,5377.0498,753.79502,1593.65,137.0,933.70001,1219.75,314.70001,1075.4,3458.1499,119.9,1907.376385,1287.3,745.7,625.0,3110.2,481.45001,2473.57074713,934.5,410.04616993,1475.0,1392.0,748.0,220.64999,1744.25,2948.05,1488.1,10370.0,235.25,1210.0,190.64999,206.5,1167.475,1349.95,405.59,579.5,1145.7,3387.8999,908.20955492,402.07897261,118.6,1136.0,3288.0,2198.95,8530.0,193.350005
2023-11-06 09:15:00,2192.046546,806.25,5228.0,3034.05,1016.2,5427.5,757.19502,1566.0,138.0,940.70001,1217.0,319.54999,1071.43,3543.45,123.9,1928.840594,1279.5,749.0,626.29999,3175.25,484.79999,2478.73940242,947.75,412.31161843,1471.9,1407.25,756.45001,220.7,1747.0,2979.0,1492.2,10338.95,237.2,1219.525,194.2,208.95,1170.0,1340.7,402.48,582.5,1151.0,3392.3,912.55649308,394.14001386,119.65,1144.8,3310.0,2245.5,8650.0,193.225005
2023-11-07 09:15:00,2192.046546,808.40002,5181.9502,3038.95,1022.2,5445.0,764.0,1607.8,138.95,938.95001,1217.5,318.79999,1094.61,3538.95,126.35,1922.266869,1277.7,747.0,624.0,3181.2,491.5,2466.383855,950.45001,410.51813837,1490.45,1405.9,759.59998,218.8,1754.4,2983.6001,1497.0,10326.0,239.55,1224.0,198.0,209.10001,1169.55005,1344.05,401.08,581.20001,1173.55,3404.1499,912.55649308,392.35905757,120.2,1150.3,3286.45,2450.0,8695.0,193.5
2023-11-08 09:15:00,2228.9039658,823.79999,5153.6499,3098.95,1026.95,5435.25,753.6,1579.95,141.14999,941.79999,1242.4,318.14999,1100.07,3565.0,125.7,1935.264917,1280.8,746.725,624.84998,3166.3999,491.45001,2485.87706925,948.45001,412.97238369,1495.95,1405.0,757.75,217.89999,1760.95,3002.75,1489.4,10340.45,240.89999,1220.63495,196.55,209.60001,1170.5,1349.35,398.53,582.59998,1182.9,3401.95,918.23712508,391.84587561,120.5,1152.85,3323.8,2503.8501,8719.1504,192.925005
2023-11-09 09:15:00,2204.26778745,827.70001,5313.0,3111.3999,1028.85,5455.0,748.5,1589.0,139.95,937.29999,1245.0,324.5,1099.79,3596.3999,125.55,1936.808746,1275.8,746.3,625.0,3196.0,488.79999,2482.92355194,942.34998,413.44435213,1516.3,1397.5,759.90002,217.7,1756.7,3028.7,1558.7,10449.6,239.7,1220.75,196.7,210.5,1167.94995,1353.35,394.0,581.84998,1183.25,3391.5,907.86379708,394.62301575,120.5,1141.0,3320.95,2487.25,8719.0,192.0
2023-11-10 09:15:00,2169.7381077,818.79999,5338.0,3085.0,1031.0,5427.0498,745.4,1598.8,139.10001,937.0,1242.0,326.14999,1090.14004,3565.0,123.3,1940.0458082,1271.0,748.0,631.5,3179.05,488.25,2450.04115767,941.45001,413.44435213,1509.45,1373.15,759.0,222.95,1749.25,3044.0,1551.0,10416.4,243.25,1212.475,196.5,213.0,1158.17505,1360.0,393.19,581.0,1181.5,3347.45,905.78910184,394.20040419,120.45,1139.75,3274.95,2504.1499,8729.9502,190.899995
2023-11-12 18:15:00,2159.0688546,816.7,5300.0,3100.0,1033.9,5455.0,749.8,1607.0,140.3,940.0,1248.9,336.7,1091.54,3611.55,123.95,1942.1374481,1265.45,751.0,629.9,3140.0,486.0,2460.27991923,943.2,414.57707638,1507.9,1389.1,761.0,226.5,1755.9,3060.0,1540.0,10495.0,246.35,1217.4,198.8,213.7,1166.0,1370.5,393.94,584.75,1187.0,3359.0,910.876992,397.21900905,121.6,1147.15,3320.0,2515.0,8745.0,191.7
2023-11-13 09:15:00,2174.490678,828.0,5279.0,3098.0,1031.85,5439.7998,745.0,1597.95,144.2,940.29999,1243.0,350.0,1096.36,3675.0,123.1,1938.153372,1263.6,747.975,628.20001,3136.95,492.35001,2448.66275114,940.90002,413.82191744,1516.0,1382.45,763.25,225.89999,1752.2,3054.3501,1543.3,10429.0,250.60001,1214.9,197.3,215.10001,1162.30005,1359.7,394.6,582.5,1187.55,3356.0,909.34570108,394.83430644,121.25,1142.15,3278.3501,2564.0,8723.7998,191.449995
2023-11-15 09:15:00,2182.347225,818.0,5295.0,3118.8501,1045.0,5555.0,747.62002,1615.0,145.39999,952.70001,1260.0,359.0,1091.03,3860.0,125.2,1956.480122,1283.0,755.475,639.40002,3181.6001,513.5,2464.2671676,944.40002,417.69206807,1538.5,1414.0,782.5,227.35001,1772.3,3071.05,1550.8,10497.0,248.95,1212.45,203.0,215.0,1180.975,1359.0,408.24,588.0,1184.4,3413.0,920.756352,406.60688897,124.4,1178.85,3300.8999,2579.8,8815.75,196.125
2023-11-16 09:15:00,2165.66439288,818.40002,5368.0,3140.8999,1044.0,5583.2998,738.07002,1628.0,144.35001,953.90002,1246.3,354.5,1115.0,3873.0,122.55,1947.067742,1317.95,759.5,639.70001,3299.0,507.45001,2466.97455847,946.20001,419.57994183,1506.6,1453.4,774.29999,229.3,1783.4,3082.1001,1583.95,10543.7,254.25,1213.625,203.39999,208.85001,1187.07495,1365.1,410.2,588.0,1194.9,3529.3501,921.744288,413.85155514,125.25,1214.95,3358.0,2558.1499,8811.7002,199.75
2023-11-17 09:15:00,2170.6595432,821.95001,5493.3501,3228.25,1020.0,5674.9502,726.0,1620.65,146.5,954.0,1256.1,348.54999,1127.9,3898.0,125.0,1975.703288,1325.75,753.75,660.0,3368.8,506.45001,2494.2453683,938.40002,416.7481312,1509.0,1451.0,774.90002,226.0,1784.25,3115.45,1596.0,10606.8,253.10001,1224.245,201.25,210.7,1186.625,1434.45,403.79,574.5,1198.4,3524.5,922.732224,415.14956991,125.75,1213.95,3366.0,2613.7,8869.5996,199.5
2023-11-20 09:15:00,2151.79436385,816.0,5595.0,3171.8999,994.75,5675.9502,723.9,1616.55,146.75,964.29999,1256.0,352.39999,1131.22,3898.8999,123.4,1970.274985,1331.7,756.5,655.20001,3368.0,505.95001,2495.22987407,926.75,415.6153975,1509.45,1452.0,772.0,221.75,1775.95,3111.95,1589.8,10593.35,255.39999,1220.19005,198.5,211.2,1179.19995,1420.0,401.96,566.79999,1198.25,3533.8999,929.49956584,414.60620787,125.65,1222.5,3353.95,2637.3,8815.2002,200.550005
2023-11-21 09:15:00,2165.42190986,814.90002,5520.2998,3156.8999,997.5,5707.3501,712.88501,1616.45,144.55,976.34998,1255.0,338.5,1135.79,3865.6001,119.0,1980.085772,1336.0,761.0,672.04999,3395.0,510.95001,2478.00102309,928.04999,414.67146063,1507.45,1450.0,779.59998,223.14999,1778.95,3099.0,1571.4,10619.0,252.8,1220.9925,193.95,210.14999,1194.0,1425.15,403.96,566.65002,1205.0,3539.05,920.262384,412.52336031,126.4,1221.15,3401.75,2652.0,8737.9004,201.300005
2023-11-22 09:15:00,2158.0989225,804.95001,5539.9502,3157.0,999.90002,5764.8999,717.78501,1626.0,143.45,976.29999,1283.55,337.89999,1146.0,3854.3999,117.8,1976.998113,1335.75,760.0,675.34998,3427.7,506.85001,2485.13868992,925.20001,415.70979119,1505.5,1458.95,776.75,223.39999,1763.0,3088.6499,1564.65,10551.25,254.0,1226.0,191.85001,212.60001,1197.225,1438.55,402.0,564.5,1214.8,3532.6499,928.46224292,414.9684291,126.9,1218.0,3435.0,2647.05,8775.0,201.300005
2023-11-23 09:15:00,2124.151299,804.70001,5550.0,3171.3999,1003.4,5945.0,716.0,1636.85,142.55,981.0,1270.0,336.04999,1136.89,3915.0,115.75,1976.201298,1335.25,761.925,677.0,3576.0,503.0,2488.58446012,925.34998,417.45608385,1496.25,1467.9,777.95001,223.25,1748.8,3088.0,1560.95,10525.0,255.7,1229.495,191.75,213.10001,1200.0,1434.4,399.78,563.5,1209.9,3544.0,926.38759708,414.09305609,127.4,1220.9,3441.95,2664.5,8767.0,202.5
2023-11-24 09:15:00,2184.23859259,802.95001,5493.0,3139.8,1010.75,5960.0,711.67998,1628.95,142.14999,977.15002,1205.0,337.45001,1151.37,3920.0,116.0,1961.60962,1332.65,766.575,672.25,3579.8,512.75,2480.75763925,930.40002,417.45608385,1491.9,1452.65,786.25,227.85001,1749.5,3067.0,1559.5,10566.5,256.85001,1223.6425,191.85001,212.10001,1201.30005,1418.95,396.0,562.45001,1209.6,3504.55,925.54782184,411.70834744,127.0,1214.95,3419.1001,2668.0,8655.0,201.75
2023-11-28 09:15:00,2436.85731105,854.40002,5424.8501,3160.0,1021.95,6039.6499,713.5,1657.0,141.8,988.0,1202.75,342.5,1142.89,3892.1499,116.9,1979.089753,1319.9,768.625,676.70001,3628.0,518.25,2492.5224832,931.04999,414.388289,1486.8,1445.0,785.54999,232.3,1748.0,3059.1499,1572.0,10556.4,258.29999,1213.0,194.45,214.45,1199.85,1417.3,394.0,565.20001,1200.35,3481.25,923.67077308,422.27348561,127.0,1209.0,3445.95,2683.5,8735.5,199.375
2023-11-29 09:15:00,2403.15217057,850.0,5435.0,3170.0,1063.5,6096.3999,716.86001,1665.0,142.64999,1007.1,1206.8,345.0,1148.8,3852.0,119.2,2001.002171,1338.8,781.5,680.45001,3788.1499,523.34998,2489.47041686,941.09998,413.91632056,1489.55,1460.7,794.70001,229.35001,1759.25,3089.8999,1623.4,10634.55,259.54999,1216.75,195.5,211.45,1205.975,1421.8,396.28,569.0,1209.5,3518.0,926.58519416,431.29913825,128.14999,1234.6,3473.8501,2720.0,8790.0,204.274995
2023-11-30 09:15:00,2336.5664289,839.0,5550.0,3153.95,1080.9,6128.8999,716.36001,1679.9,146.35001,1018.2,1217.65,345.0,1160.0,3920.0,120.7,2022.914589,1346.8,786.225,693.0,3884.5,519.75,2514.91998947,940.84998,413.86913316,1500.0,1460.65,808.15002,231.8,1766.0,3124.55,1660.0,10649.0,261.64999,1217.00995,195.64999,212.8,1200.35,1444.2,404.0,570.20001,1231.15,3516.6499,936.76092508,433.01973439,128.85001,1228.3,3500.0,2809.75,9019.1504,207.25
2023-12-01 09:15:00,2331.08640953,839.20001,5687.6499,3190.6001,1109.0,6090.0,727.98501,1688.7,150.3,1022.55,1217.85,351.10001,1171.31,3950.0,118.35,2030.882741,1349.0,782.875,695.0,3865.0,524.79999,2541.94467285,952.0,425.66834412,1493.0,1459.9,815.0,231.60001,1766.0,3197.95,1666.0,10759.0,275.45001,1218.25,198.25,212.45,1198.19995,1445.0,405.98,574.20001,1241.85,3516.95,941.40423416,429.24647076,130.3,1226.8,3500.0,2837.3999,9163.4004,206.875
2023-12-04 09:15:00,2516.9737995,883.34998,5658.25,3204.45,1129.0,6217.7002,742.0,1714.7,157.5,1044.0,1219.1,360.0,1160.0,4200.0,119.0,2067.735444,1350.0,806.0,689.79999,3880.0,526.65002,2567.98475202,994.84998,430.81278122,1517.55,1471.9,823.40002,232.0,1825.95,3347.55,1675.0,10695.1,279.0,1226.75,205.89999,214.10001,1225.0,1458.7,421.6,596.0,1240.0,3547.8,944.960784,432.86880385,132.35001,1249.2,3550.0,2867.0,9340.7998,206.5
2023-12-05 09:15:00,2909.6992098,1024.3,5689.0,3247.6499,1151.85,6194.0498,744.0,1713.4,155.10001,1045.95,1229.0,356.45001,1163.8,4195.25,118.25,2069.727482,1347.0,819.5,681.29999,3825.0,528.79999,2596.14171549,1015.75,432.13429285,1525.5,1466.9,826.0,246.0,1837.0,3325.0,1708.0,10770.0,286.54999,1233.6925,203.95,223.25,1220.42505,1472.1,419.77002,611.29999,1243.6,3538.0,942.63915416,431.60099934,132.45,1226.25,3550.0,2898.5,9400.0,204.5
2023-12-06 09:15:00,3059.69930606,1082.5,5639.0,3289.0,1145.7,6096.0,745.9,1710.0,157.14999,1035.0,1229.85,362.5,1164.0,4127.9502,119.7,2076.699615,1339.95,819.225,681.79999,3825.0,526.95001,2543.66755795,1016.25,438.45867937,1521.35,1477.0,833.40002,251.60001,1839.35,3401.0,1710.45,10748.95,288.25,1254.845,203.75,226.25,1236.475,1462.95,416.82002,614.0,1258.0,3612.8501,951.382368,437.57783082,133.39999,1247.0,3573.95,2912.45,9347.9502,210.199995
2023-12-07 09:15:00,2857.3228764,1058.75,5519.7998,3299.95,1129.6,6154.4502,744.0,1724.0,161.8,1019.7,1225.0,353.79999,1169.98,4135.0,122.2,2080.683691,1337.0,817.0,685.70001,3811.95,522.40002,2520.13787005,1002.2,438.74185099,1514.95,1472.85,830.0,250.7,1836.85,3409.8999,1706.0,10932.85,288.25,1258.50255,200.89999,232.39999,1230.475,1483.45,414.0,612.54999,1241.9,3630.55,947.97397892,439.20788675,132.2,1231.0,3595.0,2918.0,9381.0,210.75
2023-12-08 09:15:00,2838.9912567,1055.0,5572.5498,3269.8,1134.35,6120.0,739.81001,1714.55,162.35001,1004.0,1231.2,358.39999,1156.97,4112.3999,123.9,2090.942687,1369.95,827.5,684.0,3802.1001,525.04999,2494.68839589,1012.85,435.72127186,1520.95,1494.7,853.45001,250.5,1843.0,3430.0,1708.15,10748.0,291.89999,1258.78495,200.3,233.39999,1238.35,1469.55,411.5,616.79999,1247.6,3645.0,950.24622184,439.26824689,131.39999,1237.95,3646.95,2887.3,9431.6504,212.25
2023-12-11 09:15:00,2832.1046418,1048.0,5555.3501,3245.0,1139.4,6145.0,735.27002,1717.0,163.25,1004.6,1218.95,358.60001,1115.6,4068.8999,120.5,2079.936677,1383.0,831.85,674.5,3728.6499,523.79999,2490.75037281,1020.0,428.16977685,1537.95,1498.0,847.0,247.0,1861.65,3405.0,1674.45,10638.0,288.5,1256.0,200.85001,232.89999,1233.80005,1468.3,413.57998,619.90002,1246.35,3653.0,941.503008,438.60416457,130.5,1240.5,3644.6001,2907.3501,9730.0,211.100005
2023-12-12 09:15:00,2808.874865,1048.45,5550.0,3257.05,1133.9,6299.9502,735.4,1719.75,162.8,1000.85,1214.25,354.60001,1126.96,4047.45,119.3,2120.524451,1387.0,828.125,710.59998,3793.95,538.5,2478.98552886,1021.0,434.21096342,1528.9,1490.0,862.79999,247.3,1853.0,3375.0,1670.0,10624.0,288.60001,1262.0375,197.8,233.3,1232.475,1491.9,413.0,617.95001,1250.0,3698.3999,950.34504508,437.57783082,132.14999,1245.0,3644.5,2909.8999,9961.1504,213.949995
2023-12-13 09:15:00,2811.9302481,1075.0,5452.0,3254.95,1151.0,6329.0,730.45,1709.5,163.89999,1002.0,1217.95,349.79999,1122.0,4044.95,120.5,2084.617966,1382.8,818.0,707.0,3870.0,535.25,2477.70567136,1020.7,433.12544545,1512.65,1476.05,859.20001,242.39999,1835.75,3410.0,1670.5,10412.9,294.89999,1254.0,195.39999,237.5,1219.17505,1483.15,402.34,620.5,1239.6,3650.0,948.12218908,435.55537359,131.5,1233.95,3609.75,2973.95,10042.95,212.149995
2023-12-14 09:15:00,2844.76235269,1089.9,5532.9502,3258.6001,1138.6,6360.0,751.125,1733.9,164.35001,1011.2,1222.55,351.20001,1125.32,4100.0,124.95,2103.542327,1419.25,829.475,704.0,3905.8999,545.95001,2485.6801681,1040.0,435.1549003,1554.5,1511.0,861.54999,243.75,1865.45,3440.0,1709.85,10495.0,298.5,1257.2,196.3,237.60001,1237.475,1477.6,426.0,627.75,1239.9,3678.0,949.20889892,437.51747068,133.25,1269.8,3647.0,2995.0,9990.0,218.0
2023-12-15 09:15:00,2909.7963,1086.5,5588.0,3326.3501,1127.85,6402.1001,752.88999,1741.0,170.2,1010.85,1217.6,354.35001,1123.0,4135.2998,125.0,2124.259522,1497.0,834.0,688.0,3940.0,559.04999,2492.76860964,1043.7,436.99558665,1578.0,1588.55,870.54999,242.60001,1865.0,3498.8999,1739.6,10476.75,307.0,1247.6075,201.95,238.10001,1250.0,1485.0,424.32002,650.0,1246.5,3895.95,948.36917308,443.13208093,136.75,1324.8,3615.0,3024.55,10059.5,224.75
2023-12-18 09:15:00,2936.71191578,1102.4,5607.75,3335.8,1120.0,6486.75,761.0,1738.55,174.35001,998.79999,1218.95,351.25,1137.8,4165.0,129.2,2119.229626,1509.9,832.35,674.79999,3948.6001,567.40002,2505.07493176,1029.95,430.43521591,1570.0,1593.0,865.54999,242.2,1855.9,3506.0,1731.85,10350.9,306.54999,1229.03,201.64999,236.89999,1267.44995,1461.4,415.71,655.65002,1267.9,3929.0,946.64028508,443.58487256,137.60001,1333.05,3667.2,3001.5,10028.0,226.75
2023-12-19 09:15:00,2904.31628063,1099.0,5675.3501,3353.8999,1126.85,6470.25,764.16001,1726.55,174.39999,997.95001,1240.15,369.75,1129.2,4109.5498,131.75,2129.289418,1504.65,829.325,674.04999,3914.8,567.95001,2527.1770863,1025.5,432.32308967,1586.05,1573.95,861.5,240.8,1854.85,3525.0,1723.85,10377.0,312.5,1285.25,203.55,234.39999,1286.94995,1448.0,416.52998,659.59998,1267.95,3855.1001,966.201408,442.2868578,137.60001,1300.95,3627.95,3013.6001,10050.0,223.675005
2023-12-20 09:15:00,2878.7584728,1083.85,5605.7998,3359.95,1123.85,6466.0,769.5,1741.0,176.3,993.65002,1248.0,371.79999,1134.22,4132.4502,131.0,2127.098276,1503.05,834.475,674.0,3905.8999,570.90002,2533.08412092,1022.0,433.50301076,1581.0,1583.5,863.75,248.2,1864.0,3514.6001,1711.95,10309.05,313.35001,1288.92245,212.0,235.39999,1299.42505,1437.0,422.39,660.40002,1255.0,3898.8,997.81536,442.52835875,136.14999,1314.0,3651.5,3025.0,10128.0,224.75
2023-12-21 09:15:00,2737.09988959,1028.0,5553.0,3320.0,1103.9,6345.0,747.7,1681.8,171.85001,981.54999,1236.2,356.79999,1118.8,4007.8999,128.7,2082.526426,1447.05,844.875,648.70001,3867.8999,561.65002,2540.0248866,1010.9,428.31135794,1574.0,1546.65,847.65002,238.7,1857.45,3439.95,1653.15,10099.25,303.14999,1262.4,206.75,233.2,1286.75,1410.3,409.58,648.95001,1237.95,3806.7,972.03025016,429.7898328,131.45,1258.55,3598.95,2969.8999,9985.0,218.25
2023-12-22 09:15:00,2761.97874495,1050.95,5549.0,3350.8,1106.3,6395.0,744.0,1690.0,175.25,998.95001,1242.5,367.39999,1131.2,4016.95,131.0,2088.253535,1467.35,842.95,649.0,3944.0,572.0,2539.77876016,1009.55,430.34081278,1591.1,1566.0,857.54999,239.75,1879.65,3496.0,1652.0,10318.3,308.95001,1270.49745,204.5,234.2,1290.44995,1417.7,413.8,649.40002,1251.0,3845.95,986.25649892,441.32091438,134.75,1280.9,3638.45,2981.95,9999.0,233.149995
2023-12-26 09:15:00,2806.74101438,1041.0,5645.0,3391.8999,1100.65,6475.0,734.4,1684.0,184.5,1002.5,1250.0,371.79999,1139.0,4069.6499,128.7,2074.707577,1467.35,842.975,645.90002,4079.0,580.84998,2551.49428037,997.5,433.17262342,1582.75,1548.0,863.0,238.0,1899.0,3508.3501,1669.0,10281.2,310.70001,1280.0,208.5,235.8,1295.975,1409.15,415.36,641.29999,1250.0,3834.0,1004.730912,439.20788675,136.10001,1288.75,3665.0,2991.95,10054.8,237.899995
2023-12-27 09:15:00,2807.75944308,1037.05,5715.0,3409.95,1110.55,6740.25,732.33999,1674.05,184.89999,1024.05,1250.35,369.20001,1144.4,4134.9502,127.6,2122.367186,1476.0,853.25,646.0,4096.9502,607.65002,2571.52907124,1004.9,432.7950581,1600.0,1570.0,881.5,237.25,1910.0,3549.0,1691.8,10305.35,312.25,1288.39745,209.89999,235.85001,1299.94995,1424.0,413.1,649.45001,1255.4,3818.2,1016.586144,447.87128797,138.89999,1291.5,3695.0,3059.7,10470.0,237.699995
2023-12-28 09:15:00,2781.13490393,1031.2,5770.0,3419.95,1113.0,6738.6499,729.0,1698.8,184.25,1041.95,1263.8,382.5,1178.16,4130.0,125.5,2139.697817,1482.7,860.7,650.95001,4189.0,616.5,2599.0952328,1011.7,438.64747618,1618.7,1568.95,895.75,236.35001,1926.5,3559.95,1739.95,10310.95,315.5,1318.7,208.89999,239.95,1306.0,1444.95,412.96,653.29999,1264.65,3838.0,1037.3328,457.5912332,138.75,1289.0,3737.0,3045.0,10498.95,238.699995
2023-12-29 09:15:00,2777.20658193,1034.9,5758.9502,3422.95,1106.85,6833.9502,734.3,1692.7,185.2,1043.25,1267.6,381.70001,1168.9,4178.0,125.55,2136.460755,1481.85,857.45,649.84998,4193.3999,618.0,2625.77543762,1008.55,441.66805531,1618.9,1559.45,887.5,235.2,1917.75,3540.0,1758.0,10396.65,314.35001,1332.5,208.0,238.25,1307.0,1435.25,413.6,649.59998,1271.95,3822.6001,1080.801984,484.72855128,141.25,1291.95,3715.1001,3060.3501,10526.0,237.675005
2024-01-01 09:15:00,2858.3898987,1057.95,5765.0,3411.8,1104.0,6795.5,733.69502,1691.7,187.0,1031.95,1256.8,386.79999,1172.0,4145.0,125.6,2166.341325,1495.75,854.575,652.34998,4181.3999,620.5,2628.03960399,1004.85,443.60314479,1611.4,1557.0,884.79999,236.39999,1919.0,3538.0,1730.0,10345.0,313.29999,1372.2625,207.10001,239.5,1303.42505,1437.6,412.0,646.90002,1263.95,3832.0,1080.6537936,482.19291208,140.95,1303.8,3698.0,3067.0,10520.0,241.75
2024-01-02 09:15:00,2859.55381722,1082.9,5782.6499,3398.8999,1099.35,6736.7998,744.51001,1689.85,186.2,1025.45,1285.0,395.85001,1189.8,4010.75,129.45,2121.918778,1488.8,851.4,654.29999,4118.9502,620.0,2612.82908829,997.65002,444.92465641,1598.25,1549.15,883.84998,236.0,1908.0,3525.45,1705.0,10294.7,310.79999,1384.65,210.75,240.10001,1307.5,1449.7,411.95,648.0,1299.0,3811.1001,1089.7428048,485.3926336,140.60001,1299.1,3707.8501,3017.8999,10489.9,239.0
2024-01-03 09:15:00,3102.8127879,1144.0,5786.0,3399.0,1102.6,7059.8501,748.58501,1708.0,184.7,1037.0,1307.0,394.79999,1194.0,3928.95,130.25,2111.56028,1465.0,852.35,648.45001,4061.95,611.40002,2587.87196547,988.0,453.75046621,1604.95,1519.95,870.0,236.0,1870.0,3465.8501,1678.2,10210.0,308.0,1370.86505,210.45,238.7,1317.0,1440.9,419.6,648.0,1304.65,3771.8501,1085.8404576,476.94052307,139.60001,1274.0,3709.95,3107.8999,10245.0,231.949995
2024-01-04 09:15:00,2952.90978184,1131.0,5839.9502,3401.25,1130.0,7028.9502,773.39502,1723.95,187.64999,1058.8,1308.0,389.79999,1184.43,3915.0,130.89999,2086.659805,1444.8,847.475,649.0,4006.1499,595.84998,2582.35863471,989.15002,454.45841887,1655.0,1519.75,843.79999,243.25,1871.5,3480.1001,1674.45,10120.0,321.75,1357.50255,215.39999,243.10001,1304.92505,1436.6,430.5,646.40002,1328.5,3719.0,1114.9845696,484.06443877,136.35001,1254.7,3727.0,3108.45,10164.55,229.925005
2024-01-05 09:15:00,2974.6846605,1160.0,5808.7998,3380.3999,1139.9,7084.0,778.9,1717.1,188.64999,1063.65,1301.55,388.5,1174.91,3918.7,134.35001,2090.643881,1438.85,852.45,654.54999,4037.0,597.59998,2589.15162607,998.29999,452.52332939,1654.0,1539.7,845.79999,248.2,1869.9,3555.0,1661.5,10075.0,325.64999,1377.0,217.5,245.0,1309.92505,1468.0,435.35,651.75,1318.0,3747.75,1117.5038064,486.53971782,135.95,1271.85,3750.0,3096.55,10100.0,231.5
2024-01-08 09:15:00,2935.9844667,1182.0,5774.8501,3376.5,1146.0,7049.8501,783.0,1723.65,187.5,1059.0,1297.0,388.64999,1176.2,3960.3999,133.64999,2075.4047903,1452.6,841.175,654.15002,4050.0,592.5,2585.31215202,998.20001,448.84198501,1650.05,1536.0,836.65002,246.89999,1851.45,3559.95,1653.4,10128.95,318.35001,1344.5,220.8,245.25,1315.975,1460.1,445.0,645.0,1309.95,3739.75,1115.379744,483.18903557,135.95,1254.25,3776.8501,3083.2,10080.0,230.0
2024-01-09 09:15:00,2976.52762848,1229.9,5849.0,3315.0,1135.55,7399.0,781.0,1715.0,186.7,1067.9,1295.0,387.95001,1167.73,3923.95,135.0,2084.41876225,1480.95,838.9,650.79999,4148.75,584.90002,2548.88543853,995.0,443.60314479,1643.9,1553.0,831.95001,244.64999,1858.0,3593.75,1636.8,10042.65,321.45001,1320.15,221.45,244.64999,1303.4,1468.25,444.61,634.34998,1333.45,3752.3501,1106.6365104,488.53199498,134.8,1251.2,3753.95,3143.0,10016.95,231.25
2024-01-10 09:15:00,3018.4286952,1220.0,5819.2998,3293.0,1116.0,7139.9502,773.525,1685.0,186.0,1073.3,1331.5,385.85001,1160.0,3873.0,136.14999,2074.45,1508.0,829.975,650.34998,4177.0,582.0,2554.10331911,994.95001,440.58253734,1642.75,1535.45,831.34998,242.3,1832.5,3558.95,1647.45,10050.75,319.75,1311.19995,215.0,242.10001,1329.5,1495.35,437.57002,625.29999,1333.5,3729.25,1104.2160672,489.61868887,134.7,1246.45,3730.0,3189.95,9906.75,228.0
2024-01-11 09:15:00,3034.9175409,1223.6,5892.0,3309.2,1127.9,7324.8999,779.32998,1702.65,187.64999,1073.9,1340.0,388.89999,1155.6,3924.7,139.0,2096.3,1500.0,831.45,653.09998,4395.0,587.0,2548.88543853,998.5,440.39374052,1668.2,1525.0,836.75,253.39999,1841.4,3559.55,1651.25,10124.1,317.29999,1294.975,214.0,243.10001,1362.5,1463.3,457.97002,627.15002,1331.9,3773.0,1111.3786032,493.54288305,135.64999,1261.8,3742.7,3213.2,9944.9502,228.449995
2024-01-12 09:15:00,3031.0378125,1218.75,5922.0,3294.95,1129.45,7360.9502,771.89502,1674.95,185.5,1078.55,1325.65,385.79999,1146.97,3899.0,141.5,2120.8999,1555.0,828.0,648.59998,4395.0,585.5,2515.41224235,1008.7,441.47928681,1677.85,1618.0,830.79999,259.35001,1842.55,3578.6499,1633.85,10044.95,315.29999,1279.975,224.75,242.64999,1373.32495,1440.9,460.62002,636.5,1330.0,3905.25,1151.4888048,494.1767853,136.25,1311.75,3734.3,3240.95,9979.9502,234.5
2024-01-15 09:15:00,3035.887473,1215.35,5924.1499,3287.2,1130.45,7419.0,769.79502,1664.15,189.89999,1104.7,1327.75,387.89999,1159.8,3884.6499,139.85001,2122.95,1619.6,840.45,637.0,4413.5498,586.0,2538.79425439,1011.65,444.12230063,1694.5,1664.95,830.5,269.70001,1853.6,3605.7,1640.9,10098.8,318.0,1288.07495,235.45,241.5,1396.44995,1444.55,465.0,645.5,1340.0,3965.0,1176.5823792,495.29368945,136.25,1401.5,3775.0,3238.0,9996.7998,264.5
2024-01-16 09:15:00,3011.15420445,1212.0,5967.4502,3320.0,1127.8,7356.1499,761.45,1646.3,190.25,1117.0,1314.4,386.95001,1158.0,3828.1001,135.3,2119.8,1587.0,841.825,616.84998,4450.0,584.84998,2544.55371159,1015.8,448.37001657,1691.75,1648.5,839.5,258.0,1860.95,3589.0,1640.0,10240.0,317.25,1278.44995,238.95,242.39999,1396.30005,1431.9,466.99,644.90002,1331.55,3899.0,1148.5249968,499.27824377,138.5,1332.2,3858.0,3224.8999,10046.8,247.5
2024-01-17 09:15:00,2953.4432445,1204.7,5980.3501,3304.3501,1115.0,7210.0,747.82002,1622.0,188.5,1108.95,1312.9,385.35001,1148.0,3772.0,132.39999,2115.2,1585.0,798.4,618.5,4430.0,572.70001,2531.50901014,1007.8,450.25789033,1677.05,1647.5,830.0,247.0,1834.65,3614.45,1615.0,10161.8,314.10001,1278.57495,237.25,241.2,1386.275,1444.95,463.57002,636.79999,1320.45,3909.95,1139.0408112,491.2487448,135.75,1334.5,3855.0,3183.95,10046.1,245.75
2024-01-18 09:15:00,2895.2473185,1184.3,6028.9502,3257.95,1108.75,7189.25,735.175,1605.35,189.0,1096.0,1327.2,382.54999,1133.66,3761.55,129.8,2069.0,1584.2,757.5,612.29999,4411.6499,561.34998,2530.1798289,994.29999,441.62087734,1639.6,1649.0,814.5,247.89999,1792.7,3616.95,1623.3,10050.0,311.29999,1275.0,234.5,235.7,1371.0,1438.0,457.46,633.45001,1343.4,3908.8,1136.1264,496.83317497,132.25,1369.5,3824.6499,3185.0,9933.0498,244.5
2024-01-19 09:15:00,2860.76623235,1166.8,6120.0,3201.55,1126.3,7180.0,738.87998,1606.35,193.7,1136.35,1330.95,384.89999,1142.99,3787.8501,135.5,2094.0,1590.0,755.125,618.40002,4440.8501,561.0,2534.06862669,1010.9,446.48214282,1631.75,1665.5,820.70001,249.14999,1799.95,3655.8501,1659.0,10051.65,309.45001,1260.94995,242.55,236.95,1376.0,1445.0,464.39,635.5,1344.4,3963.55,1151.5382016,498.67452159,134.7,1397.85,3861.5,3218.75,10128.7,246.675005
2024-01-20 09:15:00,2925.16982078,1198.75,6220.0,3189.2,1126.45,7189.0,738.62998,1610.95,195.0,1139.25,1337.95,401.5,1140.0,3737.8999,136.95,2099.8999,1580.0,747.85,619.5,4425.7002,566.75,2483.90805771,1014.7,448.37001657,1571.9,1669.25,822.79999,249.5,1829.45,3670.0,1673.95,10067.0,314.85001,1262.5,245.45,240.8,1383.475,1454.35,467.99,633.79999,1346.35,3955.6499,1154.897184,499.27824377,135.2,1406.2,3834.3999,3252.6001,10200.0,244.449995
2024-01-23 09:15:00,2924.29678489,1207.2,6428.7002,3109.0,1141.6,7210.0,735.5,1615.25,195.5,1172.55,1425.0,404.79999,1150.8,3744.0,137.3,2086.3999,1567.9,737.35,613.75,4560.0,561.79999,2442.06656249,1059.4,447.19009548,1547.9,1674.7,816.0,248.05,1824.9,3661.3501,1647.6,9973.0,315.29999,1249.1,245.64999,246.8,1371.75,1448.65,462.79,634.90002,1394.6,3933.8999,1151.933376,499.640465,135.2,1416.3,3858.0,3225.75,10085.0,243.0
2024-01-24 09:15:00,2841.0282111,1146.75,6230.0,3055.0,1073.2,7237.0,710.4,1622.85,190.2,1194.0,1423.05,387.79999,1183.0,3648.95,136.89999,2080.75,1581.2,729.225,591.0,4453.6001,566.79999,2408.00256439,1035.95,441.19608687,1495.8,1680.0,814.0,241.55,1803.5,3617.95,1632.3,10000.0,310.70001,1259.69995,235.0,247.0,1349.5,1413.9,463.0,622.34998,1390.0,3883.6499,1146.993696,490.22241105,135.55,1410.5,3780.0,3241.3,10032.6,239.5
2024-01-25 09:15:00,2838.36089783,1155.75,6238.2002,3016.0,1063.7,7625.1499,712.57998,1635.0,192.0,1200.65,1413.45,391.70001,1185.0,3680.0,138.2,2087.3501,1570.0,728.675,586.54999,4480.0498,570.0,2429.76024036,1015.1,438.8834604,1543.95,1680.55,821.0,242.64999,1797.6,3618.25,1642.75,9999.7998,317.20001,1264.0,237.5,248.7,1364.15,1414.9,470.59,623.79999,1390.1,3861.0,1149.6117264,491.52042582,136.5,1356.35,3796.95,3252.5,10048.2,239.675005
2024-01-29 09:15:00,2999.70900567,1204.9,6349.0,2988.45,1068.0,7640.0,722.49502,1641.6,193.7,1169.75,1365.0,414.70001,1178.52,3681.0,137.7,2125.0,1588.6,731.4,584.0,4625.0,571.95001,2411.05463073,1032.0,431.61513701,1537.75,1679.35,823.59998,254.39999,1830.05,3733.8501,1645.0,10035.0,325.75,1252.5,254.95,255.0,1452.5,1424.6,488.4,629.5,1420.85,3820.0,1135.3360512,509.42077037,135.39999,1338.0,3875.0,3295.0,10300.0,238.5
2024-01-30 09:15:00,3035.7903828,1217.2,6387.8501,3005.0,1070.45,7660.0,698.85,1629.0,192.35001,1180.85,1352.0,415.79999,1189.8,3729.8999,138.8,2139.0,1592.45,731.6,583.59998,4662.0,584.29999,2455.89886855,1023.85,428.26417053,1544.45,1690.0,829.34998,253.95,1839.45,3737.8999,1659.5,10033.5,323.95001,1265.57495,263.29999,256.95001,1459.975,1433.7,499.31,633.5,1409.2,3847.8,1133.3601792,534.86767238,137.7,1340.95,3886.95,3275.0,10320.0,241.449995
2024-01-31 09:15:00,3056.93499957,1214.25,6371.6499,2971.8999,1084.1,7686.0,692.1,1632.0,189.10001,1175.05,1352.9,409.14999,1227.5,3852.1499,142.0,2182.05,1581.3,737.475,578.0,4636.8999,580.59998,2447.38279519,1039.0,417.69206807,1548.0,1667.25,822.0,250.60001,1841.45,3538.0,1658.3,10235.6,320.0,1255.875,254.35001,260.0,1434.25,1406.5,495.92002,643.20001,1438.9,3834.0,1113.89784,541.23693536,136.7,1336.0,3775.0,3104.5,10186.15,239.949995
2024-02-01 09:15:00,3139.62171109,1239.5,6377.0,2972.8501,1087.65,7765.0,687.99502,1632.0,188.39999,1170.2,1394.85,411.89999,1229.88,3965.8501,143.5,2178.8999,1597.0,736.8,591.40002,4717.8501,581.79999,2472.63546664,1033.95,422.64773668,1547.55,1677.0,822.0,254.7,1832.05,3493.75,1702.6,10699.8,326.95001,1255.44995,254.64999,270.95001,1443.35,1459.7,487.79,652.95001,1430.45,3904.8999,1121.2085664,543.44053339,136.75,1336.35,3738.0,3133.8,10233.25,238.850005
2024-02-02 09:15:00,3112.02714285,1287.5,6359.0498,2962.3501,1096.2,7797.5,691.0,1664.0,187.75,1175.2,1404.7,422.89999,1214.94,3900.0,145.0,2169.8999,1613.9,740.425,589.95001,4769.2998,589.0,2448.36730096,1050.0,422.12858083,1564.85,1718.5,826.29999,257.29999,1850.0,3436.3501,1687.05,10711.6,333.70001,1248.0,260.0,281.39999,1474.9,1456.0,484.22998,660.54999,1433.85,3984.3999,1156.5766752,540.78414372,139.60001,1354.0,3713.45,3213.1499,10165.9,243.25
2024-02-05 09:15:00,3132.29862675,1291.25,6346.6001,2965.0,1079.5,7838.0,689.5,1659.9,187.0,1159.65,1447.0,450.0,1227.6,3918.3999,145.39999,2147.3,1588.5,725.95,581.95001,4774.3501,590.90002,2426.56059661,1026.45,418.77758604,1550.0,1700.75,834.0,295.70001,1826.95,3407.95,1712.85,10759.95,341.04999,1252.5,268.04999,289.39999,1470.5,1460.0,486.47998,654.79999,1466.0,4022.0,1162.800672,573.53607205,143.35001,1353.1,3624.6499,3180.0,10128.3,244.75
2024-02-06 09:15:00,3131.13480522,1284.6,6297.8999,2947.0,1065.1,7747.7002,669.9,1626.8,183.55,1156.1,1445.9,451.0,1238.0,3950.75,141.8,2097.95,1627.0,724.85,595.04999,4792.0,587.75,2403.52326004,1034.9,416.18175963,1550.45,1733.0,820.75,285.70001,1814.0,3427.75,1730.0,10856.75,336.0,1238.975,273.39999,282.89999,1441.85,1469.95,480.77998,655.0,1478.0,4149.8999,1152.7237248,568.28368303,145.10001,1362.4,3577.95,3121.3999,10075.0,250.899995
2024-02-07 09:15:00,3179.38892719,1286.35,6248.8501,3002.95,1073.7,7777.7998,673.76001,1623.75,184.14999,1148.25,1444.5,460.54999,1238.0,3990.0,142.89999,2120.0,1629.9,726.9,614.0,4817.25,602.15002,2402.09552977,1031.55,410.61254149,1522.4,1729.0,842.90002,275.70001,1809.8,3447.0,1752.0,10973.5,337.89999,1255.775,275.64999,274.39999,1449.5,1493.0,491.82998,677.95001,1500.45,4155.0,1160.8248,569.91373896,147.39999,1358.7,3620.0,3634.7,10287.6,250.850005
2024-02-08 09:15:00,3148.01172075,1264.5,6363.2002,2999.75,1075.6,7783.4502,673.75,1607.95,187.10001,1146.5,1457.7,468.60001,1243.99,3957.3,147.5,2125.0,1647.7,719.475,616.04999,4824.7002,608.95001,2403.96618919,1028.25,405.04332336,1540.95,1706.35,841.45001,270.39999,1803.8,3417.8,1743.9,10951.0,335.25,1256.92505,275.64999,288.04999,1459.475,1492.1,485.0,718.90002,1507.5,4158.0,1148.8707744,567.31773962,145.64999,1329.65,3610.0,3937.3999,10295.0,250.050005
2024-02-09 09:15:00,3127.98252589,1275.5,6473.9502,2959.0,1054.9,7790.5,667.77002,1587.3,185.7,1145.95,1447.55,463.79999,1241.04,3847.95,151.39999,2182.0,1646.75,707.1,594.15002,4924.0,602.0,2390.82303716,1013.75,400.41803266,1491.4,1692.9,825.0,276.29999,1749.0,3390.0,1689.75,10770.0,335.0,1232.94995,275.64999,279.45001,1471.975,1468.0,470.81,728.34998,1539.0,4184.75,1135.5336384,559.89196283,144.45,1321.45,3597.8999,3858.0,10074.8,247.375
2024-02-12 09:15:00,3144.47137159,1279.75,6677.7998,2964.95,1057.25,7874.2002,667.18501,1579.3,183.10001,1129.0,1452.75,457.45001,1277.69,3903.05,158.8,2199.0,1685.0,706.825,586.5,4949.0498,601.79999,2392.20144369,1012.2,394.56561459,1497.0,1692.95,819.59998,281.10001,1749.0,3339.1499,1675.05,10748.95,326.70001,1233.975,266.60001,276.0,1461.0,1452.0,470.59,726.0,1555.1,4159.6001,1120.7145984,558.44301752,142.95,1331.0,3618.6001,3834.6499,10017.45,255.399995
2024-02-13 09:15:00,3097.9631274,1271.0,6740.0,2981.25,1075.55,7935.1499,663.9,1586.45,176.89999,1125.0,1463.55,457.85001,1281.97,3936.1499,157.89999,2173.8999,1675.0,702.175,594.0,4829.8501,540.0,2363.74912848,1027.05,387.76925963,1476.25,1689.1,814.70001,275.39999,1745.1,3338.55,1679.4,10830.0,323.95001,1238.30005,262.39999,270.85001,1479.0,1475.85,468.7,718.0,1551.0,4170.0,1127.5313568,554.88104457,138.25,1334.8,3608.75,3880.0,10004.7,256.5
2024-02-14 09:15:00,3157.37146852,1281.55,6775.0,2980.8,1100.9,8136.8501,665.6,1583.0,182.14999,1121.15,1454.8,468.0,1267.99,3932.3501,153.75,2085.0,1676.9,695.75,586.95001,4825.0,516.90002,2356.90681338,1035.7,389.13797754,1494.5,1669.45,815.79999,275.0,1764.8,3316.95,1679.65,11050.0,329.35001,1248.67505,269.64999,275.0,1483.65,1464.0,480.92002,748.5,1545.8,4114.8999,1126.0988496,555.39422654,141.5,1319.95,3593.8501,3950.5,9824.8496,258.5
2024-02-15 09:15:00,3154.94663827,1277.55,6764.3999,3024.5,1097.55,8156.8501,667.73999,1590.0,186.3,1131.45,1437.95,481.25,1259.8,3928.5,159.2,2103.6499,1696.5,707.75,589.34998,4854.7998,518.5,2347.75090972,1026.65,391.30902292,1492.85,1687.75,820.75,279.0,1757.45,3321.95,1784.9,11133.0,340.89999,1247.5,279.85001,283.35001,1484.725,1464.35,492.67998,764.0,1529.05,4146.2998,1132.915608,559.65046188,143.45,1308.0,3632.0,4006.8501,9839.1504,261.42499
2024-02-16 09:15:00,3154.51016883,1311.0,6660.4502,3035.0,1076.0,8455.4502,666.0,1585.0,190.39999,1127.05,1449.0,487.60001,1273.14,4003.0,160.0,2119.0,1677.0,713.85,594.0,4920.0,519.95001,2345.09274414,1026.2,386.58933854,1506.5,1709.0,824.40002,276.75,1751.0,3398.0,1864.65,11480.0,342.95001,1245.25,278.0,282.89999,1477.0,1516.2,491.96,774.59998,1522.0,4147.9502,1135.5336384,572.81159939,143.45,1309.2,3690.0,4036.3,9948.0,272.5
2024-02-19 09:15:00,3209.11744305,1327.0,6675.9502,3018.7,1070.0,8650.0,680.68999,1625.0,192.5,1145.0,1473.6,487.45001,1290.79,3954.7,160.45,2190.0,1682.95,714.5,594.29999,4944.0,518.90002,2357.84209386,1046.0,389.60994598,1502.8,1711.5,825.95001,277.10001,1744.0,3408.0,1856.45,11613.05,341.89999,1262.75,279.04999,278.29999,1479.5,1522.0,492.39,765.0,1532.75,4128.2998,1150.204488,569.27983671,143.35001,1318.0,3709.5,4099.7998,9948.9502,272.95001
2024-02-20 09:15:00,3171.48398058,1312.9,6785.0,3017.1001,1090.5,8505.0,679.2,1619.0,191.45,1151.6,1479.0,457.95001,1293.0,3898.8999,163.8,2222.0,1672.75,728.625,589.5,4882.0,515.90002,2371.13292176,1052.65,387.4389006,1508.0,1694.25,825.0,289.29999,1768.65,3367.75,1860.0,11479.95,346.5,1270.9,281.14999,288.75,1475.5,1517.65,488.97002,763.5,1542.0,4098.0,1145.017824,564.26894864,142.25,1323.65,3719.95,4074.2,10000.0,269.07501
2024-02-21 09:15:00,3200.77593,1315.0,6821.9502,3026.75,1093.95,8376.8496,679.0,1618.6,192.55,1159.15,1462.5,450.95001,1280.51,3895.75,167.8,2222.0,1664.8,732.0,591.25,4619.9502,538.0,2385.26057956,1064.0,387.1085227,1526.8,1674.0,850.0,294.5,1769.0,3356.8999,1889.7,11521.0,348.04999,1275.5,281.10001,289.45001,1488.525,1519.5,483.01,777.5,1549.5,4063.3501,1157.7621984,565.80843416,146.2,1325.0,3707.5,4047.05,10115.0,268.149995
2024-02-22 09:15:00,3175.5576954,1317.0,6874.4502,3027.2,1110.7,8550.0,670.68501,1599.0,196.0,1138.75,1456.0,448.0,1275.96,3970.0,163.0,2244.0,1691.4,714.4,579.40002,4578.7998,522.15002,2382.79931513,1066.0,391.87538505,1520.0,1684.6,835.15002,305.29999,1745.0,3369.0,1917.0,11695.0,340.25,1282.975,276.0,283.5,1484.94995,1513.5,479.94,773.0,1561.0,4094.95,1150.698456,563.78594675,146.14999,1330.5,3676.0,3966.0,10020.9,266.5
2024-02-23 09:15:00,3220.12607539,1332.0,6786.7998,3005.0,1107.4,8531.0,671.9,1620.9,207.0,1131.85,1482.35,449.60001,1298.81,3972.0,164.8,2236.7,1697.35,716.95,583.34998,4604.9502,524.79999,2368.22862973,1070.0,392.5833377,1504.9,1698.45,836.29999,347.0,1732.75,3399.8999,1947.85,11720.0,340.0,1291.5,276.0,285.20001,1497.55005,1536.25,491.4,770.5,1568.45,4130.0,1151.5382016,567.37809976,147.10001,1342.55,3737.0,3950.0,10028.0,270.625
2024-02-26 09:15:00,3243.4529424,1343.0,6791.75,2930.0,1094.8,8547.9502,670.8,1629.4,206.89999,1125.9,1481.2,447.25,1298.0,3991.45,168.5,2211.3,1668.85,717.425,580.95001,4530.0,519.75,2369.26236079,1062.3,389.89311761,1486.0,1674.95,827.79999,348.0,1725.4,3491.6499,1951.0,11533.95,338.5,1294.0,271.89999,291.5,1494.525,1553.4,507.0,766.34998,1566.9,4050.0,1168.5307008,570.51746114,145.95,1324.9,3690.0,3913.95,10049.95,268.25
2024-02-27 09:15:00,3239.573214,1339.2,6668.4502,2870.0,1088.55,8490.0,664.2,1623.45,209.0,1131.0,1491.0,445.29999,1291.92,4012.55,163.85001,2214.0,1673.4,713.35,592.0,4519.0,512.20001,2371.62517464,1066.2,389.60994598,1497.35,1671.1,820.54999,338.70001,1714.95,3512.0,1956.95,11562.9,338.0,1300.725,270.20001,293.39999,1499.94995,1569.0,501.87002,762.34998,1585.45,4124.0,1175.3474592,582.59190476,144.5,1305.05,3675.0,3995.0,10151.0,268.70001
2024-02-28 09:15:00,3219.01065348,1334.9,6630.0,2859.3999,1085.0,8486.6504,659.675,1609.7,209.0,1152.65,1493.95,442.85001,1301.18,4018.95,161.95,2218.8999,1672.0,712.1,590.90002,4459.2002,514.45001,2387.42649225,1064.85,389.23238067,1503.45,1687.8,822.75,322.45001,1712.85,3513.0,1953.15,11498.95,336.5,1302.5,270.29999,293.64999,1491.275,1556.75,487.59,756.75,1587.45,4154.8999,1190.46288,589.23284875,144.95,1306.05,3669.0,3954.95,9989.9502,265.475005
2024-02-29 09:15:00,3205.38310748,1329.9,6392.5498,2838.0,1082.3,8143.5,653.9,1603.6,205.89999,1137.95,1490.0,444.0,1294.58,3890.0,168.85001,2206.0,1677.75,705.2,585.90002,4454.0,508.0,2391.16761418,1060.7,388.00524385,1484.0,1682.25,805.90002,322.0,1702.25,3496.0,1950.9,11349.0,336.0,1303.1,266.35001,285.0,1478.975,1567.1,491.02002,753.90002,1587.8,4138.1001,1184.535264,579.12050222,141.85001,1285.2,3654.0,3969.95,9935.0,262.125
2024-03-01 09:15:00,3245.3928066,1349.0,6107.0,2845.95,1101.7,8094.0,660.87002,1620.3,208.05,1140.75,1494.0,448.79999,1294.6,3868.8,173.5,2259.3999,1679.2,716.375,596.79999,4525.0,522.5,2401.01267188,1089.95,389.98751129,1528.75,1671.95,839.70001,321.60001,1730.25,3658.3501,1982.3,11675.0,344.35001,1308.275,272.95001,289.39999,1500.0,1569.35,494.77002,772.0,1581.9,4140.0,1199.0085264,591.88923842,150.64999,1287.0,3774.0,3928.95,10183.85,262.600005
2024-03-02 09:15:00,3248.01162327,1346.9,6169.9502,2862.1001,1104.9,8150.1001,660.5,1615.9,207.7,1135.0,1492.0,450.0,1259.79,3877.8501,168.3,2268.95,1663.0,718.0,597.0,4595.0,524.0,2383.88217303,1089.45,389.65713339,1538.0,1665.0,847.0,329.64999,1733.0,3690.0,1978.0,11679.95,345.0,1304.69995,272.89999,289.79999,1500.44995,1569.4,493.7,777.0,1570.0,4129.5,1198.366368,599.25462489,156.2,1282.0,3778.0,3935.0,10155.0,262.399995
2024-03-04 09:15:00,3249.272535,1356.55,6171.75,2860.95,1108.9,8225.0,663.99502,1625.0,212.95,1149.25,1495.3,458.0,1287.87,3883.3,175.60001,2260.0,1654.0,718.5,620.5,4630.0,529.84998,2390.28146053,1095.0,389.7987428,1538.95,1664.45,839.0,331.5,1741.5,3679.8,1974.95,11677.3,358.29999,1300.55005,280.54999,297.0,1512.44995,1554.0,493.0,777.0,1569.1,4117.8999,1199.354304,600.70357019,154.89999,1285.5,3764.1001,3936.75,10166.0,263.20001
2024-03-05 09:15:00,3233.7536214,1354.95,6103.5,2834.8501,1110.9,8388.0,663.625,1636.6,213.75,1179.75,1479.7,461.75,1268.43,3801.95,171.5,2251.8999,1629.95,721.5,615.59998,4644.75,528.29999,2382.5039634,1099.5,388.33562176,1547.0,1637.35,826.65002,327.89999,1727.2,3644.45,1968.0,11730.0,359.95001,1297.6,284.95001,295.45001,1507.4,1525.0,491.17002,786.95001,1576.4,4064.0,1197.2796384,643.32635618,154.0,1279.9,3759.1499,3935.8501,10030.9,260.25
2024-03-06 09:15:00,3223.0843683,1344.6,6078.8999,2839.0,1131.95,8681.1504,634.58999,1558.0,213.45,1196.6,1489.9,464.95001,1266.4,3806.8501,164.39999,2252.95,1650.0,726.425,618.09998,4649.0,527.90002,2371.52682252,1113.55,386.96693217,1564.75,1620.15,823.0,333.89999,1771.95,3652.45,1979.9,11679.0,359.45001,1283.375,284.29999,294.89999,1509.0,1523.9,490.6,790.29999,1606.75,4072.0,1208.245728,622.22626595,152.64999,1274.35,3815.0,3893.8501,9914.25,257.42499
2024-03-07 09:15:00,3163.9185102,1335.35,6142.8501,2894.0,1126.9,8972.8496,646.86001,1589.65,216.8,1213.6,1490.45,465.39999,1273.94,3810.0,163.45,2250.3501,1654.55,725.525,624.15002,4704.0,540.84998,2388.41099802,1095.0,391.68661655,1571.5,1628.45,844.90002,337.39999,1764.9,3705.1499,1932.15,11633.5,353.89999,1283.0,284.35001,298.89999,1503.1,1521.3,491.07998,793.40002,1619.95,4124.0,1253.5919904,632.09712361,159.14999,1293.1,3824.25,3978.0,9715.0,260.20001
2024-03-11 09:15:00,3161.0087139,1342.35,6225.0,2896.55,1120.0,9025.0,655.2,1616.15,216.45,1218.3,1519.0,462.85001,1284.72,3814.95,163.2,2270.55,1659.8,722.975,629.0,4725.0,543.25,2375.61242301,1087.95,394.84878621,1568.75,1613.8,836.59998,359.85001,1769.85,3700.0,1913.7,11555.9,353.14999,1315.5,280.5,291.95001,1489.0,1539.8,499.97998,792.79999,1627.0,4153.0,1253.690784,625.42599351,158.89999,1296.3,3808.0,4243.9502,9824.5996,259.475005
2024-03-12 09:15:00,3125.80017867,1346.95,6274.25,2899.8999,1121.4,8699.9502,648.5,1612.0,211.35001,1208.0,1514.0,455.79999,1285.6,3855.8,157.89999,2246.95,1665.0,732.0,629.79999,4697.0,536.84998,2348.04626145,1094.8,383.7103405,1555.95,1625.0,829.29999,374.5,1743.45,3672.0,1898.35,11575.9,349.45001,1307.525,275.60001,288.64999,1488.0,1551.75,496.8,777.75,1603.8,4229.9502,1213.0372176,626.0599018,154.55,1307.65,3766.0,4078.6001,9728.9502,261.25
2024-03-13 09:15:00,3043.69542641,1308.0,6180.0,2887.25,1099.55,8617.2002,651.49502,1598.95,205.60001,1212.0,1479.0,449.89999,1270.0,3852.3999,158.25,2203.05,1651.25,735.8,626.70001,4686.75,530.0,2338.20120375,1089.65,413.44435213,1540.6,1624.5,820.59998,366.89999,1742.75,3636.8,1901.4,11554.85,344.5,1326.82495,271.0,283.89999,1483.1,1532.6,487.94,763.70001,1592.2,4241.0,1202.7132864,616.4003469,152.89999,1299.4,3762.0,4037.95,9653.0,259.350005
2024-03-14 09:15:00,3007.95342852,1276.0,6095.0,2898.05,1081.25,8400.0,647.0,1580.0,197.14999,1199.7,1501.45,428.85001,1264.03,3803.75,157.3,2204.8999,1683.0,733.0,624.5,4682.1499,526.34998,2305.41716161,1097.1,401.64514116,1506.9,1657.75,792.95001,341.5,1757.85,3636.0,1895.6,11460.0,326.95001,1309.975,264.35001,268.39999,1448.525,1514.55,465.59,750.79999,1574.3,4225.0,1190.5122768,592.85518184,143.95,1297.45,3648.0,4105.0,9708.0,259.45001
2024-03-15 09:15:00,3048.88446615,1288.85,6030.8501,2896.95,1056.25,8432.0996,657.8,1589.6,196.75,1222.8,1496.2,428.04999,1261.71,3779.95,161.7,2208.8999,1677.0,729.65,634.79999,4680.8501,534.04999,2300.7407592,1086.25,404.5241392,1489.5,1645.8,790.20001,348.85001,1756.0,3603.0,1882.1,11521.05,326.04999,1314.94995,266.39999,272.0,1433.225,1504.95,463.0,746.54999,1573.5,4239.0,1205.1337296,591.49680693,143.7,1293.0,3655.95,4145.0,9750.9004,259.125
2024-03-18 09:15:00,3030.0678804,1270.05,6144.9502,2866.0,1066.9,8547.1504,655.5,1579.15,192.0,1230.55,1495.85,423.5,1270.98,3745.0,164.45,2214.0,1663.3,728.0,636.54999,4582.5,535.54999,2288.97591525,1084.8,397.11425359,1491.6,1632.65,808.5,359.70001,1744.85,3572.2,1867.4,11665.4,322.89999,1305.4,263.04999,266.64999,1441.725,1503.45,466.57998,737.90002,1576.25,4254.75,1202.9602704,588.5083761,150.25,1287.45,3620.0,4084.0,9673.7998,259.274995
2024-03-19 09:15:00,3069.64111008,1272.85,6125.7002,2840.0,1060.95,8687.9004,666.72002,1590.0,192.45,1240.4,1486.8,424.60001,1267.0,3730.0,161.45,2206.1001,1641.55,726.2,636.5,4597.6001,539.75,2268.20274505,1088.75,396.02870731,1482.95,1599.0,809.95001,357.89999,1756.9,3549.5,1865.0,11679.95,317.89999,1292.375,263.95001,266.5,1437.6,1488.95,468.57998,734.34998,1579.75,4058.0,1170.6053664,585.9727369,152.45,1272.65,3606.6499,4088.0,9607.4502,254.5
2024-03-20 09:15:00,2990.49465072,1252.95,6200.7002,2837.05,1057.45,8784.0,673.1,1593.5,187.95,1239.0,1444.9,422.79999,1227.62,3940.0,166.7,2196.1499,1619.1,725.825,632.5,4588.9502,535.5,2230.34859665,1090.0,393.29129036,1464.0,1574.95,810.0,356.35001,1768.5,3524.95,1859.05,12025.0,317.45001,1277.5,264.60001,265.14999,1445.0,1469.45,465.57998,738.95001,1559.95,4018.0,1139.4853824,582.68247516,150.64999,1272.0,3596.8999,4004.95,9535.0,250.625
2024-03-21 09:15:00,3013.6761249,1268.7,6214.3999,2845.3999,1050.55,8770.0,677.16499,1609.45,197.5,1242.9,1455.1,433.54999,1231.2,3949.0,171.0,2211.3,1619.95,725.625,639.0,4545.0,545.75,2224.14611184,1100.0,398.34136209,1486.9,1576.95,819.45001,348.29999,1790.65,3596.0,1875.0,12000.0,326.35001,1281.025,266.95001,274.5,1457.9,1477.0,470.99,750.59998,1570.85,4008.3999,1125.2097072,585.15772403,151.2,1287.45,3637.0,4015.7,9639.7002,252.649995
2024-03-22 09:15:00,3034.86904429,1289.1,6390.8999,2855.1499,1047.25,9050.0,680.3,1610.0,198.95,1245.0,1489.6,436.20001,1247.88,4013.95,174.89999,2234.0,1571.45,725.375,628.65002,4736.3501,550.65002,2230.89007482,1093.7,405.56246976,1520.35,1528.9,832.95001,346.89999,1782.5,3647.3,1905.45,12427.3,327.25,1296.0,265.25,278.25,1460.0,1511.0,471.74,748.79999,1621.0,3938.0,1126.24704,595.39082104,152.75,1279.9,3726.8999,4025.0,9751.7998,245.375
2024-03-26 09:15:00,3076.5761246,1314.0,6463.4502,2844.1499,1044.2,9020.0,694.5,1619.0,200.5,1234.0,1481.25,440.95001,1242.29,4042.5,183.64999,2242.1001,1592.55,718.975,642.79999,4724.5498,561.0,2224.14611184,1089.15,405.13771705,1523.6,1507.45,834.0,352.5,1775.4,3676.8999,1917.5,12321.9,330.29999,1298.25,267.89999,274.10001,1452.4,1509.45,477.87998,747.84998,1614.7,3946.7,1107.5750496,600.70357019,153.39999,1271.6,3729.95,3948.6001,9689.7998,245.475005
2024-03-27 09:15:00,3044.08339925,1343.0,6399.3999,2842.8501,1057.55,9287.7998,704.9,1609.9,203.95,1228.25,1496.0,439.79999,1230.2,3987.0,189.0,2251.95,1576.85,723.975,638.40002,4698.0,564.65002,2227.93655751,1092.5,404.85451711,1542.95,1499.0,832.40002,355.60001,1779.8,3727.2,1899.9,12722.7,334.10001,1295.275,268.20001,272.79999,1500.0,1499.0,486.0,745.84998,1626.15,3895.0,1103.524512,600.70357019,154.10001,1263.15,3784.8999,3922.5,9708.0,240.475005
2024-03-28 09:15:00,3139.6702077,1358.7,6425.6001,2868.0,1058.4,9243.5996,734.92998,1669.0,202.45,1238.5,1514.2,438.45001,1241.96,4075.0,184.7,2309.2,1561.05,730.25,638.75,4750.0,566.65002,2252.45065273,1105.05,408.96065196,1564.5,1511.8,840.84998,357.75,1803.9,3813.3501,1962.95,12726.8,340.0,1319.35,271.0,279.5,1505.94995,1521.85,478.91,759.54999,1634.0,3915.0,1095.621024,603.66182096,157.0,1264.95,3838.3,3975.0,9853.9502,241.524995
2024-04-01 09:15:00,3192.82248678,1381.75,6557.0,2886.45,1063.75,9211.5996,734.34502,1674.0,212.75,1231.9,1510.0,443.79999,1256.49,4070.0,188.2,2319.2,1569.0,736.9,638.0,4779.75,574.0,2259.44074215,1102.95,407.16718133,1572.75,1529.95,876.45001,364.20001,1817.65,3851.8501,1963.85,12689.0,344.39999,1321.30005,271.5,281.60001,1493.975,1519.1,487.4,761.5,1633.75,3933.3,1091.0765184,609.66884458,163.89999,1261.15,3832.55,3983.3999,9997.0498,243.199995
2024-04-02 09:15:00,3186.2269485,1424.95,6469.5,2892.3999,1055.85,9357.9502,725.5,1662.9,222.64999,1227.75,1502.9,448.29999,1253.79,3990.0,185.0,2316.0,1565.0,747.425,641.65002,4685.4502,572.29999,2262.39425946,1094.45,404.66574861,1570.95,1493.15,881.84998,362.85001,1798.0,3860.0,1977.5,12648.0,345.60001,1315.0,274.04999,281.70001,1494.0,1496.6,494.26,768.75,1633.0,3909.8501,1119.7266624,608.55195855,165.5,1251.95,3781.45,3909.8,10084.2,241.350005
2024-04-03 09:15:00,3162.12403882,1402.0,6409.0,2884.55,1070.3,9248.9502,732.33501,1654.85,225.45,1240.6,1501.55,447.0,1253.6,3943.1001,182.0,2316.1499,1558.45,747.825,630.0,4603.25,584.09998,2246.49458973,1083.65,404.76012342,1556.9,1495.1,879.54999,359.79999,1756.7,3799.7,2003.3,12525.5,354.10001,1311.975,279.0,283.10001,1484.44995,1472.95,513.36,772.59998,1628.95,3981.0,1115.379744,612.44596662,166.25,1263.0,3752.0,3947.95,10277.7,243.850005
2024-04-04 09:15:00,3174.5877633,1408.6,6475.0,2943.25,1080.7,9181.75,735.0,1662.5,223.89999,1233.0,1481.2,453.5,1235.0,4030.0,188.14999,2323.75,1552.5,765.0,626.5,4590.0,590.0,2246.64216714,1085.8,403.39143383,1550.45,1495.65,878.65002,367.79999,1751.7,3819.75,2015.0,12649.0,362.70001,1285.0,278.64999,286.70001,1479.75,1475.05,514.99,775.29999,1628.0,4028.6499,1119.2326944,613.98545818,165.95,1289.0,3792.3,4028.95,10078.9,245.975005
2024-04-05 09:15:00,3136.7604114,1381.9,6480.0,2927.75,1063.0,9130.0,725.9,1681.5,226.0,1211.35,1474.0,448.85001,1261.17,4046.55,191.8,2277.1001,1547.7,777.25,630.45001,4565.6001,575.0,2245.16540848,1086.0,407.49755924,1556.35,1486.7,864.54999,374.85001,1787.2,3790.0,2027.45,12557.9,358.20001,1288.0,271.89999,279.95001,1470.80005,1489.9,506.4,767.70001,1638.85,4002.0,1111.3292064,611.26870836,164.14999,1275.95,3801.8999,4052.8999,10019.85,243.574995
2024-04-08 09:15:00,3145.97476635,1381.95,6397.75,2908.95,1079.45,9090.0,722.69502,1702.0,225.7,1210.55,1472.85,450.45001,1245.35,4303.4502,194.0,2288.45,1554.0,778.625,635.90002,4608.8501,579.70001,2253.48448224,1091.75,407.2143593,1576.35,1490.95,878.0,378.70001,1801.85,3819.8,2087.0,12927.65,366.0,1273.625,272.0,284.20001,1490.975,1528.0,516.06,770.0,1618.9,4032.6499,1126.6916112,613.62322487,166.95,1270.0,3808.3,3980.0,9899.0,245.800005
2024-04-09 09:15:00,3153.2492571,1364.9,6540.0,2916.45,1090.0,9132.7002,723.53501,1715.0,228.89999,1214.95,1470.0,450.29999,1246.04,4267.8999,195.5,2312.3501,1561.8,777.425,639.15002,4673.25,595.45001,2239.35692289,1115.25,407.30876243,1574.9,1513.8,891.45001,374.70001,1793.0,3827.95,2098.6499,12985.7,366.89999,1261.1,272.64999,284.35001,1489.80005,1527.4,521.12998,772.45001,1608.85,4015.8501,1127.234976,621.53198544,169.8,1281.0,3761.0,3958.95,9993.7998,242.625
2024-04-10 09:15:00,3156.74110965,1359.9,6515.8999,2899.1001,1093.0,9049.7998,725.4,1722.0,232.85001,1230.7,1455.3,458.60001,1239.98,4335.0,199.60001,2314.8999,1552.15,774.95,637.09998,4551.7002,604.90002,2241.62108926,1116.55,413.25555531,1564.85,1509.85,889.0,372.39999,1829.9,3800.0,2108.6001,12958.0,368.35001,1266.5,273.20001,285.35001,1487.0,1516.7,513.25,780.70001,1608.5,3990.2,1137.608304,616.4003469,169.2,1273.45,3720.3501,4113.3501,9858.0,239.725005
2024-04-12 09:15:00,3149.85449475,1358.4,6477.8999,2893.0,1096.4,9119.0,726.4,1706.2,235.39999,1231.85,1424.85,463.45001,1237.8,4382.7998,199.7,2307.0,1542.95,764.925,624.0,4522.7998,609.04999,2229.75799164,1111.85,411.32049415,1562.7,1506.8,883.90002,378.85001,1818.1,3802.1001,2087.5,12660.0,374.5,1279.5,272.5,284.45001,1486.475,1511.4,503.99,779.5,1595.0,4013.3501,1142.6961744,621.23012435,166.0,1269.75,3694.8,4113.9502,9850.0,240.0
2024-04-15 09:15:00,3084.67505763,1335.0,6399.1001,2853.5,1071.0,9177.7002,719.87998,1692.0,238.0,1235.0,1399.0,455.79999,1214.64,4317.8501,192.39999,2253.3999,1530.5,755.0,616.5,4440.5498,625.40002,2193.23272912,1106.15,405.09050133,1557.9,1491.95,882.0,362.95001,1809.7,3679.8501,2083.8999,12510.0,366.0,1288.5,282.95001,276.20001,1482.125,1489.9,498.6,763.29999,1544.1,4064.2,1122.9868512,607.91805026,164.7,1240.65,3639.2,4066.75,9617.9004,234.175005
2024-04-16 09:15:00,3054.51016932,1322.0,6347.6001,2841.45,1057.85,9029.4502,703.42998,1648.7,236.95,1233.95,1391.95,456.39999,1214.77,4404.0,189.3,2249.25,1501.6,756.45,611.09998,4446.4502,621.40002,2196.67849931,1074.6,403.06104648,1534.8,1455.15,863.59998,371.95001,1804.6,3598.1499,2073.75,12549.9,361.95001,1291.82495,292.54999,275.54999,1471.17505,1476.9,484.8,754.90002,1543.3,3928.7,1125.1603104,606.68041979,162.45,1213.15,3653.2,4033.6001,9494.9502,229.25
2024-04-18 09:15:00,3050.4364545,1336.5,6334.3999,2859.2,1051.4,9129.0,699.5,1630.1,237.39999,1281.85,1383.65,456.79999,1225.5,4444.0,189.25,2300.8501,1480.9,759.425,624.0,4398.6499,625.0,2203.02856153,1078.05,402.96664335,1508.35,1444.7,858.0,384.39999,1813.0,3617.6499,2087.0,12602.0,361.25,1271.32495,287.70001,289.89999,1486.0,1483.65,488.45,759.95001,1545.55,3936.0,1145.017824,605.59371986,164.0,1207.85,3660.0,4177.8999,9526.7998,227.725005
2024-04-19 09:15:00,2965.13092631,1316.0,6199.0,2822.1001,1036.95,9090.0,715.0,1628.75,234.5,1296.5,1357.7,438.60001,1200.0,4369.4502,191.0,2290.75,1455.5,767.475,604.40002,4251.25,616.29999,2208.98482144,1072.0,402.35309382,1490.25,1426.85,867.29999,378.10001,1805.0,3542.8999,2087.0,12759.4,352.39999,1235.67505,280.79999,282.25,1474.0,1457.55,475.72998,752.0,1528.3,3852.55,1136.7191616,584.37289123,162.5,1204.85,3571.2,4174.75,9400.0,226.949995
2024-04-22 09:15:00,2984.96603775,1331.0,6258.0,2846.6001,1058.5,8884.0,730.6,1648.0,236.14999,1305.4,1361.95,444.5,1212.8,4485.0,197.7,2286.8501,1473.3,778.7,608.84998,4335.0,622.45001,2218.63297798,1088.7,403.62741804,1501.0,1436.85,870.90002,384.85001,1822.5,3620.0,2133.0,12879.15,355.0,1241.0,278.0,284.70001,1482.82495,1482.9,486.46,769.0,1548.0,3878.0,1163.5910208,590.89308475,164.7,1216.7,3615.0,4304.7998,9590.0,233.074995
2024-04-23 09:15:00,2998.0601211,1338.55,6303.7998,2877.95,1060.25,8861.5,733.98999,1652.0,236.10001,1351.0,1369.75,445.75,1213.0,4534.8999,194.5,2376.0,1501.45,763.25,609.15002,4368.8999,618.75,2238.27386809,1100.0,406.36482555,1485.8,1446.85,865.0,394.70001,1829.0,3632.75,2114.0,13024.5,348.64999,1255.0,278.75,287.14999,1493.5,1489.2,491.27998,777.70001,1562.45,3895.0,1165.6656864,600.4017091,163.5,1218.0,3648.0,4225.0,9625.0,233.399995
2024-04-24 09:15:00,2995.00493198,1332.9,6310.5,2883.1001,1068.95,8869.0,741.94502,1648.85,239.14999,1354.0,1401.9,448.70001,1198.97,4571.6499,189.10001,2384.3,1496.95,760.875,601.09998,4405.3501,637.65002,2233.20376183,1098.4,406.64799717,1483.25,1444.3,886.0,391.5,1845.5,3654.95,2090.8501,13073.95,353.14999,1267.9,280.39999,291.85001,1468.55005,1478.0,496.34,778.5,1503.0,3898.0,1123.9747872,601.24693223,166.89999,1207.95,3644.8501,4245.0,9686.7998,232.324995
2024-04-25 09:15:00,3027.0609939,1336.95,6402.2002,2869.8999,1133.95,8770.0,736.48501,1672.0,240.05,1343.8,1410.45,454.0,1252.4,4629.5,188.89999,2376.05,1515.05,759.85,596.40002,4515.0,648.25,2205.14534739,1125.65,413.72752375,1499.5,1444.9,909.40002,387.35001,1697.8,3666.0,2113.95,12980.7,360.60001,1288.94995,282.60001,294.5,1467.975,1464.0,500.86,814.40002,1527.3,3873.6499,1102.536576,605.7144643,168.0,1193.55,3602.5,4347.0,9706.0,231.274995
2024-04-26 09:15:00,3035.7903828,1341.6,6380.0,2878.2,1141.35,8994.9502,700.0,1649.05,241.64999,1345.7,1417.2,460.45001,1261.77,4632.8501,190.45,2379.3,1531.45,764.0,603.40002,4540.7998,661.59998,2220.06051135,1120.0,418.44720813,1519.0,1445.4,914.0,384.85001,1655.0,3660.8999,2103.0,13045.0,361.39999,1291.4,286.14999,296.14999,1465.0,1466.85,507.39,816.90002,1532.0,3876.8,1098.3872448,609.12549462,170.7,1347.0,3593.25,4373.0,9777.0,237.899995
2024-04-29 09:15:00,3016.97379705,1335.75,6200.0,2873.95,1164.0,8989.7998,683.96001,1603.0,240.2,1346.0,1420.1,458.70001,1265.0,4603.5498,194.3,2392.8,1436.0,767.225,591.95001,4530.0,655.40002,2199.38589018,1163.45,417.64488067,1491.0,1439.8,902.5,384.75,1647.25,3649.8999,2068.3501,12994.8,363.64999,1262.19995,285.25,294.60001,1467.9,1460.9,515.39,831.25,1527.8,3877.8,1097.0041344,607.19358364,169.60001,1311.0,3613.45,4515.0,10011.0,234.0
2024-04-30 09:15:00,3014.98543624,1334.65,6023.0,2912.0,1182.9,8966.0,697.5,1633.95,237.3,1334.8,1418.95,458.39999,1262.6,4689.9502,196.95,2438.45,1397.9,769.75,588.5,4588.2002,653.70001,2205.53905124,1169.55,415.80419432,1537.0,1436.55,902.75,383.79999,1647.0,3648.95,2169.0,12996.0,365.45001,1268.80005,286.35001,304.35001,1483.07495,1449.85,515.76,834.84998,1529.15,3881.75,1100.807688,615.46457752,168.39999,1291.1,3619.5,4670.0,10180.0,233.375
2024-05-02 09:15:00,3026.04275918,1348.7,6000.0,2988.0,1174.0,9146.4502,696.99502,1635.0,237.39999,1319.9,1426.0,459.54999,1259.96,4634.1001,195.95,2452.0,1377.9,768.5,586.54999,4625.0,646.90002,2208.44334326,1155.5,417.7864712,1521.3,1424.0,894.59998,381.35001,1594.5,3634.1499,2204.0,12844.15,372.60001,1270.5,284.60001,317.25,1477.32495,1464.75,519.8,833.90002,1530.0,3871.1001,1100.560704,621.83384653,168.89999,1274.35,3598.0,4676.7002,10045.0,231.5
2024-05-03 09:15:00,2953.4432445,1354.0,6027.7002,2997.0,1163.25,9258.5996,740.0,1725.0,238.0,1310.5,1434.0,475.79999,1283.98,4655.6001,200.35001,2487.0,1370.0,770.3,581.79999,4579.9502,655.04999,2201.01022625,1157.4,415.37941328,1517.95,1424.8,903.70001,385.85001,1587.9,3622.0,2210.0,12830.0,380.39999,1261.525,292.95001,316.10001,1474.94995,1472.7,531.6,836.20001,1537.0,3893.6001,1101.4498464,627.99181278,170.75,1272.0,3599.0,4680.5498,10030.0,231.0
2024-05-06 09:15:00,2909.99028642,1322.5,6086.1499,2959.0,1156.0,9185.75,701.99502,1637.9,235.85001,1298.45,1431.85,481.45001,1276.0,4668.7998,202.0,2489.75,1365.0,767.25,569.90002,4582.7002,655.0,2226.45979886,1158.45,415.75700691,1510.0,1445.7,893.0,378.89999,1633.0,3527.0,2240.0,12646.4,368.85001,1239.975,288.75,310.79999,1440.0,1457.45,521.79,836.0,1534.0,3939.95,1096.2631824,615.67588029,168.64999,1265.7,3488.8,4580.0,9929.0,231.300005
2024-05-07 09:15:00,2817.99232373,1301.15,6080.0,2967.95,1148.8,9074.9502,694.31001,1625.0,235.8,1294.45,1428.85,469.5,1270.0,4655.0,196.35001,2468.7,1348.9,762.025,561.95001,4534.4502,646.90002,2352.57508644,1152.75,420.99584714,1502.65,1443.35,881.04999,370.70001,1647.35,3496.0,2236.8999,12508.5,358.45001,1264.17505,285.0,308.29999,1420.75,1458.9,513.0,814.65002,1543.15,3988.0,1108.0196208,614.55899425,167.95,1294.8,3332.0,4558.0,9948.0,232.675005
2024-05-08 09:15:00,2803.9766109,1293.7,5910.0,2905.0,1135.45,8785.3496,687.95498,1620.0,232.64999,1299.4,1398.15,471.39999,1222.99,4634.0,196.0,2424.1499,1334.0,748.475,553.95001,4662.0,634.45001,2335.49381288,1132.0,419.76873864,1455.0,1439.75,866.59998,363.79999,1657.45,3497.3999,2195.0,12559.95,358.5,1274.0,280.25,302.85001,1432.94995,1465.95,499.6,822.0,1525.8,3984.3,1104.3642576,612.77801382,167.10001,1300.0,3281.0,4542.0,9674.9502,233.199995
2024-05-09 09:15:00,2796.94460317,1285.8,5892.0,2853.95,1134.55,9007.4502,683.27002,1613.1,238.2,1295.3,1392.2,467.70001,1214.9,4708.0,199.7,2393.3999,1339.0,743.375,551.90002,4922.0,637.75,2325.50117777,1128.85,416.7481312,1456.6,1449.95,868.79999,359.25,1661.85,3377.0,2256.75,12739.8,358.0,1274.94995,278.54999,304.35001,1423.75,1439.5,494.82998,839.65002,1529.95,3971.0,1101.2522592,629.80297932,166.7,1285.9,3322.5,4548.5,9560.0,232.199995
2024-05-10 09:15:00,2724.5392689,1278.7,5881.0,2792.6001,1140.0,9047.9502,669.8,1584.15,228.5,1308.5,1396.9,451.14999,1187.0,4689.0498,205.0,2382.7,1322.9,725.975,553.79999,4954.3501,629.54999,2334.26318067,1128.9,411.88686572,1424.5,1435.95,855.95001,349.0,1653.1,3306.1499,2231.6499,12696.95,356.35001,1274.5,271.20001,304.45001,1410.0,1438.5,481.34,832.04999,1526.45,3973.6001,1080.7525872,634.11959292,164.35001,1273.2,3306.2,4484.25,9518.9502,228.75
2024-05-13 09:15:00,2803.103769,1313.0,5842.3999,2895.0,1135.4,9025.0,674.42998,1587.0,228.7,1302.9,1425.95,451.79999,1189.8,4733.7998,207.2,2393.0,1321.9,729.9,568.45001,4909.9502,636.15002,2344.74806867,1130.65,411.03732253,1417.75,1425.0,862.5,347.89999,1643.65,3315.0,2208.05,12708.4,356.0,1270.94995,271.89999,307.64999,1406.975,1440.0,470.92998,819.84998,1530.0,3955.0,1087.717536,608.97456408,164.5,1266.35,3308.0,4521.6499,9578.0,226.625
2024-05-14 09:15:00,2954.4131766,1339.9,5894.6499,2888.0,1136.1,9089.0,674.18501,1589.9,231.89999,1299.9,1410.0,450.64999,1189.08,4742.9502,193.45,2396.8501,1326.95,732.75,568.0,5051.0,649.5,2335.54303817,1127.9,409.00783936,1429.35,1433.75,884.95001,353.70001,1650.0,3384.8999,2280.3501,12840.0,357.25,1259.475,274.64999,313.0,1427.07495,1436.75,483.57002,822.40002,1547.95,3945.8,1085.1489024,584.4030713,166.55,1284.0,3308.0,4549.0,9699.5,229.949995
2024-05-15 09:15:00,3025.07282708,1353.95,5883.4502,2874.25,1131.2,9125.0,673.19502,1589.65,234.5,1318.25,1428.45,470.0,1193.39,4730.5498,193.39999,2403.95,1340.3,729.85,562.0,5103.0,659.0,2319.29869297,1127.8,408.96065196,1429.85,1431.8,883.5,358.79999,1654.0,3417.3999,2317.1499,12872.4,363.5,1249.5,276.0,316.29999,1429.975,1443.85,468.4,825.29999,1550.25,3926.95,1077.6899856,587.39150214,167.55,1282.95,3306.45,4579.5,9693.1504,229.875
2024-05-16 09:15:00,2984.43257509,1366.75,5944.5,2837.6001,1143.95,8955.5498,676.21001,1601.0,240.0,1356.85,1425.9,475.0,1185.6,4697.9502,195.85001,2386.0,1357.8,731.275,568.20001,5154.9502,666.0,2311.71809699,1136.55,408.34710243,1425.0,1455.75,888.45001,359.14999,1675.0,3468.5,2393.8999,12848.0,363.85001,1239.975,279.35001,315.60001,1427.5,1458.2,469.16,826.15002,1541.15,3909.5,1089.2488368,576.19246172,168.0,1312.6,3348.0,4634.2002,9725.7002,233.75
2024-05-17 09:15:00,2998.0601211,1343.3,5973.0,2838.2,1146.0,8958.3496,678.0,1598.0,249.64999,1360.0,1419.9,473.70001,1171.29,4700.0,196.0,2433.6499,1351.0,734.0,572.0,5168.6001,658.79999,2315.45902201,1144.0,412.97238369,1417.1,1457.0,914.95001,358.39999,1705.65,3475.95,2557.95,12665.9,366.5,1234.17505,283.39999,316.0,1437.19995,1450.0,477.32998,822.45001,1537.3,3920.0,1087.9151232,575.58873954,168.45,1320.0,3368.0,4673.0,9900.0,232.199995
2024-05-18 09:15:00,2981.5712754,1345.2,5988.0,2830.0,1145.0,8841.5,675.8,1600.0,260.60001,1351.0,1407.3,473.0,1169.83,4717.8999,195.7,2448.5,1340.0,733.55,571.95001,5135.5,662.90002,2296.75341238,1133.0,413.11396478,1424.0,1450.0,899.40002,363.70001,1704.0,3468.0,2527.95,12693.45,368.0,1259.375,281.70001,318.25,1439.5,1444.1,478.97998,823.0,1538.7,3861.8999,1085.000712,578.36584949,168.3,1312.05,3376.0,4674.8999,9948.0,231.574995
2024-05-21 09:15:00,3079.5344175,1398.8,6041.8999,2866.95,1145.75,8860.0,678.5,1595.3,283.0,1362.75,1445.95,493.89999,1166.66,4728.8501,196.5,2449.95,1349.85,734.85,570.0,5122.7998,695.40002,2288.7790141,1133.8,412.59481838,1420.85,1444.7,928.95001,362.20001,1715.0,3470.3,2536.95,12678.9,374.10001,1244.80005,284.0,327.45001,1441.82495,1440.7,477.9,836.29999,1558.3,3844.75,1084.3585536,577.55083662,175.2,1327.0,3380.3,4727.9502,9850.75,232.399995
2024-05-22 09:15:00,3050.4364545,1394.35,5958.6001,2895.0,1142.0,8850.0,677.74502,1590.0,284.5,1351.0,1494.8,507.35001,1181.0,4707.6499,190.0,2463.05,1352.9,732.8,566.79999,5067.9502,698.70001,2337.21669798,1125.9,417.17291223,1413.15,1459.95,927.29999,360.70001,1704.95,3472.7,2535.0,12563.0,377.35001,1243.75,284.0,327.75,1468.775,1435.55,475.97002,826.65002,1564.0,3841.25,1108.464192,576.49432281,175.5,1335.4,3403.1001,4713.8501,9950.0,231.725005
2024-05-23 09:15:00,3303.5887326,1448.8,5991.4502,2921.25,1169.65,8985.0,685.35,1613.25,293.29999,1377.3,1504.55,503.79999,1186.6,4867.8501,189.39999,2461.8999,1358.45,747.825,569.20001,5155.4502,678.54999,2349.81837184,1137.0,419.95750714,1451.0,1478.15,920.84998,376.0,1713.6,3601.6499,2617.3999,12975.1,375.60001,1243.75,284.54999,320.70001,1492.225,1452.95,481.94,835.5,1510.0,3905.0,1117.5532032,581.65614142,175.8,1343.95,3460.3999,4712.0,10199.85,234.0
2024-05-24 09:15:00,3353.87980898,1444.95,5971.8501,2910.2,1177.0,9024.0,691.0,1620.0,299.89999,1397.75,1493.9,505.39999,1181.82,4908.0,188.0,2474.8,1360.0,759.95,571.79999,5198.1499,690.45001,2346.32337635,1135.0,417.64488067,1448.75,1475.5,925.0,370.70001,1717.85,3659.0,2605.0,13034.0,378.14999,1242.5,285.95001,322.95001,1488.5,1448.45,485.79,841.25,1505.7,3883.8,1097.596896,586.18405778,177.55,1345.0,3455.05,4777.8999,10369.0,235.25
2024-05-27 09:15:00,3257.0319918,1457.05,5959.5,2898.3,1196.0,9069.4502,695.95498,1612.85,303.20001,1407.0,1492.55,503.0,1177.99,4907.0,185.45,2455.7,1359.6,772.5,569.29999,5128.7998,689.5,2362.76462271,1147.8,414.29388588,1475.6,1479.6,919.15002,368.60001,1722.0,3695.0,2589.75,13058.5,380.5,1239.5,284.20001,321.5,1484.9,1448.0,484.7,839.40002,1501.0,3908.3501,1096.60896,583.46730796,177.7,1342.8,3436.3,4760.8501,10353.95,231.074995
2024-05-28 09:15:00,3229.38892695,1438.0,5971.4502,2921.0,1192.4,9022.25,694.5,1605.0,295.75,1386.95,1494.75,496.20001,1201.02,4825.5,184.8,2469.95,1363.3,768.025,579.95001,5225.0,698.0,2371.67439993,1135.2,408.2526993,1478.8,1476.0,915.84998,363.75,1716.0,3685.25,2581.95,12985.95,373.25,1233.82495,279.29999,319.5,1478.5,1455.0,486.6,840.70001,1479.1,3870.0,1084.7043312,580.72037807,177.5,1330.35,3423.0,4723.75,10365.85,228.625
2024-05-29 09:15:00,3222.9872781,1427.85,5945.0,2921.7,1185.9,9139.4502,690.8,1602.35,293.95001,1390.25,1497.6,491.89999,1203.59,4808.8501,185.39999,2460.0,1366.6,761.925,578.45001,5202.1499,713.5,2357.89131915,1123.55,408.15829618,1471.65,1465.5,910.0,356.14999,1710.9,3661.8501,2547.0,12850.05,366.35001,1248.5,273.79999,318.70001,1458.0,1449.45,479.52998,834.45001,1495.0,3848.8999,1076.85024,573.83793314,176.0,1314.0,3418.0,4719.5,10177.95,227.75
2024-05-30 09:15:00,3175.84867503,1413.65,5901.75,2910.8501,1179.8,9128.9004,679.89502,1575.2,296.29999,1386.45,1496.55,487.95001,1195.0,4770.0,185.0,2406.6001,1351.55,761.8,563.84998,5186.9502,713.04999,2335.69071404,1121.0,406.78960658,1477.7,1449.85,900.79999,351.5,1707.6,3643.95,2531.45,12810.0,364.79999,1236.55005,275.10001,317.64999,1440.4,1418.8,476.0,836.0,1477.4,3794.3999,1061.4878352,574.41147524,172.0,1287.75,3365.0,4698.0,10025.0,224.75
2024-05-31 09:15:00,3331.18330085,1451.0,5959.3501,2906.0,1178.0,9125.5,677.19502,1552.05,297.20001,1388.0,1472.7,493.10001,1180.93,4790.0,183.14999,2362.0,1340.9,768.0,556.29999,5189.9502,703.45001,2340.61324289,1130.6,405.46807608,1469.9,1436.75,895.45001,357.89999,1703.0,3744.8,2569.2,12633.35,366.64999,1212.80005,268.45001,311.5,1442.25,1401.15,477.47002,835.0,1479.4,3749.8,1057.8818688,565.83861424,167.95,1255.25,3328.8,4710.0,10080.0,221.074995
2024-06-03 09:15:00,3631.3286922,1621.4,6018.1499,2950.0,1242.2,9444.0,698.87002,1583.0,323.0,1420.45,1483.0,527.40002,1187.58,4800.0,185.5,2405.2,1354.75,799.5,569.25,5314.0,715.25,2350.45830059,1173.0,410.51813837,1534.9,1440.0,917.70001,368.0,1738.85,3919.8999,2654.3501,12825.0,393.20001,1194.475,286.54999,348.70001,1514.5,1436.4,509.39,912.0,1498.0,3751.55,1069.8358944,581.3844604,175.0,1261.8,3332.95,4745.7998,10519.8,225.274995
2024-06-04 09:15:00,3414.160992,1558.0,5963.75,2897.0,1224.0,9372.8496,691.59502,1569.2,312.0,1397.0,1476.95,512.40002,1165.47,4706.8501,176.5,2365.2,1325.0,779.5,555.0,5349.0,697.0,2471.15870799,1159.4,402.40028123,1521.9,1415.0,914.0,358.0,1715.5,3898.0,2639.0,12597.2,391.89999,1219.0,285.0,334.95001,1498.05005,1402.7,508.0,897.0,1476.3,3745.0,1079.4188736,572.32862768,174.64999,1253.7,3295.2,4685.0,10498.5,222.949995
2024-06-05 09:15:00,3055.286115,1368.0,5944.75,3027.3,1193.0,9679.0,686.2,1528.0,264.5,1348.75,1514.0,462.85001,1176.34,4647.4502,185.3,2313.75,1356.9,779.8,554.29999,5775.2002,700.65002,2681.74449219,1123.25,411.55647837,1515.8,1438.0,881.70001,347.89999,1724.75,3441.5,2753.7,12614.1,342.25,1287.025,249.75,301.04999,1431.15,1396.2,479.57998,795.0,1490.0,3783.8,1146.00576,563.7255866,169.60001,1284.95,3334.0,4932.0498,10070.0,227.5
2024-06-06 09:15:00,3125.50910205,1404.0,5975.0,2961.75,1195.9,9740.0,701.29502,1541.5,281.5,1376.25,1501.0,484.39999,1185.2,4727.0,185.8,2353.0,1399.8,782.725,558.75,5735.4502,695.0,2559.715002,1118.0,413.1611805,1509.8,1474.3,892.90002,352.79999,1738.5,3538.2,2761.8999,12690.0,359.75,1259.0,259.5,311.45001,1443.69995,1445.8,507.0,833.34998,1494.0,3839.8999,1134.150528,571.12118332,174.7,1323.6,3360.0,4928.6001,10176.5,231.0
2024-06-07 09:15:00,3136.51792838,1385.0,6031.0,2943.1001,1195.2,9740.0996,729.9,1580.0,284.54999,1430.65,1503.4,481.29999,1216.82,4769.0,187.0,2383.45,1438.65,792.175,563.59998,5637.3999,687.0,2556.26923181,1128.3,416.88971229,1498.4,1539.7,915.40002,355.35001,1758.65,3548.0,2867.6001,12828.0,362.0,1258.125,260.79999,310.64999,1472.0,1440.0,501.39,831.5,1510.1,3915.0,1135.138464,587.42168221,179.64999,1381.0,3456.6001,5010.3999,10505.0,243.199995
2024-06-10 09:15:00,3185.64489225,1415.35,6075.0,2951.8999,1212.4,9924.0,725.0,1589.0,292.0,1436.65,1540.85,488.0,1231.53,4800.0,186.5,2472.0,1442.0,790.325,574.54999,5785.0,684.84998,2553.46329191,1133.2,416.27616276,1505.8,1529.8,920.0,357.35001,1773.45,3585.0,2886.0,12920.0,370.10001,1282.5,264.0,323.35001,1493.35,1452.0,510.5,845.45001,1521.7,3905.8999,1129.6554192,594.60598824,182.10001,1378.0,3452.0,5047.3501,10907.95,244.199995
2024-06-11 09:15:00,3166.8283065,1418.8,6167.25,2920.3501,1209.35,9900.0,716.9,1577.4,290.5,1434.6,1546.45,483.5,1220.05,4811.9502,186.0,2482.0,1437.95,785.5,576.90002,5846.3999,681.25,2536.77601756,1129.05,413.25555531,1491.0,1506.45,918.79999,354.5,1747.2,3639.0,2855.0,12939.55,371.95001,1287.5,275.0,319.70001,1473.67505,1439.8,510.41,839.59998,1525.0,3879.95,1130.9891328,599.22444481,183.75,1359.85,3438.3,5010.0,10989.0,239.600005
2024-06-12 09:15:00,3147.4296645,1414.45,6188.8501,2918.0,1206.15,9944.0,727.7,1593.75,293.0,1447.85,1549.0,494.29999,1217.0,4873.4502,184.88,2476.8501,1472.0,794.15,577.75,5859.0,683.0,2528.21081736,1133.4,410.04616993,1492.25,1508.75,924.29999,363.5,1734.0,3648.95,2848.6001,12951.6,374.0,1277.375,279.10001,327.10001,1476.0,1461.8,516.69,845.54999,1514.55,3893.5,1128.222912,609.91033346,183.87,1381.0,3418.8999,5089.3501,11099.95,242.199995
2024-06-13 09:15:00,3156.1590534,1411.0,6210.5498,2929.0,1202.0,9940.0,732.5,1595.55,303.0,1455.95,1551.0,493.89999,1223.98,4889.6001,185.8,2475.55,1457.7,792.85,598.40002,5840.0,684.65002,2466.97455847,1123.2,412.40601212,1510.0,1505.0,925.04999,366.39999,1737.55,3715.8999,2879.1001,12940.0,376.39999,1307.225,278.0,327.95001,1472.25,1479.45,539.52998,845.90002,1514.6,3890.0,1119.331488,604.92962546,184.10001,1396.85,3477.1001,5188.0,11299.0,242.675005
2024-06-14 09:15:00,3176.5276275,1442.0,6219.9502,2931.3501,1184.65,9995.0,737.0,1596.0,310.5,1434.0,1567.0,492.39999,1223.7,4945.0,186.60001,2523.7,1446.0,799.5,601.79999,5864.75,690.0,2471.50318656,1114.0,407.68632774,1515.9,1503.7,923.5,362.75,1734.9,3720.0,2946.0,12895.0,370.85001,1282.30005,278.20001,326.0,1479.67505,1473.75,549.4,849.90002,1518.0,3889.0,1111.3786032,602.0619451,183.5,1395.75,3535.0,5294.0,11271.0,242.800005
2024-06-18 09:15:00,3244.4228745,1458.6,6249.7998,2928.0,1194.0,10038.8,742.94502,1604.9,321.0,1444.0,1576.95,492.89999,1212.4,4976.0,189.10001,2487.45,1439.75,805.25,605.0,5894.5498,688.0,2459.29541346,1135.05,409.85740143,1516.55,1507.0,927.45001,365.0,1724.65,3710.0,3013.5,12880.0,372.25,1277.5,279.0,332.5,1487.4,1480.0,568.22998,851.5,1522.85,3842.0,1114.6881888,605.86539484,184.60001,1391.45,3625.0,5452.0,11269.35,246.5
2024-06-19 09:15:00,3214.3549794,1452.0,6269.0,2920.0,1243.35,9948.0,734.89502,1600.0,319.89999,1434.8,1582.0,491.20001,1199.93,4963.7002,201.0,2460.8501,1451.9,834.95,605.15002,5779.7998,682.0,2456.34189615,1165.55,406.60080977,1550.0,1515.65,936.90002,363.95001,1763.05,3699.0,2977.0,12625.0,370.89999,1279.80005,276.60001,334.85001,1487.5,1478.4,566.2,860.59998,1529.85,3833.8501,1117.2568224,600.64321005,182.49001,1386.95,3595.0,5402.0,11177.7,248.574995
2024-06-20 09:15:00,3215.3249115,1476.8,6193.7002,2924.5,1241.5,9735.9004,726.48999,1595.0,313.35001,1406.95,1559.15,487.39999,1199.2,4924.8999,201.8,2504.0,1448.95,840.725,597.5,5669.0,684.34998,2451.4193673,1160.0,402.58907804,1540.75,1517.5,938.0,368.29999,1789.85,3613.3,2954.75,12305.5,364.89999,1275.57495,274.0,328.29999,1482.85,1480.9,570.9,853.09998,1487.95,3809.95,1094.9788656,596.71901587,182.95,1399.0,3490.0,5422.0,11173.9,248.75
2024-06-21 09:15:00,3178.5645819,1498.9,6239.1001,2928.0,1246.0,9728.9502,726.5,1610.85,314.0,1423.95,1562.9,491.39999,1211.0,4925.2998,199.95,2515.6001,1481.95,836.425,592.59998,5615.0,691.20001,2439.60529806,1169.9,401.45634435,1537.8,1557.75,944.0,366.79999,1789.0,3610.0,2920.8999,12366.25,362.95001,1274.0,274.75,329.60001,1474.69995,1478.55,568.4,848.04999,1488.0,3877.8,1091.66928,592.19109952,180.89999,1440.3,3473.6499,5353.8501,10961.45,250.475005
2024-06-24 09:15:00,3118.13771508,1479.65,6295.0,2899.95,1235.75,9758.9502,710.69502,1589.85,311.89999,1423.8,1528.0,480.04999,1220.0,4888.7002,199.8,2521.75,1443.95,837.55,582.45001,5534.0,687.70001,2429.61266295,1175.65,400.18204844,1508.9,1529.1,941.65002,356.39999,1775.2,3567.0,2923.95,12289.0,364.64999,1266.0,271.25,334.0,1449.5,1464.15,578.0,836.0,1502.9,3857.0,1090.681344,581.68632149,178.95,1409.0,3429.0,5440.0,10845.0,247.449995
2024-06-25 09:15:00,3111.97864624,1468.9,6315.0,2894.95,1278.75,9825.0,714.0,1610.75,314.95001,1434.0,1517.8,477.95001,1219.04,4896.0,204.7,2529.8501,1450.1,858.475,592.25,5579.8501,696.0,2408.79026746,1206.0,400.22923585,1502.15,1543.9,940.0,362.5,1798.25,3591.95,2947.0,12237.8,364.70001,1269.15,270.79999,335.0,1455.92505,1467.5,600.0,845.84998,1508.0,3847.6499,1094.8306752,581.29389,179.0,1432.0,3423.3999,5459.0,11007.95,249.0
2024-06-26 09:15:00,3091.85255517,1474.5,6285.6499,2873.8501,1292.95,9660.2998,717.925,1616.5,311.5,1479.95,1507.2,471.85001,1218.93,4807.3999,203.48,2564.0,1453.3,855.45,599.0,5544.0,683.54999,2428.77573459,1222.85,402.49467491,1521.0,1548.85,932.45001,359.70001,1816.0,3624.8999,2912.95,12323.85,366.89999,1273.5,269.14999,330.20001,1518.975,1475.65,611.89,848.79999,1528.9,3866.95,1086.5320128,581.08259931,176.0,1434.8,3401.5,5395.0,11261.0,249.949995
2024-06-27 09:15:00,3105.96506723,1494.0,6200.3999,2903.0,1310.0,9564.6504,723.9,1614.7,308.14999,1489.0,1486.2,469.0,1249.89,4766.4502,201.5,2654.6499,1460.55,856.5,595.0,5510.0,687.70001,2444.72472806,1235.0,403.2970307,1504.95,1578.4,945.59998,358.39999,1838.0,3601.3,2905.0,12227.3,381.10001,1277.0,268.10001,332.5,1537.5,1473.65,599.32998,847.40002,1528.05,3942.0,1083.2224272,588.53855617,174.95,1443.8,3392.5,5387.0,11874.95,255.975005
2024-06-28 09:15:00,3115.37340859,1494.0,6222.5,2932.0,1289.9,9523.7002,722.6,1622.0,309.79999,1536.25,1492.2,476.0,1284.0,4733.9502,203.92,2678.95,1468.7,853.3,599.79999,5605.25,697.5,2451.91162018,1227.0,404.00498336,1491.0,1588.5,949.40002,362.0,1847.95,3575.95,2896.0,12201.5,389.5,1286.85,275.45001,337.35001,1581.0,1498.8,593.86,864.0,1538.95,3960.0,1090.681344,602.81659783,177.10001,1453.0,3419.8999,5509.0,11779.0,258.149995
2024-07-01 09:15:00,3097.13858812,1491.4,6180.0,2939.0,1273.0,9693.9502,730.4,1590.95,312.5,1466.8,1493.7,476.29999,1296.0,4729.4502,204.5,2743.8999,1478.6,853.65,603.04999,5728.2998,701.84998,2483.90805771,1215.35,406.12884133,1469.0,1599.9,947.5,358.39999,1813.15,3541.3999,2894.05,12260.0,382.0,1295.55005,275.79999,331.75,1579.4,1511.9,588.4,850.5,1530.0,4001.7,1084.2103632,607.0426531,175.99001,1478.5,3435.0,5555.0,12031.6,267.899995
2024-07-02 09:15:00,3111.34819038,1489.6,6163.75,2936.0,1267.85,9532.4004,727.59502,1585.0,309.0,1473.4,1492.75,485.0,1276.19,4699.1001,209.84,2762.7,1492.45,867.45,603.75,5674.0,703.29999,2476.03201155,1217.0,406.50640664,1460.45,1633.8,953.70001,355.45001,1820.95,3634.0,2891.0,12149.95,372.60001,1294.0,279.79999,334.39999,1573.5,1510.35,588.0,846.29999,1534.9,4023.3999,1096.60896,606.74079201,175.75,1498.0,3450.0,5568.5498,12078.0,272.5
2024-07-03 09:15:00,3098.49659006,1514.0,6217.75,2948.95,1288.6,9554.9502,728.46499,1597.5,315.45001,1432.4,1500.0,487.64999,1305.16,4703.75,213.95,2761.3999,1489.0,897.0,598.84998,5627.9502,703.0,2480.80696299,1215.85,405.56246976,1458.0,1636.0,953.40002,356.39999,1815.85,3650.5,2895.0,12150.0,374.25,1284.775,277.70001,336.89999,1575.0,1506.95,577.0,843.84998,1536.25,4026.1001,1134.7432896,596.08508343,176.88,1485.0,3426.95,5577.75,11899.0,272.725005
2024-07-04 09:15:00,3098.39959685,1520.0,6244.0,2968.45,1293.0,9499.0,732.5,1610.0,318.5,1441.1,1488.95,492.79999,1308.4,4725.0,210.28999,2752.75,1534.55,879.875,607.29999,5603.9502,705.75,2497.54356108,1234.95,407.30876243,1457.85,1660.0,959.40002,356.85001,1838.55,3644.0,2922.0,12210.0,380.85001,1282.5,278.89999,338.70001,1567.5,1518.85,573.6,844.90002,1571.0,4047.3501,1140.8684928,606.13706982,178.19,1492.0,3369.8999,5620.0,11936.85,274.399995
2024-07-05 09:15:00,3063.57903446,1509.5,6342.8501,2946.8999,1295.4,9660.0,714.98999,1590.7,326.79999,1433.6,1516.0,493.29999,1309.43,4748.7998,208.39999,2755.7,1529.25,842.5,608.79999,5597.0,702.5,2514.42773658,1242.6,409.66860462,1449.7,1665.85,956.0,354.79999,1857.95,3638.0,2886.0,12137.45,381.25,1289.80005,289.29999,339.89999,1598.5,1531.95,574.45,861.25,1574.75,4026.75,1137.0649392,607.7067475,176.2,1470.0,3332.0,5644.4502,11824.55,268.25
2024-07-08 09:15:00,3063.23955822,1501.05,6387.9502,2935.8999,1297.4,9666.1504,714.76499,1579.6,335.79999,1438.85,1524.65,496.0,1315.0,4775.0,210.0,2754.95,1540.0,827.475,622.04999,5630.0,705.90002,2554.79247315,1239.5,419.62712923,1441.7,1666.0,955.90002,353.54999,1857.25,3645.7,2918.6001,12112.0,381.25,1310.0,303.0,341.0,1608.80005,1531.95,571.2,865.0,1574.8,4031.25,1149.957504,613.74396931,175.47,1478.95,3204.0,5665.0,11714.8,271.5
2024-07-09 09:15:00,3063.0455718,1503.95,6350.3999,2913.2,1295.0,9565.0,714.23999,1583.9,339.35001,1441.65,1515.0,496.95001,1319.0,4838.0,214.0,2785.95,1546.3,823.35,629.34998,5599.4502,710.65002,2573.49808278,1250.2,429.49127904,1449.6,1666.75,940.79999,353.70001,1870.0,3685.0,2940.0,12959.95,380.25,1320.05005,301.85001,342.35001,1600.5,1529.0,562.79,869.95001,1589.9,4006.95,1154.403216,613.98545818,173.7,1469.4,3222.05,5634.6001,11761.7,272.475005
2024-07-10 09:15:00,3033.22015973,1494.45,6417.0,3014.5,1294.0,9650.0,712.93501,1589.0,340.5,1448.75,1517.25,494.89999,1320.89,4955.0,213.39,2812.25,1532.6,820.0,640.75,5650.0,712.09998,2585.31215202,1252.75,429.82166638,1433.5,1674.0,935.29999,350.89999,1844.5,3694.0,2930.0,13300.0,383.79999,1324.975,299.79999,347.79999,1597.5,1562.5,560.92998,860.25,1601.15,4003.3,1142.794968,615.70606639,172.89,1472.8,3252.7,5626.4502,11739.8,271.67499
2024-07-11 09:15:00,3035.69348658,1498.5,6411.6499,3030.0,1301.4,9569.5,708.78999,1596.0,338.20001,1450.85,1519.0,506.0,1324.39,4885.0,218.95,2837.0,1534.0,812.925,636.59998,5560.5,702.0,2576.50082538,1257.8,433.73899498,1435.85,1665.0,932.0,351.35001,1852.0,3684.6001,2757.95,12923.8,383.29999,1315.80005,307.20001,348.75,1604.25,1569.65,557.09,858.29999,1602.5,3980.0,1139.4853824,619.11709672,170.95,1476.0,3258.75,5663.0,11640.0,269.774995
2024-07-12 09:15:00,3005.62559148,1497.0,6419.9502,3052.0,1339.65,9554.3496,704.5,1604.85,337.5,1447.6,1515.0,508.60001,1349.0,4879.2002,223.25,2850.0,1566.0,819.2,636.40002,5600.0,702.45001,2598.60297991,1252.9,437.27875827,1450.95,1719.75,937.75,356.39999,1851.0,3667.7,2722.3,12669.9,379.39999,1309.92505,311.75,345.89999,1605.15,1570.0,572.0,863.0,1587.35,4199.9502,1140.078144,619.35858559,170.39,1511.8,3269.0,5696.0,11680.0,282.399995
2024-07-15 09:15:00,3010.18427235,1505.0,6466.7002,2999.0,1324.4,9738.5,708.5,1605.0,336.04999,1440.0,1531.95,503.60001,1376.99,4917.0,232.0,2852.95,1636.4,814.9,648.0,5639.0,701.59998,2588.51179577,1238.45,440.29936572,1449.0,1728.0,938.70001,356.70001,1857.9,3674.0,2739.0,12768.5,388.95001,1309.75,323.64999,345.39999,1605.85,1620.9,577.8,887.34998,1594.7,4240.0,1143.041952,621.7131021,168.99001,1527.5,3252.3999,5754.9502,11898.0,283.45001
2024-07-16 09:15:00,3043.40444678,1510.6,6464.0,3015.95,1318.45,9909.9502,709.0,1615.0,334.39999,1473.3,1524.45,518.40002,1356.59,4935.6499,230.35001,2844.75,1583.0,813.5,655.0,5659.0,703.15002,2682.77822325,1245.0,440.58253734,1450.0,1737.9,939.34998,350.35001,1849.1,3651.6001,2766.8501,12798.0,388.75,1309.42505,327.60001,347.0,1600.0,1639.6,580.0,888.09998,1595.0,4194.5498,1164.776544,621.59235766,169.82001,1519.0,3251.0,5725.4502,11907.05,281.29999
2024-07-18 09:15:00,3017.4587631,1504.25,6539.7002,2957.8999,1318.6,9745.0,711.78999,1654.0,326.70001,1485.95,1513.0,515.79999,1341.77,4965.0,221.39999,2845.8,1599.25,811.975,651.40002,5578.0,695.84998,2708.57227442,1256.45,444.49986594,1460.85,1765.4,935.34998,346.14999,1831.2,3679.25,2825.95,12680.0,382.89999,1317.44995,333.29999,344.70001,1593.9,1664.95,574.79,894.90002,1596.6,4325.0,1180.1883456,620.02267999,167.61,1545.7,3269.1001,5660.25,11683.85,287.20001
2024-07-19 09:15:00,3001.45488345,1502.2,6525.25,2980.0,1309.0,9675.0,711.0,1660.0,316.89999,1480.0,1506.0,506.39999,1343.68,4925.0,220.49001,2789.95,1616.45,811.5,646.0,5527.75,685.70001,2700.49932711,1250.5,452.52332939,1452.0,1844.0,927.5,342.0,1831.0,3658.95,2819.95,12710.0,378.0,1322.75,333.20001,341.85001,1589.975,1658.55,575.17002,899.0,1589.75,4358.75,1185.6219936,618.21151345,166.09,1539.95,3279.0,5308.5,11645.0,289.95001
2024-07-22 09:15:00,2935.8873765,1475.0,6434.0,2973.3501,1292.35,9435.0,695.86001,1651.8,314.70001,1472.0,1507.05,496.0,1356.0,4869.8999,222.19,2822.0,1594.5,825.5,641.0,5490.0,675.0,2707.34164221,1245.3,452.57054512,1429.95,1823.0,893.40002,343.0,1821.0,3661.8501,2819.0,12658.95,377.25,1315.0,323.35001,339.39999,1537.5,1647.7,569.59,895.0,1589.5,4319.9502,1196.291702,608.55195855,160.7,1505.85,3273.3999,5238.9502,11570.0,263.375
2024-07-23 09:15:00,2946.6537198,1517.0,6474.3999,2947.3,1291.1,9508.0,694.48501,1647.95,317.0,1470.0,1504.0,495.79999,1376.8,4975.0,223.72,2850.95,1600.8,823.9,649.70001,5659.8501,673.20001,2767.7410712,1248.65,469.51419318,1427.0,1839.95,896.15002,342.0,1780.5,3714.0,2854.5,12734.95,385.64999,1303.25,321.39999,340.5,1505.75,1638.0,565.4,884.5,1605.65,4361.7002,1247.367994,608.94437797,161.97,1502.7,3490.0,5310.25,11735.4,254.0
2024-07-24 09:15:00,2917.07079075,1513.55,6443.9502,2927.0,1267.35,9372.7002,665.47002,1611.9,306.5,1475.6,1511.3,499.39999,1387.78,4942.2998,225.5,2830.0,1598.0,810.5,675.0,5513.0,656.65002,2714.72543549,1233.65,482.0213568,1412.5,1842.35,895.0,339.0,1780.9,3557.95,2830.3999,12663.2,395.0,1290.5,325.75,338.79999,1509.5,1650.0,552.0,868.0,1624.95,4339.1001,1242.5271072,624.3996658,162.02,1540.0,3552.5,5380.0,11560.75,253.175005
2024-07-25 09:15:00,2926.91550457,1499.45,6434.1499,2908.7,1200.0,9309.9502,666.6,1582.65,303.39999,1454.0,1508.7,503.54999,1374.99,4923.4502,223.97,2825.0,1594.0,812.5,685.59998,5450.2998,649.0,2682.63064584,1218.25,468.19269099,1396.55,1830.9,880.0,333.64999,1779.0,3630.8999,2827.0,12525.0,396.29999,1278.32495,337.54999,342.60001,1500.475,1701.35,542.0,850.75,1681.3,4343.0,1220.10096,660.47206612,158.5,1547.55,3454.3999,5335.4502,11476.8,253.75
2024-07-26 09:15:00,3015.5188989,1547.9,6679.9502,2964.45,1183.15,9505.0,680.83999,1592.75,310.5,1520.0,1600.0,511.70001,1393.2,5058.8999,226.62,2877.75,1640.0,810.875,709.79999,5546.2002,668.5,2684.74723479,1220.0,478.00962507,1409.0,1883.0,908.79999,336.64999,1829.85,3701.0,2897.3999,12743.1,399.5,1246.30005,338.5,345.54999,1512.42505,1777.7,608.8,864.25,1723.8,4422.4502,1218.95,676.47070392,162.95,1544.65,3501.7,5411.5498,11742.45,264.274995
2024-07-29 09:15:00,3026.52772523,1559.0,6777.0,2965.1001,1194.6,9621.0498,685.5,1625.0,325.60001,1525.0,1589.0,515.70001,1389.62,5047.9502,229.46001,2865.0,1645.0,815.925,710.0,5532.6499,676.75,2677.8556944,1242.75,477.82085658,1444.95,1903.0,909.90002,335.20001,1827.0,3790.0,2945.0,12773.7,408.29999,1243.475,339.54999,345.89999,1527.5,1763.55,607.15,889.09998,1728.75,4431.0,1222.0,688.18291424,164.7,1554.7,3499.55,5549.9502,11940.0,265.274995
2024-07-30 09:15:00,3060.1357755,1556.9,6713.1499,3032.8,1180.0,9654.0,689.9,1669.9,326.54999,1484.9,1564.05,525.59998,1378.2,4978.6499,231.2,2830.0,1633.0,817.375,708.34998,5548.0,665.0,2711.67356605,1230.85,469.89176793,1432.7,1879.95,907.95001,331.75,1806.65,3795.0,2950.0,12968.8,412.70001,1240.19995,338.25,356.95001,1525.0,1746.3,596.27998,880.54999,1725.45,4398.0,1211.4,711.78845152,165.3,1551.95,3479.0,5660.0,11858.0,263.475005
2024-07-31 09:15:00,3101.35788975,1577.9,6686.75,3098.0,1171.0,9680.0,685.5,1656.25,320.60001,1504.15,1548.55,525.40002,1365.9,4992.7998,230.14,2798.75,1645.0,813.95,719.0,5536.1499,674.0,2667.66596123,1224.65,470.03337734,1435.0,1885.15,936.34998,331.25,1816.0,3822.0,2979.6001,13375.0,417.39999,1238.5,337.45001,350.64999,1510.44995,1760.0,589.41,874.95001,1730.95,4414.0,1193.0,705.08713531,166.5,1561.75,3499.8999,5919.2998,11915.0,262.45001
2024-08-01 09:15:00,3160.0387818,1604.95,6735.0,3128.95,1175.65,9844.0,684.4,1659.0,317.70001,1511.0,1552.5,542.25,1380.1,5023.0,238.0,2788.6499,1655.5,825.025,722.5,5487.4502,690.90002,2682.72899796,1222.65,468.90064365,1440.0,1867.9,957.95001,332.89999,1818.25,3838.95,2926.5,13680.0,424.35001,1246.15,344.70001,362.5,1518.0,1791.15,599.8,881.40002,1746.45,4419.2998,1216.0,709.97728497,168.95,1569.0,3492.0,5894.0,12032.3,263.399995
2024-08-02 09:15:00,3118.3317015,1599.7,6795.8501,3129.05,1167.8,9730.0,675.0,1629.0,308.70001,1505.15,1541.4,537.20001,1396.2,4884.0,278.70001,2757.1001,1639.0,835.25,712.75,5374.1001,665.59998,2716.74367232,1201.65,471.44928266,1413.95,1859.5,923.84998,328.25,1810.0,3748.8999,2810.3,13174.9,426.29999,1257.0,338.0,361.04999,1509.32495,1768.9,604.57998,858.29999,1741.8,4398.0,1220.0,676.16884283,161.19,1533.55,3477.8999,5805.8501,11949.0,259.625
2024-08-05 09:15:00,3038.84576591,1563.45,6756.5,3145.0,1151.45,9520.0,665.0,1605.0,297.45001,1488.0,1527.95,515.0,1392.2,4693.3501,265.54999,2678.95,1595.7,823.0,713.90002,5247.0,633.84998,2699.51482134,1188.9,464.32254036,1396.2,1797.5,884.0,322.20001,1805.6,3607.8999,2729.2,12490.0,415.64999,1264.44995,323.29999,354.79999,1483.9,1739.35,588.37002,831.34998,1758.0,4239.0,1213.6,642.96412287,154.0,1484.25,3459.0,5424.3501,11700.0,247.925005
2024-08-06 09:15:00,3048.30260388,1539.75,6735.0,3135.0,1151.0,9620.0,669.7,1598.0,302.60001,1492.9,1542.35,517.20001,1383.06,4752.0,275.0,2679.3999,1605.0,816.475,719.0,5255.1001,629.0,2728.803868,1187.7,464.13377186,1407.3,1796.95,893.04999,322.0,1792.2,3634.8999,2748.75,12554.9,424.95001,1264.0,322.45001,350.79999,1477.5,1780.0,588.09,826.54999,1734.0,4258.25,1212.1,640.33793138,153.8,1503.0,3416.3501,5467.7002,11575.8,249.675005
2024-08-07 09:15:00,3094.083399,1547.85,6768.0,3118.5,1144.8,9725.0,665.93501,1584.8,301.0,1454.9,1556.9,532.79999,1387.0,4690.0,267.60001,2659.3999,1615.0,815.0,697.70001,5314.75,629.45001,2738.74747473,1179.8,467.81512568,1399.5,1797.9,910.65002,337.20001,1786.6,3655.75,2704.75,12450.0,421.0,1264.475,330.95001,352.54999,1472.5,1698.9,586.42002,810.70001,1736.85,4244.9502,1207.75,627.99181278,154.3,1515.25,3368.8501,5499.7998,11589.95,250.050005
2024-08-08 09:15:00,3145.15022707,1556.0,6744.3501,3089.7,1142.8,9777.7002,667.80498,1576.45,302.70001,1466.5,1589.65,535.0,1407.0,4641.9502,267.5,2633.8,1602.0,826.65,713.20001,5252.0,631.0,2716.49754587,1174.4,470.08056475,1355.8,1779.95,902.95001,330.79999,1781.8,3628.75,2716.5,12392.7,417.0,1262.5,329.0,355.0,1465.0,1715.15,584.0,817.79999,1748.65,4232.0,1195.0,637.77211211,153.44,1488.15,3359.95,5727.3999,11524.2,247.0
2024-08-09 09:15:00,3122.50240953,1543.5,6598.0,3052.75,1155.7,9775.0,670.0,1562.55,305.0,1482.0,1581.2,531.34998,1405.0,4853.0,272.89999,2638.95,1602.0,831.275,715.0,5246.6499,626.5,2715.26691366,1180.95,470.08056475,1367.0,1780.75,914.75,330.5,1785.45,3605.55,2765.0,12390.0,416.35001,1255.94995,335.85001,348.95001,1476.5,1733.4,594.67002,829.95001,1749.8,4253.6499,1188.9,653.80093602,153.0,1509.25,3350.0,6373.8501,11449.0,248.225005
2024-08-12 09:15:00,3074.53936418,1524.25,6591.8999,3084.0,1169.1,9750.9502,664.5,1570.85,303.64999,1477.5,1593.0,530.5,1406.0,4852.0498,266.48999,2621.0,1600.5,837.975,713.65002,5325.0,634.40002,2720.58314637,1178.25,471.9684385,1357.6,1803.5,926.20001,330.95001,1791.05,3611.0,2757.0,12370.0,410.0,1254.975,344.70001,343.79999,1473.0,1730.0,603.0,823.0,1748.5,4239.0,1184.35,651.95958337,153.39999,1524.5,3345.0,6434.0,11379.8,247.0
2024-08-13 09:15:00,3082.541304,1517.45,6642.0,3059.8,1179.6,9789.8496,664.49502,1569.0,302.64999,1478.4,1606.7,529.90002,1392.45,4834.8999,265.39999,2579.3999,1608.4,816.2,707.29999,5407.2998,634.40002,2714.92223819,1189.25,469.93898365,1371.65,1810.0,927.5,336.5,1791.5,3607.0,2738.6499,12340.05,404.5,1246.0,345.0,342.45001,1470.07495,1721.3,599.09,820.0,1751.85,4234.0,1182.75,649.30320577,152.95,1523.65,3404.75,6443.0,11364.0,246.350005
2024-08-14 09:15:00,2992.91948097,1488.0,6865.0,3034.8,1159.0,9785.0,648.99502,1546.45,297.04999,1480.1,1597.0,527.90002,1392.4,4820.0,264.5,2534.5,1629.75,806.85,690.59998,5297.6001,633.95001,2700.05629951,1170.05,471.02450162,1356.95,1825.0,911.95001,326.35001,1760.0,3578.7,2771.95,12239.0,400.0,1245.975,336.5,338.35001,1472.0,1707.35,583.32002,809.15002,1753.0,4306.2002,1187.1,644.20175334,149.89999,1529.45,3416.2,6452.0,11200.0,248.425005
2024-08-16 09:15:00,3027.74014035,1497.2,6714.7998,3054.0,1170.0,9925.0,660.0,1552.45,303.89999,1491.0,1580.45,515.75,1369.79,4825.0,266.20001,2608.0,1674.0,817.075,690.59998,5138.9502,642.0,2710.93518672,1193.0,475.93298282,1367.9,1861.85,910.70001,329.54999,1785.75,3580.8999,2845.05,12343.95,400.95001,1266.725,335.75,339.54999,1480.4,1702.1,598.37998,814.90002,1751.15,4427.0,1190.65,664.0642131,150.0,1589.0,3450.1001,6548.0,11325.0,258.725005
2024-08-19 09:15:00,3040.05818103,1507.0,6756.8999,3087.8501,1171.3,9944.0,665.6,1563.9,305.54999,1489.1,1584.95,523.45001,1384.8,4848.0,280.89999,2635.1499,1685.0,818.825,689.40002,5224.0,660.29999,2716.98979876,1195.75,480.74704202,1375.8,1867.55,920.0,334.5,1790.0,3599.8999,2859.8999,12244.05,407.5,1273.0,338.75,343.29999,1498.30005,1696.8,617.0,825.40002,1752.85,4494.25,1200.0,668.32045448,154.3,1602.7,3504.2,6750.0,11468.1,261.600005
2024-08-20 09:15:00,3032.0077446,1510.0,6788.6001,3106.3501,1177.0,9876.6504,677.38999,1624.9,304.5,1484.75,1579.0,528.45001,1394.84,4898.0,264.45001,2648.8999,1695.05,823.0,713.0,5350.0,674.29999,2713.54402856,1189.8,475.17781444,1391.65,1885.7,923.90002,337.95001,1813.05,3580.0,2783.2,12310.0,408.20001,1263.0,336.0,342.64999,1503.92505,1770.8,635.4,823.0,1770.8,4565.0,1182.95,662.91714096,155.7,1633.65,3483.1001,6819.7002,11525.0,263.79999
2024-08-21 09:15:00,3058.48689093,1517.0,6788.5,3170.6001,1178.0,9869.0,674.72998,1628.8,306.75,1466.6,1596.15,535.25,1421.49,4925.0,264.45001,2692.05,1688.85,817.275,727.59998,5305.2002,696.59998,2751.79217618,1178.65,480.46387039,1387.35,1879.0,927.0,337.25,1817.0,3615.3,2780.95,12248.95,409.70001,1277.5,331.5,340.95001,1507.875,1804.45,638.0,821.0,1771.95,4560.0,1181.0,661.25690496,154.17999,1628.0,3582.0,6825.0,11312.55,264.04999
2024-08-22 09:15:00,3055.286115,1509.5,6858.0,3198.6499,1181.0,10011.0,676.5,1630.0,306.89999,1499.9,1599.0,535.45001,1412.47,4949.0,267.0,2772.95,1687.0,819.15,729.90002,5383.0,692.0,2766.4612137,1192.6,479.99190195,1395.95,1893.65,934.84998,333.39999,1824.3,3612.1499,2775.75,12325.0,410.04999,1282.525,330.5,337.70001,1506.5,1812.4,633.39,823.90002,1769.5,4560.9502,1209.85,660.92485776,154.35001,1620.65,3625.0,7010.0498,11377.4,265.274995
2024-08-23 09:15:00,3029.0979483,1503.0,6927.3999,3198.6001,1173.95,10444.35,676.2,1644.95,309.20001,1510.0,1585.8,541.15002,1398.0,4967.8501,269.89999,2780.8999,1685.95,817.0,730.5,5443.7998,694.70001,2777.29077717,1205.0,478.52880923,1390.3,1882.6,943.95001,333.70001,1827.9,3622.0,2769.0,12375.05,405.89999,1275.67505,324.79999,336.95001,1511.32495,1798.4,632.46,822.0,1781.45,4506.0,1215.0,659.62685507,154.39,1616.95,3622.8501,7030.0,11380.0,260.725005
2024-08-26 09:15:00,2997.090189,1497.0,6878.0,3177.45,1175.25,10517.15,681.9,1688.0,308.89999,1520.7,1596.0,543.54999,1391.99,4915.9502,264.42001,2763.2,1734.0,823.975,734.0,5425.0,712.90002,2791.02463266,1214.95,479.51993352,1395.55,1888.75,968.90002,334.20001,1822.95,3648.0,2799.0,12334.5,415.95001,1272.5,329.10001,341.5,1523.0,1801.45,635.95,823.45001,1780.0,4552.1499,1221.85,666.11686852,156.39999,1643.0,3640.0,7097.9502,11360.95,262.399995
2024-08-27 09:15:00,3002.66729857,1496.9,6850.75,3203.6499,1184.85,10568.45,687.33501,1729.0,307.45001,1526.35,1619.8,541.70001,1401.31,4887.25,261.39999,2747.95,1756.85,823.7,742.45001,5396.9502,712.95001,2780.34284351,1232.5,479.1423682,1387.15,1902.75,966.95001,326.60001,1813.1,3737.0,2800.0,12530.0,416.20001,1266.4,332.54999,341.45001,1513.475,1848.6,653.77998,819.45001,1792.6,4510.0,1220.55,662.0719299,156.5,1645.0,3658.8,6973.0,11450.0,261.625
2024-08-28 09:15:00,2985.4510038,1486.4,6848.5,3165.5,1181.7,10715.0,691.7,1735.0,304.5,1564.5,1630.0,535.54999,1409.65,4975.75,257.73999,2722.55,1737.75,819.875,746.54999,5383.2002,710.70001,2738.6489257,1226.4,474.13948388,1421.95,1951.0,951.5,330.25,1805.9,3724.3999,2827.0,12519.95,414.39999,1259.5,330.29999,338.89999,1507.475,1854.25,649.6,817.20001,1823.0,4562.5,1215.35,657.27233856,155.0,1665.0,3579.95,7325.0,11317.6,269.04999
2024-08-29 09:15:00,2950.48495159,1483.0,6907.3501,3143.95,1179.9,10850.0,715.8,1772.0,301.04999,1571.7,1642.3,530.0,1403.99,4994.3999,256.35001,2719.0,1756.0,822.2,748.5,5387.2998,702.34998,2766.4612137,1235.0,479.23676189,1423.05,1950.5,950.5,333.10001,1798.5,3710.0,2801.6499,12480.0,412.60001,1259.725,330.14999,335.89999,1537.0,1867.75,652.4,816.0,1826.85,4556.0,1208.9,689.45073082,153.56,1656.25,3553.75,7291.9502,11256.7,270.975005
2024-08-30 09:15:00,2947.18718246,1487.0,6990.0,3166.75,1182.95,10921.35,721.50498,1793.5,302.14999,1608.4,1663.7,537.0,1409.0,4979.5,255.45,2708.8999,1766.3,831.0,742.70001,5518.0,708.5,2772.66360005,1235.55,480.60545149,1430.0,1950.0,954.75,331.60001,1790.0,3745.0,2821.55,12570.0,419.20001,1258.65,334.39999,340.85001,1539.725,1869.8,644.87998,820.70001,1828.15,4592.25,1207.5,673.15023193,155.25,1663.75,3598.0,7274.75,11360.9,271.0
2024-09-02 09:15:00,2967.16768672,1499.5,6999.0,3184.0,1194.0,11154.1,745.0,1862.0,301.95001,1605.0,1681.6,529.0,1414.99,5011.0,252.3,2729.6499,1812.0,823.4,754.0,5629.0498,706.70001,2765.3781589,1239.2,484.14524309,1451.25,1975.75,951.45001,349.35001,1793.45,3721.95,2848.8,12525.0,419.10001,1258.0,331.95001,339.89999,1526.80005,1894.65,651.67998,825.40002,1837.0,4588.0,1227.0,667.11301012,153.89999,1662.0,3601.95,7267.75,11465.0,271.0
2024-09-03 09:15:00,2961.25119791,1498.1,6925.7998,3174.55,1193.55,11118.7,746.0,1870.95,301.35001,1579.0,1659.85,523.59998,1382.8,4940.0,252.95,2710.0,1817.15,819.975,761.20001,5699.0,692.70001,2784.13309227,1250.95,487.02424113,1451.9,1967.0,941.54999,355.0,1786.45,3713.95,2798.1001,12474.3,411.54999,1279.5,328.0,337.95001,1523.0,1936.0,656.61,825.95001,1839.55,4555.8999,1218.35,664.09439921,153.45,1659.25,3634.8999,7180.0,11504.05,270.42499
2024-09-04 09:15:00,2934.0446025,1475.15,6938.0,3252.0,1189.65,11029.85,737.7,1879.7,301.89999,1566.0,1658.0,516.85,1369.56,4877.45,245.0,2763.95,1795.65,822.4,759.45,5689.3,673.8,2799.78683247,1243.7,481.45500411,1439.25,1927.2,934.7,350.3,1788.3,3681.0,2779.8999,12398.0,408.25,1270.725,316.2,334.7,1517.5,1920.0,656.39,818.65,1835.0,4487.0,1198.95,655.03856649,152.18,1650.0,3617.5,7168.95,11637.45,264.125
2024-09-05 09:15:00,2946.5566296,1476.8,7044.0,3257.0,1182.85,11015.85,732.66499,1874.7,299.5,1563.0,1659.95,507.5,1369.76,4863.1001,261.60001,2774.0,1797.7,824.95,758.65002,5799.0,672.40002,2810.76397335,1244.85,483.2012779,1444.0,1940.0,944.54999,350.45001,1786.35,3668.0,2760.0,12370.0,408.39999,1267.5,316.95001,334.29999,1525.775,1919.0,658.8,822.15002,1843.9,4499.0,1206.85,655.55173035,152.78999,1657.9,3753.95,7209.0,11822.75,263.0
2024-09-06 09:15:00,2934.0446025,1468.75,6962.4502,3285.8999,1181.35,10913.95,739.5,1898.0,290.35001,1555.6,1631.95,499.0,1344.02,4830.0,262.14999,2744.6001,1795.75,823.875,754.09998,5770.2998,677.0,2822.03656442,1233.9,483.29568102,1438.2,1936.5,939.40002,345.85001,1781.95,3623.8,2738.8999,12304.85,404.64999,1259.625,313.14999,333.10001,1497.0,1916.85,653.39,812.90002,1850.0,4518.9502,1191.75,647.76371421,152.89999,1651.2,3742.0,7189.9502,11525.0,264.95001
2024-09-09 09:15:00,2883.12316725,1441.6,6928.0,3314.0,1175.6,10902.4,737.795,1873.75,284.5,1546.75,1636.8,488.5,1343.19,4780.0,265.0,2715.4,1766.3,824.25,749.0,5770.35,664.0,2892.67485341,1238.3,483.90923999,1431.0,1920.85,936.7,345.85,1793.95,3594.0,2714.3,12219.85,392.75,1260.0,308.7,329.2,1469.925,1932.85,664.64,788.2,1835.4,4490.25,1195.95,633.87810405,150.9,1631.3,3724.45,7155.7,11518.45,260.875
2024-09-10 09:15:00,2916.97379754,1464.0,6975.85,3310.0,1190.85,11035.7,736.995,1874.8,288.35,1586.0,1644.35,492.0,1339.56,4767.5,270.3,2715.15,1789.3,827.0,732.15,5864.15,666.8,2892.08414995,1241.35,486.12749166,1438.5,1935.0,948.5,359.75,1799.65,3625.0,2715.0,12288.05,399.4,1273.95,301.5,335.3,1472.05,1890.0,667.58,788.8,1842.25,4539.95,1212.95,633.30456797,151.59,1613.7,3750.0,7200.0,11639.45,264.0
2024-09-11 09:15:00,2902.95827869,1457.85,6953.95,3382.95,1194.85,11501.3,743.2,1853.8,290.45,1598.9,1652.3,493.55,1349.87,4779.5,281.5,2729.5,1796.85,826.25,704.3,5708.7,658.6,2904.2920215,1239.3,490.3752076,1438.95,1926.0,944.3,355.4,1805.45,3603.95,2708.0,12334.0,399.3,1280.8,292.4,337.25,1468.75,1871.05,659.6,788.0,1857.5,4549.35,1219.0,610.69517229,150.2,1627.0,3743.5,7219.65,11611.0,263.125
2024-09-12 09:15:00,2909.7963,1475.0,7096.45,3393.0,1205.7,11779.25,744.0,1860.0,292.5,1652.8,1660.0,497.25,1342.44,4895.0,286.0,2765.0,1814.2,835.0,715.95,5818.0,677.9,2917.48439882,1257.0,491.31914448,1446.5,1956.4,957.6,351.95,1834.15,3638.05,2751.6,12427.0,406.25,1270.0,294.75,339.0,1486.0,1880.0,682.48,789.9,1871.5,4532.6,1225.95,596.47751493,152.44,1649.6,3774.0,7309.0,11735.0,266.0
2024-09-13 09:15:00,2911.6876676,1475.65,7099.95,3369.7,1219.55,11893.95,766.0,1906.9,294.0,1654.9,1669.2,497.85,1339.81,4881.4,286.45,2799.0,1820.0,837.0,713.75,5847.1,686.4,2910.59285843,1255.95,490.84717604,1470.95,1958.6,972.45,354.4,1837.0,3634.75,2758.55,12395.0,407.3,1280.5,297.25,341.25,1483.15,1871.75,685.0,795.0,1865.0,4547.0,1227.0,607.34451419,155.4,1659.9,3799.85,7281.1,11762.6,276.25
2024-09-16 09:15:00,2935.40250744,1461.15,7062.95,3394.9,1234.0,11751.8,768.0,1921.0,292.2,1652.95,1671.85,494.9,1337.98,4938.75,282.0,2819.05,1824.25,838.9,709.2,5822.5,687.55,2864.9117907,1265.6,488.01536541,1473.95,1952.0,978.55,354.7,1845.7,3670.0,2784.3,12364.0,412.0,1277.8,295.4,341.5,1480.9,1864.8,687.97,795.0,1873.35,4546.05,1223.75,603.66180888,155.66,1670.0,3789.0,7384.95,11797.95,278.425
2024-09-17 09:15:00,2905.81957839,1445.0,7152.45,3349.9,1240.6,11972.85,745.5,1876.85,290.85,1666.05,1683.0,494.8,1333.15,4898.5,278.0,2777.3,1828.0,839.0,702.9,5984.95,692.0,2868.7513632,1272.25,484.75878318,1483.5,1958.45,974.55,355.5,1853.4,3705.0,2793.5,12285.0,417.65,1292.65,296.6,340.0,1477.475,1844.3,693.35,787.5,1869.65,4535.8,1234.3,600.70357019,154.24,1672.0,3777.0,7508.8,11718.6,277.45
2024-09-18 09:15:00,2895.00483547,1439.25,7068.0,3324.85,1250.4,12054.0,767.25,1897.0,286.0,1670.95,1673.0,493.6,1329.6,4878.7,277.85,2777.0,1808.1,849.45,705.2,6145.95,687.95,2848.71667078,1295.35,483.67325577,1488.75,1938.75,970.95,353.25,1859.45,3757.95,2848.0,12337.95,419.75,1300.55,297.8,338.9,1482.0,1848.95,717.99,794.75,1868.0,4497.05,1223.4,593.88150955,152.98,1648.15,3786.0,7453.0,11763.3,274.525
2024-09-19 09:15:00,2885.79048053,1438.0,7124.65,3320.0,1261.7,12040.25,774.8,1902.0,284.85,1711.7,1668.0,491.6,1322.5,4923.8,280.95,2775.0,1776.0,859.5,708.1,6060.0,690.85,2888.83528091,1300.0,485.93870428,1498.0,1924.9,965.95,350.5,1875.0,3750.4,2852.0,12410.0,431.85,1338.5,289.2,338.35,1476.5,1860.0,724.73,801.35,1856.0,4422.2,1225.6,591.01382919,152.19,1635.35,3795.0,7456.0,11740.15,275.725
2024-09-20 09:15:00,2934.0446025,1453.05,7120.0,3324.8,1250.0,12015.0,765.5,1924.5,279.4,1723.4,1652.6,498.0,1319.59,5062.2,293.0,2755.7,1766.1,872.475,721.0,6092.0,698.8,2943.03232355,1362.35,488.34574332,1491.95,1915.0,988.0,355.9,1926.3,3809.9,2960.0,12705.15,429.85,1352.125,289.05,342.95,1495.0,1885.0,717.2,794.85,1871.0,4330.7,1230.95,590.13843203,153.34,1629.3,3819.0,7508.0,11843.9,270.375
2024-09-23 09:15:00,2977.691547,1458.95,7182.0,3324.9,1252.45,12380.0,763.595,1934.0,286.7,1754.25,1664.85,502.5,1332.4,4991.4,298.25,2705.0,1764.0,883.175,730.0,6210.0,698.0,2987.97501195,1331.8,490.32801076,1490.85,1918.9,987.95,361.2,1942.0,3838.8,3056.9,12749.0,430.5,1364.925,296.4,342.5,1501.5,1925.0,722.4,805.0,1875.0,4309.4,1233.65,591.16475973,154.39,1631.0,3829.0,7645.0,11998.0,270.2
2024-09-24 09:15:00,3007.7594421,1465.85,7200.0,3297.75,1247.1,12477.5,760.345,1923.6,293.4,1767.55,1659.6,506.65,1337.98,4894.95,298.0,2695.0,1783.5,890.825,728.95,6246.25,719.7,2973.2074254,1331.4,488.77051491,1474.1,1910.9,1009.8,356.0,1938.6,3831.8,3098.55,12778.95,431.45,1383.4,302.0,351.0,1500.5,1927.95,716.3,804.25,1880.65,4291.0,1227.9,594.66634838,161.5,1643.5,3839.9,7682.0,11969.85,270.95
2024-09-25 09:15:00,3029.97088719,1464.0,7144.95,3252.0,1271.0,12430.7,764.0,1938.8,295.0,1766.9,1649.0,507.0,1341.52,4920.0,291.85,2666.0,1784.05,894.0,723.1,6168.4,730.9,2914.48165622,1327.75,490.18642023,1456.0,1901.6,998.65,355.0,1922.7,3813.2,3149.0,12816.2,437.0,1352.3,301.2,366.25,1496.5,1875.0,707.96,798.0,1876.0,4289.6,1216.0,593.15704293,162.69,1643.1,3803.55,7742.0,11855.6,269.7
2024-09-26 09:15:00,3053.3462508,1475.75,7193.95,3285.85,1281.65,12676.5,777.94,1988.25,291.9,1779.0,1652.45,507.45,1351.4,4999.9,285.9,2750.0,1808.4,894.0,732.0,6065.0,736.15,2946.47809374,1333.35,494.38693933,1457.3,1917.95,1007.95,353.6,1913.3,3802.95,3197.2,13411.0,437.95,1381.225,298.7,366.1,1504.0,1902.05,727.4,803.0,1905.0,4316.8,1217.0,600.67338409,165.9,1619.85,3777.15,7939.9,12080.0,271.55
2024-09-27 09:15:00,3083.4141459,1485.0,7279.9,3337.95,1281.55,12774.0,781.0,2029.9,294.85,1763.45,1679.05,517.85,1354.48,5105.0,286.9,2807.0,1828.55,889.1,740.65,6089.3,757.7,2983.0524831,1333.0,498.87063949,1481.0,1974.6,1018.9,363.0,1910.0,3738.0,3222.1,13541.65,442.5,1389.0,298.45,363.3,1533.475,1913.0,730.45,808.0,1959.3,4378.0,1215.7,603.96366997,169.01,1664.8,3867.0,7937.95,12138.0,279.45
2024-09-30 09:15:00,3113.38504779,1468.75,7316.95,3358.0,1275.0,12651.15,782.4,2018.95,294.6,1733.0,1678.9,513.45,1358.2,5085.0,277.9,2824.0,1820.7,875.725,736.35,5890.0,764.45,2951.44984788,1296.8,494.95330145,1474.8,1901.25,1032.9,358.15,1884.45,3715.65,3179.0,13500.0,448.45,1370.0,301.8,357.45,1524.975,1893.6,728.99,802.6,1960.35,4298.75,1213.65,601.88082845,170.18,1606.0,3863.55,7833.95,11924.0,272.25
2024-10-01 09:15:00,3096.0232632,1472.85,7243.95,3328.95,1242.95,12500.0,781.465,2007.1,286.6,1722.85,1667.05,516.0,1357.08,5045.95,276.45,2813.65,1822.45,871.0,723.35,5794.0,765.5,2916.79524478,1280.25,490.61119182,1450.3,1908.95,1029.95,353.0,1884.75,3724.0,3185.45,13300.45,447.75,1355.0,299.15,356.0,1487.95,1859.3,725.56,800.35,1934.75,4295.75,1205.45,594.36448729,169.49,1642.9,3837.95,7647.45,11887.7,274.8
2024-10-03 09:15:00,3100.24246784,1469.0,7200.0,3225.9,1219.15,12018.85,770.0,1970.05,286.3,1695.0,1678.0,509.9,1359.0,4950.0,272.45,2833.0,1809.3,863.075,711.95,5733.35,772.65,2877.80881629,1265.75,486.78824747,1412.7,1911.85,1060.0,350.5,1863.65,3617.0,3171.0,13148.0,442.5,1347.5,298.0,349.9,1449.4,1845.2,714.98,804.0,1936.3,4279.0,1190.0,573.62663037,169.99,1631.15,3782.0,7654.5,11930.0,271.2
2024-10-04 09:15:00,3054.80114895,1446.4,6958.3,3156.75,1202.8,11948.3,743.0,1935.0,281.9,1686.7,1656.4,504.65,1346.58,4802.8,277.85,2788.8,1807.9,845.325,713.5,5649.95,757.55,2868.84981378,1264.4,488.34574332,1410.95,1954.1,1063.0,345.3,1850.0,3553.55,3157.6,12877.85,439.35,1339.175,299.7,347.45,1417.35,1850.0,682.9,809.85,1952.25,4298.0,1154.75,573.0530943,169.1,1648.4,3753.8,7455.95,11829.15,270.975
2024-10-07 09:15:00,3034.43257485,1423.9,6857.5,3098.55,1184.85,11817.0,732.4,1901.6,278.9,1670.0,1644.85,500.55,1342.41,4748.8,279.0,2769.95,1804.2,829.5,719.3,5608.45,753.0,2822.03656442,1262.95,486.08029481,1394.05,1942.0,1044.1,348.9,1836.4,3512.95,3066.95,12648.0,433.0,1310.0,296.3,340.0,1396.5,1819.85,682.6,804.0,1917.95,4297.25,1142.65,570.18541394,167.95,1632.05,3748.0,7503.9,11529.95,270.85
2024-10-08 09:15:00,3074.684757,1424.35,6940.0,3099.0,1168.35,11936.85,729.54,1893.95,281.5,1679.5,1653.2,492.75,1333.6,4738.5,280.9,2745.15,1794.0,828.4,712.55,5545.0,732.0,2841.28365222,1247.8,483.81484631,1371.0,1957.95,1014.4,349.7,1814.0,3538.5,3176.9,12630.1,427.7,1297.0,293.9,331.0,1401.0,1799.05,674.61,784.4,1921.45,4279.4,1124.4,558.32227308,163.59,1635.0,3595.0,8073.4,11475.0,266.9
2024-10-09 09:15:00,3084.33558139,1432.95,7070.0,3146.7,1185.0,11988.8,742.68,1881.2,286.6,1704.6,1702.05,496.0,1350.98,4737.9,290.0,2754.0,1825.0,828.375,725.45,5588.0,735.75,2782.06563015,1265.1,481.21901989,1371.5,1977.0,1011.5,348.0,1820.0,3557.7,3204.3,12850.0,424.75,1290.0,291.9,331.8,1400.975,1759.0,696.0,804.35,1947.0,4295.0,1132.0,572.60030266,162.2,1669.8,3558.8,8322.2,11511.0,269.35
2024-10-10 09:15:00,3114.4519731,1430.05,7055.05,3095.0,1191.0,12030.95,736.8,1887.85,289.6,1698.95,1694.0,493.95,1339.6,4769.0,282.45,2739.45,1839.95,832.725,726.2,5594.95,738.2,2744.2113833,1254.7,467.86231309,1362.0,1964.0,1012.95,347.5,1884.0,3554.9,3220.3,12965.0,429.9,1265.85,292.15,338.1,1386.0,1754.45,683.19,804.45,1937.95,4293.85,1129.0,569.67225009,161.18,1675.95,3531.55,8270.95,11459.0,268.8
