Date,ADANIENT.NS,ADANIPORTS.NS,APOLLOHOSP.NS,ASIANPAINT.NS,AXISBANK.NS,BAJAJ-AUTO.NS,BAJFINANCE.NS,BAJAJFINSV.NS,BEL.NS,BHARTIARTL.NS,CIPLA.NS,COALINDIA.NS,DRREDDY.NS,EICHERMOT.NS,ETERNAL.NS,GRASIM.NS,HCLTECH.NS,HDFCBANK.NS
2017-01-02 09:15:00,43.42493086,269.79999,1180.0,893.0,451.39999,2642.7,85.2,289.8,41.96961269,273.12105859,569.75,300.04999,613.2,2240.0,,707.375491,411.5,302.3625
2017-01-03 09:15:00,43.03421534,275.20001,1190.0,910.0,449.60001,2594.0,87.0,295.0,41.57567409,281.09572467,566.79999,301.0,619.0,2255.5,,712.265183,415.5,300.2
2017-01-04 09:15:00,42.97840035,275.14999,1210.0,901.90002,455.0,2625.2,88.709998,302.005,43.45445819,272.49027602,572.95001,306.0,619.25,2259.0,,708.760912,417.774995,297.4625
2017-01-05 09:15:00,43.81564192,276.29999,1224.0,913.90002,454.60001,2694.0,88.334998,298.41001,43.63627601,282.1770173,570.20001,307.10001,617.73,2231.5449,,707.375491,430.0,297.25
2017-01-06 09:15:00,44.20635298,288.79999,1210.0,918.0,459.70001,2721.0,91.1,301.8,43.4953672,287.58357058,580.04999,309.0,629.76,2242.435,,704.930644,417.5,297.525
2017-01-09 09:15:00,43.84355165,286.35001,1196.1,932.0,456.89999,2717.0,88.779999,298.1,42.91658049,288.8901723,583.54999,305.85001,630.8,2289.9,,698.655531,403.25,299.7125
2017-01-10 09:15:00,43.84355165,285.10001,1198.55,915.0,455.5,2728.25,88.470001,299.6,44.51354698,287.44841575,577.5,301.04999,614.17,2305.31,,701.67085,421.350005,299.05
2017-01-11 09:15:00,44.95987373,295.89999,1200.1,926.5,451.85001,2746.5,90.5,301.5,46.75748186,289.34071841,576.95001,301.60001,611.01,2305.55,,695.314258,419.75,304.375
2017-01-12 09:15:00,44.987779,297.0,1201.0,935.0,454.20001,2715.0,90.25,301.9,46.40748257,291.45828511,573.95001,318.0,595.4,2327.625,,699.307482,415.024995,308.75
2017-01-13 09:15:00,44.68079321,294.5,1206.0,935.54999,457.0,2732.0,89.320001,302.175,47.1211175,290.51212027,587.0,316.0,598.4,2300.0,,699.226003,425.100005,309.75
2017-01-16 09:15:00,43.75982693,294.70001,1187.4,930.0,472.5,2703.0,90.0,301.8,46.32263425,288.34950797,577.40002,319.0,599.8,2270.1,,688.550191,423.95001,308.375
2017-01-17 09:15:00,44.5970685,302.45001,1172.0,940.0,477.29999,2711.0,92.390002,302.9,46.7241486,287.35829752,590.5,314.54999,597.61,2232.5,,697.392369,413.5,311.75
2017-01-18 09:15:00,44.15053743,296.75,1167.1,960.15002,487.14999,2743.0,91.870001,301.1,45.89990783,286.54732354,588.79999,304.79999,595.32,2240.0,,691.891465,418.75,310.225
2017-01-19 09:15:00,44.37380296,292.10001,1185.0,965.09998,486.70001,2698.8999,92.979999,303.3,45.90899872,282.94295469,582.29999,309.0,591.6,2245.0,,707.986702,422.0,311.225
2017-01-20 09:15:00,45.1831348,295.0,1181.8,960.29999,458.0,2689.0,92.479999,314.0,45.06051557,282.98800029,583.79999,307.0,588.0,2292.2051,,700.855901,420.0,309.0
2017-01-23 09:15:00,43.20166589,285.14999,1157.8,967.40002,445.25,2695.5,90.940002,305.66499,44.84839479,289.25060018,574.45001,303.89999,587.8,2270.5,,704.726907,417.0,309.0
2017-01-24 09:15:00,43.70401139,287.0,1155.8,963.5,447.79999,2712.0,93.495001,308.98999,46.30293732,286.54732354,574.70001,304.5,588.05,2280.0,,723.429989,421.0,312.5
2017-01-25 09:15:00,44.56915821,295.25,1180.0,979.0,452.0,2815.0,93.120001,315.48,46.39384623,274.83312478,581.25,309.79999,595.0,2304.0,,740.788388,426.5,318.15
2017-01-27 09:15:00,44.70869847,305.0,1225.0,979.79999,465.25,2840.0,100.0,316.0,45.96960466,279.6089045,584.70001,318.0,594.0,2319.535,,756.761367,422.0,324.75
2017-01-30 09:15:00,51.29500102,303.75,1220.5,969.0,472.0,2850.05,99.0,316.93999,48.18172143,291.14290284,578.70001,316.60001,598.0,2359.0,,763.362476,415.54999,323.2375
2017-01-31 09:15:00,51.35081601,303.5,1240.0,972.79999,472.0,2821.1001,105.89,326.2,47.99838846,314.52622773,581.54999,313.39999,604.8,2332.7301,,779.253976,417.625,320.6
2017-02-01 09:15:00,49.11817183,295.54999,1231.5,970.70001,467.75,2838.3,103.9,327.0,46.96051176,311.77790549,573.0,310.0,604.22,2319.8,,749.752824,402.5,321.55
2017-02-02 09:15:00,50.45775945,305.45001,1235.3,989.45001,476.25,2852.0,106.74,333.5,47.39232907,310.87681328,575.0,311.39999,600.62,2445.0,,770.126542,407.0,326.425
2017-02-03 09:15:00,52.71830889,304.54999,1230.2,990.0,483.70001,2792.1499,105.53,349.0,46.84839077,318.35586963,584.29999,320.45001,622.0,2382.5,,772.978863,412.5,324.75
2017-02-06 09:15:00,53.08111413,305.85001,1280.8,990.09998,494.75,2815.3501,105.6,345.2,46.95445117,318.98664319,610.34998,326.0,634.0,2342.7301,,783.817673,417.5,328.075
2017-02-07 09:15:00,54.64396728,309.29999,1269.6,992.0,498.39999,2802.0,107.0,373.8,46.66657296,319.16687064,601.79999,326.0,619.0,2380.0,,773.793811,412.0,329.0
2017-02-08 09:15:00,51.6019868,306.04999,1251.0,999.29999,492.39999,2772.2,106.0,370.0,47.75747986,319.8877354,600.0,313.0,613.59,2377.9,,774.649499,409.5,326.8875
2017-02-09 09:15:00,51.62989653,306.5,1235.6,999.0,491.0,2797.3999,105.8,366.5,47.78475253,317.22950436,611.0,322.10001,604.4,2395.935,,801.502068,405.475005,327.35
2017-02-10 09:15:00,52.4671381,305.60001,1242.5,1005.9,489.75,2795.0,104.52,359.0,47.40596541,321.68991983,592.0,324.0,604.98,2392.5,,823.913158,411.04999,324.5875
2017-02-13 09:15:00,52.2159673,313.20001,1221.0,995.0,492.70001,2815.0,105.7,365.52,46.96960265,318.49105148,582.70001,318.0,596.19,2411.0,,826.358004,415.5,326.8875
2017-02-14 09:15:00,51.29500102,310.0,1211.0,988.0,490.29999,2806.8501,106.4,363.98999,46.45445217,322.14046593,582.0,319.0,594.36,2495.2,,818.575244,414.600005,328.5
2017-02-15 09:15:00,51.07173549,308.10001,1260.0,981.20001,488.0,2779.6001,106.03,359.9,46.14384673,333.31400035,577.5,320.95001,588.0,2528.0,,825.543055,416.0,328.0
2017-02-16 09:15:00,51.74152706,300.0,1230.0,985.0,487.70001,2799.0,104.09,362.83501,46.3271797,325.56460733,575.0,317.5,582.82,2467.5,,823.913158,413.625,330.75
2017-02-17 09:15:00,52.96948415,300.10001,1260.0,973.0,501.0,2773.0,111.0,367.5,46.48930058,330.70084195,585.90002,320.0,585.2,2537.0,,843.390432,425.0,361.25
2017-02-20 09:15:00,52.4671381,298.20001,1280.0,961.0,489.39999,2784.3999,109.295,367.0,46.30293732,333.53927341,593.20001,316.25,584.48,2522.05,,850.806466,421.0,340.3
2017-02-21 09:15:00,54.64396728,300.5,1276.95,977.70001,481.89999,2792.0,109.22,364.975,46.66657296,335.29642124,591.90002,320.5,579.6,2516.01,,868.327863,422.04999,351.5125
2017-02-22 09:15:00,54.47651674,305.0,1294.0,995.09998,508.5,2793.5,109.5,363.8,45.87869575,327.00635487,592.20001,322.29999,580.4,2521.1,,871.995132,426.149995,353.75
2017-02-23 09:15:00,52.74621862,300.35001,1330.9,1030.0,525.0,2805.0,108.3,377.9,45.69687793,334.3052108,589.29999,329.60001,584.8,2507.95,,854.066261,417.5,350.95
2017-02-27 09:15:00,54.02999069,297.0,1320.0,1010.0,527.90002,2810.0,107.085,384.72,45.72415061,330.70084195,592.0,330.0,576.94,2495.0,,835.15945,422.45001,347.725
2017-02-28 09:15:00,53.58346018,297.64999,1307.0,1003.1,509.39999,2788.0,109.775,384.995,45.76960506,321.68991983,587.70001,330.0,574.05,2443.7,,833.611048,422.0,348.225
2017-03-01 09:15:00,55.25794331,302.95001,1319.75,1030.0,511.0,2756.0,112.0,396.9,45.96960466,332.09752587,585.70001,323.0,571.0,2430.0,,804.761863,421.5,349.1125
2017-03-02 09:15:00,54.89513752,303.75,1337.0,1037.9,515.09998,2805.5,108.3,394.0,46.11051347,327.99756531,588.29999,318.35001,581.98,2375.0,,825.46156,425.0,348.6375
2017-03-03 09:15:00,52.02060759,293.0,1285.5,1027.05,507.25,2835.0,104.75,384.67,45.45445418,321.554765,588.95001,322.0,576.31,2325.0,,813.318824,422.0,346.125
2017-03-06 09:15:00,53.05320887,297.85001,1255.9,1020.0,514.70001,2844.8999,105.4,378.4,45.45142388,324.39319646,592.0,325.0,576.8,2315.06,,835.32244,425.350005,344.2
2017-03-07 09:15:00,53.38810493,303.0,1245.0,1030.55,519.0,2885.3999,103.49,383.9,46.66657296,325.29428867,591.70001,325.0,573.8,2319.9,,826.113519,430.850005,345.5625
2017-03-08 09:15:00,54.69978227,308.25,1262.9,1024.0,504.60001,2880.3999,105.775,380.51001,46.4211189,324.57342392,591.75,325.0,569.8,2324.9949,,823.098209,428.5,346.975
2017-03-09 09:15:00,52.66249334,306.5,1250.35,1028.5,509.60001,2860.0,107.47,381.1,46.14081644,324.25804164,588.79999,319.35001,554.0,2339.9949,,815.763671,427.0,345.4125
2017-03-10 09:15:00,52.4671381,302.45001,1229.8,1024.1,519.20001,2876.8,109.25,380.25,47.27263234,325.15913385,589.20001,319.54999,541.78,2356.0,,823.953905,424.67499,348.75
2017-03-14 09:15:00,54.16953095,305.64999,1224.9,1049.8,524.90002,2902.0,111.2,390.0,48.18172143,329.79974974,597.0,302.0,549.34,2420.0,,827.987901,432.5,355.525
2017-03-15 09:15:00,54.50442702,308.0,1200.0,1068.0,514.70001,2869.7,112.9,394.0,47.72414659,324.39319646,602.0,296.5,544.8,2399.0,,842.697726,425.25,352.7375
2017-03-16 09:15:00,57.18359891,312.0,1216.0,1071.25,513.0,2881.3,113.97,395.01001,48.30293072,327.99756531,605.09998,294.60001,550.0,2425.0,,859.811649,430.399995,354.525
2017-03-17 09:15:00,57.76966801,326.79999,1227.4,1090.25,515.29999,2945.8999,117.0,405.0,50.28777827,325.4294435,604.5,293.95001,550.6,2454.95,,856.511107,428.625,354.6375
2017-03-20 09:15:00,57.82548411,327.04999,1219.6,1081.8,518.0,2916.1499,116.5,397.0,48.98474754,311.77790549,597.5,290.0,548.4,2469.24,,852.028889,435.975005,356.6625
2017-03-21 09:15:00,57.6022197,325.0,1212.95,1081.95,498.75,2926.6001,117.205,399.0,49.24232581,314.48118213,598.5,293.0,546.0,2515.0,,871.995132,432.5,358.5
2017-03-22 09:15:00,57.15569086,321.89999,1182.0,1058.0,485.0,2890.25,115.51,402.5,47.93929811,312.6789977,588.90002,291.0,514.14,2487.6,,887.479158,425.350005,356.925
2017-03-23 09:15:00,56.87661034,324.0,1194.0,1060.0,487.54999,2848.25,116.15,420.0,46.89384566,305.29003255,595.79999,292.35001,525.0,2464.1,,885.034312,435.524995,358.6
2017-03-24 09:15:00,58.71854178,327.20001,1180.0,1062.8,491.0,2880.0,119.04,412.0,47.74232881,307.6328723,595.0,298.0,526.16,2439.8051,,892.36885,436.149995,358.25
2017-03-27 09:15:00,59.10925451,322.60001,1180.0,1068.0,488.39999,2845.7,117.7,414.5,47.12111793,306.37135221,597.0,293.45001,523.4,2441.5,,863.723403,434.0,356.0
2017-03-28 09:15:00,58.60690957,321.04999,1160.0,1045.0,492.29999,2820.0,119.4,406.5,48.18172187,307.18232619,592.0,291.89999,528.0,2429.0,,869.550286,427.774995,354.575
2017-03-29 09:15:00,58.57900152,321.14999,1161.0,1062.0,506.0,2827.8,119.94,410.9,48.15141587,308.62408275,595.0,290.5,527.97,2500.1,,871.995132,432.70001,355.2
2017-03-30 09:15:00,58.41155321,321.89999,1151.0,1068.1,498.95001,2840.05,118.0,407.8,47.30293878,310.74165846,594.5,295.5,526.02,2499.9,,863.030697,435.0,357.0
2017-03-31 09:15:00,59.36042698,342.0,1155.25,1070.0,499.70001,2822.5,118.8,405.0,46.66657339,315.38227434,598.0,290.0,522.8,2570.0,,872.158122,442.0,363.45
2017-04-03 09:15:00,60.75582959,340.60001,1170.0,1074.7,495.70001,2808.3999,117.005,409.83999,48.24232781,311.77790549,595.29999,292.64999,528.96,2575.0,,858.263246,437.04999,361.5
2017-04-05 09:15:00,62.51403688,343.85001,1181.0,1094.0,503.85001,2786.5,119.0,409.1,48.63626642,309.02958325,600.0,296.79999,549.0,2556.4,,857.326055,434.5,358.8125
2017-04-06 09:15:00,63.74199118,355.75,1151.0,1078.4,507.70001,2787.8501,117.78,412.87998,49.04535954,309.07462885,591.5,289.79999,548.16,2557.0,,868.735338,424.0,357.875
2017-04-07 09:15:00,63.90943949,352.25,1144.0,1077.0,507.0,2808.0,119.8,415.5,49.98474857,310.02076666,590.34998,286.20001,542.6,2555.9949,,869.713276,426.95001,357.7625
2017-04-10 09:15:00,65.83509509,348.04999,1171.8,1078.4,504.64999,2855.0,120.17,424.1,50.7877803,313.85040857,591.0,284.89999,531.0,2580.0,,865.475543,424.5,360.75
2017-04-11 09:15:00,66.89560107,352.45001,1186.85,1063.7,509.60001,2816.1499,124.6,438.5,52.42413764,309.07462885,590.0,286.5,530.2,2557.0,,889.924004,417.5,358.5
2017-04-12 09:15:00,66.14208366,333.79999,1186.0,1075.5,515.29999,2820.0,126.0,438.97002,53.90898012,312.6789977,575.0,288.25,526.6,2612.0,,890.738953,415.67499,359.75
2017-04-13 09:15:00,64.13270391,325.60001,1164.0,1070.45,506.60001,2844.45,126.78,450.00498,53.01504554,315.38227434,580.5,288.89999,531.0,2639.99,,873.910262,416.25,360.75
2017-04-17 09:15:00,64.21642806,320.64999,1177.0,1079.55,505.54999,2844.8999,127.49,464.78999,51.51504854,308.8944014,580.0,291.0,544.0,2612.0,,866.208997,400.07501,360.075
2017-04-18 09:15:00,69.2119694,321.64999,1170.5,1062.4,505.0,2849.0,125.44,452.5,52.21201685,306.37135221,576.5,283.0,534.98,2602.6,,874.521473,406.0,360.0
2017-04-19 09:15:00,79.76120754,322.0,1169.95,1044.0,498.25,2820.2,123.78,437.42998,52.80292476,305.83068788,576.0,278.5,526.0,2553.5,,869.550286,403.25,361.75
2017-04-20 09:15:00,81.37988015,327.45001,1159.95,1056.0,496.14999,2805.0,125.3,445.0,54.59079694,308.17353664,576.0,283.89999,523.6,2545.0,,884.219363,405.375,363.25
2017-04-21 09:15:00,81.77059288,335.0,1158.0,1065.9,492.0,2827.1499,125.2,439.4,54.57565152,308.17353664,573.0,280.95001,526.0,2557.0,,937.19103,408.5,366.5
2017-04-24 09:15:00,81.43569067,328.14999,1167.55,1066.1,487.95001,2827.25,125.11,431.0,54.99989006,309.97572106,565.0,279.45001,523.93,2568.7,,918.650947,406.5,374.525
2017-04-25 09:15:00,84.05905874,332.5,1163.5,1074.7,501.0,2876.0,127.9,439.0,55.3635257,309.07462885,556.95001,278.0,525.6,2626.01,,961.639492,412.0,383.7625
2017-04-26 09:15:00,83.83578874,332.45001,1170.0,1104.9,519.5,2915.0,134.5,455.5,54.68170888,318.94159759,549.79999,278.89999,528.2,2599.0,,962.046966,410.95001,385.7375
2017-04-27 09:15:00,67.928199,325.14999,1244.95,1104.9,524.0,2870.1499,131.5,453.4,54.93928412,319.21191624,560.0,276.85001,522.28,2594.115,,955.119902,398.5,386.525
2017-04-28 09:15:00,65.19320989,324.79999,1243.0,1106.6,508.29999,2865.0,127.805,454.5,54.96958406,320.15805405,561.95001,274.14999,522.05,2600.025,,941.265774,406.45001,389.975
2017-05-02 09:15:00,61.31399064,328.75,1235.0,1123.1,509.5,2873.6001,128.19,458.075,54.93928412,320.33828151,558.0,278.70001,515.6,2631.1,,947.622374,408.07501,386.75
2017-05-03 09:15:00,63.54663481,330.60001,1222.0,1116.0,506.89999,2909.6001,127.0,458.9,55.63625546,313.67020815,554.59998,277.39999,519.6,2589.0,,945.177528,412.475005,388.5625
2017-05-04 09:15:00,63.04428987,328.79999,1235.0,1118.9,504.95001,2947.6001,127.125,459.9,54.2574673,312.40867905,557.59998,280.0,519.4,2599.8949,,946.685183,418.04999,384.8125
2017-05-05 09:15:00,63.40709455,339.39999,1236.0,1135.0,522.0,2939.8501,129.5,456.4,54.560497,312.183406,549.0,282.0,520.8,2598.8,,992.607543,410.475005,385.525
2017-05-08 09:15:00,63.68617507,343.5,1265.0,1150.0,509.0,2899.95,127.025,444.87002,54.39383067,310.65154022,549.95001,281.0,518.3,2655.015,,974.434187,414.92499,384.5
2017-05-09 09:15:00,64.13270391,339.89999,1265.8,1172.45,513.0,2864.25,127.5,442.1,54.80292379,315.38227434,552.0,279.39999,520.6,2698.5,,964.980782,422.5,383.7
2017-05-10 09:15:00,66.67233665,346.10001,1289.0,1167.1,519.0,2880.0,129.5,440.0,54.66655436,303.21752947,552.84998,277.70001,518.4,2712.0,,960.009594,424.375,385.0
2017-05-11 09:15:00,70.02130292,352.0,1304.9,1159.0,525.20001,2905.3,133.495,440.0,56.28776628,333.40411859,562.45001,279.89999,523.97,2790.0,,951.941602,428.899995,387.75
2017-05-12 09:15:00,67.31422185,360.39999,1310.0,1170.2,516.70001,3005.0,133.2,451.0,55.24231382,326.42065394,560.09998,274.60001,520.6,2957.0,,948.192838,420.0,386.475
2017-05-15 09:15:00,68.37472784,359.0,1309.9,1142.9,505.0,3005.0,132.3,442.7,54.54534552,329.79974974,567.0,277.25,520.0,2940.31,,938.005979,424.25,387.5
2017-05-16 09:15:00,68.06773926,354.20001,1297.3,1148.9,502.10001,2992.2,133.74,458.4,54.54534552,329.7096315,566.65002,277.39999,538.16,2892.0449,,955.934851,425.0,388.75
2017-05-17 09:15:00,68.37472784,354.5,1301.3,1143.0,501.35001,3001.25,135.0,457.5,55.43928312,334.48543825,565.09998,275.20001,544.0,2926.2,,952.593561,426.0,389.7
2017-05-18 09:15:00,66.92350912,344.29999,1259.0,1147.15,498.0,3018.0,129.9,440.5,53.93928612,336.73816878,559.29999,275.0,539.0,2890.0,,947.785364,425.42499,387.25
2017-05-19 09:15:00,68.76544057,349.04999,1251.0,1139.85,495.75,2973.3501,132.4,436.9,53.33322673,336.10739522,561.29999,278.39999,538.99,2869.8,,922.521953,426.5,389.875
2017-05-22 09:15:00,68.40263589,352.39999,1261.0,1124.25,504.0,2987.7,129.9,420.05,54.39383067,337.00848744,567.0,277.35001,536.0,2793.6051,,919.262158,425.0,391.275
2017-05-23 09:15:00,66.14208366,354.79999,1252.5,1119.95,502.25,2928.0,124.99,396.86001,53.31807524,335.25134861,558.59998,273.89999,523.76,2719.9,,908.42334,431.5,395.0
2017-05-24 09:15:00,63.68617507,333.39999,1227.0,1095.0,503.0,2815.0,123.4,401.68999,52.12110794,331.60193416,531.0,268.29999,514.6,2760.0,,900.518338,427.45001,392.2625
2017-05-25 09:15:00,66.42116418,344.89999,1215.0,1095.55,502.0,2764.0,123.0,397.47,51.22717033,330.70084195,522.0,263.79999,501.48,2743.0,,896.443594,430.125,391.775
2017-05-26 09:15:00,65.3048421,342.39999,1215.0,1124.95,508.0,2820.0,126.17,402.1,52.12110794,332.50302637,483.0,266.0,500.0,2791.5,,903.533648,428.850005,401.6625
2017-05-29 09:15:00,64.718773,347.79999,1226.0,1125.0,511.89999,2813.0,131.94,402.055,53.33322673,337.639261,492.0,270.0,486.02,2835.0699,,907.852876,429.45001,404.95
2017-05-30 09:15:00,62.51403688,328.39999,1219.0,1150.0,505.0,2837.0,130.52,400.0,52.59080397,337.72935219,504.79999,259.79999,483.99,2823.5,,902.963184,432.225005,407.5
2017-05-31 09:15:00,66.03045145,341.5,1205.0,1159.0,514.0,2850.0,132.3,417.8,52.10595645,337.00848744,514.79999,268.0,498.0,2840.0,,924.966799,432.04999,406.25
2017-06-01 09:15:00,65.41647431,337.60001,1203.0,1150.0,512.15002,2848.0,133.4,414.1,52.54534648,333.40411859,519.70001,263.0,508.0,2858.0,,929.041543,431.5,409.75
2017-06-02 09:15:00,65.41647431,352.0,1264.9,1161.2,513.5,2804.0,133.24,422.0,52.72716733,334.12498335,517.70001,265.35001,507.04,2897.0,,937.19103,431.399995,408.5
2017-06-05 09:15:00,65.58392262,359.95001,1265.0,1165.0,507.35001,2850.0,136.855,433.9,52.3635317,336.28762268,531.29999,267.45001,508.63,2915.115,,945.259023,428.0,408.425
2017-06-06 09:15:00,66.47698029,362.95001,1279.0,1162.15,514.0,2900.0,136.34,434.0,51.71201482,333.40411859,537.70001,265.0,506.99,2930.5,,948.600312,437.75,408.75
2017-06-07 09:15:00,72.97955645,363.60001,1306.65,1154.0,510.0,2852.0,134.11,427.49502,51.63625739,336.51289573,536.40002,263.0,507.6,2919.59,,932.627317,446.67499,410.1
2017-06-08 09:15:00,73.11909671,359.25,1308.5,1174.8,514.0,2872.2,134.49,427.86001,52.3635317,336.06234962,538.75,264.60001,509.1,2971.4,,928.226594,440.0,410.975
2017-06-09 09:15:00,72.56093566,360.0,1309.4,1145.0,515.0,2872.0,135.8,429.9,51.34838221,331.37666111,554.5,264.0,530.0,2974.0,,920.484581,433.274995,410.025
2017-06-12 09:15:00,73.39817723,359.70001,1352.5,1154.4,512.45001,2855.1499,136.995,423.5,51.18171285,330.61072372,549.0,261.95001,525.26,2960.2,,908.871562,431.399995,416.0
2017-06-13 09:15:00,72.00277462,359.0,1342.8,1151.2,509.0,2825.0,137.4,417.4,50.28777827,327.99756531,553.34998,260.0,526.64,2939.9,,918.365715,431.0,415.4375
2017-06-14 09:15:00,74.12378659,360.5,1338.8,1151.0,509.0,2800.0,137.42,418.5,50.03020606,327.54701921,551.5,259.5,533.6,2917.9,,914.453961,424.75,418.75
2017-06-15 09:15:00,73.11909671,359.45001,1320.0,1148.0,508.85001,2819.0,136.11,413.0,50.30292975,329.34920363,539.70001,256.79999,532.54,2900.0,,909.645763,426.5,417.0
2017-06-16 09:15:00,73.92843022,361.5,1316.2,1142.7,507.64999,2815.0,141.5,410.2,50.66656539,329.79974974,548.0,254.89999,542.84,2885.0,,906.222979,421.0,416.25
2017-06-19 09:15:00,73.81679801,365.0,1296.95,1149.0,511.0,2855.0,140.52,423.02002,51.81807824,327.99756531,537.09998,256.25,534.4,2886.4,,919.221411,419.75,417.75
2017-06-20 09:15:00,73.90051659,375.60001,1265.0,1155.1,520.20001,2810.0,140.77,423.2,51.43929112,332.27775332,539.75,254.45,532.07,2862.4801,,916.654322,422.5,422.5
2017-06-21 09:15:00,73.0074645,374.75,1272.55,1158.0,511.04999,2812.0,140.48,426.5,50.90898915,330.16017761,544.5,253.7,535.0,2799.0,,934.746184,427.0,420.65
2017-06-22 09:15:00,73.95633827,370.0,1284.0,1157.0,508.89999,2817.5,141.9,427.2,51.49989706,331.37666111,540.0,250.5,538.02,2763.0,,924.966799,424.5,423.7375
2017-06-23 09:15:00,73.06327502,369.45001,1284.8,1163.0,509.60001,2850.0,140.5,422.27002,50.7877803,329.7096315,540.90002,245.7,527.22,2775.5,,958.379697,425.0,425.5
2017-06-27 09:15:00,70.83063643,367.89999,1289.9,1157.0,506.0,2828.45,140.0,410.6,50.21202084,328.89865752,542.5,245.10001,526.05,2727.9949,,964.084338,426.0,422.25
2017-06-28 09:15:00,73.84470606,368.39999,1279.0,1125.0,493.79999,2789.0,134.1,402.5,48.42414563,337.81946142,535.40002,246.0,526.2,2669.9949,,988.125325,419.25,416.25
2017-06-29 09:15:00,75.35174088,366.95001,1275.0,1112.0,498.0,2787.8,137.9,415.0,48.68171784,340.38758323,538.45001,246.8,530.24,2744.94,,996.193318,425.95001,416.75
2017-06-30 09:15:00,74.23541879,364.0,1280.2,1099.95,510.60001,2796.0,136.76,410.0,48.54535751,344.62272564,545.0,244.7,530.0,2710.0,,1002.386928,424.225005,413.45
2017-07-03 09:15:00,73.90051659,364.89999,1266.0,1107.0,517.09998,2769.0,138.0,412.5,49.31808324,343.72163343,559.0,245.35001,540.0,2729.9,,1012.166313,426.0,413.15
2017-07-04 09:15:00,76.18898245,368.5,1283.0,1123.8,516.79999,2790.0,139.0,414.9,49.27263181,345.92929133,557.70001,250.5,533.62,2776.6,,1051.365346,424.20001,415.0625
2017-07-05 09:15:00,74.79357984,374.5,1268.0,1108.55,507.75,2761.3,137.5,413.51499,49.48474957,339.71176407,546.09998,248.8,524.3,2775.0,,1030.828638,419.5,413.275
2017-07-06 09:15:00,75.35174088,373.89999,1275.0,1135.0,511.0,2734.0,139.89,416.2,51.81807824,339.30626357,546.34998,247.5,532.99,2815.0,,1051.161609,420.0,413.1375
2017-07-07 09:15:00,75.04475231,372.10001,1254.4,1135.0,508.25,2716.0,139.85,414.05,51.90898715,346.01940956,542.59998,250.05,533.96,2780.0,,1032.947505,420.25,415.2125
2017-07-10 09:15:00,75.35174088,374.75,1242.0,1120.25,509.10001,2721.1499,140.56,410.125,52.10595645,353.27319286,560.0,253.45,542.2,2780.0,,1021.945697,419.20001,417.0
2017-07-11 09:15:00,75.35174088,376.0,1251.0,1125.0,512.0,2735.7,141.94,410.51001,52.68171591,364.17640863,550.5,259.0,546.0,2799.9949,,1025.368482,422.82501,419.3875
2017-07-12 09:15:00,74.62613152,372.25,1234.4,1136.0,508.89999,2801.0,142.45,409.3,52.060502,358.45447308,539.45001,255.0,538.77,2820.0,,1029.280236,425.04999,420.0
2017-07-13 09:15:00,79.53794871,375.79999,1238.2,1139.8,508.0,2795.0,145.2,427.32998,52.21201685,362.46434244,540.20001,254.2,538.65,2835.85,,1040.689518,428.04999,422.0
2017-07-14 09:15:00,78.70070714,375.95001,1242.75,1128.25,514.0,2800.0,148.5,440.0,52.68171591,364.98739162,544.25,253.95,539.83,2805.5,,1053.728697,430.0,420.975
2017-07-17 09:15:00,77.86346558,373.85001,1248.0,1120.6,513.09998,2819.8501,150.495,441.88999,52.560501,368.99726098,549.0,250.75,539.48,2791.0,,1047.209108,424.5,420.6375
2017-07-18 09:15:00,77.556477,379.5,1249.45,1118.0,509.0,2827.8,153.795,445.01499,53.03019703,366.02366569,558.0,248.5,538.0,2815.0,,1067.582826,434.54999,419.925
2017-07-19 09:15:00,77.02622401,380.5,1254.9,1154.95,518.0,2834.0,151.965,443.0,52.72716733,369.44780708,560.20001,248.05,544.6,2877.7,,1065.790131,442.5,421.25
2017-07-20 09:15:00,78.1425461,382.0,1255.0,1156.9,520.79999,2823.3999,155.1,459.5,52.72716733,380.26091363,569.0,254.7,554.99,2928.9,,1057.772178,449.5,423.475
2017-07-21 09:15:00,78.61698857,381.0,1246.0,1156.0,540.0,2818.6001,159.89,468.27998,52.31807421,375.75545257,570.0,255.0,547.6,2925.2,,1070.720425,442.0,428.525
2017-07-24 09:15:00,78.92396598,383.5,1267.75,1151.6,541.0,2815.0,163.3,495.0,52.19686536,366.74453044,564.0,263.0,557.0,2885.0,,1060.561031,452.475005,427.5
2017-07-25 09:15:00,78.67279909,390.10001,1300.0,1160.05,533.5,2840.0,160.69,494.9,52.49989506,380.84661456,571.0,262.0,539.29,2898.0,,1048.808007,451.0,439.75
2017-07-26 09:15:00,77.86346558,392.70001,1288.35,1134.0,538.90002,2846.0,163.6,494.9,52.31807421,387.46965133,564.70001,258.39999,541.6,2842.7301,,1070.720425,446.5,435.5
2017-07-27 09:15:00,78.56116688,394.25,1298.0,1136.55,532.40002,2849.5,170.4,495.0,53.62110494,383.86528248,573.70001,261.60001,542.0,2899.0,,1070.720425,451.5,439.0
2017-07-28 09:15:00,77.0820457,391.5,1293.85,1148.0,523.79999,2810.0,167.2,489.69502,53.77261979,372.19612932,566.75,254.2,499.9,2875.0,,1063.449486,444.0,443.0
2017-07-31 09:15:00,77.41693674,396.0,1283.0,1154.15,517.40002,2845.0,171.8,494.0,54.22716433,373.95326814,567.54999,252.0,487.6,2936.39,,1065.74033,444.0,444.3875
2017-08-01 09:15:00,76.97040233,397.45001,1260.0,1162.0,518.20001,2812.0,170.99,502.5,56.04534252,378.59388403,560.09998,249.89999,475.8,3022.3301,,1060.760235,444.5,445.4625
2017-08-02 09:15:00,78.53325883,405.0,1265.6,1150.0,518.75,2789.95,172.495,507.0,55.43928312,379.2246666,562.84998,251.95,487.02,3175.0,,1085.66071,444.0,451.75
2017-08-03 09:15:00,79.31468987,411.89999,1285.0,1143.0,516.0,2805.0,171.4,502.77002,55.13625343,374.80931476,568.54999,251.60001,477.6,3112.4,,1105.58109,441.100005,447.0
2017-08-04 09:15:00,76.80296518,406.0,1267.55,1144.0,506.0,2824.0,170.49,512.1,54.36352467,381.47739713,551.90002,242.0,463.0,3066.5,,1124.505451,437.5,444.25
2017-08-07 09:15:00,77.27739648,411.79999,1263.4,1160.0,509.0,2875.0,173.55,531.07998,54.39383067,379.2246666,566.5,249.8,448.0,3170.0,,1121.8162,445.0,446.5
2017-08-08 09:15:00,78.22626467,414.95001,1267.2,1146.0,507.70001,2890.0,181.3,547.9,54.99989006,376.20599868,560.79999,248.39999,441.16,3201.8949,,1109.415763,441.29999,448.025
2017-08-09 09:15:00,76.46806297,411.60001,1259.1,1147.8,494.45001,2919.5,176.99,533.6,54.84837521,377.51259139,581.0,244.89999,418.18,3223.0,,1103.589052,435.5,442.75
2017-08-10 09:15:00,68.37472784,393.0,1212.0,1154.0,485.10001,2818.0,168.0,509.88999,54.06049497,374.04338638,560.0,241.2,408.4,3150.0,,1082.672653,436.524995,440.0
2017-08-11 09:15:00,63.63035897,380.25,1202.65,1135.65,482.89999,2780.0,159.0,499.0,51.13626142,371.24999151,545.0,237.0,385.01,2951.565,,1050.800045,439.04999,436.25
2017-08-14 09:15:00,64.18852001,385.0,1231.0,1149.45,491.0,2798.0,172.13,505.0,52.19686536,372.15108372,560.0,236.60001,400.0,2976.5199,,1065.889733,436.5,438.25
2017-08-16 09:15:00,63.63035897,398.20001,1174.1,1154.35,492.95001,2832.0,173.0,526.9,53.66656242,366.74453044,569.5,237.0,399.0,3070.0,,1112.553223,432.0,440.5875
2017-08-17 09:15:00,64.46760053,398.54999,1149.65,1141.3,500.20001,2850.0,173.0,538.4,52.98474561,370.34889929,593.40002,239.39999,402.0,3077.5,,1095.6209,436.20001,444.0625
2017-08-18 09:15:00,62.65357714,389.0,1076.0,1131.95,495.29999,2817.8,171.0,529.69502,55.25746834,373.00713033,573.40002,246.5,399.6,3091.7,,1091.636824,436.92499,440.0
2017-08-21 09:15:00,63.07219792,387.04999,1078.0,1141.8,492.10001,2811.0,170.495,531.5,55.43928312,381.56750635,566.90002,244.0,398.0,3155.0,,1107.075119,438.875,438.5
2017-08-22 09:15:00,60.58838128,377.85001,1058.0,1140.1,496.0,2779.8999,170.8,525.0,54.51503952,380.89168719,562.04999,240.55,389.0,3169.0,,1115.54128,440.5,437.825
2017-08-23 09:15:00,59.97440413,378.10001,1109.0,1131.8,505.0,2757.0,169.59,524.98501,54.45443661,382.28837111,561.70001,242.3,398.2,3118.55,,1115.54128,438.95001,437.5
2017-08-24 09:15:00,61.78842752,386.95001,1093.0,1140.4,503.0,2764.3,179.14,539.97998,55.72715831,390.17292797,559.0,242.39999,405.6,3077.0,,1116.537299,442.0,443.725
2017-08-28 09:15:00,65.3606582,382.0,1091.35,1131.5,507.5,2740.0,177.35,555.7,57.65139991,391.07402018,575.5,242.0,416.8,3100.0,,1138.449717,434.149995,440.6
2017-08-29 09:15:00,65.52810651,387.85001,1092.0,1155.0,509.39999,2740.0,183.5,557.5,56.81806825,392.4256585,570.54999,242.5,409.8,3128.0,,1141.437774,434.0,439.75
2017-08-30 09:15:00,67.20258965,386.0,1077.0,1149.9,506.20001,2735.0,179.8,549.9,56.48473255,388.82128965,574.0,240.95,409.4,3109.865,,1135.909869,428.5,437.9875
2017-08-31 09:15:00,74.23541879,391.39999,1091.0,1146.35,504.0,2760.0,179.74,549.0,58.69685237,389.0916083,570.0,241.5,408.8,3100.0,,1190.242705,425.0,443.0
2017-09-01 09:15:00,74.09587853,394.95001,1095.0,1174.2,502.0,2827.8999,179.0,553.0,57.81806625,387.46965133,573.0,238.05,423.0,3152.875,,1205.18299,431.79999,445.25
2017-09-04 09:15:00,76.02153413,396.0,1099.0,1215.9,506.60001,2916.0,179.795,549.5,58.75745528,381.16200584,574.5,239.0,446.8,3194.6,,1164.346211,436.95001,441.25
2017-09-05 09:15:00,73.34235554,384.25,1119.9,1201.25,502.25,2927.0,180.985,540.1,58.09079297,373.14229416,564.70001,246.5,439.66,3175.0,,1163.350192,429.0,439.25
2017-09-06 09:15:00,72.61675735,388.89999,1099.9,1198.35,502.0,2938.0,178.2,538.98999,57.63624843,361.83356888,558.90002,251.55,437.07,3174.74,,1174.306401,431.5,435.9375
2017-09-07 09:15:00,73.37026918,386.70001,1100.3,1218.0,494.0,2940.0,188.0,550.0,58.69685237,362.77973372,560.0,258.70001,440.8,3250.0,,1177.493662,428.70001,440.025
2017-09-08 09:15:00,73.06327502,389.10001,1102.0,1195.0,498.0,2952.0,197.0,566.5,58.99988207,358.5445823,554.5,253.3,445.8,3339.9949,,1205.133189,433.45001,443.35
2017-09-11 09:15:00,71.7236941,387.5,1098.8,1206.0,495.35001,2940.0,190.0,564.9,57.42412764,366.74453044,555.09998,256.5,433.8,3250.0,,1210.163085,431.0,448.25
2017-09-12 09:15:00,73.56562554,387.14999,1097.5,1242.0,494.89999,2939.0,193.5,578.6,58.57564049,366.74453044,554.40002,256.10001,433.0,3269.8,,1229.087446,433.5,456.925
2017-09-13 09:15:00,74.73775815,390.04999,1094.6,1250.05,496.10001,2929.0,189.5,571.1,59.98472858,367.10495832,556.0,257.0,437.4,3259.9,,1251.896281,432.0,458.75
2017-09-14 09:15:00,73.11909671,390.85001,1068.15,1258.0,505.0,2945.0,191.3,577.5,59.04533955,366.29398434,556.0,255.60001,446.8,3230.1199,,1230.083465,438.0,460.0375
2017-09-15 09:15:00,72.58884372,405.39999,1064.1,1230.5,517.95001,2918.0,189.56,567.48999,57.54533649,360.43688496,564.84998,255.2,445.04,3196.5199,,1233.071522,440.899995,459.0
2017-09-18 09:15:00,73.4818958,406.89999,1062.75,1250.0,518.65002,3045.1001,191.6,569.0,58.06049304,359.53579275,563.20001,261.45001,440.8,3216.0,,1241.039674,445.0,463.3875
2017-09-19 09:15:00,73.09118866,405.5,1065.0,1262.0,522.0,3138.0,192.41,564.0,58.4695801,359.53579275,571.70001,262.0,446.4,3280.0,,1226.049588,449.0,466.225
2017-09-20 09:15:00,73.53771749,408.10001,1060.0,1256.5,516.75,3115.0,191.88,567.0,58.18170188,334.3052108,572.5,258.54999,450.0,3245.15,,1213.151142,447.5,462.0
2017-09-21 09:15:00,72.22603346,407.0,1066.5,1238.0,518.0,3090.55,190.8,560.6,58.33321673,353.22814726,570.04999,255.5,469.25,3248.0,,1217.135218,445.399995,462.0
2017-09-22 09:15:00,70.80272838,409.0,1059.0,1218.05,509.39999,3064.0,191.0,544.01001,56.84837425,358.63470053,591.90002,253.5,498.8,3177.9,,1190.093302,435.0,458.7
2017-09-25 09:15:00,68.03983121,400.10001,1032.1,1205.15,504.0,3058.3999,185.995,523.0,54.84837521,357.64349009,581.90002,254.39999,492.8,3150.0,,1163.449794,440.0,455.6125
2017-09-26 09:15:00,65.08157768,386.20001,1005.35,1187.0,500.0,3032.0,179.6,510.0,54.8635267,348.94795925,582.0,257.5,482.8,3090.0,,1141.437774,439.45001,447.2625
2017-09-27 09:15:00,66.70024471,392.60001,1017.0,1173.1,513.40002,3055.2,185.9,522.0,55.48474061,349.57873281,579.59998,261.75,472.0,3096.7801,,1137.453698,437.975005,449.0
2017-09-28 09:15:00,64.0768878,372.54999,1006.0,1155.0,507.85001,3034.0,181.7,507.0,55.33327782,349.1732323,565.0,260.0,460.0,3057.0,,1109.067157,437.32501,443.5
2017-09-29 09:15:00,64.74668105,374.39999,997.70001,1130.0,511.10001,3064.0,185.795,509.9,54.59994522,344.17217954,580.0,270.0,475.08,3038.5,,1133.419821,438.5,450.025
2017-10-03 09:15:00,65.05366963,377.54999,1011.5,1141.3,514.0,3186.0,186.0,521.0,54.66661182,353.22814726,590.09998,273.0,483.0,3179.9,,1140.142949,439.225005,452.0
2017-10-04 09:15:00,62.62566909,383.89999,1058.0,1154.0,507.5,3152.45,187.995,534.8,54.79994169,347.82159398,579.90002,271.14999,468.4,3114.9,,1153.091196,441.95001,451.975
2017-10-05 09:15:00,65.08157768,388.0,1048.95,1149.65,506.64999,3175.0,186.5,529.9,55.19994795,339.48649102,583.0,270.0,478.4,3091.0,,1144.425831,444.0,448.75
2017-10-06 09:15:00,68.59799225,388.39999,1095.0,1155.0,503.0,3145.1001,188.0,528.5,54.99994482,340.79308374,586.09998,273.5,479.0,3098.8,,1163.150988,443.899995,449.5
2017-10-09 09:15:00,66.97932523,388.0,1063.5,1169.8,503.39999,3138.0,192.8,531.88501,55.66661082,342.77546858,584.90002,277.0,476.0,3170.3,,1150.401945,453.875,449.7
2017-10-10 09:15:00,66.70024471,394.95001,1053.5,1156.0,507.5,3142.8999,194.4,535.5,55.63327418,341.919449,590.0,281.35001,483.94,3190.0,,1155.38204,452.5,449.75
2017-10-11 09:15:00,67.62121043,398.5,1096.0,1170.0,519.90002,3134.7,196.7,536.5,55.43327772,348.00182144,591.0,286.0,481.98,3163.715,,1157.47368,449.75,450.8125
2017-10-12 09:15:00,66.97932523,397.10001,1077.0,1156.5,516.29999,3169.95,194.0,530.99502,55.33327782,363.32038905,589.45001,281.89999,479.4,3130.05,,1146.517471,456.0,448.775
2017-10-13 09:15:00,67.42585406,406.5,1070.15,1158.8,524.25,3164.0,195.51,541.5,56.64994316,387.46965133,590.29999,282.60001,474.6,3158.965,,1132.473603,459.875,456.675
2017-10-16 09:15:00,67.34212991,409.10001,1076.85,1181.0,530.34998,3175.0,196.6,542.9,57.01660946,389.45206321,595.0,287.29999,471.2,3152.69,,1150.302343,463.25,465.0
2017-10-17 09:15:00,65.77927898,406.45001,1082.0,1170.0,520.95001,3235.0,188.025,538.0,57.19994595,410.89804885,606.0,291.0,479.4,3169.9949,,1138.250513,459.149995,462.5
2017-10-18 09:15:00,65.86300314,407.10001,1069.9,1197.8,488.0,3249.95,187.0,537.97998,56.96660618,421.7111554,631.0,290.0,477.34,3183.0,,1130.083157,463.0,460.25
2017-10-19 09:15:00,68.79334862,405.0,1062.95,1175.0,463.89999,3231.8999,187.28,534.3,57.94994519,419.00787876,613.95001,290.0,477.0,3151.9,,1141.437774,458.29999,465.45
2017-10-23 09:15:00,70.55155591,403.20001,1056.0,1184.45,458.64999,3192.0,184.5,527.5,57.93327521,428.01880089,613.0,286.5,478.02,3140.2,,1140.441755,461.399995,464.975
2017-10-24 09:15:00,70.88645253,407.04999,1066.95,1175.0,451.64999,3210.55,184.8,533.1,57.99994181,444.82416164,600.29999,289.04999,474.6,3120.0,,1175.85023,469.5,465.75
2017-10-25 09:15:00,70.80272838,408.79999,1057.5,1222.9,468.14999,3264.0,182.0,527.8,58.79993767,453.1592646,599.0,291.0,473.2,3148.0,,1187.204847,447.20001,465.0
2017-10-26 09:15:00,71.16553305,416.0,1032.0,1194.0,472.0,3233.8999,173.9,499.0,57.13327268,460.99878487,595.40002,289.0,469.88,3169.0,,1206.926023,453.375,442.0
2017-10-27 09:15:00,73.62143606,416.5,1026.5,1193.9,485.0,3300.0,176.005,498.87998,57.29993918,460.99878487,625.0,294.0,470.94,3171.0,,1194.027577,435.024995,451.1
2017-10-30 09:15:00,72.92373476,436.5,1036.95,1185.0,487.20001,3310.7,183.2,506.4,57.84994196,441.98573018,623.25,289.14999,479.2,3185.0,,1185.26261,430.0,449.5625
2017-10-31 09:15:00,75.18429257,430.25,1035.0,1182.0,495.0,3270.05,178.7,501.5,61.9999378,441.53518407,629.0,287.0,484.0,3248.9,,1192.234743,420.0,452.875
2017-11-01 09:15:00,74.12378659,432.0,1044.85,1185.0,524.95001,3270.0,180.96,505.0,61.98327115,467.21631213,628.25,286.5,482.4,3249.9,,1227.045607,430.0,453.775
2017-11-02 09:15:00,74.40286711,433.0,1029.2,1176.4,534.0,3277.0,181.5,506.8,62.08327105,491.05021016,626.40002,286.89999,470.84,3100.0,,1249.007826,422.20001,455.75
2017-11-03 09:15:00,74.79357984,438.64999,1030.0,1182.45,535.34998,3228.0,182.5,498.9,61.96660116,489.47329878,640.0,291.20001,486.94,3145.0,,1291.836643,430.0,456.425
2017-11-06 09:15:00,79.92866144,434.0,1016.0,1168.0,539.04999,3211.0,181.8,503.0,60.98327215,486.49970349,637.09998,286.5,482.8,3123.51,,1279.884415,426.0,456.25
2017-11-07 09:15:00,83.58461627,437.5,1020.0,1158.0,535.5,3239.0,184.8,503.8,61.9999378,482.89533464,663.40002,286.60001,480.44,3130.0,,1289.844605,425.0,459.5
2017-11-08 09:15:00,82.6357425,433.0,1009.9,1147.1,537.70001,3174.8999,179.455,500.5,60.64993915,446.94173735,624.84998,283.25,476.04,3115.9,,1252.991902,441.0,456.3
2017-11-09 09:15:00,84.75676005,430.60001,996.0,1177.85,548.95001,3197.95,178.705,500.51001,59.79993667,452.57356368,624.0,286.89999,473.72,3123.875,,1250.999864,439.75,456.75
2017-11-10 09:15:00,86.15216266,435.45001,995.0,1194.9,534.95001,3200.0,173.11,502.1,61.3999384,456.85375168,617.5,283.29999,473.96,3090.0,,1222.414119,440.475005,455.425
2017-11-13 09:15:00,87.68710553,433.0,1008.85,1184.0,557.0,3268.0,175.995,502.8,60.8332723,453.24938283,610.29999,276.20001,470.94,3056.0,,1242.334499,432.25,455.5
2017-11-14 09:15:00,84.84047862,413.35001,999.0,1174.95,537.34998,3239.7,173.1,497.83501,59.6666068,450.32083314,598.0,274.35001,469.74,3074.0,,1207.175028,434.0,453.975
2017-11-15 09:15:00,86.40332954,410.0,991.0,1155.0,546.5,3260.0,176.21,502.48501,58.43327471,448.74392177,602.65002,274.0,464.88,3000.025,,1195.2228,438.5,449.5
2017-11-16 09:15:00,80.93335132,408.0,1007.1,1183.0,544.0,3225.0,172.5,494.9,59.01660746,440.63409186,595.34998,272.5,464.42,3065.0,,1175.30242,424.850005,451.0
2017-11-17 09:15:00,81.77059288,401.0,1027.4,1186.0,550.0,3230.0,179.0,503.0,60.3332728,446.04064514,607.0,271.5,466.71,3060.065,,1173.758591,424.45001,457.175
2017-11-20 09:15:00,87.60337579,400.95001,1058.4,1173.0,542.25,3200.0,178.68,515.67998,59.5666069,445.27470774,605.54999,273.0,467.4,3075.4,,1165.34223,421.5,457.25
2017-11-21 09:15:00,89.86392801,399.29999,1068.55,1168.6,547.0,3254.7,181.9,520.0,60.03327644,446.31096379,607.0,279.0,455.04,3070.0,,1185.26261,421.54999,459.3625
2017-11-22 09:15:00,86.12424902,402.5,1110.0,1162.5,546.54999,3316.95,181.67,520.6,59.21660392,454.60102115,616.90002,275.5,473.0,3058.0,,1165.34223,419.274995,462.425
2017-11-23 09:15:00,88.18944488,415.29999,1149.0,1175.5,542.40002,3324.0,177.7,518.8,60.71660242,453.24938283,619.25,271.5,472.21,3020.0,,1190.242705,424.0,464.75
2017-11-24 09:15:00,85.17538083,411.0,1130.0,1164.0,544.95001,3310.0,177.3,514.11001,62.74993704,447.84282956,619.5,270.75,462.0,3062.0,,1198.410061,427.5,460.75
2017-11-27 09:15:00,83.72415654,404.5,1135.15,1158.0,544.09998,3289.0,178.0,515.9,61.63326816,446.85161912,617.0,270.85001,459.2,3081.235,,1194.226781,428.75,462.25
2017-11-28 09:15:00,84.39394979,399.60001,1132.4,1157.5,559.5,3275.0,177.2,514.50498,63.33326979,448.69887617,616.0,272.0,458.0,3080.0,,1184.266591,430.5,464.0
2017-11-29 09:15:00,83.08227692,397.60001,1103.0,1166.0,560.54999,3301.0,176.5,526.0,62.41660405,443.3373685,615.0,276.89999,458.8,3069.0,,1170.322325,430.0,466.25
2017-11-30 09:15:00,81.77059288,401.35001,1110.0,1150.25,547.15002,3304.45,175.485,525.15,62.66660379,443.65275978,605.0,275.29999,452.2,3022.0,,1180.282515,425.0,467.175
2017-12-01 09:15:00,82.0496734,400.89999,1117.95,1147.2,539.40002,3338.0,173.7,521.375,62.2666042,449.55489575,604.5,275.20001,456.0,3028.8,,1172.314363,423.5,463.725
2017-12-04 09:15:00,79.70539702,386.75,1147.0,1145.45,536.20001,3246.8999,172.4,510.0,61.6666048,437.02972301,599.29999,273.0,455.0,2955.35,,1145.42185,418.0,463.725
2017-12-05 09:15:00,79.62166728,388.14999,1156.45,1122.0,535.0,3197.7,167.595,505.10498,59.6666068,437.61542394,595.0,265.0,449.4,2930.1551,,1127.493508,423.95001,456.5
2017-12-06 09:15:00,80.20774196,386.39999,1156.5,1114.8,532.20001,3155.0,169.995,497.00498,60.6666058,438.38136133,595.79999,263.20001,441.6,2863.0,,1108.768351,422.75,454.9875
2017-12-07 09:15:00,79.64958092,387.04999,1150.5,1108.0,532.90002,3110.6499,168.5,494.0,59.6666068,437.02972301,598.0,266.0,441.6,2839.7,,1096.616919,430.07501,451.6625
2017-12-08 09:15:00,83.2776277,391.5,1182.0,1144.95,536.70001,3235.7,168.5,509.0,61.5999382,464.19767124,595.0,264.89999,441.22,2860.0,,1119.973565,434.850005,453.5
2017-12-11 09:15:00,85.06373746,396.0,1190.0,1142.0,550.0,3216.1001,171.0,515.9,61.86660793,478.29973733,612.0,265.64999,439.74,2932.34,,1134.366039,437.25,462.0
2017-12-12 09:15:00,85.90097902,391.5,1199.85,1131.85,544.0,3210.3501,170.5,512.0,60.86660893,480.37224041,604.70001,269.60001,464.9,2927.4,,1129.435745,440.5,462.275
2017-12-13 09:15:00,83.72415654,401.79999,1188.8,1117.9,538.0,3160.0,169.475,511.48501,60.3332728,475.77668814,591.5,264.85001,452.0,2859.9,,1113.051233,435.0,455.0125
2017-12-14 09:15:00,82.0496734,397.54999,1183.95,1122.0,537.0,3160.0,167.5,500.0,60.2332729,466.67567482,580.0,263.25,457.62,2885.0,,1118.529337,431.5,456.0
2017-12-15 09:15:00,86.4870537,405.70001,1206.9,1129.0,552.20001,3188.0,170.0,516.0,60.41660605,475.59646069,597.0,264.0,465.0,2900.0,,1146.417869,444.45001,464.0
2017-12-18 09:15:00,82.60783445,395.79999,1198.5,1120.0,537.95001,3179.8999,172.6,505.0,59.91660655,455.14168549,578.40002,269.95001,473.0,2932.05,,1124.505451,444.04999,463.75
2017-12-19 09:15:00,89.24994528,405.0,1173.5,1149.0,549.25,3235.0,176.6,525.5,60.8332723,474.65032288,592.45001,269.39999,480.9,2999.0,,1125.601072,444.5,469.95
2017-12-20 09:15:00,89.30576697,404.0,1178.0,1137.5,553.5,3318.8501,176.5,528.8,61.8332713,486.58979469,605.70001,272.0,479.0,3085.0,,1127.493508,435.0,474.725
2017-12-21 09:15:00,89.86392801,405.0,1176.65,1140.95,551.79999,3300.0,177.495,534.0,61.69994143,476.22723425,602.95001,271.39999,473.0,3024.8,,1129.834153,437.0,469.975
2017-12-22 09:15:00,90.95234205,403.0,1195.0,1137.0,549.90002,3277.0,175.6,531.6,61.6666048,474.78550473,603.0,268.14999,472.0,3045.0,,1125.700674,445.5,469.75
2017-12-26 09:15:00,90.9802501,403.75,1180.0,1142.0,555.0,3350.0,178.47,543.18999,63.09993669,478.47996478,604.04999,267.70001,466.99,3044.0,,1133.469622,441.04999,470.25
2017-12-27 09:15:00,90.9802501,405.95001,1187.0,1150.0,554.0,3385.0,179.72,541.1,62.28327418,490.64470965,613.0,263.29999,472.6,3028.0,,1140.989565,443.0,467.525
2017-12-28 09:15:00,92.65473323,404.20001,1201.2,1146.0,546.15002,3327.0,178.0,529.1,61.41660505,481.63378753,614.0,262.79999,481.98,3030.0,,1136.457679,441.0,464.725
2017-12-29 09:15:00,92.09657219,401.14999,1230.0,1145.1,548.20001,3295.0,174.925,528.00498,60.74993905,479.20082954,606.15002,263.10001,485.99,2990.0,,1129.485546,439.149995,469.2
2018-01-01 09:15:00,92.54310102,406.70001,1216.0,1163.0,563.79999,3340.0,175.95,520.8,60.9999388,478.47996478,608.0,263.0,482.0,3039.9949,,1160.411936,444.5,468.175
2018-01-02 09:15:00,92.71055492,403.45001,1205.0,1146.0,567.0,3309.0,173.97,519.98999,60.8332723,480.19205801,614.20001,268.0,485.4,2992.5,,1143.927822,438.45001,464.6375
2018-01-03 09:15:00,91.48258946,398.10001,1195.0,1149.0,561.29999,3310.0,172.7,513.93501,60.6666058,467.80204009,611.0,271.0,477.3,2885.0,,1129.485546,446.5,468.75
2018-01-04 09:15:00,98.23634367,408.70001,1185.0,1149.0,564.84998,3244.0,172.5,512.0,60.36660944,467.66685823,609.45001,272.89999,468.6,2882.5699,,1130.033356,448.0,463.25
2018-01-05 09:15:00,103.14816085,411.89999,1168.0,1178.0,561.04999,3263.0,176.6,509.87998,60.3332728,473.07341151,617.0,278.5,485.8,2879.7,,1172.015557,444.125,465.75
2018-01-08 09:15:00,107.50182257,424.0,1192.0,1190.0,565.79999,3285.1001,182.0,517.0,61.18327195,481.31842327,618.5,279.0,494.0,2940.0,,1208.171047,450.07501,466.25
2018-01-09 09:15:00,110.51588663,422.89999,1189.0,1183.1,564.0,3276.0,184.3,523.0,61.6666048,466.76576602,617.0,299.70001,494.9,2920.1,,1199.704886,450.25,465.5
2018-01-10 09:15:00,109.45538623,422.0,1174.0,1186.0,566.15002,3228.25,182.0,516.0,60.88326892,464.06248938,616.0,306.0,491.99,2862.0,,1235.910176,446.0,466.3
2018-01-11 09:15:00,110.51588663,423.0,1175.75,1179.9,562.0,3210.0,179.8,519.8,60.03327644,457.7548439,619.0,308.0,485.4,2810.0,,1240.043655,459.5,466.05
2018-01-12 09:15:00,112.7485308,425.85001,1178.45,1187.0,560.20001,3208.8999,178.3,514.63999,59.9332732,464.9635816,614.0,309.0,486.6,2852.0,,1242.533703,459.25,468.25
2018-01-15 09:15:00,112.19036976,425.54999,1175.8,1189.65,556.70001,3182.2,177.1,505.2,59.49994031,459.37680087,612.5,309.25,489.4,2875.0,,1218.230839,462.5,467.4875
2018-01-16 09:15:00,110.90659936,421.5,1184.0,1204.05,562.95001,3176.0,174.58,503.9,59.49994031,457.7548439,610.15002,305.89999,487.2,2801.0,,1238.051617,457.04999,475.8625
2018-01-17 09:15:00,108.39487466,424.25,1140.0,1186.8,564.04999,3158.0,169.51,495.0,57.66660881,446.04064514,601.04999,293.0,493.4,2780.0,,1225.10337,475.0,474.25
2018-01-18 09:15:00,114.98117497,437.95001,1132.0,1195.0,596.0,3210.0,171.2,500.7,58.73327441,451.44719841,608.09998,293.29999,500.0,2822.885,,1244.724944,476.5,481.0
2018-01-19 09:15:00,108.98094376,418.79999,1116.0,1183.1,584.90002,3207.8,166.09,492.0,57.24994256,436.1286308,603.65002,283.04999,493.4,2788.0,,1215.14318,478.5,483.7875
2018-01-22 09:15:00,110.51588663,434.0,1148.0,1192.0,595.95001,3200.0,171.4,500.0,57.79993868,446.58130947,604.40002,287.10001,488.0,2800.9449,,1219.127256,480.0,490.0
2018-01-23 09:15:00,111.29730651,438.04999,1173.0,1176.0,616.40002,3280.0,171.0,504.2,58.66660781,445.13955292,602.5,285.20001,502.0,2770.0,,1240.043655,484.975005,491.25
2018-01-24 09:15:00,114.0323012,437.0,1146.5,1170.0,621.90002,3295.0,171.5,501.5,58.26660821,438.7417892,621.95001,292.5,504.6,2700.6,,1220.123275,497.0,488.1375
2018-01-25 09:15:00,114.42301393,450.0,1117.0,1148.0,610.0,3344.0,174.1,502.5,59.43327371,417.65624045,618.15002,294.54999,510.8,2650.0,,1190.242705,509.4,488.475
2018-01-29 09:15:00,120.33952657,436.5,1144.0,1154.0,614.54999,3317.0,171.1,494.95,59.49994031,400.0849423,624.95001,298.5,489.79,2673.0,,1185.412013,505.0,494.5
2018-01-30 09:15:00,117.77198019,435.0,1136.0,1151.0,605.59998,3373.95,171.5,492.5,58.98327416,397.02123779,613.0,299.0,471.2,2745.0,,1175.700828,508.75,499.45
2018-01-31 09:15:00,117.1859111,428.0,1135.0,1128.0,589.29999,3348.0,165.745,486.1,57.08327606,398.73330398,608.0,303.5,458.6,2682.7301,,1155.38204,499.975005,497.35
2018-02-01 09:15:00,118.88830228,431.0,1165.0,1126.0,593.59998,3340.0,168.18,481.10498,56.66660981,396.52561905,591.90002,300.10001,445.0,2698.4,,1155.481642,491.04999,501.5
2018-02-02 09:15:00,118.88830228,424.5,1209.95,1148.0,587.79999,3419.0,170.805,500.1,53.81661267,394.49816158,586.0,292.10001,430.0,2790.1,,1175.30242,490.0,496.5
2018-02-05 09:15:00,103.31561475,408.0,1144.5,1121.2,551.09998,3200.0,160.0,481.0,49.99994984,376.43127173,576.0,293.0,422.04,2730.0,,1105.58109,495.0,479.5
2018-02-06 09:15:00,103.25979306,395.0,1114.0,1110.0,543.0,3005.0,153.0,450.0,46.66661985,378.45872921,561.0,287.0,410.0,2654.5551,,1062.752273,482.475005,465.0
2018-02-07 09:15:00,111.38103624,414.39999,1159.7,1115.0,568.0,3198.3,168.0,500.9,51.08328208,400.94098892,578.5,291.5,425.03,2791.965,,1067.732368,479.100005,476.75
2018-02-08 09:15:00,110.65542689,408.25,1132.0,1128.0,562.79999,3155.0,165.4,500.0,52.91661358,391.07402018,584.0,297.60001,425.0,2823.0,,1054.784121,472.875,471.0
2018-02-09 09:15:00,111.63220871,400.0,1110.0,1101.0,559.90002,3129.0,162.905,498.98999,50.99994883,382.06309806,595.0,295.10001,430.0,2760.5,,1083.170663,467.5,461.975
2018-02-12 09:15:00,117.8836124,403.75,1122.0,1138.0,563.70001,3134.0,164.5,509.62998,52.66661383,387.28942388,629.34998,303.89999,438.94,2775.1,,1106.676711,482.75,465.0
2018-02-14 09:15:00,121.95818802,405.0,1160.0,1144.0,565.0,3155.0,165.4,526.0,53.29994319,384.13560113,622.09998,300.0,442.0,2782.0,,1124.555252,469.899995,472.45
2018-02-15 09:15:00,123.40941231,421.5,1191.8,1135.0,534.75,3125.0,167.88,520.0,53.74994607,395.84979989,613.25,307.5,440.8,2820.0,,1125.50147,472.0,472.425
2018-02-16 09:15:00,120.4511532,414.0,1235.0,1136.5,547.04999,3158.0,169.0,516.88501,52.76661373,391.93006679,611.29999,308.10001,441.4,2840.0,,1105.381886,472.5,470.975
2018-02-19 09:15:00,114.42301393,407.5,1152.0,1145.0,537.84998,3110.0,167.5,509.5,51.99994783,378.32357439,612.0,303.0,444.6,2748.5,,1095.670701,468.92499,470.65
2018-02-20 09:15:00,112.7485308,394.0,1180.0,1123.95,542.0,3032.0,165.485,503.0,51.03328547,374.04338638,603.45001,305.0,431.0,2712.0,,1088.30016,458.0,471.1875
2018-02-21 09:15:00,111.24149598,396.5,1192.0,1132.35,534.0,3080.8999,165.8,504.0,51.28328522,378.45872921,607.0,311.0,436.04,2712.4,,1119.525356,459.0,466.9875
2018-02-22 09:15:00,109.39956454,395.0,1195.0,1122.7,533.0,3014.8,158.8,498.9,50.08328309,377.37740954,595.0,306.5,433.4,2735.0,,1110.31218,471.5,462.5
2018-02-23 09:15:00,114.14393341,405.10001,1245.0,1117.05,527.0,2988.0,160.68,494.31499,49.61662022,377.55763699,591.79999,310.75,428.48,2710.0,,1108.569147,474.45001,464.225
2018-02-26 09:15:00,114.42301393,407.5,1235.0,1110.0,541.09998,3004.0,164.0,505.1,50.98328218,387.46965133,596.25,311.25,424.0,2699.0,,1144.127025,477.95001,472.025
2018-02-27 09:15:00,114.98117497,417.0,1246.7,1104.8,551.59998,3040.0,167.6,520.8,52.16661433,383.68505503,591.70001,313.64999,440.04,2720.1,,1187.603255,476.5,478.6875
2018-02-28 09:15:00,114.39510588,410.0,1190.2,1104.0,534.0,3010.0,164.4,509.0,50.83328233,387.46965133,590.0,307.0,444.61,2703.0,,1158.569301,477.45001,472.3875
2018-03-01 09:15:00,113.61368042,408.35001,1200.5,1120.0,524.0,3067.1001,163.5,505.2,51.61661821,386.61360472,593.90002,310.79999,440.01,2731.1449,,1148.111101,471.899995,469.825
2018-03-05 09:15:00,111.07404767,404.95001,1184.65,1110.25,524.0,3020.8999,166.0,499.93999,50.9666122,384.72132909,582.09998,310.45001,445.96,2772.5,,1155.38204,471.399995,468.5375
2018-03-06 09:15:00,113.02761132,406.70001,1170.1,1112.6,526.0,2969.8999,165.5,507.55,52.48328068,381.7927794,581.59998,306.89999,440.29,2771.0,,1144.425831,469.0,467.5
2018-03-07 09:15:00,102.08764929,398.95001,1165.7,1105.7,510.89999,2898.0,164.1,498.0,50.49994933,370.03350801,587.45001,306.0,435.3,2747.0,,1125.50147,469.0,460.0
2018-03-08 09:15:00,97.12002158,379.0,1150.0,1114.8,518.45001,2919.7,163.495,486.39502,50.26661624,370.7994454,584.0,308.0,434.58,2758.0,,1120.27237,476.5,459.95
2018-03-09 09:15:00,94.30130831,392.0,1173.7,1133.0,522.45001,2934.0,163.5,489.33999,49.58328359,364.85222779,579.95001,305.0,432.8,2775.0,,1102.493431,475.0,463.7375
2018-03-12 09:15:00,88.44061735,382.0,1152.0,1131.1,510.60001,2956.0,166.3,500.25,49.91661659,364.94234602,575.04999,305.39999,432.0,2806.5,,1101.945621,475.0,465.05
2018-03-13 09:15:00,90.44999711,387.0,1130.0,1125.2,517.09998,2959.0,166.55,503.9,49.99994984,381.16200584,579.0,297.5,428.4,2805.2,,1103.589052,483.82501,466.8625
2018-03-14 09:15:00,87.51965163,383.10001,1087.7,1139.95,528.95001,2963.0,167.2,509.0,50.06661644,383.77516425,578.34998,291.0,437.0,2889.4,,1102.095024,481.0,464.0
2018-03-15 09:15:00,91.25933062,383.60001,1092.0,1132.15,535.20001,2960.0,171.51,511.15,50.34994949,380.80157797,578.0,294.0,436.49,2885.0,,1118.529337,484.0,466.3
2018-03-16 09:15:00,93.4919748,377.89999,1094.95,1159.9,530.90002,2940.0,171.2,497.16001,50.49994933,374.1785412,570.09998,280.29999,436.0,2865.0,,1107.324123,480.0,470.0
2018-03-19 09:15:00,89.30576697,370.0,1073.0,1121.15,522.59998,2913.55,169.89,502.0,49.76661674,376.65654478,563.65002,279.5,431.0,2812.0,,1089.196577,481.350005,463.25
2018-03-20 09:15:00,88.71969787,364.29999,1056.0,1102.0,509.0,2843.8999,162.7,494.5,49.16661734,359.53579275,555.09998,269.10001,422.99,2738.0,,1090.591004,462.5,461.275
2018-03-21 09:15:00,90.2825488,372.89999,1049.0,1106.5,523.0,2889.95,167.45,509.0,49.99994984,363.1401616,558.5,270.89999,433.76,2838.0,,1090.939611,472.5,462.0
2018-03-22 09:15:00,90.64534789,365.0,1028.0,1102.5,522.59998,2851.8999,170.8,510.0,49.59995024,373.05217593,551.90002,270.0,427.8,2797.425,,1095.6209,470.5,464.725
2018-03-23 09:15:00,86.51496175,355.0,1011.65,1094.85,509.5,2814.8999,165.5,505.88999,46.96661621,371.83569243,539.0,266.64999,418.2,2757.0,,1066.736349,452.5,461.6625
2018-03-26 09:15:00,85.11955914,364.39999,1009.0,1112.0,499.0,2788.0,169.89,512.8,46.6499532,371.24999151,538.15002,270.0,414.4,2780.2949,,1082.672653,478.600005,459.975
2018-03-27 09:15:00,92.59891155,368.14999,1008.2,1119.0,512.29999,2861.0,175.0,518.0,48.01661849,380.26091363,541.0,274.10001,419.2,2815.9,,1075.800122,487.5,473.45
2018-03-28 09:15:00,88.69178424,364.5,1030.0,1130.85,512.90002,2775.0,177.7,523.0,47.48328569,370.34889929,544.0,274.70001,420.6,2824.8,,1080.680615,480.774995,470.7375
2018-04-02 09:15:00,87.79873215,356.0,1066.0,1120.4,506.75,2755.0,176.9,507.5,47.59995224,359.98633885,548.0,283.35001,416.0,2851.0,,1049.804026,483.149995,472.625
2018-04-03 09:15:00,88.32898514,368.5,1092.0,1145.05,494.0,2790.0,182.0,526.9,48.29994821,352.5523281,572.0,276.20001,422.2,2823.5699,,1077.692558,486.25,480.9875
2018-04-04 09:15:00,90.67326153,368.0,1095.85,1156.9,504.5,2807.0,184.0,542.0,49.09995074,364.04125381,572.34998,278.79999,424.8,2849.8,,1091.43762,490.5,478.2375
2018-04-05 09:15:00,86.32487289,372.0,1075.0,1151.8,498.39999,2790.0,186.6,533.3,48.33328484,358.72481877,574.0,276.14999,423.0,2920.0,,1073.509278,485.0,475.325
2018-04-06 09:15:00,96.22302561,378.45001,1085.75,1142.9,502.95001,2814.95,191.9,546.32998,48.34995149,355.21055914,560.29999,277.70001,422.4,2974.8,,1087.652748,486.0,478.05
2018-04-09 09:15:00,97.48869104,380.64999,1098.0,1145.0,502.20001,2788.0,194.26,548.8,48.33328484,345.02819912,565.90002,276.35001,424.0,2990.0,,1088.648767,477.149995,479.7
2018-04-10 09:15:00,96.38529041,379.0,1070.0,1159.0,523.0,2790.0,195.0,558.10498,48.33328484,343.36117852,558.0,276.0,424.6,2981.1,,1076.696539,476.54999,485.75
2018-04-11 09:15:00,96.09321377,388.0,1097.7,1157.0,550.09998,2775.0,192.6,543.90498,48.66661784,349.62377841,560.70001,283.64999,426.0,2999.9949,,1078.688577,477.5,478.975
2018-04-12 09:15:00,93.85396604,378.0,1115.0,1149.5,537.29999,2777.0,192.375,542.5,48.83328434,346.01940956,562.90002,281.54999,415.6,3054.575,,1063.748292,483.975005,479.0
2018-04-13 09:15:00,91.12790444,375.79999,1085.1,1170.0,550.0,2769.45,193.1,543.8,49.03328747,345.07327175,557.54999,282.5,414.46,3068.1,,1060.013221,507.25,482.0
2018-04-16 09:15:00,90.0245103,381.75,1082.4,1160.0,541.5,2783.7,191.395,532.0,47.69995548,339.71176407,553.04999,284.60001,416.24,3140.0,,1052.792083,489.5,480.0
2018-04-17 09:15:00,91.80942309,391.5,1093.0,1180.0,544.95001,2845.0,195.99,541.0,46.66661985,339.71176407,585.54999,286.25,421.0,3130.0,,1090.640805,498.524995,485.875
2018-04-18 09:15:00,91.51734645,385.25,1090.0,1179.0,535.5,2879.0,194.6,543.5,46.63328321,345.74909091,582.0,287.0,422.94,3105.0051,,1091.736426,507.45,487.75
2018-04-19 09:15:00,87.94752088,387.29999,1084.0,1172.0,521.0,2865.0,193.5,537.51001,45.99995385,350.29959757,584.25,285.25,422.2,3118.0,,1089.644786,502.5,485.0
2018-04-20 09:15:00,91.51734645,386.0,1128.5,1165.0,513.5,2853.8,190.78,537.0,44.6499552,354.62483118,582.34998,283.25,426.0,3085.0,,1096.318113,510.0,485.25
2018-04-23 09:15:00,90.21922806,381.45001,1130.1,1160.9,508.39999,2852.8,188.0,529.88501,44.14995571,361.78852328,576.0,292.0,424.68,3139.9949,,1098.409753,531.0,494.75
2018-04-24 09:15:00,91.22526981,387.25,1133.0,1177.5,506.0,2856.1001,190.8,530.0,46.03329048,362.14895115,601.0,289.0,426.38,3115.0,,1085.760312,542.45,483.75
2018-04-25 09:15:00,89.57016887,394.0,1114.7,1167.0,506.0,2885.0,192.595,544.3,45.26662125,373.45767644,600.5,290.10001,430.29,3115.0,,1073.210472,530.925,481.975
2018-04-26 09:15:00,89.57016887,388.64999,1097.0,1164.0,496.75,2924.0,190.9,543.51001,44.29995222,378.45872921,591.0,290.5,425.6,3075.0,,1061.656652,528.0,479.2
2018-04-27 09:15:00,91.48489349,398.29999,1080.0,1165.25,481.25,2890.0,191.2,535.8,43.76662276,366.06871129,602.0,290.0,419.6,3134.0,,1069.226397,538.5,483.25
2018-04-30 09:15:00,92.39358285,405.79999,1070.25,1189.7,535.79999,2972.95,192.49,545.9,43.84995601,366.74453044,602.20001,287.5,422.16,3170.0,,1082.52325,524.45,482.5
2018-05-02 09:15:00,91.09546446,408.0,1097.0,1200.25,518.5,3019.6499,190.9,548.0,43.99995586,372.06096549,610.0,283.10001,423.28,3134.9,,1094.624881,525.0,487.5
2018-05-03 09:15:00,84.37769531,399.70001,1075.0,1220.3,522.0,2994.95,190.505,546.0,43.33328986,366.11375689,613.0,278.25,424.44,3072.5,,1094.525279,498.5,492.0125
2018-05-04 09:15:00,82.23579997,401.95001,1070.0,1212.0,533.90002,2985.0,188.0,540.2,43.21661998,370.21374447,612.09998,276.79999,426.0,2980.0,,1084.664691,461.475005,492.5
2018-05-07 09:15:00,82.49542364,410.0,1091.5,1192.0,523.75,2894.0,186.5,540.0,43.29995322,361.78852328,598.59998,273.79999,422.0,2944.9949,,1073.60888,468.399995,495.4125
2018-05-08 09:15:00,83.24184172,413.10001,1088.0,1219.0,536.65002,2915.0,189.85,541.0,43.96661922,361.74347768,592.40002,268.04999,418.0,2980.0,,1075.401714,465.100005,494.8125
2018-05-09 09:15:00,84.6373125,412.10001,1072.8,1197.6,543.09998,2890.0,187.51,534.1,43.93328926,363.32038905,591.40002,268.20001,415.17,3049.9,,1081.875838,462.0,489.0375
2018-05-10 09:15:00,84.3127829,413.85001,1042.0,1232.0,548.5,2882.0,185.2,535.5,44.13328572,364.8071912,594.0,268.79999,411.0,3080.0,,1080.780217,466.45001,497.15
2018-05-11 09:15:00,82.78750028,412.35001,1033.0,1237.0,548.59998,2845.0,184.5,527.5,43.33328986,360.57203978,577.04999,272.0,400.7,3075.0,,1091.836028,465.600005,498.175
2018-05-14 09:15:00,82.98221804,413.95001,1038.05,1285.0,551.20001,2830.0,186.31,534.37002,42.83329036,347.82159398,575.0,271.0,402.4,3089.065,,1096.66672,468.70001,504.3
2018-05-15 09:15:00,80.48334014,399.0,1030.0,1291.0,548.0,2819.0,186.525,532.0,41.36662516,345.11831735,579.79999,270.04999,403.55,3049.525,,1095.6209,460.149995,506.7625
2018-05-16 09:15:00,79.83428095,407.75,1035.0,1305.15,545.0,2813.0,189.25,535.0,39.83329337,345.07327175,575.0,264.0,401.2,3050.0051,,1075.800122,461.25,507.6375
2018-05-17 09:15:00,80.74296382,404.0,1031.0,1313.15,550.0,2821.0,193.0,537.0,40.59995927,339.93703713,557.90002,265.89999,399.16,3056.6801,,1078.090966,463.45001,505.9625
2018-05-18 09:15:00,80.3535283,396.14999,1018.7,1305.0,536.79999,2845.0,206.98999,557.89502,41.56662496,331.64697976,555.0,271.5,396.56,3060.0,,1078.688577,452.5,506.175
2018-05-21 09:15:00,77.23804417,389.35001,1016.0,1305.0,535.0,2774.95,212.5,573.5,39.99995987,325.60967996,531.65002,267.5,398.2,2990.0801,,1057.174567,446.0,504.025
2018-05-22 09:15:00,77.82219744,382.70001,978.0,1298.0,528.40002,2730.0,211.1,571.5,38.66662787,321.64487423,524.79999,272.70001,380.5,2949.0,,1031.377675,445.17499,499.675
2018-05-23 09:15:00,79.18522175,379.79999,968.5,1281.0,522.0,2821.8,214.8,594.9,38.94996092,326.01515343,515.0,277.14999,395.6,2985.3199,,1040.839855,452.5,496.95
2018-05-24 09:15:00,76.58898497,374.95001,964.70001,1277.1,521.70001,2770.0,209.55,582.0,39.04996082,323.49210425,536.5,277.0,392.54,2945.0,,1043.827912,452.975005,491.775
2018-05-25 09:15:00,77.27049713,371.5,972.0,1300.0,535.59998,2754.95,210.7,586.4,38.79996107,335.47662166,538.84998,280.10001,395.0,2952.2551,,1021.915494,458.95001,497.5
2018-05-28 09:15:00,80.41843422,382.5,1004.0,1294.5,541.70001,2762.0,212.5,608.0,39.66662687,340.25242841,534.0,277.0,393.35,3011.0,,1036.855779,458.0,501.95
2018-05-29 09:15:00,83.07957692,379.79999,972.79999,1326.0,547.0,2805.8999,210.5,600.93501,41.16662537,338.76562626,539.09998,286.35001,400.0,3068.1,,1060.660633,449.5,509.5
2018-05-30 09:15:00,79.25012767,374.0,1000.0,1290.0,543.75,2794.0,206.33,584.86499,39.46662707,341.42383027,529.09998,281.0,395.0,3033.865,,1041.935476,453.5,504.925
2018-05-31 09:15:00,80.48334014,375.5,998.5,1300.2,543.0,2775.0,214.25,599.5,39.96662657,338.90079009,528.59998,292.10001,394.36,3024.9,,1038.748215,454.0,525.0
2018-06-01 09:15:00,78.53616256,394.10001,950.54999,1307.0,543.0,2780.0,212.0,606.9,37.99996188,337.50407914,526.95001,293.0,388.0,3065.0,,1040.740253,455.0,529.0
2018-06-04 09:15:00,77.8546504,388.0,941.0,1295.0,539.54999,2890.0,209.02,580.225,37.33329588,346.01940956,527.5,295.20001,395.6,2995.025,,1025.89957,453.5,537.5
2018-06-05 09:15:00,75.29086658,378.75,943.0,1276.25,534.65002,2878.5,206.5,577.99502,37.38329583,334.66563867,520.29999,293.89999,396.0,2960.6551,,1028.887627,452.975005,512.5
2018-06-06 09:15:00,74.96633699,374.0,944.95001,1270.9,530.0,2850.0,212.2,580.7,37.66662888,326.28549912,542.09998,285.54999,392.6,2940.0,,1018.927437,445.975005,515.05
2018-06-07 09:15:00,76.75124977,378.0,933.40002,1270.15,533.79999,2891.0,217.2,593.9,39.89995997,342.14472206,541.95001,289.0,393.0,3010.8301,,1034.863741,452.5,518.3
2018-06-08 09:15:00,80.97013454,381.0,965.0,1275.0,541.04999,2888.0,216.48999,599.77998,39.83329337,341.9644946,541.79999,288.70001,394.6,2964.0,,1035.85976,460.5,514.75
2018-06-11 09:15:00,82.88485916,384.0,1025.0,1279.0,539.79999,2886.6499,221.0,601.5,39.43329377,340.38758323,560.0,290.0,412.41,2966.0551,,1026.148575,466.5,512.975
2018-06-12 09:15:00,82.62523548,384.0,999.5,1278.55,543.5,2886.0,225.5,612.0,39.59996027,351.38091723,561.90002,287.89999,419.4,2960.335,,1048.608803,456.475005,512.975
2018-06-13 09:15:00,83.43655948,391.14999,992.0,1290.0,539.79999,2908.0,227.0,607.8,40.66662587,337.00848744,569.95001,284.10001,438.0,2938.0,,1034.764139,460.0,513.0
2018-06-14 09:15:00,83.40410652,383.64999,978.90002,1280.45,539.79999,2905.0,223.5,607.0,39.58329362,336.55794133,588.95001,283.79999,452.01,2956.0,,1031.776082,464.0,507.5
2018-06-15 09:15:00,87.62299128,369.79999,969.90002,1284.9,527.79999,2893.45,225.0,602.5,38.83329437,341.24362985,590.0,286.5,460.6,2955.2,,1019.923456,468.475005,506.5
2018-06-18 09:15:00,86.25996048,373.0,1042.7,1289.4,530.25,2880.0,227.2,596.58999,38.98329422,340.56781069,612.0,279.0,467.8,2959.0,,1030.730262,477.25,507.525
2018-06-19 09:15:00,86.06525571,369.54999,1046.0,1273.0,522.15002,2893.0,223.5,597.5,37.98329523,334.3052108,606.25,272.35001,480.64,3013.5301,,1011.955304,466.45001,506.2375
2018-06-20 09:15:00,83.72863611,363.0,1057.5,1275.0,520.75,2855.1499,227.495,593.69502,37.73329548,335.65684912,613.0,273.10001,478.6,2997.0,,1011.855702,460.5,506.5
2018-06-21 09:15:00,85.48109594,369.0,1048.15,1272.0,521.25,2873.05,227.7,595.9,37.46662908,337.86453405,608.79999,270.70001,477.8,2988.0,,1012.951323,456.04999,515.0
2018-06-22 09:15:00,84.24788347,364.89999,1029.6,1261.5,513.0,2825.0,226.7,599.95498,36.43329678,334.2601652,604.0,267.10001,465.0,2944.9,,1005.929389,453.524995,514.2375
2018-06-25 09:15:00,84.37769531,366.0,1023.0,1268.0,520.34998,2839.8,234.2,620.0,36.48329673,335.20630301,615.09998,264.0,461.0,2914.065,,1008.220233,452.45001,520.7625
2018-06-26 09:15:00,81.26221117,361.0,1028.0,1255.0,516.5,2805.0,238.5,617.48999,36.29996358,337.00848744,606.0,258.29999,456.8,2944.15,,996.616611,454.5,521.5125
2018-06-27 09:15:00,83.07957692,362.0,1027.5,1279.15,516.0,2822.95,237.98,608.9,35.33329788,343.54140598,602.5,265.0,451.58,2909.9,,1026.995191,456.100005,523.25
2018-06-28 09:15:00,73.6682186,359.70001,1022.8,1267.15,508.0,2760.0,233.7,598.0,34.41663214,336.73816878,604.5,266.85001,457.8,2824.0,,1011.855702,463.225005,528.75
2018-06-29 09:15:00,71.46141733,364.45001,1014.0,1268.25,505.79999,2720.1499,228.21001,587.0,34.88329834,338.1798983,601.5,259.0,455.99,2869.96,,1005.779986,457.04999,530.425
2018-07-02 09:15:00,73.21387716,371.0,1063.0,1266.5,510.75,2815.0,230.0,586.0,36.28329693,343.40625115,620.0,263.14999,446.0,2865.5,,1000.003076,463.5,527.0875
2018-07-03 09:15:00,67.89159176,362.5,1070.0,1298.6,512.90002,2842.95,230.5,577.77998,34.99996489,337.54915177,617.0,262.5,451.6,2837.5,,977.094639,465.0,518.3125
2018-07-04 09:15:00,68.9949924,362.95001,1053.15,1296.0,511.95001,2869.95,233.3,589.7,35.61663093,334.17005598,644.95001,261.04999,454.76,2819.9,,981.078715,468.475005,519.0625
2018-07-05 09:15:00,70.13084599,361.35001,1082.0,1294.8,514.0,2935.0,233.9,604.5,34.76663179,328.89865752,632.0,264.5,465.99,2833.8,,962.054772,464.04999,526.25
2018-07-06 09:15:00,67.98895064,361.89999,1059.0,1325.0,513.0,2983.0,233.88,608.0,34.16663239,326.19538089,624.90002,270.0,460.0,2789.6051,,968.030886,467.5,528.325
2018-07-09 09:15:00,72.37010021,367.0,1025.0,1330.0,515.09998,3066.6001,235.9,609.0,37.23329598,329.79974974,616.84998,272.25,456.4,2787.9949,,987.552838,474.5,530.4625
2018-07-10 09:15:00,73.343689,367.54999,1004.1,1362.8,527.95001,3049.0,236.0,616.0,36.16663038,326.64592699,626.59998,271.25,469.12,2784.0,,985.859596,497.5,532.475
2018-07-11 09:15:00,74.31727779,369.89999,1014.0,1360.0,532.40002,3078.0,236.58999,619.8,37.66662888,332.41290814,626.29999,277.0,460.2,2827.875,,981.477143,491.850005,536.2625
2018-07-12 09:15:00,80.77541678,374.39999,1000.05,1370.0,539.70001,3194.8999,237.5,612.5,36.33329688,328.89865752,629.40002,267.0,465.34,2845.0,,977.69223,502.975,538.225
2018-07-13 09:15:00,80.90522862,374.0,1008.0,1359.5,539.70001,3123.0,243.38501,629.78999,35.79996408,327.99756531,634.0,266.79999,468.0,2817.4,,957.572687,498.5,542.1
2018-07-16 09:15:00,85.0267545,370.5,977.0,1370.0,523.0,3137.0,247.5,633.0,34.71663184,320.78882761,629.40002,267.70001,444.62,2760.0,,933.269803,492.5,544.85
2018-07-17 09:15:00,87.65544424,361.10001,937.29999,1365.4,521.70001,3107.1001,247.5,622.5,34.06663249,312.6789977,621.90002,261.5,412.0,2740.7,,919.325537,488.600005,540.8125
2018-07-18 09:15:00,89.73243367,365.85001,986.70001,1386.0,541.20001,3104.0,247.82,639.0,34.73329849,310.0658393,640.0,266.0,416.0,2725.1,,940.142354,492.95001,546.75
2018-07-19 09:15:00,93.07508203,366.39999,969.70001,1395.0,528.04999,3107.8,250.38999,637.7,33.29996726,305.47026,629.79999,262.5,415.56,2734.0,,937.502884,495.0,545.75
2018-07-20 09:15:00,98.72191,369.60001,948.0,1403.0,526.79999,3130.0,252.1,631.9,32.79996776,309.07462885,614.95001,261.70001,405.2,2698.065,,933.369385,491.79999,546.525
2018-07-23 09:15:00,104.72570755,370.20001,933.0,1425.1,534.90002,2839.95,272.0,663.1,34.39996549,311.32735938,623.15002,262.5,414.6,2709.9699,,935.261841,501.5,537.5
2018-07-24 09:15:00,110.98912229,385.39999,958.0,1443.0,541.04999,2691.0,274.9,694.8,34.28329894,325.65471655,633.95001,263.0,408.6,2680.5,,919.275746,500.75,536.75
2018-07-25 09:15:00,120.07595102,392.5,944.0,1453.0,547.0,2670.0,272.7,685.0,35.49996438,319.97785363,629.0,266.20001,417.4,2771.0,,988.548857,496.5,541.1625
2018-07-26 09:15:00,126.11220153,395.79999,938.0,1448.1,535.40002,2646.0,269.5,695.9,33.78329944,318.13059658,619.0,264.64999,415.14,2750.0,,981.87552,482.149995,541.25
2018-07-27 09:15:00,128.54617351,402.45001,945.0,1437.0,543.20001,2637.0,268.5,709.86499,33.63329959,324.30307823,627.75,266.39999,427.0,2844.9,,1014.046944,479.5,550.4875
2018-07-30 09:15:00,127.99447319,395.0,940.0,1434.25,556.04999,2686.95,271.555,696.4,34.33329889,323.49210425,633.0,262.89999,416.01,2912.4949,,1016.188385,486.5,549.75
2018-07-31 09:15:00,125.56050121,389.75,945.0,1430.0,582.0,2678.0,267.2,692.2,36.13329708,344.21722514,636.95001,263.79999,415.0,2865.0,,1010.959285,475.17499,540.0
2018-08-01 09:15:00,127.21560216,402.95001,958.0,1458.0,550.5,2717.0,271.5,703.97002,39.56662697,351.42596283,641.0,262.0,426.0,2784.6,,1020.919475,484.0,540.7
2018-08-02 09:15:00,125.26842457,397.60001,942.45001,1437.2,545.25,2680.0,271.43,703.79502,38.99996087,345.47874522,635.0,274.5,435.0,2667.0,,1022.911513,488.0,538.375
2018-08-03 09:15:00,126.24201337,399.04999,962.09998,1424.0,546.5,2688.0,270.0,696.0,38.99996087,337.72935219,640.95001,274.0,447.2,2719.89,,1011.855702,483.024995,533.3875
2018-08-06 09:15:00,129.81183894,403.5,971.0,1420.0,575.20001,2696.0,269.38999,698.5,40.03329317,337.77442483,647.0,278.85001,457.0,2691.115,,1007.772024,484.0,530.25
2018-08-07 09:15:00,127.86466135,393.5,989.5,1399.0,597.0,2700.0,270.5,693.3,39.59996027,347.59632093,642.90002,283.14999,449.98,2724.935,,1000.501085,480.45001,531.25
2018-08-08 09:15:00,118.16122639,375.0,964.70001,1430.95,596.75,2696.0,275.52,703.8,38.86662767,342.50515894,629.0,275.5,452.6,2769.7,,1020.620669,484.5,533.9625
2018-08-09 09:15:00,132.40807572,376.0,968.95001,1431.9,595.0,2665.0,282.4,705.16001,40.66662587,348.09191264,649.0,278.35001,452.78,2780.0,,1009.963266,483.975005,535.5
2018-08-10 09:15:00,129.58466173,377.29999,963.5,1420.0,621.29999,2667.8501,281.6,707.27002,40.48329272,331.78216161,624.95001,279.0,447.28,2768.9949,,993.37953,480.649995,530.875
2018-08-13 09:15:00,127.21560216,378.0,948.0,1414.0,612.0,2628.8999,280.795,702.925,40.21662632,332.41290814,622.0,280.0,444.0,2899.7699,,964.943197,482.975005,521.0
2018-08-14 09:15:00,126.37182521,377.54999,1062.0,1407.9,608.59998,2640.0,276.33,695.5,38.88329432,333.53927341,629.09998,280.0,450.8,2845.6,,989.843672,494.07501,524.5
2018-08-16 09:15:00,128.83825015,372.0,1125.0,1401.0,614.90002,2640.0,283.2,709.0,38.99996087,330.29534144,644.70001,280.0,455.07,2890.0,,982.722166,498.899995,520.75
2018-08-17 09:15:00,131.10995733,371.0,1140.0,1403.0,630.0,2671.0,286.6,712.5,38.56662797,335.25134861,650.04999,285.0,474.78,2900.0,,1000.999095,500.0,520.725
2018-08-20 09:15:00,131.85636891,376.39999,1186.0,1406.0,630.0,2674.0,287.795,712.9,39.06662747,335.56673089,649.90002,283.5,473.0,2868.9699,,1040.839855,502.5,518.75
2018-08-21 09:15:00,138.89866766,378.54999,1190.0,1416.45,625.40002,2750.0,284.08501,710.4,39.33329387,327.99756531,647.90002,286.14999,477.6,2849.9,,1038.847817,500.9,524.5
2018-08-23 09:15:00,139.22319726,379.70001,1191.6,1410.0,644.65002,2740.0,288.9,717.0,39.53329367,335.47662166,653.45001,291.70001,486.0,2860.715,,1063.798093,505.0,526.25
2018-08-24 09:15:00,136.30243088,385.0,1150.0,1395.0,638.04999,2683.8999,289.2,709.2,38.66662787,333.40411859,658.0,287.85001,495.0,2862.3,,1039.843836,515.225,517.75
2018-08-27 09:15:00,136.49714864,378.0,1199.0,1397.5,643.0,2691.8999,293.93999,708.92002,39.33329387,333.40411859,653.0,291.0,490.6,2902.7301,,1058.867799,513.0,519.25
2018-08-28 09:15:00,138.02243126,380.39999,1199.4,1402.0,652.0,2701.0,298.2,707.4,39.06662747,344.53261642,662.0,295.0,490.0,2920.0,,1075.600918,520.0,522.0
2018-08-29 09:15:00,150.38701541,383.25,1183.0,1413.75,657.5,2690.0,293.0,697.5,38.39996147,340.61285629,650.0,292.70001,484.0,2882.0,,1063.698491,519.15,523.0375
2018-08-30 09:15:00,144.41567082,386.20001,1197.2,1394.1,661.84998,2700.0,299.38999,696.9,38.33329487,339.98208273,645.0,286.45001,477.0,2840.0,,1070.720425,514.5,520.9
2018-08-31 09:15:00,146.0383188,384.0,1201.1,1383.0,649.5,2720.0,293.5,694.0,38.06662848,342.27988589,649.54999,286.25,479.4,2762.7301,,1062.254264,510.5,517.3
2018-09-03 09:15:00,146.687378,384.0,1191.85,1384.0,655.45001,2765.0,288.0,677.0,38.08329513,348.7226862,665.5,287.5,502.0,2810.0,,1073.708482,526.5,517.35
2018-09-04 09:15:00,136.95149008,384.54999,1182.85,1360.0,631.0,2779.95,272.4,666.0,37.79996208,344.48754379,649.79999,288.0,519.0,2890.0,,1057.772178,525.575,519.225
2018-09-05 09:15:00,135.13412433,374.29999,1179.6,1314.5,641.0,2726.0,274.01499,650.0,36.46663008,337.90957965,645.04999,279.89999,509.86,2860.0051,,1019.774053,537.9,513.45
2018-09-06 09:15:00,145.489815,381.5,1145.0,1327.95,638.90002,2782.0,272.9,652.0,31.566634,336.96344184,651.0,278.5,516.8,2924.9551,,1025.89957,537.5,512.25
2018-09-07 09:15:00,160.28127953,383.04999,1117.5,1322.8,640.0,2843.95,269.83999,660.0,30.3333029,336.9183692,663.84998,284.60001,515.0,2884.415,,1028.588821,543.475,512.75
2018-09-10 09:15:00,153.2492718,375.64999,1160.85,1314.6,644.95001,2924.0,273.2,658.0,30.61663528,350.79518927,665.0,286.0,524.76,2868.0,,1020.720271,538.5,513.75
2018-09-11 09:15:00,146.4597471,373.89999,1137.05,1295.0,651.65002,2875.0,262.1,635.11001,30.46663677,350.07432452,670.09998,282.79999,515.69,2868.0,,1018.429428,545.0,511.575
2018-09-12 09:15:00,144.03491685,366.70001,1110.1,1303.5,665.0,2836.0,261.795,635.1,29.4999704,343.22601469,654.90002,284.39999,505.2,2827.2301,,1010.760081,546.0,500.475
2018-09-14 09:15:00,145.24733198,376.79999,1113.6,1298.8,641.79999,2885.0,263.05,647.9,29.36663654,340.61285629,664.0,283.0,511.18,2882.99,,1020.919475,542.0,504.9625
2018-09-17 09:15:00,145.68380142,377.29999,1116.4,1329.95,633.70001,2864.0,266.0,669.12002,29.58330365,342.55019553,673.0,277.5,516.2,2930.5,,1048.907609,535.025,505.325
2018-09-18 09:15:00,147.38118259,383.60001,1120.0,1306.0,624.0,2850.0,261.0,657.0,29.03330354,342.59526816,665.0,274.60001,515.98,2960.1,,1062.254264,540.0,498.725
2018-09-19 09:15:00,144.90784604,382.0,1125.0,1304.2,611.59998,2778.0,258.5,655.5,28.24997166,337.45903354,668.0,275.0,520.68,2909.7949,,1057.37377,541.5,498.7125
2018-09-21 09:15:00,143.5499508,373.04999,1078.0,1292.1,618.95001,2806.0,253.0,636.2,27.76663981,328.80853929,668.0,283.20001,528.79,2859.5,,1067.234358,545.5,493.475
2018-09-24 09:15:00,134.28709924,364.35001,1047.0,1300.0,599.59998,2800.0,242.21499,630.56001,26.86663905,333.76454646,662.0,276.0,515.56,2798.3,,1046.965372,542.95,491.8125
2018-09-25 09:15:00,129.48593535,345.10001,1017.0,1271.8,598.79999,2727.1001,223.5,606.0,25.69997355,323.6723317,644.0,281.14999,514.12,2586.0,,1018.927437,551.0,481.425
2018-09-26 09:15:00,136.17845714,340.5,1049.0,1300.0,619.0,2796.5,232.9,620.7,26.23330601,327.0964731,664.45001,277.0,523.54,2589.7,,1038.051002,560.05,490.7375
2018-09-27 09:15:00,131.9107656,338.54999,1041.5,1294.8,617.34998,2773.3999,232.33999,621.9,28.33330491,325.74483478,675.0,272.79999,521.98,2536.96,,1038.798016,546.975,492.35
2018-09-28 09:15:00,138.36080437,335.25,1059.2,1293.0,598.5,2798.0,223.2,598.7,27.53330504,321.50969237,659.34998,275.79999,511.8,2498.5,,1026.895589,546.05,495.1625
2018-10-01 09:15:00,123.1813767,328.0,1032.4,1299.0,615.09998,2687.0,216.8,600.0,26.84997406,305.47026,653.04999,266.25,506.2,2428.0,,1016.935399,542.6,502.45
2018-10-03 09:15:00,132.8806977,327.29999,1059.0,1264.9,592.59998,2735.0,220.0,590.8,27.58330566,293.75606124,650.0,273.0,503.4,2475.0,,989.046867,549.95,507.6125
2018-10-04 09:15:00,125.50920404,324.70001,1051.65,1228.0,565.0,2687.0,216.9,566.0,27.38330653,284.15943819,650.09998,271.60001,493.8,2290.0,,954.186202,542.425,502.0
2018-10-05 09:15:00,127.59456776,317.10001,1039.7,1221.45,586.0,2635.0,216.0,561.4,27.33330591,277.98694752,635.29999,274.0,471.2,2159.725,,956.17824,536.0,488.4875
2018-10-08 09:15:00,125.1212409,301.79999,1048.4,1210.0,570.0,2526.05,199.2,535.0,26.33330691,269.24634405,636.59998,263.0,479.0,2140.0,,912.353404,535.0,491.25
2018-10-09 09:15:00,131.9107656,304.0,1082.0,1254.0,561.90002,2590.0,197.5,541.2,25.71664153,266.94856792,639.5,269.89999,471.53,2191.29,,930.182164,533.25,486.1
2018-10-10 09:15:00,132.39573165,318.70001,1091.0,1205.9,553.95001,2560.0,210.0,545.5,25.66664092,260.41564938,639.34998,271.5,493.0,2132.7301,,898.409138,529.5,486.25
2018-10-11 09:15:00,133.8506298,320.0,1091.0,1201.0,555.0,2540.0,210.0,568.5,26.16664041,260.37060378,627.5,268.0,482.41,2130.0,,885.460891,512.75,481.25
2018-10-12 09:15:00,135.88749691,317.0,1125.6,1233.9,589.65002,2549.5,222.725,569.85,28.66663791,259.51455717,620.0,269.5,492.0,2294.4,,888.847376,501.65,486.25
2018-10-15 09:15:00,142.5800187,326.0,1131.9,1255.0,585.0,2644.0,231.975,581.5,28.81663676,261.36178719,623.0,279.29999,492.22,2410.0,,893.429043,490.0,497.5
2018-10-16 09:15:00,147.76916513,323.39999,1131.8,1257.0,577.75,2638.0,232.5,565.7,29.18330505,263.47935389,647.84998,277.20001,513.38,2355.0,,895.122285,500.0,500.75
2018-10-17 09:15:00,155.28613891,337.5,1120.0,1282.2,594.75,2638.0,234.0,570.0,29.53330304,267.17384098,644.90002,279.60001,516.0,2338.0,,911.954976,503.5,501.525
2018-10-19 09:15:00,153.73423785,313.95001,1111.5,1264.0,570.40002,2535.25,215.0,537.0,28.29997227,258.61346496,640.29999,279.14999,510.0,2197.81,,873.907091,508.0,489.725
2018-10-22 09:15:00,165.95539201,318.70001,1126.3,1245.0,567.95001,2530.1001,218.8,547.0,27.96663928,260.82114989,635.20001,277.5,512.5,2195.0,,879.086349,482.0,503.5
2018-10-23 09:15:00,163.9185249,317.35001,1132.6,1135.2,557.0,2540.0,209.5,525.0,28.11663779,255.05414171,628.79999,274.5,504.99,2204.0,,843.628093,485.0,493.25
2018-10-24 09:15:00,165.8583891,325.0,1150.0,1160.0,574.5,2615.0,217.5,520.0,29.3333039,261.31674159,625.5,280.0,497.6,2260.0,,831.675865,487.5,501.0
2018-10-25 09:15:00,161.73617768,311.89999,1110.35,1180.5,558.0,2455.0,228.5,529.9,27.93330631,276.63530921,618.54999,274.79999,482.32,2232.4,,797.213628,489.399995,493.4
2018-10-26 09:15:00,168.7681854,307.0,1092.55,1200.0,562.0,2483.0,232.995,538.0,27.73330451,267.71450531,609.20001,283.10001,478.28,2227.2301,,783.368944,499.975005,492.2
2018-10-29 09:15:00,163.57903897,305.10001,1083.0,1194.8,541.34998,2533.0,233.88999,541.5,29.6666369,269.51668974,602.34998,281.5,488.0,2199.0,,760.65972,482.600005,491.025
2018-10-30 09:15:00,167.31328725,324.0,1134.15,1194.8,564.84998,2554.0,239.5,542.0,28.79997177,265.32661095,636.0,286.14999,506.14,2150.0,,781.576119,493.649995,481.25
2018-10-31 09:15:00,161.9786607,324.60001,1167.0,1205.6,568.29999,2550.0,236.78,541.3,29.6666369,263.9299,612.0,265.0,487.79,2120.0,,802.691732,502.65,475.5125
2018-11-01 09:15:00,165.90688571,322.70001,1143.7,1233.0,582.04999,2613.1001,239.145,542.0,31.11663478,264.02001823,630.0,264.95001,512.0,2175.0,,836.606169,527.5,482.5
2018-11-02 09:15:00,171.29001856,321.70001,1178.3,1242.0,612.45001,2620.0,244.3,539.5,32.76663479,264.83099221,619.95001,259.0,493.1,2230.0,,853.488701,508.0,481.5
2018-11-05 09:15:00,170.80505251,334.45001,1150.0,1252.0,628.90002,2670.0,239.0,556.0,31.68330255,271.04852848,607.40002,261.95001,488.0,2270.1,,842.632074,502.75,487.475
2018-11-06 09:15:00,163.19107582,331.0,1164.0,1242.2,626.0,2673.2,237.0,559.87998,31.91663465,273.93203257,555.0,265.0,483.74,2265.0,,853.339278,511.375,488.75
2018-11-07 09:15:00,160.0387965,329.0,1133.0,1250.0,612.90002,2694.0,236.0,564.5,31.98330025,278.43749363,536.0,266.5,492.0,2270.0,,856.57634,514.5,490.25
2018-11-09 09:15:00,160.52376255,328.0,1132.9,1259.8,609.0,2680.0,234.96499,568.0,31.8333014,261.13651414,535.5,268.75,493.0,2273.95,,856.377126,521.5,489.55
2018-11-12 09:15:00,161.0087286,339.0,1148.8,1295.0,612.54999,2700.0,237.53501,570.5,32.89996599,271.22875593,530.0,270.0,482.78,2237.0,,864.544492,516.225,487.875
2018-11-13 09:15:00,155.43161903,327.64999,1144.0,1277.45,606.45001,2649.0,227.0,554.1,31.6666349,266.72329487,534.0,267.5,483.2,2145.1,,858.16995,519.925,479.75
2018-11-14 09:15:00,158.38991193,335.29999,1150.0,1312.0,622.25,2675.0,229.9,560.6,31.81663375,270.32766372,530.59998,267.0,489.98,2330.0,,877.492739,515.5,484.6375
2018-11-15 09:15:00,156.88651718,334.0,1201.9,1320.0,613.25,2681.0,228.7,557.88999,31.899967,271.49907458,521.90002,265.75,491.36,2340.0,,851.596245,499.95001,490.475
2018-11-16 09:15:00,158.0989323,346.0,1250.65,1320.0,626.59998,2680.0,234.2,564.0,32.33330089,272.94082212,521.70001,264.0,492.6,2412.0,,812.751504,498.5,495.25
2018-11-19 09:15:00,157.51696334,348.20001,1235.0,1329.0,619.79999,2704.0,242.0,572.0,30.9999689,296.81976575,535.0,264.5,509.1,2499.0,,832.671884,511.1,502.75
2018-11-20 09:15:00,156.78951427,349.85001,1227.2,1317.0,614.70001,2679.6499,236.5,571.5,31.31663425,300.15382496,528.0,264.0,504.02,2489.71,,844.325316,517.5,503.25
2018-11-21 09:15:00,156.74103706,355.25,1200.0,1329.0,610.90002,2673.0,238.9,569.0,31.14996775,298.2615223,522.79999,261.5,521.6,2474.4,,841.636055,501.525,503.1875
2018-11-22 09:15:00,157.03199729,359.35001,1207.3,1330.0,625.79999,2600.0,243.2,587.0,31.4333028,299.07249628,523.0,261.0,516.0,2442.0,,861.556435,494.0,503.3125
2018-11-26 09:15:00,153.73423785,368.45001,1222.0,1329.95,618.65002,2606.0,240.0,573.02002,31.5999693,295.60329127,520.0,256.95001,521.4,2416.0,,843.628093,492.25,503.475
2018-11-27 09:15:00,152.61882563,368.45001,1255.0,1346.8,629.90002,2642.0,239.5,574.0,31.6666349,300.87468071,526.0,252.5,515.0,2401.7949,,840.640036,499.350005,510.2625
2018-11-28 09:15:00,154.36468402,368.20001,1226.1,1352.9,630.0,2612.0,244.595,591.0,31.21663601,299.16261452,519.20001,252.5,519.0,2378.0,,858.568378,511.6,516.25
2018-11-29 09:15:00,154.55868983,366.5,1231.15,1336.0,632.0,2633.0,243.5,585.0,29.6666369,289.25060018,518.0,250.0,516.8,2330.0,,839.644017,521.65,525.25
2018-11-30 09:15:00,163.43355885,369.79999,1250.2,1352.8,633.0,2721.0,253.8,601.97002,28.24997166,287.44841575,528.0,247.0,532.2,2350.0,,851.596245,509.0,532.5
2018-12-03 09:15:00,161.05722521,367.45001,1265.0,1345.0,632.0,2760.0,254.8,606.0,28.04997252,285.19568522,542.0,246.0,547.72,2332.0,,866.237734,510.55,532.75
2018-12-04 09:15:00,160.960232,374.45001,1288.0,1336.55,624.95001,2740.1001,250.9,602.0,28.33330491,289.25060018,536.0,248.89999,537.6,2350.5,,864.245696,509.05,526.35
2018-12-05 09:15:00,156.20756471,375.0,1235.0,1328.5,620.90002,2759.0,253.98999,607.0,27.68330656,288.07918931,546.0,251.5,539.2,2328.0,,839.843231,518.225,519.5
2018-12-06 09:15:00,151.11542118,372.89999,1234.5,1324.0,610.25,2740.0,248.1,590.2,27.18330706,280.23967805,528.0,244.5,534.2,2277.0,,818.727618,524.675,522.425
2018-12-07 09:15:00,147.23569278,364.79999,1193.2,1306.5,602.40002,2722.0,244.3,570.83999,27.43330681,274.83312478,520.0,241.95,532.2,2240.0,,798.807238,500.0,526.675
2018-12-10 09:15:00,142.43453858,360.10001,1190.0,1280.0,595.0,2713.0,241.045,561.2,26.03330655,268.9309798,509.89999,234.75,524.62,2209.8199,,786.85501,479.975005,516.475
2018-12-11 09:15:00,134.8205619,347.0,1175.0,1268.0,581.0,2710.0,236.0,564.3,25.49997442,259.51455717,503.0,233.75,533.7,2201.1,,780.878896,470.5,514.0
2018-12-12 09:15:00,148.20562488,357.0,1182.0,1323.0,604.75,2742.0,244.5,585.1,26.46664078,264.92111044,522.90002,241.5,534.0,2264.06,,801.795295,482.5,516.7375
2018-12-13 09:15:00,151.3094076,374.89999,1215.0,1338.45,624.79999,2860.0,251.02,605.0,27.03330554,277.98694752,532.0,249.0,525.0,2380.0,,815.739561,485.024995,523.75
2018-12-14 09:15:00,151.3094076,370.0,1228.0,1332.8,619.09998,2836.0,248.825,617.98999,28.29997227,275.01335223,528.34998,244.55,519.0,2335.0,,846.61615,483.0,526.225
2018-12-17 09:15:00,152.37634261,369.14999,1246.0,1340.0,622.54999,2833.0,249.86001,617.50498,27.59997331,287.67368881,524.0,249.10001,520.94,2395.1,,842.881079,482.54999,526.0
2018-12-18 09:15:00,152.95829217,369.0,1219.0,1338.45,617.65002,2840.0,246.97,609.0,27.76663981,283.12318215,524.0,252.5,520.36,2357.0,,842.333278,484.975005,531.0
2018-12-19 09:15:00,155.189136,373.89999,1228.0,1370.0,624.25,2853.8999,255.08,619.0,28.21663902,287.89896186,524.0,252.7,529.0,2386.565,,855.580321,490.0,533.275
2018-12-20 09:15:00,154.60716704,374.20001,1237.9,1389.9,636.95001,2855.0,256.0,633.00498,28.61663729,285.64623133,523.70001,248.60001,521.54,2380.0,,844.225684,474.149995,528.1375
2018-12-21 09:15:00,154.99514958,374.29999,1273.9,1433.9,633.29999,2897.0,261.5,644.7,30.38330352,288.34950797,521.0,250.89999,521.88,2414.6,,827.691789,478.524995,533.5
2018-12-24 09:15:00,154.60716704,361.25,1260.65,1388.0,626.0,2825.5,259.4,636.075,29.46663777,279.15835839,518.79999,254.0,522.0,2347.9949,,807.024395,477.5,526.0
2018-12-26 09:15:00,152.13385958,360.20001,1264.0,1367.95,611.0,2713.7,256.0,627.2,29.24997065,277.71662887,515.59998,248.3,519.6,2310.0,,804.783352,469.0,519.25
2018-12-27 09:15:00,157.37148323,379.25,1277.0,1360.05,623.54999,2763.8999,259.88501,650.0,30.08330315,291.23301206,518.90002,249.5,528.2,2330.0,,824.703732,474.5,533.25
2018-12-28 09:15:00,157.08050359,384.95001,1243.05,1383.0,623.90002,2753.8999,260.3,642.4,28.99997091,285.5561131,514.29999,242.89999,521.0,2301.1,,811.655903,476.04999,529.3375
2018-12-31 09:15:00,157.95345218,387.20001,1236.0,1375.0,630.40002,2738.0,265.695,654.8,28.79997177,287.44841575,522.0,242.7,526.94,2335.0,,826.69577,481.225005,534.25
2019-01-01 09:15:00,156.06206519,386.29999,1253.0,1373.2,621.90002,2735.0,264.5,651.5,29.46663777,284.70009352,520.0,241.0,523.62,2316.225,,824.205723,481.0,531.9125
2019-01-02 09:15:00,152.2793397,388.0,1268.0,1367.0,623.0,2720.0,263.51001,647.5,29.08330415,285.5561131,521.90002,240.89999,521.2,2234.0,,826.596188,479.5,535.7
2019-01-03 09:15:00,150.24247259,382.39999,1258.0,1381.8,621.40002,2690.1001,261.2,643.9,30.03330253,281.59131637,516.5,238.7,521.0,2104.0,,814.743542,475.0,531.05
2019-01-04 09:15:00,147.52668211,378.64999,1259.0,1388.0,612.0,2714.0,260.1,641.99502,29.63330427,281.54627077,513.0,234.10001,516.0,2032.5,,798.90682,473.0,528.8125
2019-01-07 09:15:00,148.30260839,385.0,1299.0,1386.0,626.0,2739.8999,260.1,645.05,30.8333024,292.31430469,516.0,238.0,522.77,2045.0,,806.974604,469.95001,531.925
2019-01-08 09:15:00,145.97478105,383.0,1281.9,1401.0,636.0,2667.0,256.0,643.0,30.4999694,291.72860376,516.0,234.5,512.2,1985.5,,816.73558,474.0,530.5
2019-01-09 09:15:00,148.98158026,382.0,1256.25,1402.5,652.34998,2702.5,254.6,646.0,30.36663553,300.24393418,515.54999,234.2,516.18,1989.0,,836.65596,473.5,529.5
2019-01-10 09:15:00,146.4597471,377.95001,1263.0,1390.0,668.90002,2700.0,252.6,642.5,30.63330327,303.26257507,509.0,233.8,519.62,2036.0,,831.277437,471.5,529.25
2019-01-11 09:15:00,146.55675001,380.29999,1286.0,1399.75,665.0,2728.0,251.6,635.5,30.86663503,303.8032304,513.40002,233.7,522.16,2060.0,,819.225628,467.5,528.45
2019-01-14 09:15:00,146.4597471,377.0,1289.8,1404.0,663.0,2718.0,251.595,638.88999,30.63330327,301.05491717,510.20001,232.39999,517.07,2062.8,,811.755485,470.5,527.475
2019-01-15 09:15:00,144.03491685,375.0,1323.35,1388.6,661.29999,2705.0,255.1,638.5,30.6666359,297.36043009,514.5,231.5,517.0,2054.0,,812.651922,464.5,526.2625
2019-01-16 09:15:00,143.74393722,385.29999,1328.2,1410.0,660.70001,2736.0,259.83999,650.0,30.1666364,303.44280252,515.0,232.8,516.0,2062.6,,817.532385,474.0,530.0125
2019-01-17 09:15:00,143.93791394,391.20001,1344.9,1390.0,669.90002,2722.0,257.4,646.6,29.7333025,300.06370673,512.5,232.75,524.0,2080.0,,828.140008,467.54999,531.3125
2019-01-18 09:15:00,145.19883537,396.5,1350.0,1391.0,674.90002,2741.0,254.5,636.61001,29.29997127,297.8109762,510.20001,232.14999,521.0,2040.0,,825.600169,474.29999,533.75
2019-01-21 09:15:00,142.09505265,397.5,1366.3,1395.2,661.54999,2724.75,254.8,625.38501,28.96663827,279.9693594,510.0,230.45,521.0,2015.1,,824.703732,484.524995,534.9875
2019-01-22 09:15:00,141.02811764,393.39999,1316.1,1423.9,656.34998,2685.0,258.5,637.7,28.98330326,281.14077027,510.0,228.45,519.82,2000.1,,808.767428,481.0,536.5
2019-01-23 09:15:00,141.12512055,390.0,1296.9,1429.0,659.5,2699.0,261.9,642.98501,28.46663877,276.45508175,510.0,227.8,527.97,2007.7,,802.392886,473.75,533.5
2019-01-24 09:15:00,138.7002903,386.0,1310.0,1400.0,665.0,2684.0,263.9,651.5,27.98330426,276.36499055,510.0,225.7,528.41,2015.0,,778.886858,472.45001,527.5
2019-01-25 09:15:00,138.55481018,382.5,1321.2,1408.4,665.20001,2622.3,264.9,647.98999,27.73330451,273.93203257,502.10001,224.25,534.1,2020.0,,783.767371,474.5,523.25
2019-01-28 09:15:00,133.8506298,374.95001,1287.0,1375.0,669.0,2629.95,261.0,633.5,26.7833058,277.53640142,509.0,221.25,534.38,2006.1,,759.962497,486.5,522.5
2019-01-29 09:15:00,132.34723504,330.0,1259.0,1377.0,658.5,2563.0,246.8,601.5,26.64997226,274.83312478,489.10001,225.39999,523.2,1999.9,,719.125718,489.0,519.5625
2019-01-30 09:15:00,136.66342319,349.04999,1299.0,1394.0,687.04999,2571.0,258.0,629.5,27.44997179,278.43749363,504.95001,222.0,531.01,1890.0,,736.058041,509.0,514.3125
2019-01-31 09:15:00,135.30552795,339.89999,1315.0,1400.0,697.25,2501.1499,260.8,624.42002,29.19997004,274.38257867,506.0,226.5,533.0,1912.0,,727.09387,509.8,507.75
2019-02-01 09:15:00,132.83220109,339.89999,1320.0,1412.4,720.75,2560.0,257.5,612.38999,28.04997252,274.92324301,517.65002,224.35001,543.54,1909.0,,721.167547,505.3,519.9875
2019-02-04 09:15:00,138.60328739,337.25,1335.0,1444.0,711.29999,2610.0,261.0,611.08501,28.16663841,279.33858584,521.0,223.3,561.58,1972.0,,716.735252,522.5,523.75
2019-02-05 09:15:00,118.3317162,333.10001,1300.0,1444.95,722.0,2647.0,260.0,601.99502,27.19997204,266.18263053,506.54999,222.0,555.04,2016.1,,703.986219,523.25,527.0
2019-02-06 09:15:00,120.12609058,338.79999,1298.0,1457.85,731.29999,2715.0,261.9,605.9,26.66663991,276.63530921,510.5,216.5,563.2,2052.965,,702.243186,525.5,529.0625
2019-02-07 09:15:00,118.52570262,330.54999,1304.05,1467.05,726.25,2785.0,272.5,621.99502,27.33330591,278.07706576,537.09998,220.8,558.2,2123.49,,735.111813,528.0,531.2625
2019-02-08 09:15:00,119.3016483,333.0,1298.5,1468.0,727.0,2852.0,267.0,625.46001,27.04997353,278.43749363,532.84998,223.89999,563.6,2185.5,,756.97444,530.0,528.0
2019-02-11 09:15:00,119.2531517,332.95001,1300.0,1447.9,719.90002,2850.0,272.47,618.4,26.6166393,283.8440469,538.70001,217.7,532.02,2043.4,,707.472286,534.05,528.325
2019-02-12 09:15:00,113.67604212,328.79999,1133.0,1438.5,701.0,2845.6001,266.8,611.5,25.6166403,280.87045161,540.04999,219.8,523.8,2047.0,,714.145623,538.0,534.5
2019-02-13 09:15:00,113.4820557,328.14999,1154.0,1451.0,700.0,2835.0,262.98999,616.5,26.04997453,281.54627077,543.0,226.0,533.0,2125.0,,718.129699,530.0,533.8875
2019-02-14 09:15:00,114.88845725,342.0,1155.5,1417.65,706.0,2820.0,257.995,611.9,25.03330755,278.43749363,542.90002,217.0,529.74,2016.0,,711.157566,535.0,535.0
2019-02-15 09:15:00,114.59747762,347.54999,1142.1,1400.8,700.0,2825.1499,261.0,605.0,24.99997492,271.22875593,540.0,219.89999,532.0,2014.7301,,718.627708,533.1,526.8375
2019-02-18 09:15:00,114.74296743,348.0,1143.0,1401.7,686.0,2830.0,254.805,606.9,25.18330907,276.54519097,542.0,218.0,530.0,2043.3,,709.115737,530.4,526.7
2019-02-19 09:15:00,114.83996064,347.5,1125.0,1372.05,693.29999,2801.0,255.1,588.65,25.16664142,273.84191434,544.79999,215.25,516.79,2020.0,,699.703348,524.0,522.425
2019-02-20 09:15:00,114.4034912,342.0,1127.0,1380.0,697.59998,2788.0,258.5,600.7,25.93330832,275.32871649,540.20001,214.8,514.98,2041.5,,718.428495,521.175,522.125
2019-02-21 09:15:00,116.19786558,352.10001,1135.0,1399.0,700.5,2770.0,261.0,604.0,25.73330652,275.64409876,542.84998,215.05,510.0,2045.0,,723.40859,530.0,525.425
2019-02-22 09:15:00,116.63433503,353.54999,1145.0,1399.0,697.45001,2825.0,265.255,617.0,26.26664131,278.61772108,543.79999,214.85001,516.95,2057.7,,744.026193,522.1,529.85
2019-02-25 09:15:00,121.2415125,329.0,1145.9,1399.95,702.90002,2817.0,263.9,622.0,26.18330806,282.94295469,541.5,216.0,528.05,2069.99,,758.966478,535.3,523.7875
2019-02-26 09:15:00,126.091173,324.0,1175.6,1396.9,694.0,2834.0,263.73,626.5,26.49997341,284.47482046,545.09998,213.3,530.78,2067.0,,770.918706,540.3,527.8125
2019-02-27 09:15:00,129.77691498,326.54999,1166.0,1404.0,714.95001,2870.0,267.0,647.5,26.66663991,287.40337015,551.0,221.5,532.9,2078.085,,779.833086,530.0,529.025
2019-02-28 09:15:00,129.48593535,328.70001,1155.05,1414.8,723.45001,2930.0,266.66001,647.8,26.99997291,292.7648508,555.0,223.5,533.8,2064.9,,785.759409,534.975,523.275
2019-03-01 09:15:00,126.43065893,328.79999,1140.1,1409.0,713.5,2914.0,266.33,648.0,27.66663891,286.36709609,555.0,228.8,527.6,1990.4,,777.39283,527.5,521.5625
2019-03-05 09:15:00,128.51600325,333.25,1159.8,1393.5,705.70001,2835.05,265.5,644.0,28.59997231,277.53640142,550.0,233.39999,527.0,1950.0,,788.349039,528.85,522.225
2019-03-06 09:15:00,138.45780728,342.5,1186.9,1408.0,733.90002,2895.6499,271.5,661.0,30.28330228,280.19463246,551.0,241.14999,532.12,2151.0,,815.639979,530.3,527.5
2019-03-07 09:15:00,134.8205619,338.0,1195.35,1398.6,720.75,2927.0,277.495,658.01001,30.91663565,279.33858584,547.65002,243.0,538.0,2154.9,,817.731599,523.8,527.4
2019-03-08 09:15:00,131.66828258,340.89999,1186.0,1393.75,732.0,2910.0,272.48999,657.0,29.3333039,279.11331279,541.0,233.10001,533.6,2152.0,,807.024395,514.7,528.7625
2019-03-11 09:15:00,133.70514968,343.20001,1172.5,1389.2,733.29999,2970.0,276.9,661.65,29.24997065,278.48253923,542.0,236.7,525.6,2194.8551,,805.779371,503.5,533.0
2019-03-12 09:15:00,136.27546005,352.54999,1211.9,1422.0,738.70001,3012.0,280.88,685.8,30.7333015,299.88347927,541.90002,245.0,529.4,2300.1,,828.588226,503.55,536.75
2019-03-13 09:15:00,143.93791394,361.45001,1160.0,1439.4,743.59998,3002.0,276.0,685.0,30.4333038,314.03063602,542.0,242.0,532.6,2248.8801,,828.687808,509.35,543.75
2019-03-14 09:15:00,142.96798184,367.0,1123.0,1437.6,740.0,3012.0,283.2,690.0,31.4999684,303.66807558,532.04999,240.89999,531.17,2280.0,,819.87306,517.5,561.2125
2019-03-15 09:15:00,141.41610018,366.25,1138.0,1434.0,742.95001,3002.1001,281.88,692.0,31.01663655,309.97572106,534.09998,238.85001,531.1,2283.8,,834.763504,506.0,557.75
2019-03-18 09:15:00,138.11832134,365.04999,1126.4,1446.0,741.0,3026.8999,287.2,697.0,31.86663403,304.56916779,533.04999,243.95,531.68,2260.0,,813.249513,516.05,565.475
2019-03-19 09:15:00,140.10669184,370.0,1121.85,1442.0,755.0,3008.0,293.0,700.0,31.48330075,299.16261452,537.15002,244.55,534.0,2224.0,,816.73558,510.05,567.375
2019-03-20 09:15:00,137.7303582,367.0,1147.7,1462.0,760.75,2969.8,292.48,699.0,32.21663501,303.8032304,532.0,244.60001,541.8,2166.0,,823.707713,521.0,567.25
2019-03-22 09:15:00,136.46944647,359.60001,1173.25,1459.0,764.70001,2960.0,286.8,697.0,31.3333019,302.76698336,534.90002,232.7,555.8,2133.8,,817.731599,519.0,575.0
2019-03-25 09:15:00,132.8806977,358.89999,1149.0,1465.1,752.70001,2934.8,280.4,694.27002,30.1666364,299.9735885,525.59998,233.0,548.98,2139.0,,811.755485,514.5,565.0
2019-03-26 09:15:00,130.84383059,361.35001,1146.0,1460.5,747.40002,2961.05,286.0,696.7,30.74996915,296.05383737,528.5,237.25,558.2,2127.5,,816.73558,506.675,568.975
2019-03-27 09:15:00,134.38409246,367.20001,1163.0,1494.0,761.29999,2965.0,295.0,700.0,30.96663627,298.2615223,531.40002,236.39999,556.21,2140.1,,839.644017,510.0,579.6375
2019-03-28 09:15:00,134.28709924,368.85001,1154.0,1473.5,761.09998,2989.0,294.01001,699.4,30.96663627,290.69235673,525.29999,234.39999,554.94,2102.4,,825.301323,525.7,574.7
2019-03-29 09:15:00,135.40253086,383.29999,1195.4,1503.1,777.0,2953.0,301.0,700.1,31.58330165,298.2615223,525.75,236.5,547.94,2079.5,,835.460727,545.0,576.15
2019-04-01 09:15:00,143.01648814,380.95001,1231.0,1496.75,780.95001,2947.95,303.02,709.0,31.2666363,300.87468071,516.29999,238.10001,559.79,2078.8699,,864.195905,545.0,581.3125
2019-04-02 09:15:00,147.13869957,383.0,1269.0,1493.0,769.15002,2918.0,302.48,719.73999,32.13330176,309.07462885,529.95001,238.95,560.8,2031.0,,853.93687,555.0,580.0
2019-04-03 09:15:00,145.78079463,380.29999,1259.0,1521.25,770.0,2860.0,307.3,729.9,34.01663254,320.78882761,523.0,236.5,561.6,2040.0,,843.777516,551.3,573.025
2019-04-04 09:15:00,143.50145419,382.0,1262.95,1504.8,763.0,2862.0,306.0,741.15498,32.43330179,317.18445876,519.0,235.0,554.55,2024.0,,830.87906,559.0,573.1875
2019-04-05 09:15:00,143.5499508,379.0,1268.0,1520.0,763.95001,2869.6499,304.8,735.0,32.71663451,323.13167638,531.40002,235.0,555.16,2060.5,,831.675865,545.175,571.95
2019-04-08 09:15:00,143.06498475,388.29999,1249.0,1514.0,764.29999,2876.0,312.3,743.87998,32.29996826,322.95143991,536.5,235.0,552.0,2112.4,,851.596245,547.5,579.75
2019-04-09 09:15:00,138.02133783,379.75,1242.0,1464.7,755.0,2860.0,301.655,734.0,31.71663551,323.08660374,526.25,233.0,552.8,2069.9,,833.667903,548.175,574.15
2019-04-10 09:15:00,141.36760358,378.39999,1253.2,1449.8,761.25,2917.95,301.11001,737.38999,31.84996905,316.1031391,531.54999,238.89999,550.43,2084.0,,835.659941,560.0,562.5
2019-04-11 09:15:00,138.45780728,382.5,1240.0,1409.7,760.5,2940.8999,300.8,741.95,31.79996876,307.90321799,546.34998,240.10001,554.53,2090.0,,844.624112,546.15,561.225
2019-04-12 09:15:00,136.56643968,379.20001,1247.7,1432.75,753.40002,2991.8,305.2,757.2,31.18330305,312.6789977,547.95001,242.0,560.0,2102.7301,,849.056407,544.4,563.025
2019-04-15 09:15:00,136.7604261,385.0,1270.6,1447.95,764.0,3013.0,302.86001,758.0,31.54996901,310.78669504,555.0,244.0,564.32,2136.2,,850.102217,544.5,567.5
2019-04-16 09:15:00,137.92434462,387.04999,1271.25,1442.75,765.09998,3045.0,301.8,754.8,31.68330255,313.58008991,570.0,252.0,566.2,2153.0,,866.436948,554.75,572.7375
2019-04-18 09:15:00,138.79729321,395.0,1274.0,1464.0,778.40002,3069.0,303.87,759.3,31.38330251,314.93172823,562.0,251.75,565.59,2137.8,,883.867281,554.0,578.25
2019-04-22 09:15:00,133.8506298,388.39999,1269.0,1459.95,768.90002,3055.5,301.0,758.0,30.63330327,309.97572106,560.0,251.45,562.0,2085.0,,863.050464,551.75,581.25
2019-04-23 09:15:00,131.32879664,389.54999,1233.0,1449.0,757.45001,3050.0,299.2,748.8,29.7666378,319.01447507,562.5,251.0,560.1,2054.9,,860.560416,551.3,569.3875
2019-04-24 09:15:00,128.75848628,387.70001,1242.9,1436.0,754.70001,3035.0,303.5,749.0,29.4999704,310.67101957,561.40002,256.0,567.0,2040.0,,864.046482,551.5,562.5
2019-04-25 09:15:00,131.03783641,390.0,1232.0,1450.0,754.0,3073.95,309.98,766.35,29.51663805,316.85498266,558.70001,254.85001,570.33,2051.0449,,872.612226,570.5,571.725
2019-04-26 09:15:00,130.9408335,387.29999,1243.0,1450.0,762.0,3080.0,308.9,768.51001,29.1666374,323.92239008,558.25,253.5,586.8,2035.1,,922.761813,570.0,566.475
2019-04-30 09:15:00,127.83705078,391.14999,1239.8,1456.0,759.95001,3045.0,309.2,772.125,29.3333039,318.03289207,569.90002,250.5,580.79,2027.0,,914.345442,570.025,571.25
2019-05-02 09:15:00,122.2114446,392.79999,1217.0,1465.0,765.40002,2989.0,309.5,752.2,28.93330531,316.95314096,563.0,251.60001,585.0,1999.0,,896.4171,585.0,580.875
2019-05-03 09:15:00,120.2715804,393.0,1194.55,1443.8,754.15002,3028.0,313.01001,759.5,29.41663715,318.47461424,568.0,253.05,582.02,2057.1,,896.4171,572.0,591.05
2019-05-06 09:15:00,121.96896158,386.0,1170.35,1434.95,746.0,3054.0,306.6,758.0,29.21663802,325.34569524,556.0,250.10001,579.39,2020.0,,885.211886,569.95,587.0
2019-05-07 09:15:00,122.59941744,381.0,1195.5,1426.8,751.84998,3026.0,305.28999,768.4,29.6666369,333.73822008,564.0,252.0,587.2,2047.0,,896.4171,568.675,587.975
2019-05-08 09:15:00,118.13772978,370.04999,1156.0,1382.0,741.90002,3032.0,301.2,755.0,28.89997001,318.86724744,556.0,249.60001,588.6,2028.0,,871.317411,566.0,580.6375
2019-05-09 09:15:00,118.23472299,369.89999,1165.0,1384.95,733.90002,2950.0,290.0,730.5,28.94997029,315.33353882,559.90002,249.10001,576.45,2031.5,,860.560416,562.25,575.0
2019-05-10 09:15:00,117.3617841,363.89999,1176.15,1314.1,734.40002,2980.5,297.01001,749.5,30.03330253,313.02680896,557.75,242.0,581.6,2039.0,,871.466834,555.5,572.8375
2019-05-13 09:15:00,117.07080447,369.89999,1186.95,1341.05,734.0,2970.3501,292.98999,741.62002,29.899969,315.57893457,552.0,241.75,570.01,2005.0,,850.899022,544.15,574.0125
2019-05-14 09:15:00,112.85159983,362.89999,1175.9,1330.0,729.40002,2960.0,292.795,732.01499,28.96663827,310.18022807,546.0,241.0,557.16,1831.0,,836.805383,541.825,574.175
2019-05-15 09:15:00,120.46556682,371.0,1148.2,1326.0,735.79999,2937.25,292.1,739.9,29.69996954,329.81188808,554.0,241.75,562.2,1927.5,,842.632074,536.475,574.0
2019-05-16 09:15:00,114.54898101,361.0,1161.9,1312.0,720.95001,2928.0,301.4,748.375,29.8333034,325.88555608,554.0,235.14999,562.63,2005.0,,811.755485,539.95,570.1375
2019-05-17 09:15:00,114.20950478,368.79999,1136.45,1305.0,731.79999,2950.0,313.7,767.5,29.6666369,317.73842699,549.0,233.10001,558.2,2020.0,,815.739561,537.525,578.25
2019-05-20 09:15:00,127.25509152,388.5,1158.05,1340.0,760.20001,3087.95,339.0,805.6,31.69996753,325.93462541,560.0,241.89999,555.6,2145.0,,839.644017,532.5,602.0
2019-05-21 09:15:00,150.04849587,409.0,1196.0,1384.0,789.70001,3014.0,341.805,823.9,33.29996726,333.73822008,565.45001,239.7,518.8,2124.0051,,899.106361,535.7,609.5
2019-05-22 09:15:00,150.38797211,389.0,1177.7,1360.5,774.79999,2980.05,344.2,819.4,32.66663389,324.90397308,562.0,237.64999,532.98,2095.0,,865.142083,528.5,602.9625
2019-05-23 09:15:00,164.40349095,398.95001,1193.0,1389.0,788.0,3075.0,349.5,827.5,34.66663189,331.33333191,561.90002,243.0,536.0,2136.1,,868.528568,532.0,602.25
2019-05-24 09:15:00,157.46848613,408.45001,1159.75,1392.0,779.45001,3065.0,340.0,801.3,34.36663219,333.78728941,569.20001,244.75,530.0,2055.0,,888.498739,535.5,589.925
2019-05-27 09:15:00,154.31620681,409.25,1177.5,1386.9,794.0,3085.1001,348.0,815.0,37.16662938,343.259585,570.0,244.89999,532.8,2091.0,,901.397195,536.0,594.725
2019-05-28 09:15:00,152.37634261,420.0,1200.0,1369.95,816.29999,3067.0,346.8,820.0,37.64996223,342.32707133,579.0,244.89999,533.0,2105.0,,934.265822,535.5,604.125
2019-05-29 09:15:00,153.20077519,412.29999,1191.5,1360.8,806.75,2990.0,340.3,812.83999,37.76662878,337.46822566,577.40002,249.89999,530.0,2088.0,,907.373309,535.7,602.55
2019-05-30 09:15:00,153.34627471,406.54999,1211.95,1365.0,803.25,2942.0,340.88999,815.0,38.66662787,333.73822008,560.09998,251.95,522.6,2042.0,,908.369328,544.0,604.0
2019-05-31 09:15:00,153.73423785,408.79999,1209.6,1381.0,811.0,2953.0,349.745,821.9,37.94996193,342.57246708,562.70001,261.0,531.9,2010.0,,908.867338,542.5,614.2
2019-06-03 09:15:00,149.3695434,416.39999,1243.0,1431.95,813.54999,2945.0,346.0,819.4,37.33329588,345.02642458,559.0,255.0,535.96,1986.0,,886.556492,549.425,606.75
2019-06-04 09:15:00,153.39475192,423.39999,1350.0,1455.0,807.54999,3026.2,351.45,834.49502,36.93329628,344.53563308,564.0,258.79999,550.0,1999.4,,886.45691,556.2,613.75
2019-06-06 09:15:00,152.18233679,428.14999,1337.0,1434.95,824.0,3002.0,353.3,832.9,37.66662888,346.30247266,565.0,263.89999,540.31,2019.0,,886.357328,545.0,613.3
2019-06-07 09:15:00,148.35111469,426.29999,1342.0,1429.0,811.09998,2999.95,345.31499,816.0,35.89996398,347.28405566,565.0,269.10001,530.0,2014.39,,868.528568,541.5,606.4125
2019-06-10 09:15:00,147.4296792,424.10001,1400.0,1429.0,807.40002,2976.0,354.695,826.0,36.18329703,348.26563866,550.59998,267.0,521.62,2019.5,,873.309449,543.45,617.4875
2019-06-11 09:15:00,145.00484895,424.70001,1385.7,1428.0,817.15002,3003.8,353.7,831.0,36.01663053,356.31462908,555.40002,260.39999,527.19,2017.6551,,881.427024,550.0,612.875
2019-06-12 09:15:00,149.3695434,425.25,1380.9,1429.95,814.04999,2991.0,353.995,827.5,36.66662988,355.72566947,558.90002,258.70001,522.4,2015.2,,882.472834,553.5,611.25
2019-06-13 09:15:00,148.59359772,424.0,1380.5,1429.0,811.25,2951.0,350.5,823.74502,35.74996413,350.47420042,560.04999,256.0,518.2,2004.8,,880.480796,551.5,608.9875
2019-06-14 09:15:00,151.3094076,424.95001,1371.0,1430.0,820.09998,2927.0,355.395,828.7,36.58329663,355.87290692,560.15002,255.35001,516.4,2000.0,,900.401176,546.55,610.7375
2019-06-17 09:15:00,148.3996113,426.0,1379.0,1417.0,800.09998,2865.05,352.9,824.4,36.99996288,349.0509247,555.5,255.0,513.4,1975.0051,,893.528625,542.0,608.75
2019-06-18 09:15:00,142.91950463,424.89999,1361.9,1405.0,781.95001,2837.0,347.4,814.4,36.44996343,339.03875846,545.20001,255.45,511.0,1975.0,,874.504682,537.45,604.5
2019-06-19 09:15:00,143.98642024,423.5,1357.0,1382.0,780.79999,2870.0,353.9,828.5,36.84996303,340.11850958,550.59998,260.5,516.8,1983.0,,879.484777,545.05,606.75
2019-06-20 09:15:00,138.02133783,397.95001,1392.0,1365.55,772.0,2837.8999,351.9,817.7,35.99996388,333.00203283,531.79999,256.0,510.0,1989.9,,872.662067,535.0,607.0875
2019-06-21 09:15:00,142.5800187,402.14999,1373.0,1379.95,774.75,2894.8999,359.71001,838.2,36.91662963,341.10009258,549.84998,260.0,512.0,1979.0,,892.482815,546.25,606.5
2019-06-24 09:15:00,141.51308369,400.0,1353.9,1386.0,771.0,2855.0,356.2,839.24502,37.28329593,338.79336271,548.54999,255.89999,504.8,1977.1,,897.014691,539.5,602.9875
2019-06-25 09:15:00,142.09505265,404.0,1345.0,1371.0,761.25,2814.0,354.53501,835.0,38.31662822,339.08785724,548.95001,255.0,500.42,1910.0551,,883.020634,538.95,604.9625
2019-06-26 09:15:00,145.489815,405.39999,1320.0,1360.0,782.90002,2839.95,356.98501,833.97002,37.94996193,343.55405008,550.0,257.89999,506.99,1905.01,,893.528625,536.1,606.175
2019-06-27 09:15:00,147.72065883,415.25,1310.55,1361.1,788.95001,2867.25,363.5,840.52002,38.49996137,340.85469683,556.84998,259.25,515.78,1915.185,,921.267784,537.15,617.1875
2019-06-28 09:15:00,147.91464525,408.70001,1324.9,1365.0,801.15002,2865.0,365.245,844.39004,38.33329487,341.98350746,551.90002,259.45001,518.0,1954.95,,921.118361,535.35,616.0
2019-07-01 09:15:00,146.12026117,412.0,1363.0,1368.0,810.75,2838.3999,368.87,854.8,37.74996213,340.60930108,555.70001,254.25,513.42,1929.0,,915.839471,533.625,614.0
2019-07-02 09:15:00,150.24247259,413.0,1374.4,1356.0,811.09998,2919.0,369.9,854.9,36.99996288,342.57246708,557.15002,248.3,531.4,1930.0,,919.325537,526.5,622.0
2019-07-03 09:15:00,151.69737074,414.0,1356.65,1356.05,802.65002,2900.0,371.4,850.9,37.56662898,346.40063096,555.34998,252.7,527.39,2010.0,,920.321556,530.5,624.75
2019-07-04 09:15:00,155.28613891,416.0,1335.65,1356.0,810.0,2900.0,373.0,842.0,37.73329548,346.84236295,554.65002,251.35001,520.22,1975.465,,926.397252,524.35,623.7
2019-07-05 09:15:00,151.60038723,416.39999,1327.35,1363.9,808.0,2898.0,373.4,854.5,38.08329513,356.06923333,551.54999,251.5,522.0,1994.9301,,939.245917,521.95,621.275
2019-07-08 09:15:00,138.94277333,401.0,1296.1,1358.0,802.0,2827.55,372.495,849.99004,36.03329718,355.33304608,547.0,241.39999,517.02,1968.0,,914.544656,505.5,618.6375
2019-07-09 09:15:00,133.89912641,397.70001,1303.25,1344.9,778.5,2774.0,341.0,759.0,33.66663289,349.44354808,536.79999,232.5,518.4,1918.0,,883.468853,516.725,600.9625
2019-07-10 09:15:00,137.7303582,406.95001,1327.95,1317.8,786.65002,2790.0,359.995,781.98999,35.81663073,356.21646097,545.34998,231.39999,518.8,1899.0,,904.086456,507.0,594.6875
2019-07-11 09:15:00,136.27546005,408.20001,1318.15,1317.0,773.5,2720.0,346.0,769.3,34.83329839,351.65210983,549.0,235.0,517.2,1891.4949,,916.237898,513.9,600.75
2019-07-12 09:15:00,136.7604261,411.95001,1320.3,1332.45,766.09998,2720.0,347.0,769.0,35.46663108,354.15513667,554.0,234.89999,529.6,1898.415,,916.33748,508.025,604.5
2019-07-15 09:15:00,136.7604261,413.54999,1371.0,1362.85,757.25,2728.0,339.85,775.07002,35.24996463,351.0140907,559.90002,231.0,526.01,1910.0,,915.341461,517.225,599.0
2019-07-16 09:15:00,133.75362689,411.64999,1372.15,1352.0,750.0,2710.0,343.33999,771.1,34.29996559,344.53563308,554.75,229.45,524.53,1887.0,,919.923128,515.95,604.5
2019-07-17 09:15:00,135.98448042,420.20001,1388.3,1377.0,763.09998,2725.0,344.0,788.2,34.49996539,344.09391091,554.0,232.0,533.12,1905.0,,925.700079,512.2,598.2375
2019-07-18 09:15:00,133.55965017,416.70001,1380.0,1395.0,754.0,2700.0,346.0,785.87002,34.59996529,341.59088408,558.84998,230.0,533.05,1853.0,,921.267784,516.7,600.75
2019-07-19 09:15:00,130.21338442,414.54999,1388.15,1390.1,743.54999,2640.0,347.6,790.0,32.49996739,337.17376058,550.79999,222.0,531.99,1852.7,,911.357385,512.0,603.75
2019-07-22 09:15:00,126.81862208,403.79999,1373.65,1367.8,730.0,2560.0,331.6,754.1,32.79996776,332.75663708,536.70001,222.8,523.8,1772.5,,875.500701,507.8,586.25
2019-07-23 09:15:00,127.49757454,409.0,1368.5,1409.0,732.90002,2569.0,325.7,716.47998,33.64996624,336.63389974,531.0,222.0,528.0,1720.0,,888.946957,510.325,573.625
2019-07-24 09:15:00,129.43743874,400.0,1360.1,1430.5,728.0,2523.8501,327.41001,720.5,33.04996751,337.66455208,529.0,218.39999,519.0,1710.05,,876.49672,504.975,564.1875
2019-07-25 09:15:00,126.57613905,380.79999,1335.45,1481.3,711.20001,2526.45,319.88999,706.98999,32.73329949,328.83030508,521.34998,217.64999,523.96,1620.0,,875.002692,510.55,571.25
2019-07-26 09:15:00,125.50920404,380.64999,1344.15,1488.1,723.54999,2547.0,304.65,677.5,33.29996726,331.77505408,533.20001,209.0,528.01,1644.39,,866.586321,503.85,569.55
2019-07-29 09:15:00,127.0611051,381.54999,1363.05,1524.9,736.20001,2590.0,327.275,723.5,32.68330154,328.53583999,531.59998,210.64999,541.98,1700.0,,870.520606,502.5,568.3875
2019-07-30 09:15:00,124.1513088,376.60001,1364.9,1511.1,725.95001,2490.0,326.0,715.0,31.13330276,330.79347108,522.20001,205.60001,529.6,1649.0,,787.851029,507.5,563.75
2019-07-31 09:15:00,121.2415125,373.0,1327.0,1507.0,694.0,2463.0,323.305,708.8,32.46663476,336.87929549,516.90002,199.2,507.0,1625.2,,756.97444,511.25,560.0
2019-08-01 09:15:00,124.73327776,376.0,1344.0,1515.0,673.95001,2485.05,323.1,707.5,33.78329944,328.83030508,516.15002,205.25,514.6,1595.0,,773.906763,514.575,557.275
2019-08-02 09:15:00,121.14451929,368.5,1355.1,1509.0,667.40002,2517.1001,318.9,695.5,32.33330089,325.88555608,509.0,200.89999,506.76,1615.0,,768.926668,508.5,552.75
2019-08-05 09:15:00,122.40543102,372.0,1303.7,1533.2,665.5,2565.0,319.98,697.5,31.64996725,333.83638819,513.79999,196.0,504.6,1687.2,,769.823105,501.7,549.2625
2019-08-06 09:15:00,120.2715804,365.60001,1290.0,1530.0,658.70001,2600.0,316.005,695.0,30.79996977,347.5785502,518.0,198.55,501.97,1641.0,,739.444526,505.55,541.75
2019-08-07 09:15:00,124.34529522,379.54999,1340.0,1563.3,679.0,2635.5,327.5,711.5,32.29996826,361.22254408,502.70001,204.2,510.0,1681.6,,754.832979,512.575,547.5
2019-08-08 09:15:00,122.40543102,378.0,1315.0,1565.75,660.59998,2612.0,329.0,720.00498,31.7333005,359.25937808,504.75,206.14999,514.0,1666.0,,736.058041,517.975,549.5
2019-08-09 09:15:00,130.64985387,377.70001,1331.0,1569.2,664.20001,2710.55,335.995,735.5,32.24996764,365.14887608,505.89999,213.89999,515.35,1673.015,,736.058041,542.4,561.75
2019-08-13 09:15:00,129.0009693,376.39999,1358.8,1573.5,662.20001,2699.95,341.97,751.0,32.54996801,354.5477895,484.5,207.89999,515.6,1760.0,,745.022212,545.95,568.325
2019-08-14 09:15:00,126.96410219,361.54999,1399.0,1574.5,652.79999,2672.0,326.995,719.8,31.3333019,348.46196508,477.45001,208.5,505.01,1699.5,,706.824903,534.575,558.85
2019-08-16 09:15:00,126.091173,356.04999,1365.0,1571.0,664.0,2712.05,328.06001,739.1,31.68330255,353.36988008,477.0,200.0,505.8,1660.0,,722.213357,538.45,553.5
2019-08-19 09:15:00,128.80698288,357.60001,1470.6,1599.0,678.79999,2764.75,336.48999,746.52998,32.13330176,356.75635125,478.5,202.7,508.0,1680.0,,753.936592,532.8,559.625
2019-08-20 09:15:00,131.61978597,357.39999,1488.0,1585.0,685.15002,2730.0,332.7,742.0,32.29996826,353.86067158,478.85001,199.39999,504.95,1643.7699,,735.062022,533.95,552.3125
2019-08-21 09:15:00,129.9709014,355.0,1471.25,1585.25,674.0,2745.95,328.98999,724.1,31.19996803,351.40671408,478.60001,195.0,500.0,1606.0,,724.205395,541.475,556.225
2019-08-22 09:15:00,127.01260849,348.79999,1470.0,1585.2,665.0,2762.0,325.9,716.4,30.94996828,348.46196508,464.89999,188.0,500.6,1600.5,,689.145566,535.25,555.2125
2019-08-23 09:15:00,119.68962114,346.39999,1448.05,1569.9,659.75,2743.95,311.8,677.3,31.2666363,347.48038208,464.0,180.85001,509.02,1553.0,,688.647557,539.5,540.25
2019-08-26 09:15:00,128.12804011,366.0,1444.0,1590.0,677.25,2794.7,327.4,714.9,33.98329924,351.35764475,468.10001,191.0,511.99,1609.9,,721.416552,545.8,548.725
2019-08-27 09:15:00,130.69835047,370.29999,1461.0,1600.0,697.0,2754.0,335.2,722.07998,33.99996589,355.82383758,468.5,190.0,515.0,1558.005,,741.038136,549.5,564.0
2019-08-28 09:15:00,132.10475202,373.10001,1478.7,1599.2,685.09998,2760.0,334.88,710.7,34.39996549,343.06325858,465.79999,189.0,511.5,1599.98,,722.561994,548.5,562.5
2019-08-29 09:15:00,133.8506298,367.0,1520.0,1602.85,674.0,2762.0,332.37,702.5,34.41663214,336.04494994,465.5,183.3,503.0,1629.9,,710.659557,556.5,561.5
2019-08-30 09:15:00,128.41900034,368.45001,1519.8,1616.0,664.90002,2766.1001,331.01499,699.7,34.66663189,338.64613508,468.0,189.75,506.04,1656.3801,,710.161547,557.85,558.375
2019-09-03 09:15:00,131.52280246,362.70001,1496.0,1608.0,658.79999,2775.3,330.3,705.0,33.74996614,339.13692658,467.0,183.0,511.67,1597.1,,703.189414,553.5,555.0
2019-09-04 09:15:00,130.55287036,361.29999,1501.9,1579.0,644.20001,2774.3999,326.7,703.0,33.63329959,329.81188808,471.10001,181.05,507.98,1580.5,,695.221262,556.175,551.75
2019-09-05 09:15:00,130.9408335,365.70001,1495.5,1537.0,652.0,2740.05,328.6,705.0,35.66663088,338.64613508,472.0,183.89999,527.35,1574.9,,691.4364,562.725,562.25
2019-09-06 09:15:00,131.32879664,368.0,1503.0,1524.0,653.09998,2772.8999,333.0,702.35,35.83329738,343.7503765,479.0,196.14999,536.82,1581.565,,699.354761,557.75,557.0
2019-09-09 09:15:00,133.65664338,365.79999,1500.0,1530.55,667.65002,2809.0,337.4,716.0,36.56662998,344.48656375,475.0,198.10001,545.82,1619.86,,700.89858,551.0,561.5
2019-09-11 09:15:00,135.8389906,371.20001,1500.0,1545.0,674.54999,2838.8999,344.53501,734.99502,36.56662998,355.08765033,474.0,199.8,550.4,1621.13,,705.679462,544.0,568.5
2019-09-12 09:15:00,140.49467438,375.0,1572.0,1570.0,680.09998,2911.0,340.25,735.5,36.16663038,351.79933747,474.0,197.60001,553.2,1704.0,,709.165528,528.5,562.675
2019-09-13 09:15:00,138.7002903,376.5,1464.9,1540.0,663.54999,2860.0,338.9,730.39502,36.03329718,341.19826069,468.04999,198.64999,556.33,1675.0,,717.332894,527.45,562.75
2019-09-16 09:15:00,139.6702224,373.0,1455.0,1510.0,666.59998,2859.0,339.5,731.48501,36.99996288,336.68296908,467.0,197.64999,546.2,1658.0,,712.203376,535.0,562.975
2019-09-17 09:15:00,141.12512055,370.60001,1432.0,1527.4,667.0,2874.8,342.495,729.1,36.64996323,342.37614066,471.95001,200.60001,547.0,1680.0,,713.149604,534.5,561.975
2019-09-18 09:15:00,139.6702224,365.0,1417.0,1542.15,645.5,2798.0,340.7,722.1,36.34996353,335.30876269,461.39999,198.45,547.96,1650.0,,703.039991,529.825,554.325
2019-09-19 09:15:00,139.62172579,366.29999,1434.95,1553.9,648.20001,2773.0,342.6,724.6,35.89996398,332.16767746,458.64999,191.3,548.02,1610.0,,701.197376,529.0,549.95
2019-09-20 09:15:00,138.7002903,362.45001,1415.0,1559.0,641.04999,2730.0,338.53,723.0,35.13329808,333.44375499,454.20001,193.7,547.6,1587.59,,696.217281,526.0,554.0
2019-09-23 09:15:00,149.3695434,394.0,1490.0,1697.85,703.90002,2956.1001,382.0,785.2,36.74996313,349.44354808,468.0,205.5,568.0,1840.0,,757.920668,531.5,629.775
2019-09-24 09:15:00,146.70223013,409.95001,1479.4,1802.8,728.25,3001.0,402.5,829.8,37.49996238,341.59088408,450.0,203.60001,553.34,1949.0,,757.572031,511.6,625.0
2019-09-25 09:15:00,145.19883537,409.29999,1456.0,1784.0,702.0,2940.0,396.0,822.1,37.16662938,342.62153641,449.89999,193.0,550.03,1835.0,,739.295103,524.75,624.95
2019-09-26 09:15:00,143.98642024,412.20001,1435.0,1761.8,686.59998,2942.0,395.5,830.0,36.24996363,334.76887241,439.0,190.64999,558.0,1771.01,,725.799055,527.0,619.9
2019-09-27 09:15:00,148.10863167,418.0,1431.7,1770.0,700.20001,2964.0,400.6,848.0,36.81662973,337.66455208,438.45001,203.3,556.4,1770.1,,743.428602,522.75,624.125
2019-09-30 09:15:00,144.61688581,403.0,1404.4,1768.0,704.04999,2960.1001,406.58999,856.0,36.11663043,346.49879908,430.0,197.5,546.8,1780.0,,721.814979,522.0,614.4
2019-10-01 09:15:00,141.70708951,415.20001,1398.0,1768.95,687.09998,2945.0,408.0,857.1,36.19996368,363.18571008,426.89999,200.0,538.0,1796.0,,733.866789,540.5,615.75
2019-10-03 09:15:00,138.7002903,403.5,1355.65,1765.0,675.0,2915.0,398.5,843.3,35.39996448,344.48656375,411.0,193.0,535.96,1782.5,,688.249129,529.0,619.975
2019-10-04 09:15:00,139.62172579,405.5,1385.0,1753.9,669.90002,2915.0,397.9,851.4,35.33329788,341.88534916,419.5,187.7,537.4,1845.0,,674.65345,538.0,618.325
2019-10-07 09:15:00,134.28709924,396.0,1409.2,1724.95,660.95001,2859.8999,388.0,829.5,35.03329819,331.77505408,419.95001,186.95,526.0,1793.4949,,651.794854,542.875,600.6
2019-10-09 09:15:00,130.89233689,396.35001,1407.5,1725.7,671.90002,2889.0,391.5,827.9,34.99996489,336.78113719,408.29999,184.8,524.95,1795.0051,,647.41235,535.025,598.55
2019-10-10 09:15:00,133.8506298,397.79999,1422.0,1765.0,680.0,2881.0,401.36499,828.0,35.03329819,356.21646097,423.10001,185.0,525.23,1819.5,,677.29292,525.525,610.9
2019-10-11 09:15:00,133.31716714,401.25,1419.3,1787.6,676.54999,2898.0,397.9,822.4,35.23329798,368.04455575,422.54999,185.25,529.0,1809.1,,693.328806,525.0,606.7
2019-10-14 09:15:00,133.75362689,410.89999,1457.15,1790.0,677.79999,2889.1001,398.8,819.5,35.19996468,377.36959425,441.35001,189.60001,530.4,1810.0,,691.187395,541.2,604.5
2019-10-15 09:15:00,143.25897117,408.85001,1459.9,1807.7,682.59998,2964.0,389.5,813.0,36.64996323,382.81737009,440.0,189.0,532.4,1831.0,,696.765081,544.55,603.5
2019-10-16 09:15:00,150.3394755,413.0,1484.0,1808.5,693.40002,3035.0,391.0,808.55498,36.99996288,374.0812912,446.29999,192.3,542.2,1918.8,,705.281034,544.5,615.825
2019-10-17 09:15:00,154.99514958,409.10001,1489.0,1772.0,690.5,3009.0,402.005,815.4,37.31662923,377.90945509,445.29999,194.0,542.2,1950.0,,725.251255,550.0,613.75
2019-10-18 09:15:00,169.64111459,410.0,1491.0,1815.0,709.84998,3119.0,410.0,831.6,37.64996223,377.86038575,448.5,198.8,544.0,2060.0,,722.611785,547.475,612.725
2019-10-22 09:15:00,169.25315145,421.5,1502.0,1822.7,712.40002,3090.05,416.5,830.0,38.93329427,374.76837967,441.25,206.0,544.45,2027.6,,742.980383,545.1,628.5
2019-10-23 09:15:00,173.37536288,418.0,1520.0,1762.4,718.0,3122.3999,408.995,817.3,38.44996142,366.62125059,453.64999,209.39999,561.36,1997.6,,751.994345,535.0,623.425
2019-10-24 09:15:00,169.7381175,399.0,1518.3,1778.0,719.95001,3165.0,406.2,812.99502,38.14996173,347.43131275,455.0,210.0,567.95,2064.0,,740.042117,577.55,624.0
2019-10-25 09:15:00,174.10281195,402.95001,1540.0,1797.0,708.0,3187.1499,403.78,814.1,38.66662787,363.08754197,447.10001,206.60001,564.8,2115.0,,697.163509,560.5,620.0
2019-10-29 09:15:00,177.30358788,401.0,1526.1,1792.1,706.5,3145.0,399.0,811.3,39.09996077,356.31462908,463.89999,204.0,555.0,2132.365,,696.267072,565.45,619.0
2019-10-30 09:15:00,188.50631333,399.20001,1459.8,1830.0,745.0,3199.3999,407.495,819.68496,39.96662657,357.59067717,478.95001,210.75,565.8,2225.0,,722.561994,575.0,623.45
2019-10-31 09:15:00,190.78564407,399.25,1471.0,1826.3,748.0,3229.7,400.42,812.0,39.94995992,359.946496,465.0,207.0,555.98,2254.5,,737.153642,572.875,628.85
2019-11-01 09:15:00,193.0164879,396.0,1492.8,1816.0,736.0,3250.0,402.9,816.8,39.59996027,356.65819295,467.29999,205.0,556.8,2258.7,,765.639815,579.45,619.5
2019-11-04 09:15:00,194.90785549,390.0,1461.0,1775.0,754.95001,3236.0,408.7,848.0,40.34995952,371.28376984,471.39999,206.0,553.05,2224.0,,781.327115,580.025,623.225
2019-11-05 09:15:00,193.98642,391.70001,1423.5,1780.0,741.79999,3225.0,417.2,880.0,38.43329477,370.05679109,470.14999,217.0,558.76,2175.0,,781.874915,578.05,620.5
2019-11-06 09:15:00,193.0164879,390.0,1416.0,1789.0,736.95001,3244.0,426.0,880.0,37.48329573,377.90945509,469.04999,211.39999,564.02,2137.0,,766.93463,580.0,621.225
2019-11-07 09:15:00,201.64887389,390.5,1422.7,1810.0,750.0,3244.0,420.47002,879.8,36.51663003,367.89729867,482.0,213.5,572.4,2167.0,,774.902782,574.5,630.5
2019-11-08 09:15:00,202.42482927,391.20001,1467.9,1826.0,735.90002,3257.8,422.0,879.5,36.21663033,363.18571008,470.10001,212.60001,572.0,2125.0,,772.313153,574.175,629.5
2019-11-11 09:15:00,200.72744809,386.14999,1425.0,1789.95,723.40002,3238.0,416.0,879.9,36.38329683,364.41268883,459.39999,208.95,562.47,2164.0,,766.93463,575.0,626.275
2019-11-13 09:15:00,202.7158089,391.0,1420.05,1773.75,733.70001,3230.0,416.68999,888.8,36.26663028,365.2470442,452.0,215.89999,564.0,2137.0,,756.97444,575.0,630.975
2019-11-14 09:15:00,190.34917463,371.89999,1394.0,1778.0,711.0,3205.0,415.8,897.99502,36.48329673,351.30854597,445.20001,208.5,555.0,2150.0,,710.261129,570.75,631.9
2019-11-15 09:15:00,195.9262842,369.10001,1437.45,1780.85,716.75,3240.0,422.02002,907.02002,36.56662998,351.25948645,448.0,202.95,549.6,2185.0,,732.073965,575.475,641.925
2019-11-18 09:15:00,197.67216198,366.29999,1419.0,1760.7,717.79999,3225.0,419.9,906.55,37.01662953,388.70686809,463.0,202.0,546.6,2142.9,,747.01425,574.0,638.5
2019-11-19 09:15:00,195.9262842,367.5,1408.8,1747.95,725.0,3156.0,416.5,907.0,36.58329663,419.03777298,461.20001,200.95,548.2,2160.0,,771.914725,569.5,632.65
2019-11-20 09:15:00,192.53152185,364.5,1422.0,1729.9,748.0,3145.55,414.0,913.5,37.31662923,440.04364919,472.0,199.89999,549.27,2174.7,,787.851029,567.5,636.5
2019-11-21 09:15:00,200.67894179,368.0,1428.0,1727.9,749.0,3152.3999,414.0,908.5,36.86662968,434.3504776,482.60001,203.0,565.6,2155.0,,792.133901,569.3,635.125
2019-11-22 09:15:00,198.59359748,372.25,1459.65,1710.0,737.40002,3180.0,413.0,905.97998,36.73329648,415.2096091,485.0,196.95,571.0,2176.6301,,775.30121,565.225,641.825
2019-11-25 09:15:00,195.82928129,372.0,1451.4,1684.0,731.95001,3152.3501,410.0,905.1,36.11663043,413.59000696,478.25,199.10001,572.0,2276.0,,790.839086,558.5,632.075
2019-11-26 09:15:00,208.29291848,377.04999,1455.0,1718.0,756.79999,3199.8999,414.5,917.0,35.98329723,436.8044351,483.0,201.0,584.05,2334.9801,,819.624055,563.25,639.225
2019-11-27 09:15:00,203.58873809,372.0,1467.5,1714.0,755.0,3188.1499,412.1,914.1,34.49996539,425.5162306,475.0,197.5,592.0,2299.0801,,783.866953,554.5,638.0
2019-11-28 09:15:00,206.40155088,376.0,1465.35,1718.25,752.29999,3210.0,412.0,925.45,34.34996554,425.36900296,472.0,200.55,593.62,2316.55,,788.747466,569.5,640.1
2019-11-29 09:15:00,206.01356834,372.0,1453.5,1715.0,749.90002,3186.0,409.5,923.0,34.84996504,431.50389672,469.64999,206.39999,594.94,2305.2,,792.831124,568.0,633.85
2019-12-02 09:15:00,205.6256052,381.10001,1450.2,1706.2,739.25,3163.1001,407.5,911.0,34.43329879,462.47282074,469.60001,205.2,583.6,2271.5,,806.77539,569.5,636.975
2019-12-03 09:15:00,201.7458768,380.0,1423.9,1740.0,744.95001,3167.0,393.995,897.5,34.24996564,454.27660269,465.0,206.5,575.8,2171.3,,801.795295,564.975,634.1
2019-12-04 09:15:00,199.61202618,361.5,1404.0,1731.2,732.84998,3259.75,395.8,906.89004,33.73329949,452.36253547,463.0,204.60001,572.0,2132.575,,777.94063,563.5,626.25
2019-12-05 09:15:00,206.5955373,368.0,1471.85,1717.4,743.0,3240.0,399.08501,901.5,33.93329929,454.76739419,469.5,202.5,575.96,2169.0,,776.89482,563.79999,627.8
2019-12-06 09:15:00,202.18234625,370.64999,1479.9,1722.9,732.79999,3243.1001,401.0,901.2,34.16663239,443.57734799,463.0,196.39999,577.54,2150.0,,771.914725,563.90002,624.475
2019-12-09 09:15:00,199.70900969,368.25,1466.0,1725.0,713.45001,3223.8999,396.96001,889.67002,34.26663229,439.35656072,457.39999,191.95,579.8,2100.0,,767.930649,562.54999,624.75
2019-12-10 09:15:00,201.21241414,373.89999,1412.5,1726.0,731.0,3230.0,395.0,891.0,34.28329894,437.24615727,450.60001,192.0,581.75,2112.8,,762.950554,552.04999,625.5
2019-12-11 09:15:00,196.99321921,368.95001,1380.0,1718.0,711.5,3240.1499,400.15,895.0,33.56663299,436.3136436,453.0,188.3,580.0,2125.8949,,767.133844,545.0,625.05
2019-12-12 09:15:00,200.67894179,371.45001,1395.0,1740.35,719.0,3276.3,405.0,910.0,33.09996779,434.74310099,452.20001,188.3,580.0,2158.1699,,769.02625,547.29999,626.5
2019-12-13 09:15:00,204.17070705,372.54999,1393.0,1751.0,725.59998,3274.8999,407.0,920.0,33.26663429,431.8965201,461.04999,191.7,573.02,2200.8449,,772.960535,538.0,632.5
2019-12-16 09:15:00,205.72260811,377.25,1370.0,1744.0,752.25,3234.5,408.795,925.0,33.46663309,422.47331348,463.04999,197.0,567.0,2217.2449,,776.89482,546.0,634.625
2019-12-17 09:15:00,204.17070705,369.20001,1369.95,1735.2,747.59998,3225.0,405.695,928.17998,33.68329954,416.92737935,462.04999,193.45,565.6,2166.6,,762.75134,555.5,630.0
2019-12-18 09:15:00,205.43161878,372.10001,1371.05,1749.25,745.79999,3199.05,414.04502,936.5,33.44996644,438.7676011,464.0,195.85001,568.0,2175.0,,770.520278,560.0,641.5
2019-12-19 09:15:00,201.40639087,374.0,1385.45,1778.8,743.09998,3206.0,411.30498,935.0,33.41663314,427.9701881,465.64999,197.39999,574.8,2176.01,,751.894763,565.5,652.5
2019-12-20 09:15:00,203.685741,370.20001,1400.0,1804.95,744.70001,3232.0,410.7,929.0,33.38329984,441.61418199,466.89999,196.85001,573.06,2235.1,,740.540126,573.5,644.375
2019-12-23 09:15:00,211.20271478,372.04999,1378.0,1795.8,736.90002,3205.0,413.86001,928.175,32.89996599,440.77983644,467.0,200.60001,573.52,2212.01,,741.038136,567.5,649.5
2019-12-24 09:15:00,208.09893206,368.0,1391.9,1812.0,744.5,3220.0,415.8,929.00498,32.94996628,446.1294736,467.25,197.8,583.78,2219.96,,743.030174,572.0,649.3
2019-12-26 09:15:00,202.6673123,368.79999,1384.4,1799.4,737.5,3226.0,414.99502,932.5,33.19996602,446.91473019,478.70001,198.39999,579.31,2199.0,,736.655632,561.65002,644.85
2019-12-27 09:15:00,202.76430551,366.75,1379.95,1811.0,739.0,3221.25,419.8,936.0,33.09996779,440.7307671,474.54999,198.5,575.0,2218.3449,,734.564013,562.95001,636.0
2019-12-30 09:15:00,203.58873809,371.0,1421.2,1810.0,760.90002,3240.0,427.48501,944.4,33.38329984,451.5281801,481.10001,203.55,576.46,2227.0051,,739.046098,567.0,641.0
2019-12-31 09:15:00,202.42482927,366.0,1417.0,1805.0,753.84998,3251.0,424.7,942.24004,33.39996649,451.5281801,479.95001,205.0,578.0,2278.0,,734.066003,569.09998,640.975
2020-01-01 09:15:00,202.7158089,368.0,1440.0,1790.2,754.90002,3183.0,423.77998,942.0,33.43329979,447.65091744,481.0,211.35001,576.0,2251.525,,743.826979,569.40002,638.05
2020-01-02 09:15:00,201.7458768,377.95001,1428.0,1791.0,750.0,3154.95,424.0,937.85,33.54996634,445.73685022,478.85001,212.5,576.76,2209.0,,739.046098,572.54999,639.5
2020-01-03 09:15:00,203.92822403,382.70001,1494.65,1779.8,753.15002,3125.5,422.0,946.5,34.39996549,447.30738302,475.79999,210.0,572.98,2165.0,,766.884839,574.0,641.1
2020-01-06 09:15:00,201.50339378,388.0,1480.0,1737.95,739.45001,3070.0,416.4,933.9,33.16663339,445.54051399,469.79999,209.95,574.2,2110.0,,752.392773,585.0,630.0
2020-01-07 09:15:00,194.51988266,384.04999,1475.0,1711.0,728.0,3045.5,405.5,912.5,32.78329978,443.6755161,466.0,206.5,578.0,2095.0,,735.261236,582.0,629.45
2020-01-08 09:15:00,194.9563521,379.0,1464.0,1696.0,715.25,3000.0,395.0,897.1,31.68330255,434.44864572,467.79999,203.0,575.0,2070.0,,732.472393,583.0,623.475
2020-01-09 09:15:00,195.82928129,389.14999,1490.0,1763.0,733.54999,3076.0,410.58999,949.99004,32.33330089,459.77346749,467.5,203.25,582.32,2023.8,,749.952516,586.0,632.5
2020-01-10 09:15:00,201.7458768,391.79999,1484.0,1772.0,743.0,3098.0,413.01001,937.51504,32.33330089,456.23976869,470.10001,199.14999,586.0,2033.0,,753.787169,582.0,642.05
2020-01-13 09:15:00,204.31618717,391.89999,1493.3,1799.0,740.0,3106.0,416.8,939.97998,32.73329949,450.5465971,474.5,205.3,586.58,2060.0,,753.986383,583.95001,641.35
2020-01-14 09:15:00,207.03200675,391.0,1485.1,1805.0,740.0,3091.1001,417.0,944.6,32.94996628,460.26425899,480.60001,211.14999,590.96,2027.0,,759.763283,587.20001,644.5
2020-01-15 09:15:00,208.05043545,389.29999,1488.3,1817.5,747.04999,3101.0,418.99502,953.98496,33.39996649,460.85321861,484.0,212.60001,589.23,2044.0,,754.982402,597.0,643.2
2020-01-16 09:15:00,211.15421817,392.0,1519.7,1835.95,746.5,3129.8,419.0,959.0,35.33329788,460.55875352,484.0,212.45,585.6,2069.9,,764.29516,597.0,641.025
2020-01-17 09:15:00,209.5053336,390.89999,1595.55,1835.6,734.84998,3112.0,421.7,961.4,35.19996468,466.35009322,480.0,210.0,588.88,2150.9051,,712.153585,585.0,640.875
2020-01-20 09:15:00,222.64791356,387.64999,1620.0,1838.0,742.95001,3130.0,422.9,972.5,36.33329688,489.80991711,480.45001,208.0,608.6,2138.0,,764.544164,618.0,652.425
2020-01-21 09:15:00,217.60427633,378.79999,1629.85,1839.95,726.34998,3096.0,414.99502,958.39502,34.66663189,500.60733012,478.95001,201.14999,611.11,2135.8,,775.898801,589.29999,625.0
2020-01-22 09:15:00,218.04073608,379.95001,1643.65,1815.0,717.0,3105.0,418.6,959.0,35.01663154,505.26984937,474.5,199.10001,612.11,2116.0,,767.781226,585.20001,624.025
2020-01-23 09:15:00,219.2046546,384.45001,1638.8,1779.0,725.04999,3072.0,412.3,954.75,33.69996619,505.51524512,464.5,192.05,611.06,2107.0,,781.874915,590.09998,620.0
2020-01-24 09:15:00,218.71968855,383.0,1690.0,1783.65,723.40002,3068.0,412.0,951.92002,33.78329944,510.91395162,465.0,193.0,608.8,2098.0,,804.783352,599.0,623.0
2020-01-27 09:15:00,222.59941695,383.70001,1668.0,1787.0,732.45001,3069.8,417.4,959.0,33.89996599,511.5520002,457.5,193.95,605.8,2085.0,,811.755485,607.70001,617.5
2020-01-28 09:15:00,225.26673023,380.70001,1695.9,1794.0,738.40002,3089.8,415.01499,955.75996,33.86663269,504.87719654,465.0,193.89999,638.0,2122.7,,814.245533,607.29999,609.4
2020-01-29 09:15:00,224.73326757,377.5,1687.0,1787.0,740.0,3079.0,424.48999,964.9,33.63329959,484.01858723,464.70001,191.0,637.83,2123.6,,810.759466,605.0,612.65
2020-01-30 09:15:00,225.31522683,381.0,1685.0,1800.0,735.75,3108.5,446.4,992.4,33.74996614,482.93883611,461.0,191.39999,630.46,2020.0,,805.779371,612.0,619.475
2020-01-31 09:15:00,224.0543151,380.04999,1699.2,1810.0,734.70001,3150.0,437.0,970.8,32.08330114,484.11674553,453.95001,188.8,631.05,2045.0,,789.942649,607.84998,615.725
2020-02-01 09:15:00,221.1445188,369.79999,1658.1,1802.0,728.54999,3173.6001,435.0,944.25498,29.7666378,484.3130425,446.5,182.0,622.9,2029.0,,771.914725,591.40002,610.0
2020-02-03 09:15:00,215.03394657,364.0,1616.0,1768.8,704.70001,3143.0,425.02002,895.5,28.33330491,486.91423745,444.0,174.89999,624.8,1954.7301,,755.978421,591.40002,598.5
2020-02-04 09:15:00,215.95537237,370.10001,1695.85,1870.0,712.45001,3270.0,438.79502,918.0,28.18330606,504.53366212,446.70001,180.75,630.8,2000.0,,776.944611,583.0,599.0
2020-02-05 09:15:00,219.93210367,372.0,1681.0,1889.0,719.45001,3185.0,451.5,954.0,28.33330491,508.45999412,449.54999,184.0,647.0,1971.2,,790.54029,589.40002,617.45
2020-02-06 09:15:00,230.26187084,370.0,1665.7,1878.0,727.45001,3170.0,452.82002,960.0,29.28330329,525.19597446,462.5,180.2,633.52,1962.5,,799.205666,598.95001,622.325
2020-02-07 09:15:00,229.29193874,370.20001,1649.8,1856.8,736.70001,3164.8,466.39502,961.0,29.03330354,538.79092846,440.0,180.3,631.97,2050.0,,797.811219,601.65002,623.0
2020-02-10 09:15:00,232.29873795,370.04999,1663.0,1867.0,746.29999,3138.0,466.0,960.5,29.28330329,530.25114654,444.20001,184.89999,633.29,1985.5,,783.866953,608.90002,621.475
2020-02-11 09:15:00,237.82735092,370.5,1670.5,1880.0,743.0,3125.0,473.7,964.35,28.63330527,529.56402862,447.10001,180.0,631.98,1925.0,,756.97444,606.0,621.65
2020-02-12 09:15:00,238.50629369,376.95001,1705.0,1880.0,752.0,3164.7,477.0,973.8,28.46663877,526.12848812,454.95001,181.0,634.43,1900.0,,759.06606,613.0,622.6
2020-02-13 09:15:00,242.28903858,374.0,1675.0,1889.0,751.09998,3149.0,476.6,975.8,27.99997191,529.76035504,446.79999,180.3,644.55,1927.1,,752.342932,612.0,629.95
2020-02-14 09:15:00,244.90785525,370.29999,1721.0,1876.5,748.09998,3145.0,480.0,973.5,28.41663816,534.86459646,444.0,178.0,661.04,1927.0,,751.496336,612.45001,621.6
2020-02-17 09:15:00,249.17554679,366.85001,1727.0,1879.9,737.40002,3152.55,478.175,969.97998,27.69997154,554.54532579,444.5,174.75,665.16,1890.0,,740.042117,623.0,612.5
2020-02-18 09:15:00,244.08340327,362.5,1716.0,1879.9,737.75,3064.7,476.93999,952.7,26.91663966,552.97476355,433.0,168.10001,657.6,1850.0,,734.41459,613.45001,608.45
2020-02-19 09:15:00,242.483025,371.0,1774.9,1870.1,740.65002,3092.0,478.5,958.0,27.74997216,538.98720579,437.79999,176.35001,651.6,1890.5,,727.09387,614.45001,611.25
2020-02-20 09:15:00,245.58680772,371.0,1790.0,1883.0,742.75,3091.0,486.78999,975.8,28.21663902,533.68668704,448.0,177.75,657.86,1886.99,,747.01425,611.0,615.0
2020-02-24 09:15:00,247.13869908,367.64999,1796.0,1845.25,737.95001,3077.0,484.0,968.0,28.56663701,532.01798612,436.0,178.75,651.4,1870.0,,745.022212,608.0,604.475
2020-02-25 09:15:00,242.28903858,362.29999,1798.0,1838.4,729.40002,2992.0,484.98999,950.0,27.39997151,523.18373912,430.20001,176.10001,636.4,1813.5,,724.105813,595.5,602.0
2020-02-26 09:15:00,236.6634324,356.89999,1785.95,1826.0,725.29999,2937.0,481.5,945.5,27.36663854,522.88927404,406.0,174.2,619.4,1743.0,,715.141642,576.90002,598.75
2020-02-27 09:15:00,234.19010554,358.70001,1765.0,1829.85,728.70001,2944.8,481.5,938.5,26.83330641,524.85244004,411.10001,173.75,618.8,1716.7801,,700.002143,582.09998,597.5
2020-02-28 09:15:00,214.3549941,347.0,1780.5,1820.0,718.90002,2890.0,464.0,927.05,25.51664207,515.23293645,413.0,171.55,606.0,1669.7,,684.265053,560.0,587.75
2020-03-02 09:15:00,216.2948583,346.10001,1750.0,1815.1,709.29999,2920.0,460.0,930.0,25.33330792,524.16532212,407.0,172.64999,592.2,1666.6,,698.209319,541.04999,600.1
2020-03-03 09:15:00,214.3549941,344.0,1738.9,1780.05,689.90002,2700.0,440.0,900.0,24.46664279,514.34949212,402.0,171.35001,588.0,1750.0,,668.328749,556.0,587.5
2020-03-04 09:15:00,219.30165751,347.79999,1727.0,1804.05,690.0,2720.0,446.6,900.0,24.89997402,515.33107512,425.60001,178.25,613.0,1795.4,,699.703348,569.0,589.175
2020-03-05 09:15:00,217.02230738,347.29999,1764.95,1854.0,686.5,2719.95,431.0,887.0,25.49997442,513.1715827,447.85001,180.0,634.2,1745.0,,690.041953,568.0,576.5
2020-03-06 09:15:00,208.63240441,339.79999,1700.0,1840.0,650.0,2640.0,412.5,857.0,23.63331029,508.21459837,425.0,166.7,617.04,1735.0,,647.41235,570.0,562.5
2020-03-09 09:15:00,200.7759447,334.70001,1650.0,1888.0,639.0,2675.0,407.0,843.9,23.29997729,500.60733012,425.0,165.8,631.75,1709.9,,645.420312,555.0,555.0
2020-03-11 09:15:00,191.46458684,322.79999,1629.0,1874.95,613.65002,2580.0,401.4,818.0,23.16664342,478.03092111,425.0,158.10001,614.0,1788.5801,,632.472065,526.75,552.5
2020-03-12 09:15:00,174.68478091,288.20001,1580.0,1864.95,592.0,2519.95,386.0,790.0,22.04997854,469.68746561,412.5,161.0,589.6,1699.9801,,607.322585,521.0,537.5
2020-03-13 09:15:00,141.56159,260.0,1380.1,1785.0,516.95001,2249.0,344.0,680.0,19.99997993,445.44235569,388.0,146.25,545.99,1590.0,,535.459794,460.0,490.025
2020-03-16 09:15:00,136.7604261,273.0,1431.0,1777.0,542.34998,2315.0,383.345,745.0,22.83331043,463.55257186,416.0,150.95,558.0,1687.49,,577.69102,469.0,517.5
2020-03-17 09:15:00,131.61978597,265.0,1492.8,1699.0,515.15002,2345.2,370.21001,750.1,21.99997793,456.43609511,397.0,145.2,566.0,1671.0,,569.025645,450.0,504.0
2020-03-18 09:15:00,131.81376269,270.0,1454.0,1732.0,490.0,2290.0,349.0,715.0,23.29997729,451.5281801,411.79999,151.60001,560.36,1711.01,,565.738792,455.0,492.5
2020-03-19 09:15:00,117.3617841,248.0,1195.1,1540.0,441.04999,2119.75,280.0,586.5,23.01664457,408.78025026,374.79999,128.0,521.6,1515.0,,479.085139,418.89999,423.5
2020-03-20 09:15:00,133.8506298,257.60001,1190.25,1610.0,431.39999,2189.8999,279.98501,572.52002,21.66664493,436.8044351,379.79999,124.5,528.2,1539.45,,493.029405,413.5,437.5
2020-03-23 09:15:00,119.35014491,235.0,1226.7,1578.6,385.35001,2052.0,265.675,564.0,21.68331258,408.73115148,370.0,122.5,536.05,1435.1,,479.383935,415.0,397.3
2020-03-24 09:15:00,121.2415125,216.0,1250.0,1556.55,331.95001,2000.0,247.2,490.0,20.66664593,403.33244498,380.0,129.25,570.0,1400.0,,434.264284,413.0,397.625
2020-03-25 09:15:00,122.2114446,222.3,1180.0,1446.55,293.5,1917.0,245.0,445.0,19.266647,399.06255893,378.0,126.0,565.45,1370.5,,388.44741,432.0,385.225
2020-03-26 09:15:00,130.9408335,257.64999,1190.0,1605.0,335.95001,1998.2,263.73,497.5,21.08331218,418.6451496,383.0,126.0,595.04,1463.0,,438.198569,461.10001,435.05
2020-03-27 09:15:00,141.6100866,259.0,1259.0,1664.8,370.0,2149.0,295.5,547.7,24.66664192,462.03112802,393.0,125.9,590.56,1524.3,,470.170759,450.25,472.475
2020-03-30 09:15:00,120.2715804,248.0,1139.0,1591.15,345.0,2016.0,239.005,470.0,24.21664304,435.67562447,413.79999,127.55,575.92,1409.8,,446.216512,410.0,440.0
2020-03-31 09:15:00,127.74005757,255.0,1122.0,1625.0,384.39999,2037.35,230.51001,481.0,24.98330727,432.8781031,446.0,135.10001,610.0,1365.9,,461.555195,433.20001,426.9
2020-04-01 09:15:00,134.77206529,246.05,1136.0,1650.05,376.25,2000.0,218.0,456.0,24.59997632,431.8965201,424.89999,138.75,623.99,1309.59,,475.99747,433.0,431.925
2020-04-03 09:15:00,129.9709014,246.0,1094.2,1615.1,360.20001,2051.1001,226.88,456.0,23.91664267,424.0438561,425.0,138.60001,617.0,1306.0,,471.614996,418.89999,421.5
2020-04-07 09:15:00,127.0611051,254.2,1236.0,1540.0,347.39999,2065.0,224.5,462.0,24.26664332,425.17266673,479.0,140.3,650.0,1307.08,,476.097082,425.0,437.0
2020-04-08 09:15:00,132.73521758,248.0,1225.9,1623.8,383.75,2180.0,218.4,457.5,22.99997692,465.61390597,496.95001,140.0,705.0,1300.0,,510.459737,451.0,439.975
2020-04-09 09:15:00,135.790494,254.0,1266.0,1640.0,405.0,2290.0,239.1,470.5,22.46664479,462.32559311,564.0,139.2,748.0,1340.0,,526.894051,480.70001,456.5
2020-04-13 09:15:00,137.7303582,252.0,1300.0,1646.0,417.95001,2430.1499,252.0,484.4,24.33330892,481.95725311,605.0,140.8,738.8,1373.0,,528.43787,470.0,467.0
2020-04-15 09:15:00,143.59844741,265.0,1295.0,1703.65,434.0,2410.0,234.5,455.1,23.99997592,524.11625279,604.45001,147.39999,765.0,1360.0,,556.675039,470.0,465.25
2020-04-16 09:15:00,137.7303582,267.0,1370.75,1691.0,408.60001,2330.0,214.5,457.0,23.49997642,490.79150011,590.0,144.60001,761.28,1331.5,,527.89007,473.0,432.5
2020-04-17 09:15:00,142.5315221,275.0,1450.0,1763.0,450.0,2380.0,235.5,487.6,24.16664242,501.58891312,615.0,151.5,794.0,1376.0,,557.77064,470.0,457.5
2020-04-20 09:15:00,141.6100866,273.5,1385.0,1758.25,482.0,2410.0,232.5,508.57998,24.09997682,498.34969903,598.0,149.89999,784.71,1477.035,,546.067417,458.0,475.5
2020-04-21 09:15:00,138.7002903,266.04999,1416.0,1710.0,436.0,2344.0,221.0,474.9,24.98330727,475.08617211,578.0,141.0,767.0,1395.515,,512.800362,458.0,462.5
2020-04-22 09:15:00,131.9107656,260.0,1351.25,1717.1,418.54999,2323.25,205.995,458.5,25.31664027,506.49682812,594.90002,138.2,797.99,1349.5,,508.965709,453.0,459.575
2020-04-23 09:15:00,136.27546005,273.5,1372.0,1807.0,434.60001,2379.7,216.0,480.0,25.56664002,492.60743848,590.0,140.8,806.2,1380.0,,512.949785,465.0,467.5
2020-04-24 09:15:00,133.02617782,273.95001,1360.0,1815.05,416.0,2410.0,211.35,467.5,25.03330755,485.785417,586.40002,140.60001,802.0,1406.8,,490.041348,480.0,466.5
2020-04-27 09:15:00,132.29872874,273.29999,1370.1,1840.0,415.0,2470.0,200.0,443.02002,25.06664052,488.87740345,600.0,139.0,800.56,1390.2,,502.889983,473.10001,472.575
2020-04-28 09:15:00,131.862269,271.14999,1429.8,1847.2,438.0,2510.8501,208.1,469.1,24.74997517,488.28847328,616.79999,138.60001,806.0,1411.0,,504.931842,489.0,471.9
2020-04-29 09:15:00,135.790494,274.0,1420.0,1846.9,430.75,2474.0,220.005,486.51001,24.64997427,481.90818378,605.0,135.5,789.95,1440.99,,498.0095,474.79999,467.5
2020-04-30 09:15:00,137.19689554,295.04999,1441.9,1795.0,451.0,2525.1001,236.505,510.8,24.69997455,493.83441723,607.90002,141.5,786.62,1458.02,,502.989595,506.5,500.7
2020-05-04 09:15:00,132.78369479,275.0,1394.65,1718.0,424.0,2550.0,220.0,492.2,23.51664407,493.19638828,589.0,144.7,770.0,1439.0,,491.037367,527.5,478.75
2020-05-05 09:15:00,130.9408335,271.70001,1399.0,1681.0,414.0,2475.0,213.0,489.0,22.86664306,528.09165412,623.04999,143.89999,796.0,1400.0,,483.069215,526.0,469.0
2020-05-06 09:15:00,129.63141547,261.10001,1350.0,1615.0,385.0,2425.0,201.0,464.7,21.76664583,521.95676037,597.5,139.35001,770.2,1382.5,,473.109025,512.20001,459.5
2020-05-07 09:15:00,127.15810801,271.20001,1293.95,1609.95,387.0,2470.0,209.895,467.8,21.1333128,535.30626954,598.0,130.0,781.78,1385.995,,480.479556,530.0,470.25
2020-05-08 09:15:00,132.78369479,285.10001,1280.3,1611.8,403.5,2446.05,213.0,476.8,21.16664543,530.05482012,598.0,132.85001,780.02,1423.08,,487.850096,520.84998,471.0
2020-05-11 09:15:00,133.70514968,285.20001,1320.0,1583.0,391.0,2430.0,207.0,468.72998,20.16664643,523.23280846,600.95001,130.14999,795.56,1405.995,,487.252505,526.0,468.5
2020-05-12 09:15:00,134.33559585,289.0,1296.1,1539.0,376.29999,2531.0,198.97,452.8,19.89998037,523.18373912,587.0,128.2,772.64,1424.0,,500.698761,525.45001,450.5
2020-05-13 09:15:00,140.6401545,297.0,1334.0,1579.8,411.0,2774.0,222.0,494.8,21.4666458,557.93179696,600.0,132.5,769.8,1497.0,,547.81045,539.84998,475.5
2020-05-14 09:15:00,135.35402456,301.10001,1289.3,1553.3,405.04999,2601.5,215.9,477.0,21.48331078,540.95037179,571.0,129.85001,758.0,1412.0,,515.937842,519.40002,449.0
2020-05-15 09:15:00,137.14838924,309.0,1299.0,1529.0,402.75,2705.0,211.995,479.2,21.01664525,533.49036062,572.0,129.7,749.2,1408.0,,512.202771,517.95001,445.25
2020-05-18 09:15:00,140.44616808,306.0,1355.0,1558.0,389.0,2650.0,209.0,472.46001,23.66664292,546.64359246,570.59998,127.0,752.03,1405.02,,513.447795,514.70001,444.0
2020-05-19 09:15:00,133.65664338,299.79999,1290.0,1510.0,368.79999,2518.0,196.0,452.0,21.84997908,548.21410563,600.0,123.1,740.03,1330.0,,496.216676,512.0,430.425
2020-05-20 09:15:00,135.30552795,318.0,1274.9,1503.95,353.0,2496.0,197.0,454.8,20.86664506,593.85771514,597.0,123.0,744.18,1296.62,,508.965709,515.04999,418.225
2020-05-21 09:15:00,137.92434462,319.39999,1292.0,1503.0,363.0,2634.5,205.9,472.5,21.4666458,579.62476163,620.65002,123.9,790.0,1347.7,,534.71278,529.79999,430.725
2020-05-22 09:15:00,133.8506298,315.0,1270.0,1568.8,352.10001,2623.0,197.5,450.91001,20.83331243,586.00505114,616.70001,124.0,768.12,1390.1,,521.814374,533.65002,425.0
2020-05-26 09:15:00,134.8205619,312.39999,1290.0,1625.0,342.0,2580.0,191.8,436.0,21.18331175,561.46547613,640.0,125.85,779.8,1410.5,,532.870165,530.0,428.5
2020-05-27 09:15:00,135.54801097,313.0,1322.2,1631.0,346.10001,2569.0,183.0,410.0,21.68331258,550.66806313,630.0,127.25,772.95,1488.0,,532.870165,529.70001,429.95
2020-05-28 09:15:00,137.43937857,329.5,1340.0,1622.0,390.0,2588.0,195.4,425.0,22.31664328,554.25086071,634.0,130.85001,779.0,1512.0,,565.738792,531.0,460.0
2020-05-29 09:15:00,136.85742901,330.0,1323.0,1639.0,382.0,2603.0,191.4,424.0,22.99997692,547.72331413,633.0,133.5,776.0,1590.3,,587.950006,540.0,472.0
2020-06-01 09:15:00,145.489815,326.0,1372.0,1706.5,394.29999,2730.0,199.705,450.0,23.33330992,548.70489713,649.0,142.10001,815.52,1690.0,,590.141257,557.0,487.5
2020-06-02 09:15:00,146.4597471,330.20001,1379.0,1693.25,398.0,2759.8999,216.525,479.39502,23.19997606,552.63122913,644.90002,149.14999,797.0,1720.0,,580.679077,559.29999,493.35
2020-06-03 09:15:00,147.18719618,344.0,1370.0,1724.0,422.0,2825.0,241.7,534.4,23.43331082,557.53914413,646.84998,145.0,785.76,1790.0,,598.1592,564.0,510.0
2020-06-04 09:15:00,145.97478105,341.0,1355.0,1716.45,407.60001,2778.0,241.4,528.9,24.53330805,542.12828121,643.0,141.0,791.98,1747.5,,594.623343,565.0,514.025
2020-06-05 09:15:00,144.42287999,340.10001,1369.6,1650.0,399.0,2842.0,234.4,516.2,24.46664279,573.24447213,665.0,141.0,803.89,1745.0,,609.1652,585.0,501.55
2020-06-08 09:15:00,150.92144446,343.10001,1368.6,1657.0,415.0,2800.0,250.5,536.0,25.06664052,577.17080413,656.70001,148.0,806.98,1785.0,,632.472065,579.15002,530.0
2020-06-09 09:15:00,149.56352982,344.5,1369.95,1640.0,434.95001,2805.1001,253.5,550.0,25.1166408,569.31814013,638.90002,147.95,786.0,1695.0,,620.619419,574.15002,510.0
2020-06-10 09:15:00,148.15712828,346.04999,1365.0,1648.0,422.20001,2790.2,244.0,531.07998,24.54997604,560.48389313,646.79999,144.0,829.0,1702.685,,609.563628,575.0,495.0
2020-06-11 09:15:00,147.28419908,348.0,1359.0,1635.95,426.5,2717.2,241.0,520.0,24.6166413,559.50231013,645.65002,140.85001,822.6,1709.0051,,615.539742,580.0,492.5
2020-06-12 09:15:00,139.6702224,330.64999,1305.0,1580.0,390.0,2610.25,220.0,490.0,22.46664479,530.05482012,616.29999,133.10001,798.4,1560.0,,565.938006,555.20001,464.0
2020-06-15 09:15:00,147.23569278,346.5,1394.8,1629.0,405.95001,2774.0,242.0,528.1,23.98330827,545.76014813,643.0,134.7,809.6,1659.9949,,607.57159,574.79999,484.0
2020-06-16 09:15:00,148.88457735,347.0,1440.0,1639.0,404.89999,2764.0,245.2,525.0,24.2833083,547.72331413,644.5,134.5,813.0,1700.0,,595.619362,585.0,487.5
2020-06-17 09:15:00,140.6401545,341.0,1375.0,1607.55,377.45001,2718.45,234.7,503.6,23.71664354,536.77864404,640.0,131.14999,801.09,1680.0,,584.762735,580.0,494.5
2020-06-18 09:15:00,142.28903907,340.35001,1354.95,1595.4,386.0,2689.45,237.5,503.69502,23.98330827,553.85820788,641.65002,129.0,802.0,1678.85,,580.679077,571.20001,490.0
2020-06-19 09:15:00,145.10185186,344.39999,1357.0,1597.8,407.5,2690.0,256.2,545.0,25.81663977,551.55150746,648.84998,140.0,804.05,1720.0,,595.619362,574.0,508.975
2020-06-22 09:15:00,149.85450945,350.0,1380.0,1633.0,420.0,2690.0,274.0,596.9,27.29997328,565.19548172,691.0,137.25,806.4,1734.935,,601.495894,575.0,519.725
2020-06-23 09:15:00,152.2793397,350.0,1408.0,1659.85,430.5,2890.0,289.995,627.5,27.28330529,570.34879247,674.0,144.95,809.58,1761.0,,620.121409,569.70001,519.5
2020-06-24 09:15:00,154.31620681,355.35001,1424.0,1684.0,448.0,2899.8,312.5,645.5,28.03330454,570.29972313,660.0,145.7,822.49,1810.0,,623.507894,575.0,524.25
2020-06-25 09:15:00,148.64209433,349.79999,1411.8,1740.0,419.0,2789.8,287.805,596.6,27.31663826,543.69884346,632.0,140.35001,806.0,1837.4949,,608.517818,557.59998,510.95
2020-06-26 09:15:00,159.0688644,348.0,1453.0,1710.0,426.0,2853.7,304.25,608.9,28.31663726,549.68648013,639.0,140.89999,803.0,1829.0,,610.460065,550.04999,520.5
2020-06-29 09:15:00,156.54703124,341.35001,1381.0,1687.0,415.0,2825.0,283.4,583.2,28.31663726,548.60675846,637.0,140.55,799.6,1837.7449,,611.306661,562.0,518.5
2020-06-30 09:15:00,156.54703124,344.0,1377.0,1708.9,410.0,2902.3999,291.0,599.0,31.03330153,561.46547613,647.95001,136.35001,800.0,1825.0,,622.76088,558.0,537.0
2020-07-01 09:15:00,152.42481982,345.89999,1350.0,1698.0,410.0,2838.05,283.1,581.8,29.54997102,564.41022513,642.59998,132.85001,793.04,1854.0,,617.332566,557.95001,532.925
2020-07-02 09:15:00,154.99514958,346.0,1330.0,1700.0,441.0,2857.8999,298.0,619.99502,29.98330225,554.39806871,630.0,134.05,789.2,1840.1949,,612.501894,555.0,545.15
2020-07-03 09:15:00,155.189136,350.20001,1372.0,1695.4,430.0,2899.0,298.0,622.0,30.3333029,551.45331971,652.95001,134.39999,788.0,1835.36,,621.316642,572.0,546.5
2020-07-06 09:15:00,157.08050359,365.10001,1384.8,1708.95,434.14999,2942.05,297.0,621.7,32.73329949,576.7781513,640.0,136.3,785.0,1967.0,,630.480027,579.15002,553.975
2020-07-07 09:15:00,159.55383045,361.0,1408.0,1708.95,433.5,2901.0,315.0,632.3,33.89996599,568.33655713,637.95001,136.5,778.98,1925.0949,,638.597602,582.0,554.7
2020-07-08 09:15:00,162.9485928,349.0,1427.0,1750.0,450.0,2882.0,335.195,660.0,33.66663289,561.46547613,643.45001,132.95,766.2,1993.065,,625.499932,594.75,553.5
2020-07-09 09:15:00,158.0989323,341.0,1405.0,1694.0,447.85001,2878.0,323.5,643.05,34.19996569,553.61281213,643.95001,133.5,781.0,1957.0,,609.563628,575.65002,559.0
2020-07-10 09:15:00,156.64403415,341.0,1400.0,1707.95,449.89999,2875.0,327.5,651.5,33.28329927,558.6188658,640.0,129.5,779.94,1950.0,,614.195136,588.25,558.95
2020-07-13 09:15:00,156.59553755,336.25,1414.95,1708.0,443.95001,2898.8999,336.0,657.4,33.56663299,563.91943363,641.0,131.8,783.06,1961.0,,611.954094,585.0,554.95
2020-07-14 09:15:00,151.21240469,332.70001,1425.95,1705.65,434.89999,2898.0,321.98,646.0,33.09996779,573.73526363,639.95001,130.39999,780.8,1965.5,,610.011847,604.59998,531.3
2020-07-15 09:15:00,145.58681791,320.54999,1450.1,1700.0,424.0,2915.0,323.0,632.0,33.16663339,578.1033178,634.40002,128.85001,797.8,1901.0,,600.051657,593.65002,535.1
2020-07-16 09:15:00,143.64695371,317.0,1469.95,1679.8,431.95001,2944.0,318.0,620.0,32.16663439,555.47783946,639.95001,127.75,806.22,1860.0,,589.643248,630.0,526.825
2020-07-17 09:15:00,145.24733198,312.0,1436.7,1695.0,434.0,2950.0,321.0,629.99502,31.46663576,552.7293678,674.5,126.6,828.2,1871.0,,582.173106,629.5,529.525
2020-07-20 09:15:00,148.54509142,316.0,1507.8,1727.0,437.70001,3001.0,334.495,640.0,32.66663389,560.48389313,689.0,133.5,827.87,1895.0,,595.619362,633.0,567.5
2020-07-21 09:15:00,156.59553755,320.89999,1500.9,1761.0,440.0,3015.0,350.0,668.87998,32.53330003,569.31814013,676.09998,133.5,820.05,1929.2051,,602.591495,652.0,576.025
2020-07-22 09:15:00,161.9786607,316.20001,1500.0,1724.25,478.0,3011.0,332.0,659.9,33.29996726,557.53914413,666.15002,133.7,810.71,2024.0,,604.583533,657.0,569.25
2020-07-23 09:15:00,163.28807873,313.39999,1485.0,1690.0,472.95001,2965.0,325.3,636.99502,32.66663389,559.50231013,663.95001,134.89999,818.18,1988.0,,602.890291,650.0,562.5
2020-07-24 09:15:00,162.36662384,313.89999,1536.95,1724.0,456.60001,3030.0,324.5,630.79502,34.31663224,554.59439513,673.0,132.89999,826.0,2020.0,,594.424129,641.0,561.45
2020-07-27 09:15:00,163.57903897,309.0,1519.0,1717.2,447.0,2990.0,326.3,627.9,34.24996564,547.91964054,673.95001,131.60001,817.0,2080.035,,582.671115,684.0,549.925
2020-07-28 09:15:00,161.29970823,309.89999,1518.4,1779.0,434.0,3021.0,317.5,617.5,32.39996649,548.21410563,651.0,130.10001,803.8,2055.9699,,570.519673,702.0,539.5
2020-07-29 09:15:00,168.7681854,317.04999,1599.2,1770.0,435.75,3127.05,324.5,632.41001,32.18330204,554.83979088,662.59998,130.0,816.49,2099.9,,597.6114,710.0,540.5
2020-07-30 09:15:00,173.81183232,317.85001,1637.5,1752.0,441.89999,3110.0,329.53999,637.725,32.59996829,565.39180813,681.20001,131.3,878.78,2145.0,,611.705089,698.0,537.0
2020-07-31 09:15:00,168.7681854,315.0,1717.05,1754.0,429.0,3068.8501,323.6,622.0,31.9333023,540.75409446,687.0,128.95,895.8,2144.135,,603.936101,701.84998,528.85
2020-08-03 09:15:00,169.98060053,311.0,1670.0,1729.0,431.60001,2990.0,324.4,622.3,31.9999679,544.28777363,724.0,129.89999,904.21,2072.5,,627.49197,709.09998,512.975
2020-08-04 09:15:00,168.7681854,313.0,1570.0,1719.0,421.85001,2939.0,320.2,616.01001,32.64996624,537.90748412,708.0,129.60001,906.14,2104.5,,632.870493,709.5,504.0
2020-08-05 09:15:00,177.4975743,316.39999,1666.9,1718.0,439.0,2986.2,325.6,622.5,33.64996624,541.83381613,720.79999,129.14999,931.01,2121.085,,622.213079,692.65002,523.975
2020-08-06 09:15:00,174.68478091,330.10001,1688.5,1732.05,436.0,3024.8,329.2,627.99502,33.46663309,551.35518104,724.95001,129.0,922.01,2195.9551,,633.468084,692.0,518.5
2020-08-07 09:15:00,175.60620671,323.89999,1700.55,1727.55,431.45001,2991.8,333.3,628.5,33.09996779,545.76014813,738.0,129.5,918.0,2170.0,,631.476046,699.90002,517.425
2020-08-10 09:15:00,187.09989239,329.0,1758.95,1810.0,434.0,3001.7,349.4,650.99502,35.14996473,553.90727721,760.0,130.3,921.0,2189.8,,637.45216,694.95001,522.0
2020-08-11 09:15:00,190.1066916,333.5,1790.0,1800.0,435.29999,3020.8,346.23,645.0,36.46663008,547.72331413,801.09998,130.14999,943.01,2158.0,,632.472065,694.0,524.25
2020-08-12 09:15:00,189.91270518,336.0,1750.75,1789.95,444.79999,3007.45,342.5,640.0,35.31663123,539.87065013,778.0,130.0,915.0,2169.9949,,617.53178,680.59998,532.5
2020-08-13 09:15:00,192.91948499,343.54999,1725.0,1806.4,454.10001,3040.0,345.0,640.0,36.99996288,524.16532212,765.95001,128.75,910.03,2211.665,,629.284794,717.0,533.975
2020-08-14 09:15:00,196.31424734,353.75,1735.0,1818.7,451.5,3022.0,342.5,639.0,38.33329487,532.85231204,762.0,129.35001,905.23,2169.8,,629.484008,727.90002,532.95
2020-08-17 09:15:00,191.46458684,350.85001,1715.0,1820.0,439.10001,3014.0,335.0,630.0,38.29996157,520.77885095,779.0,133.5,903.89,2047.2,,627.641393,711.09998,523.5
2020-08-18 09:15:00,193.98642,356.89999,1704.4,1831.0,439.5,3124.0,339.9,629.0,36.99996288,512.43539545,772.0,136.64999,907.6,2111.5699,,618.527799,718.95001,514.0
2020-08-19 09:15:00,207.80795243,360.0,1710.0,1890.0,446.0,3110.0,344.7,637.5,37.54996233,519.25740712,770.0,137.5,908.0,2155.0,,665.290901,713.79999,532.5
2020-08-20 09:15:00,233.94762252,354.95001,1679.0,1867.95,437.89999,3059.0,337.8,625.5,36.99996288,521.22057312,758.34998,134.10001,897.0,2120.0,,657.521963,708.5,527.475
2020-08-21 09:15:00,229.97091061,357.89999,1715.0,1887.9,440.0,3062.0,343.0,634.61001,37.49996238,520.0426637,768.84998,139.5,904.0,2170.0,,672.014029,715.0,532.7
2020-08-24 09:15:00,228.9039756,358.39999,1695.5,1958.0,444.0,3062.8999,340.3,631.38501,36.99996288,508.36185545,763.0,140.7,897.95,2199.45,,677.691348,706.04999,543.0
2020-08-25 09:15:00,244.4228892,351.89999,1691.0,1964.25,450.95001,3054.3999,352.5,643.99502,38.38329482,524.65611362,756.25,140.85001,898.0,2214.0,,669.324768,705.0,559.5
2020-08-26 09:15:00,290.0096979,346.35001,1664.45,2000.95,452.0,3080.05,366.5,653.5,37.53329568,518.66847695,751.5,140.55,886.2,2280.05,,670.270996,704.70001,560.5
2020-08-27 09:15:00,276.33364559,356.0,1656.0,1980.9,464.0,3082.2,365.695,660.49502,37.28329593,504.92631495,750.79999,142.7,888.48,2249.75,,667.482153,713.54999,562.9
2020-08-28 09:15:00,280.3103769,355.0,1653.8,1994.0,476.45001,3044.0,365.0,658.0,37.98329523,502.66863478,763.0,141.10001,892.0,2240.0,,687.203319,713.70001,555.975
2020-08-31 09:15:00,281.280309,365.0,1670.0,1977.0,524.45001,3025.0,371.5,660.45,37.49996238,508.95078562,752.0,139.25,875.0,2225.0,,700.201357,705.0,564.75
2020-09-01 09:15:00,271.53250109,357.0,1635.0,1925.0,495.04999,2947.0,351.7,625.0,35.66663088,507.96920262,713.54999,135.10001,854.22,2110.0,,674.255072,695.0,564.0
2020-09-02 09:15:00,274.4907843,352.95001,1687.7,1977.95,487.0,2950.0,364.27,636.7,35.98329723,539.87065013,739.95001,135.5,870.25,2131.1001,,678.288939,689.90002,562.05
2020-09-03 09:15:00,285.88748648,363.5,1703.15,1950.2,488.39999,2909.05,366.8,639.0,36.49996338,540.41051096,742.70001,137.5,874.91,2175.0,,682.273015,704.79999,568.625
2020-09-04 09:15:00,275.4607164,363.39999,1685.0,1958.0,469.0,2880.0,354.15,625.0,35.16663138,521.71136462,733.75,134.10001,880.0,2167.0,,702.193395,695.15002,555.0
2020-09-07 09:15:00,276.57612862,355.0,1654.0,1965.0,457.0,2898.3501,360.7,632.4,35.63329758,515.33107512,728.0,133.0,868.83,2205.0,,717.13368,696.34998,558.15
2020-09-08 09:15:00,277.4005806,352.70001,1659.95,1987.5,459.79999,2899.95,352.0,629.9,35.36663118,506.49682812,716.75,132.10001,893.0,2203.8999,,700.101775,708.79999,557.0
2020-09-09 09:15:00,268.57418879,344.39999,1636.0,1960.35,439.89999,2875.0,347.7,620.87998,33.76663279,484.16581486,709.15002,128.95,869.98,2139.8999,,673.308844,712.09998,550.5
2020-09-10 09:15:00,279.00095887,346.0,1600.0,1985.05,436.45001,2917.1001,345.65,607.9,33.88329934,498.64416412,729.0,128.0,892.0,2196.95,,693.777024,728.65002,551.5
2020-09-11 09:15:00,290.0096979,341.0,1614.0,2063.0,446.0,2914.0,349.0,612.85498,33.99996589,490.1043822,725.79999,126.9,880.0,2165.0,,712.153585,712.0,548.225
2020-09-14 09:15:00,292.72549808,345.0,1637.9,2050.0,452.0,2922.0,355.7,615.8,35.33329788,486.86516811,729.0,126.0,884.73,2165.0,,718.129699,745.0,544.0
2020-09-15 09:15:00,286.03296659,355.10001,1601.05,2045.0,441.04999,2957.3999,347.5,613.0,35.34996453,466.39915274,723.0,125.65,874.99,2159.3999,,708.7671,791.04999,534.0
2020-09-16 09:15:00,283.89913537,352.25,1692.95,2027.0,449.54999,2942.5,351.795,614.16001,34.99996489,478.03092111,743.95001,124.6,891.0,2155.0,,720.071946,790.04999,535.1
2020-09-17 09:15:00,286.1299695,352.0,1695.25,2000.0,440.95001,3015.0,348.88,611.88999,34.16663239,471.15984011,751.0,123.85,940.8,2146.0,,717.532108,794.95001,542.0
2020-09-18 09:15:00,288.65180266,348.70001,1777.1,2026.3,444.54999,3023.1001,349.13999,604.00498,34.66663189,474.10458911,780.0,125.25,1000.0,2160.0,,725.052041,808.29999,546.0
2020-09-21 09:15:00,284.1901053,358.0,1824.05,2036.4,443.0,3045.95,346.28,589.6,34.56663199,486.86516811,806.25,123.65,1066.67,2153.05,,746.665663,823.0,527.5
2020-09-22 09:15:00,269.88360683,347.85001,1842.95,1990.2,424.0,2984.2,332.9,571.225,32.11663378,459.87163561,777.04999,122.0,1042.8,2104.0,,717.532108,813.95001,527.025
2020-09-23 09:15:00,275.41222949,332.54999,1792.0,1940.0,418.10001,2993.0,333.0,571.5,31.01663655,458.39926111,783.95001,119.75,1051.2,2084.95,,726.446438,832.0,523.0
2020-09-24 09:15:00,269.59263689,321.54999,1824.0,1941.55,414.0,2964.8999,319.1,558.0,30.7333015,417.41817085,764.45001,121.05,1012.0,2052.45,,705.181452,811.0,519.0
2020-09-25 09:15:00,267.60425669,319.0,1967.15,1925.25,407.5,2954.95,308.0,550.0,30.63330327,417.1727751,752.0,116.0,1024.0,2063.8999,,680.280977,795.25,525.0
2020-09-28 09:15:00,274.58778721,327.79999,2035.0,1938.0,420.0,2976.8999,317.8,586.16499,31.3333019,437.7860181,772.09998,117.9,1039.99,2135.0,,712.153585,838.40002,524.475
2020-09-29 09:15:00,290.88262709,343.39999,2059.8999,1960.0,442.39999,2992.7,335.8,603.175,32.89996599,435.8228521,777.59998,121.15,1026.0,2190.0,,733.069984,837.40002,529.0
2020-09-30 09:15:00,290.97963,340.54999,2104.0,1966.1,427.0,2897.55,329.38999,588.5,31.9999679,429.9333541,762.34998,117.0,1020.0,2204.8999,,718.577918,818.0,530.0
2020-10-01 09:15:00,290.78563388,345.5,2151.0,2007.0,430.20001,2940.0,332.5,590.7,32.08330114,418.1543581,779.79999,117.1,1045.0,2190.0,,746.217445,819.90002,545.05
2020-10-05 09:15:00,302.13384915,355.89999,2095.0,2040.45,444.04999,3016.3999,346.5,609.0,32.13330176,424.38741996,776.0,117.95,1034.0,2210.6499,,749.205502,828.79999,556.0
2020-10-06 09:15:00,319.49562404,356.0,2142.5,2050.0,449.5,2985.0,343.98999,595.7,32.19996703,419.1359411,782.0,119.35,1031.9,2223.8,,747.263255,830.0,567.525
2020-10-07 09:15:00,315.37341262,362.54999,2119.7,2080.0,447.0,2975.0,340.0,592.0,31.94996728,419.92119768,780.0,117.1,1029.0,2208.0,,751.994345,830.0,572.45
2020-10-08 09:15:00,319.1076609,359.79999,2190.0,2104.5,455.54999,3070.0,335.4,595.0,31.6666349,418.1543581,775.0,114.7,1028.8,2253.0,,761.954535,857.5,590.0
2020-10-09 09:15:00,309.21434378,361.0,2244.8999,2094.0,453.29999,3080.0,332.48999,588.5,31.0666345,420.1175241,813.0,113.35,1030.2,2211.2,,766.486411,852.90002,600.5
2020-10-12 09:15:00,305.5286115,359.10001,2231.0,2067.8999,473.5,3051.0,335.0,596.75,31.01663655,420.1175241,805.0,115.3,1031.62,2233.0,,743.179597,860.79999,615.775
2020-10-13 09:15:00,306.01357755,357.64999,2282.25,2077.0,465.89999,3025.0,331.995,590.0,31.18330305,413.39367073,810.0,113.3,1046.0,2184.25,,739.842903,866.29999,606.7
2020-10-14 09:15:00,303.54026039,349.10001,2265.0,2070.0,458.0,3037.95,326.8,587.0,30.64996825,408.73115148,788.79999,113.2,1035.0,2201.2,,740.042117,904.0,597.775
2020-10-15 09:15:00,305.5286115,350.60001,2244.0,2070.0,473.39999,3059.95,336.82,612.5,30.58330265,405.78640248,780.65002,110.85,1029.73,2252.05,,757.323027,899.95001,607.1
2020-10-16 09:15:00,299.95150193,344.35001,2210.0,2089.95,465.14999,3030.0,323.63501,593.97002,29.233303,397.00125426,766.95001,111.3,1007.2,2244.0,,749.952516,859.0,590.0
2020-10-19 09:15:00,300.58194809,352.60001,2224.3,2079.95,477.04999,3070.0,325.51001,600.0,30.46663677,396.11780993,783.0,112.5,1042.2,2280.0,,768.926668,839.79999,617.5
2020-10-20 09:15:00,305.81958143,346.70001,2214.8,2077.8999,485.85001,2980.0,325.5,597.2,29.71663752,390.37556901,765.0,115.1,1011.39,2210.0,,771.914725,846.95001,603.75
2020-10-21 09:15:00,312.3181362,350.25,2225.0,2130.0,496.89999,3030.0,327.0,596.75,29.9999699,398.22823301,771.79999,113.65,1019.31,2212.3,,776.89482,881.0,615.3
2020-10-22 09:15:00,301.6488831,350.54999,2149.5,2114.2,496.0,3009.8,316.0,584.8,30.78330178,411.2832771,765.0,115.0,1007.34,2178.8999,,788.598043,858.90002,619.975
2020-10-23 09:15:00,304.5586794,360.0,2098.2,2113.5,513.90002,3030.0,333.13999,593.48501,31.28330128,426.89043698,761.25,116.8,1010.2,2162.0,,790.938668,871.0,621.75
2020-10-26 09:15:00,308.4384078,366.0,2079.0,2116.3501,508.25,3097.95,333.0,587.26499,30.86663503,426.35058596,761.20001,117.9,1001.6,2188.0,,781.874915,853.0,614.9
2020-10-27 09:15:00,298.7390868,360.20001,2079.45,2085.0,494.0,2910.0,332.6,570.0,29.96663727,426.05609143,750.0,114.2,998.0,2115.0,,770.918706,848.95001,613.0
2020-10-28 09:15:00,304.36468328,363.0,2107.8501,2199.8,510.79999,2947.0,344.895,567.8,29.899969,437.7860181,771.40002,113.95,1022.0,2125.45,,786.556214,852.0,614.0
2020-10-29 09:15:00,305.91657464,350.54999,2077.8999,2162.0,506.0,2918.95,336.78,564.0,29.21663802,439.45471902,766.09998,112.0,984.0,2130.0,,769.673682,825.0,600.3
2020-10-30 09:15:00,321.09601201,345.20001,2087.95,2210.1001,495.0,2940.0,336.495,565.0,28.96663827,446.52209699,765.70001,111.6,994.8,2123.2,,766.93463,842.79999,591.275
2020-11-02 09:15:00,328.90398481,360.0,2138.1001,2198.0,496.85001,2918.0,332.555,560.13999,29.28330329,426.9886051,757.5,114.6,979.2,2079.8,,781.277324,841.95001,597.175
2020-11-03 09:15:00,333.6566424,362.0,2085.0,2193.8999,525.0,2855.2,343.0,575.2,29.61663629,449.5650141,756.09998,115.6,970.2,2038.0,,786.058205,828.0,613.225
2020-11-04 09:15:00,332.29874716,367.64999,2113.0,2160.0,525.09998,2905.0,346.9,574.36001,30.08330315,444.6570991,757.79999,116.5,980.35,2093.0,,787.253438,812.20001,626.0
2020-11-05 09:15:00,342.3860313,366.04999,2132.05,2190.0,534.90002,2951.0,361.0,585.5,29.79997077,448.5834311,786.0,116.35,994.55,2122.0,,784.364962,834.0,633.0
2020-11-06 09:15:00,341.4160992,368.64999,2128.0,2233.95,538.75,2960.0,373.41001,602.5,30.69996853,448.5834311,797.40002,120.25,992.58,2128.0,,805.779371,846.0,633.125
2020-11-09 09:15:00,343.3559634,375.0,2099.8,2249.0,550.0,2990.0,381.0,635.0,31.4999684,447.89631319,795.09998,122.9,985.0,2153.0,,793.827143,866.79999,657.6
2020-11-10 09:15:00,347.33269471,370.70001,2090.0,2225.2,572.0,3015.0,389.895,645.0,30.9999689,465.27034211,769.79999,122.25,964.8,2212.0,,795.819181,848.5,678.5
2020-11-11 09:15:00,348.39962002,366.75,2063.0,2205.0,579.84998,3017.7,421.1,669.0,31.98330025,459.33177477,727.0,126.0,946.0,2234.8501,,788.847048,813.0,699.95
2020-11-12 09:15:00,347.42968792,373.0,2155.0,2172.0,601.95001,3025.0,426.0,694.39502,32.03330053,468.06786347,742.40002,126.05,975.0,2326.0,,800.799276,827.15002,688.7
2020-11-13 09:15:00,353.0552844,367.5,2121.05,2180.5,595.0,3010.0,426.0,694.0,31.29996926,468.21509111,742.5,122.5,970.0,2318.0,,823.707713,822.90002,684.4
2020-11-14 18:00:00,358.68088088,369.0,2275.0,2192.0,613.95001,3055.6499,440.0,735.0,32.39996649,478.03092111,749.5,127.35,976.24004,2540.0,,839.644017,834.0,683.9
2020-11-17 09:15:00,360.8147412,368.5,2284.0,2206.3999,613.15002,3034.0,439.87002,736.1,32.51663504,481.859085,747.40002,128.3,975.0,2540.55,,843.528511,837.95001,692.9
2020-11-18 09:15:00,382.10476049,382.0,2291.1499,2185.0,625.0,3055.8,447.5,737.2,32.04996851,475.03710278,747.29999,128.75,957.0,2526.0,,838.199779,819.0,701.5
2020-11-19 09:15:00,378.273519,390.0,2288.7,2175.0,619.0,3033.0,462.88999,778.99502,32.16663439,467.23350811,742.54999,121.75,935.0,2566.1001,,841.436841,815.0,694.85
2020-11-20 09:15:00,373.52086141,381.0,2335.0,2163.3501,615.0,3033.0,457.19502,784.3,35.04996484,461.83480161,742.0,123.3,946.0,2565.0,,836.65596,813.95001,686.325
2020-11-23 09:15:00,378.37052191,375.85001,2374.0,2160.55,610.95001,3068.0,476.9,871.0,36.18329703,477.78552536,741.65002,121.25,937.0,2595.55,,859.962825,825.0,707.5
2020-11-24 09:15:00,397.57515809,378.0,2382.6499,2192.8999,603.0,3077.0,483.5,881.99004,35.33329788,469.58929749,748.29999,123.75,970.0,2596.0,,853.588283,843.90002,704.0
2020-11-25 09:15:00,396.65374199,396.29999,2335.5,2197.25,625.0,3100.0,482.2,894.0,35.99996388,467.72429961,750.09998,123.95,999.6,2696.0,,852.592264,840.5,725.65
2020-11-26 09:15:00,390.68864018,400.79999,2256.45,2160.0,602.25,3053.0,465.5,874.0,35.79996408,460.06796202,734.0,124.6,962.0,2610.0,,846.815364,824.09998,707.5
2020-11-27 09:15:00,388.9427721,411.0,2314.95,2170.0,612.0,3144.8999,485.9,884.49502,36.48329673,459.67530919,741.0,125.45,980.2,2566.0,,873.907091,842.0,715.9
2020-12-01 09:15:00,386.0329758,415.0,2384.0,2275.0,611.0,3175.1001,495.12002,880.0,37.03329618,459.13544836,753.0,126.0,974.0,2559.95,,863.548473,824.0,720.425
2020-12-02 09:15:00,407.90493496,424.89999,2474.7,2241.0,607.0,3243.6499,486.4,875.0,37.33329588,472.14142311,758.0,127.0,970.42,2528.0,,897.960919,836.15002,715.5
2020-12-03 09:15:00,440.10669038,442.0,2501.0,2340.0,610.15002,3368.7,486.5,883.1,38.03329518,478.12908923,760.0,131.35001,974.0,2555.0,,917.333499,848.5,714.5
2020-12-04 09:15:00,435.4995129,439.70001,2400.0,2400.0,606.59998,3298.3,487.0,915.9,38.63329457,477.88369348,763.0,134.2,988.0,2564.8,,911.755813,866.0,690.5
2020-12-07 09:15:00,432.5897166,461.0,2434.6499,2440.0,616.95001,3311.3999,487.0,906.4,38.61662792,488.82833411,766.95001,133.3,986.0,2553.5,,936.208069,858.0,687.5
2020-12-08 09:15:00,443.79242266,472.70001,2466.0,2470.55,619.09998,3320.0,485.0,905.6,38.51662802,504.53366212,777.0,137.45,1010.0,2561.1499,,933.767813,859.0,687.5
2020-12-09 09:15:00,440.3491734,467.64999,2505.1499,2450.0,619.15002,3335.0,482.0,901.37998,38.58329462,495.601247,769.90002,135.39999,1005.0,2551.1001,,923.259822,866.09998,688.5
2020-12-10 09:15:00,434.5295808,463.89999,2454.95,2515.95,624.5,3306.2,485.0,901.06504,38.93329427,492.26387461,763.0,135.2,1011.6,2558.0,,918.329518,870.54999,699.0
2020-12-11 09:15:00,433.80213173,471.75,2403.6001,2516.0,626.34998,3295.6001,480.5,906.7,38.13329508,499.13495562,764.0,134.7,1011.02,2492.6499,,906.277708,871.0,695.025
2020-12-14 09:15:00,437.4393771,468.60001,2375.8,2530.0,616.0,3327.6499,485.75,906.67998,38.54996132,497.66258112,778.29999,139.64999,990.4,2465.0,,903.040646,866.09998,691.5
2020-12-15 09:15:00,441.80407155,469.5,2361.0,2535.0,615.75,3284.0,488.99502,892.5,39.13329407,496.53377048,789.29999,143.64999,1009.39,2410.8,,908.369328,874.70001,690.4
2020-12-16 09:15:00,448.59359625,480.0,2369.0,2540.0,613.54999,3289.0,519.9,936.95996,39.66662687,494.91415853,790.34998,144.35001,1010.0,2500.0,,916.735908,886.25,702.0
2020-12-17 09:15:00,449.46652544,478.0,2395.0,2569.0,607.25,3307.1001,513.98501,925.77002,39.33329387,507.47841112,790.75,145.25,1010.0,2471.7,,912.253822,887.0,709.3
2020-12-18 09:15:00,447.1386981,467.75,2405.0,2577.0,604.40002,3275.8999,525.0,924.99004,40.48329272,504.43552345,784.25,143.45,1016.0,2459.0,,908.369328,894.75,717.5
2020-12-21 09:15:00,440.3491734,459.0,2385.0,2595.45,605.25,3352.5,522.8,918.9,40.23329297,498.15337262,793.0,141.39999,1048.6,2460.0,,905.978862,886.65002,708.75
2020-12-22 09:15:00,415.32493492,444.25,2340.0,2541.0,585.0,3245.0,507.0,885.0,37.31662923,484.90200211,782.0,132.5,1021.54,2400.0,,873.85725,879.15002,692.4
2020-12-23 09:15:00,444.2289018,467.14999,2390.0,2604.0,589.0,3281.0,500.0,890.0,37.73329548,491.0859652,796.34998,135.5,1032.29,2446.0,,882.572416,920.0,683.75
2020-12-24 09:15:00,451.0184265,474.89999,2435.0,2658.0,595.0,3318.0,513.89502,908.35996,38.71662782,510.42316012,828.79999,136.35001,1049.4,2459.0,,903.040646,927.95001,694.7
2020-12-28 09:15:00,458.7778833,480.0,2425.5,2654.25,614.0,3388.0,518.48999,906.46504,38.73329447,510.52129879,837.59998,139.89999,1045.63,2441.1001,,897.612333,925.0,702.5
2020-12-29 09:15:00,477.2065932,485.0,2403.0,2685.0,620.70001,3433.0,522.5,904.00996,38.39996147,513.36790912,830.15002,138.89999,1045.0,2455.0,,907.373309,929.0,710.525
2020-12-30 09:15:00,474.49079302,484.0,2382.8501,2694.0,632.25,3437.2,520.05,900.0,38.33329487,513.76056195,830.0,136.75,1038.29,2479.0,,907.472891,938.0,719.95
2020-12-31 09:15:00,466.5373401,485.39999,2390.1001,2734.3999,622.40002,3464.95,533.5,894.9,38.56662797,507.57654979,824.0,135.60001,1038.0,2530.0,,936.058646,939.04999,717.5
2021-01-01 09:15:00,462.6576117,485.0,2405.5,2759.0,620.25,3446.0,531.02002,893.0,40.33329287,502.81589187,822.79999,135.39999,1043.45,2531.0,,920.819566,942.0,720.0
2021-01-04 09:15:00,477.2065932,507.0,2418.1001,2781.1001,627.79999,3490.0,532.4,894.0,42.99995686,507.47841112,831.0,136.85001,1052.0,2591.0,,933.419226,959.0,719.0
2021-01-05 09:15:00,477.2065932,498.89999,2405.0,2753.7,618.0,3500.25,521.8,890.00498,43.33328986,504.53366212,832.25,136.75,1048.0,2630.0,,951.198145,967.20001,709.6
2021-01-06 09:15:00,481.0863216,501.79999,2522.0,2801.3,662.0,3492.6499,513.0,890.0,43.99995586,505.51524512,829.0,135.39999,1057.38,2668.0,,956.17824,997.90002,717.5
2021-01-07 09:15:00,479.04945449,500.10001,2502.1499,2801.0,659.0,3500.0,506.5,882.0,44.79995172,522.20215612,830.0,136.5,1060.2,2660.0,,986.05881,988.0,716.25
2021-01-08 09:15:00,507.2744883,520.0,2533.8999,2818.0,678.0,3469.0,513.0,903.6,44.3499555,539.18353221,830.70001,137.10001,1059.98,2661.0,,995.670413,974.90002,716.0
2021-01-11 09:15:00,504.94663186,520.45001,2564.75,2845.0,676.0,3531.0,510.8,920.1,44.26662226,531.52719462,839.0,140.5,1068.8,2767.0,,995.371568,1015.0,725.0
2021-01-12 09:15:00,503.3947599,507.0,2559.0,2849.6001,661.29999,3611.95,498.425,900.4,44.9832882,538.88906712,860.0,142.5,1088.19,2777.2,,1001.79591,1052.0,726.225
2021-01-13 09:15:00,513.19105471,515.90002,2528.0,2760.0,676.0,3624.25,506.6,900.47998,44.849955,577.17080413,847.34998,148.5,1073.0,2869.5,,1004.983171,1064.0,746.45
2021-01-14 09:15:00,518.86518659,537.95001,2481.8999,2713.0,678.5,3600.0,490.28999,881.4,44.9166216,571.96842405,841.70001,146.60001,1060.98,2880.0,,1030.879665,1049.0,735.575
2021-01-15 09:15:00,518.62270357,536.79999,2520.0,2660.8999,677.59998,3588.0,487.7,875.47998,46.23328695,598.32390797,839.0,146.8,1063.0,2880.0,,1011.058887,1047.65,734.55
2021-01-18 09:15:00,512.1241488,531.0,2599.5,2592.0,674.45001,3552.0,487.0,863.60996,44.61662524,591.55101472,822.0,143.3,1046.2,2853.1499,,1018.927437,1000.0,734.95
2021-01-19 09:15:00,496.89620513,516.0,2618.5,2615.0,663.54999,3565.75,476.51001,840.0,44.849955,580.2136918,802.5,140.85001,1017.6,2888.0,,998.011038,988.0,745.9
2021-01-20 09:15:00,516.14938641,529.0,2645.25,2654.0,664.0,3640.0,496.8,893.8,45.78329073,581.39160122,822.5,140.5,1020.46,2887.2,,1023.907532,991.75,750.5
2021-01-21 09:15:00,534.82057934,561.84998,2675.0,2726.95,680.75,3672.0,499.3,899.5,45.49995435,589.19519589,835.0,142.0,1022.0,2896.0,,1031.875684,1009.0,746.0
2021-01-22 09:15:00,517.99222831,549.5,2590.05,2750.0,670.0,3749.95,513.5,907.0,44.49995535,573.14633346,815.79999,137.35001,1009.75,2900.0,,1018.230224,991.70001,733.95
2021-01-25 09:15:00,514.30649603,543.0,2610.8501,2612.8501,654.0,4150.0,504.9,914.4,44.5832886,568.33655713,813.0,134.89999,1008.4,3029.95,,1020.919475,997.0,732.55
2021-01-27 09:15:00,497.67214111,528.25,2698.0,2525.0,659.95001,4133.3999,492.12998,916.5,43.66662286,569.31814013,839.90002,132.0,1010.48,2899.95,,1059.714415,952.09998,734.0
2021-01-28 09:15:00,492.04654463,515.70001,2594.0,2420.0,622.0,4080.0,477.95498,902.0,43.66662286,556.06676963,835.5,128.0,969.0,2780.0,,1036.357769,948.79999,694.95
2021-01-29 09:15:00,499.70902762,527.54999,2622.6001,2456.0,671.0,4168.0,488.67002,904.19502,43.59995626,567.84576563,847.95001,129.25,978.0,2812.3999,,1058.369789,941.0,695.675
2021-02-01 09:15:00,495.15033705,514.29999,2590.0,2426.6001,665.0,4064.0,477.5,875.0,43.33328986,548.70489713,815.0,126.4,912.01,2777.0,,1055.78014,919.0,705.125
2021-02-02 09:15:00,525.75168511,548.70001,2679.5,2460.0,719.25,4155.7998,510.0,982.77002,44.9166216,574.12791646,807.0,131.0,893.8,2920.0,,1139.445736,947.0,750.5
2021-02-03 09:15:00,550.9214328,549.54999,2714.8999,2503.8501,720.0,4205.0,521.86001,956.15996,44.73328845,598.17669997,826.0,131.25,915.79,2904.8501,,1173.409984,966.0,789.5
2021-02-04 09:15:00,545.05335329,557.90002,2730.0,2456.0,730.0,4236.3501,521.4,951.0,46.5832866,603.57540647,847.54999,137.89999,938.6,2900.8999,,1175.30242,964.70001,783.0
2021-02-05 09:15:00,577.1095995,571.0,2740.0,2420.0,749.0,4260.0,552.6,978.0,47.33328584,592.67980572,839.59998,144.10001,937.0,2973.2,,1183.768582,960.79999,774.0
2021-02-08 09:15:00,587.19691274,572.15002,2741.0,2394.0,726.0,4231.4502,554.2,975.0,47.06661945,578.15238713,852.0,141.05,973.0,2934.0,,1181.278534,955.0,810.0
2021-02-09 09:15:00,612.46363424,589.65002,2746.5,2432.5,735.75,4228.3999,553.75,1006.7,47.1499527,587.87007847,848.0,141.5,970.0,2993.3,,1205.18299,965.0,805.0
2021-02-10 09:15:00,614.01550621,584.75,2813.8501,2529.0,741.54999,4160.0,543.47002,990.1,46.29995022,593.8086458,847.59998,139.89999,969.0,2968.0,,1211.159104,955.04999,804.175
2021-02-11 09:15:00,634.3355934,576.84998,2760.0,2524.95,731.0,4155.0,547.0,1010.5,46.43328675,581.09713613,868.0,138.3,964.2,2750.0,,1218.131237,959.45001,791.0
2021-02-12 09:15:00,637.2453897,592.29999,2768.0,2518.0,735.5,4179.0,557.0,1025.0,45.28329124,586.83937705,859.0,136.5,971.96,2840.0,,1239.047636,975.0,786.95
2021-02-15 09:15:00,703.2007725,617.95001,2777.0,2495.0,759.90002,4152.2002,560.53501,1033.02,45.78329073,581.1952748,850.09998,134.5,958.4,2796.0,,1252.045684,970.0,800.05
2021-02-16 09:15:00,737.148396,629.79999,3089.0,2472.0,799.0,4130.0,579.13999,1050.0,45.36662448,584.04188514,850.0,132.3,945.8,2770.05,,1229.485854,957.0,810.6
2021-02-17 09:15:00,763.48207191,658.0,3177.0,2436.0,774.0,4117.0,573.0,1042.0,44.03329249,585.9559818,849.45001,133.3,939.32,2720.0,,1223.210934,952.0,810.0
2021-02-18 09:15:00,763.57904573,660.79999,3225.5,2424.0,775.0,4200.0,569.9,1031.0,46.44995673,586.00505114,835.0,135.0,921.4,2701.1001,,1233.519731,944.0,802.975
2021-02-19 09:15:00,788.5547973,664.95001,3090.1001,2470.8999,772.90002,4106.0,556.0,1015.0,46.79994971,579.13397013,823.79999,139.95,920.4,2646.0,,1226.846403,950.0,772.5
2021-02-22 09:15:00,762.3666306,658.79999,2918.45,2428.75,749.65002,4010.0,548.0,1023.0,45.16662135,571.28130613,811.40002,138.85001,941.6,2586.1001,,1216.637209,949.5,772.525
2021-02-23 09:15:00,790.30066538,680.0,2945.2,2375.0,732.34998,3952.0,542.0,1005.1,43.74995611,564.41022513,795.0,137.60001,899.6,2476.2,,1234.067541,924.0,776.875
2021-02-24 09:15:00,781.7652726,666.70001,3015.0,2373.0,722.0,3927.0,544.4,1003.0,45.21661797,557.6372828,794.0,139.95,899.03,2530.05,,1234.067541,918.0,763.25
2021-02-25 09:15:00,789.5247294,669.40002,3101.0,2375.0,765.0,3936.0,560.1,1034.0,45.69995748,569.22000146,795.0,146.89999,884.23,2555.0,,1252.991902,925.90002,804.875
2021-02-26 09:15:00,808.82639759,697.09998,3070.0,2338.05,746.0,3910.5,543.0,995.0,46.44995673,563.91943363,805.0,156.14999,892.0,2529.7,,1250.003845,908.0,793.525
2021-03-01 09:15:00,815.47041308,684.59998,3039.05,2300.0,738.0,3798.7,531.5,979.9,46.23328695,547.72331413,795.0,155.5,889.0,2523.0,,1202.145132,916.0,782.0
2021-03-02 09:15:00,831.61980194,697.59998,3105.5,2386.0,730.45001,3822.0,530.0,985.0,49.31661719,530.54561162,792.59998,154.35001,894.68,2584.0,,1269.924225,933.84998,787.85
2021-03-03 09:15:00,853.97672714,732.0,3115.1001,2406.0,740.5,3985.0,536.41499,992.64004,50.94995222,538.64367137,817.95001,155.0,893.0,2605.8,,1293.828681,965.0,792.0
2021-03-04 09:15:00,882.638211,733.25,3058.0,2380.0,731.09998,3875.0,543.0,1015.0,50.49994933,530.05482012,807.40002,154.0,896.4,2570.0,,1300.800814,952.0,774.275
2021-03-05 09:15:00,890.3976678,752.45001,3000.0,2399.0,732.0,3852.1001,544.0,1008.0,50.26661624,525.14690512,806.5,152.0,910.0,2584.8,,1343.430427,956.09998,765.5
2021-03-08 09:15:00,890.49464161,762.70001,2901.0,2383.0,735.0,3848.0,546.9,997.0,49.33328384,521.22057312,807.95001,153.89999,900.0,2600.6499,,1334.615659,952.5,771.0
2021-03-09 09:15:00,890.3976678,755.54999,2870.5,2400.0,758.70001,3802.2,537.1,1000.0,48.68328449,520.33712879,812.59998,154.95,900.19,2600.0,,1376.498258,964.09998,772.5
2021-03-10 09:15:00,883.6081431,757.5,2910.0,2446.0,750.5,3820.0,544.0,1002.5,47.13328271,510.61948653,806.0,153.05,899.2,2600.0,,1372.514182,985.70001,786.0
2021-03-12 09:15:00,877.7885505,749.0,2931.1001,2442.8,772.59998,3878.0,560.0,1008.15,47.41661909,520.77885095,816.5,152.0,904.0,2699.0,,1389.446505,988.5,800.0
2021-03-15 09:15:00,871.72647488,727.79999,2998.0,2402.55,754.0,3775.0,557.10498,996.9,47.11662273,518.0794977,807.90002,146.45,892.0,2640.6001,,1383.470391,977.5,774.2
2021-03-16 09:15:00,873.61785217,731.40002,3002.0,2379.2,751.0,3673.1499,548.84502,972.5,45.83328735,514.34949212,805.09998,147.0,876.02,2652.45,,1374.605822,993.0,765.45
2021-03-17 09:15:00,870.9990258,715.0,3080.0,2460.0,739.0,3650.0,546.0,963.0,45.83328735,519.0610807,794.79999,145.05,889.94,2667.05,,1377.095869,1012.0,762.125
2021-03-18 09:15:00,849.6605196,695.0,3026.0,2468.8501,736.0,3598.0,542.3,960.0,44.78329174,520.09173304,776.0,141.5,874.0,2665.6001,,1386.458448,995.0,755.875
2021-03-19 09:15:00,839.9611986,677.40002,2954.0,2393.0,709.0,3653.95,531.6,935.0,42.79995373,518.27582412,751.0,136.0,842.0,2644.0,,1375.103831,950.0,742.5
2021-03-22 09:15:00,866.05239149,686.0,2913.0,2390.0,719.0,3650.2,544.65,945.0,42.89995696,523.23280846,762.0,137.60001,855.38,2668.0,,1413.350961,960.45001,747.45
2021-03-23 09:15:00,968.9621679,730.25,2917.8999,2430.0,718.0,3665.55,541.0,942.4,42.63329056,519.94452504,775.0,135.60001,870.0,2679.0,,1408.271264,983.65002,735.0
2021-03-24 09:15:00,1031.0378223,741.0,2957.8501,2410.3,723.25,3661.0,537.4,937.0,42.16662436,518.27582412,777.79999,133.89999,870.05,2700.0,,1403.390771,971.04999,745.45
2021-03-25 09:15:00,1001.8913627,711.0,2927.0,2450.95,709.5,3615.0,528.0,922.5,40.88329232,513.76056195,796.90002,132.0,870.0,2635.55,,1377.992286,970.0,745.1
2021-03-26 09:15:00,969.9321,698.0,2840.0,2425.0,707.0,3517.1001,517.0,914.0,39.99995987,502.66863478,791.0,129.10001,884.0,2620.0,,1375.502239,965.0,747.0
2021-03-30 09:15:00,973.8118284,703.04999,2902.5,2539.1001,705.0,3604.25,523.48501,954.7,41.33329186,518.0794977,790.25,131.0,885.99,2574.0,,1410.960515,965.0,753.325
2021-03-31 09:15:00,1006.7895198,705.0,2901.0,2578.05,696.0,3650.0,518.5,951.23496,41.93329126,512.72986054,811.0,133.0,902.0,2635.0,,1411.358923,1000.0,774.0
2021-04-01 09:15:00,1012.02715314,713.5,2886.3501,2532.0,706.29999,3704.0,521.0,973.0,41.99995786,510.37409078,819.5,131.45,910.0,2610.8,,1454.18774,992.0,749.7
2021-04-05 09:15:00,1093.1134767,731.75,2922.0,2558.0,707.20001,3700.05,525.9,976.0,42.28329091,511.2084167,825.0,131.89999,912.0,2596.0,,1449.207645,1007.0,740.0
2021-04-06 09:15:00,1118.71968414,756.0,2939.0,2526.0,690.09998,3639.95,505.0,955.1,44.09995576,518.76661562,824.0,130.85001,911.8,2534.8,,1441.239493,1039.0,730.0
2021-04-07 09:15:00,1196.31425214,857.0,2999.0,2605.0,680.5,3605.0,498.0,951.95,43.98328921,527.11007112,836.15002,130.3,932.46,2500.0,,1422.115928,1031.0,719.65
2021-04-08 09:15:00,1127.54606625,818.0,3134.8,2630.0,691.5,3698.95,510.0,959.0,44.11662574,536.72957471,843.0,131.3,938.55,2558.5,,1441.040289,1044.0,726.5
2021-04-09 09:15:00,1128.41900514,824.75,3147.5,2635.0,679.29999,3640.0,500.0,961.1,43.66662286,529.56402862,840.90002,131.64999,938.58,2550.0,,1449.207645,1042.1,713.0
2021-04-12 09:15:00,1141.99805454,809.90002,3119.0,2578.2,651.0,3579.5,474.0,941.99502,42.63329056,527.64993196,890.0,128.0,955.0,2490.0,,1412.305141,1042.95,696.5
2021-04-13 09:15:00,1044.6168717,750.0,3032.3501,2600.0,635.59998,3569.0,453.51001,920.0,40.69995917,516.70531095,921.95001,124.8,1028.94,2427.2,,1367.334883,1012.5,684.0
2021-04-15 09:15:00,1062.0756495,735.90002,3037.0,2590.0,666.45001,3602.45,470.81001,975.17002,41.66662486,530.05482012,898.79999,127.95,968.58,2475.0,,1387.454467,968.0,702.5
2021-04-16 09:15:00,1096.023273,750.90002,2999.75,2587.6001,668.65002,3580.0,466.1,976.5,42.74995711,530.10388946,919.75,128.85001,972.76,2415.0,,1337.653517,1000.0,717.475
2021-04-19 09:15:00,1066.92531,715.0,3038.0,2650.0,650.0,3525.2,445.0,950.55,41.36662516,522.44755187,945.25,125.6,978.6,2375.0,,1325.004076,996.0,695.0
2021-04-20 09:15:00,1122.06594988,744.70001,3210.0,2600.0,656.0,3585.3501,456.3,960.0,41.61662491,519.25740712,965.09998,125.0,1020.0,2399.8501,,1345.721271,1006.0,712.5
2021-04-22 09:15:00,1099.9030014,689.5,3269.0,2555.6499,641.0,3594.8,455.0,970.0,41.03329217,520.23899012,958.79999,124.65,1035.99,2326.8,,1266.836566,966.0,690.0
2021-04-23 09:15:00,1126.0911681,736.45001,3258.0,2527.1001,656.0,3680.0,462.11001,974.0,41.94995791,519.25740712,944.34998,124.95,1045.6,2310.0,,1293.828681,964.0,704.5
2021-04-26 09:15:00,1125.121236,733.0,3230.3501,2530.0,694.0,3682.2,469.0,999.2,42.66662386,513.12251337,935.59998,127.75,1025.0,2329.5,,1279.884415,940.0,706.5
2021-04-27 09:15:00,1149.07855887,735.0,3200.0,2545.0,691.09998,3738.8501,474.7,1000.0,43.01662351,517.73596329,913.0,127.0,1018.1,2369.8501,,1314.74508,931.0,703.625
2021-04-28 09:15:00,1171.6294802,755.0,3210.0,2588.0,708.0,3810.05,491.5,1020.0,43.46661972,526.07941879,914.34998,128.0,1016.51,2428.0,,1332.125612,931.20001,718.125
2021-04-29 09:15:00,1160.57225426,753.20001,3199.25,2630.0,712.0,3943.0,535.0,1054.0,43.33328986,539.57618504,911.95001,129.75,1014.05,2526.0,,1349.008134,929.70001,743.1
2021-04-30 09:15:00,1135.7904891,739.0,3256.0,2595.0,705.0,3805.0,535.0,1100.0,42.71662048,523.67453062,900.75,127.4,1028.0,2442.0,,1336.657498,905.0,722.5
2021-05-03 09:15:00,1110.66924771,727.65002,3208.8,2510.0,706.0,3815.0,531.62998,1090.1,43.66662286,520.23899012,919.09998,133.0,1038.79,2382.5,,1391.040135,898.75,696.5
2021-05-04 09:15:00,1246.3627485,779.84998,3233.1499,2605.0,704.0,3877.0,561.0,1120.0,43.79995272,555.52690879,912.90002,132.55,1042.2,2398.3999,,1409.366885,910.0,704.975
2021-05-05 09:15:00,1236.08146824,772.0,3199.8,2617.0,709.0,3842.2,568.3,1111.1,44.53329199,546.64359246,885.0,133.0,1022.0,2377.0,,1414.446582,903.95001,700.5
2021-05-06 09:15:00,1234.09310743,745.0,3357.8501,2579.8501,718.0,3852.0,556.8,1110.0,46.56661995,549.63741079,907.0,134.2,1033.0,2384.8,,1414.34698,912.0,703.8
2021-05-07 09:15:00,1265.7613905,747.70001,3347.1499,2555.0,721.0,3954.5,559.0,1105.0,47.58328559,550.86438954,893.0,135.39999,1039.99,2450.0,,1444.22755,918.0,706.475
2021-05-10 09:15:00,1255.96507629,774.40002,3315.0,2589.0,723.5,3900.0,557.5,1139.0,46.33328685,561.46547613,892.5,137.10001,1076.0,2427.1499,,1454.18774,918.04999,713.5
2021-05-11 09:15:00,1253.1522732,751.0,3315.0,2533.0,704.79999,3860.0,541.125,1119.4,47.58328559,555.08518663,899.95001,146.45,1065.0,2410.5,,1419.327075,908.5,698.0
2021-05-12 09:15:00,1271.5809831,763.0,3274.8999,2577.0,704.0,3866.0,541.31001,1119.0,50.81661568,557.53914413,889.29999,155.89999,1063.6,2464.0,,1446.169787,906.15002,699.875
2021-05-14 09:15:00,1260.91173,757.90002,3200.0,2620.0,695.0,3880.3,540.5,1111.1,49.26661724,553.61281213,909.0,155.95,1067.71,2455.2,,1414.34698,909.0,697.175
2021-05-17 09:15:00,1193.016483,740.0,3147.0,2782.0,691.5,3845.0,535.0,1097.0,48.16661834,553.56374279,895.0,147.0,1050.0,2417.0,,1367.633689,914.59998,697.575
2021-05-18 09:15:00,1275.4122149,765.0,3174.0,2797.0,720.0,3898.7,550.1,1134.565,50.16661634,537.41669262,887.0,149.10001,1058.05,2500.0,,1399.506297,928.0,729.475
2021-05-19 09:15:00,1309.408335,784.0,3180.2,2805.1499,704.0,4075.0,567.49502,1139.0,51.43328173,527.99351545,887.84998,146.45,1047.0,2550.0,,1385.462429,928.0,735.1
2021-05-20 09:15:00,1262.17264173,776.5,3245.8999,2814.0,708.59998,4095.95,562.8,1126.0,51.98328118,521.22057312,906.0,152.39999,1051.0,2565.0,,1383.470391,932.0,729.175
2021-05-21 09:15:00,1280.310372,772.0,3246.3999,2807.0,707.0,4082.2,566.0,1129.67,52.83328033,513.61330487,930.0,147.0,1051.2,2550.0,,1374.50622,925.5,721.5
2021-05-24 09:15:00,1281.95925657,769.70001,3248.0,2846.0,730.40002,4125.0,563.4,1126.545,52.78328371,521.22057312,931.0,148.10001,1047.2,2541.0,,1367.18548,931.5,751.625
2021-05-25 09:15:00,1274.83025564,773.0,3266.25,2836.8999,744.40002,4165.5498,564.0,1124.5,52.61661721,520.14085145,939.65002,149.8,1057.88,2565.0,,1374.50622,938.0,755.25
2021-05-26 09:15:00,1250.1939803,767.84998,3205.0,2939.8501,738.0,4150.1001,564.0,1140.0,49.99994984,519.25740712,941.0,147.8,1064.0,2640.0,,1379.486315,940.0,740.0
2021-05-27 09:15:00,1289.52472695,758.29999,3186.5,2950.0,737.20001,4170.0,577.99502,1191.0,50.26661624,516.41079679,946.0,145.75,1055.75,2649.0,,1409.317084,949.0,736.55
2021-05-28 09:15:00,1272.16294236,755.0,3199.0,2958.1499,752.59998,4240.2002,572.4,1192.5,49.49995034,512.63172187,940.20001,145.60001,1056.0,2630.0,,1422.514336,940.04999,745.45
2021-05-31 09:15:00,1267.74975131,779.95001,3145.0,2938.0,737.90002,4190.0,562.0,1171.32,48.51661799,515.82186662,934.34998,147.05,1043.4,2638.45,,1459.41684,941.54999,750.0
2021-06-01 09:15:00,1280.21337879,773.09998,3190.0,2965.0,753.54999,4204.8999,564.4,1183.0,50.99994883,527.55179329,952.0,148.55,1061.0,2610.0,,1469.725636,948.0,760.15
2021-06-02 09:15:00,1382.68670515,802.95001,3244.3,2918.8501,744.79999,4227.8999,575.65,1170.9,48.74995109,520.14085145,946.45001,147.5,1061.25,2645.55,,1438.251436,947.0,755.0
2021-06-03 09:15:00,1516.9738044,818.84998,3271.0,2919.6001,743.0,4294.2998,584.0,1189.9,50.41661608,520.23899012,955.0,150.0,1062.0,2680.2,,1439.446659,945.0,754.0
2021-06-04 09:15:00,1556.7410205,830.79999,3425.3501,2953.0,751.0,4264.3999,591.5,1185.5,50.53328597,524.11625279,948.0,149.0,1056.51,2767.45,,1452.992517,940.09998,758.0
2021-06-07 09:15:00,1663.4335515,837.40002,3380.1499,2930.0,743.09998,4258.5498,580.0,1188.0,50.99994883,524.16532212,951.75,156.0,1052.2,2750.25,,1512.554453,939.0,755.0
2021-06-08 09:15:00,1583.8991193,883.40002,3299.0,2928.0,751.0,4250.0,575.1,1190.0,51.19995197,528.18979279,939.79999,157.39999,1044.0,2765.0,,1502.94287,952.0,748.275
2021-06-09 09:15:00,1590.688644,879.25,3290.0,2930.8,746.0,4268.0,579.5,1174.0,51.1332787,539.77251146,954.79999,157.0,1055.58,2766.2,,1504.088292,973.90002,741.95
2021-06-10 09:15:00,1563.5305452,858.54999,3322.45,2945.0,739.45001,4229.0,571.5,1155.1,50.31661619,533.88301346,960.95001,157.10001,1046.5,2729.05,,1485.064329,979.5,741.05
2021-06-11 09:15:00,1566.53733471,852.0,3342.3501,2960.0,746.25,4185.0,610.53501,1200.0,50.66661583,535.45352662,975.0,157.0,1060.0,2721.3999,,1499.905012,976.0,745.5
2021-06-14 09:15:00,1398.10862555,755.79999,3345.0,2955.1001,735.90002,4173.0,606.97002,1185.1,50.99994883,530.88914604,972.70001,164.0,1090.6,2740.0,,1475.602149,983.0,739.125
2021-06-15 09:15:00,1504.3161905,802.90002,3355.0,2970.0,736.0,4155.0,621.9,1194.9,50.66661583,531.03640312,975.0,161.10001,1095.0,2745.0,,1489.048405,985.09998,743.0
2021-06-16 09:15:00,1464.597471,755.0,3310.0,3029.0,748.79999,4138.1001,614.0,1181.0,49.99994984,533.78482571,969.0,157.3,1082.0,2751.0,,1489.546414,984.04999,744.0
2021-06-17 09:15:00,1338.506298,683.0,3257.0,3017.95,741.95001,4120.0,592.0,1175.0,49.39995044,529.56402862,955.0,155.0,1081.22,2720.0,,1459.167835,980.0,733.0
2021-06-18 09:15:00,1309.408335,643.20001,3235.0,3061.55,742.15002,4055.0,608.98999,1186.0,48.84995099,521.61322595,950.95001,153.0,1063.0,2673.8999,,1458.171816,990.0,734.75
2021-06-21 09:15:00,1445.198829,692.0,3195.0,3024.2,725.0,4153.0,600.0,1180.0,47.33328584,525.14690512,958.0,146.0,1055.0,2662.0,,1455.482565,968.0,730.675
2021-06-22 09:15:00,1507.32298,740.0,3238.0,3085.0,743.20001,4183.2998,615.0,1219.9,49.99994984,537.95655346,956.20001,148.89999,1057.1,2700.0,,1494.0285,982.09998,748.5
2021-06-23 09:15:00,1513.19106921,749.0,3274.95,3030.0,743.20001,4230.0,605.1,1222.5,51.69995146,528.09165412,956.0,149.85001,1064.4,2721.0,,1494.0285,985.0,745.0
2021-06-24 09:15:00,1464.5489744,724.0,3229.8999,2987.3501,735.90002,4190.0,602.7,1228.225,56.31661017,525.14690512,957.79999,148.45,1059.8,2728.6001,,1492.036462,972.0,745.0
2021-06-25 09:15:00,1479.1464525,715.0,3253.25,3030.2,737.54999,4220.0,605.7,1235.5,57.04993943,521.51503821,951.0,146.75,1055.4,2701.0,,1495.721732,995.0,755.55
2021-06-28 09:15:00,1479.04945929,719.0,3447.8501,3024.0,764.54999,4196.1499,610.0,1250.0,58.71660442,527.11007112,962.0,147.10001,1065.8,2723.5,,1508.968785,1000.0,760.0
2021-06-29 09:15:00,1480.1163846,717.5,3420.0,2989.0,761.0,4185.0,604.0,1238.9,57.81660866,521.46596887,964.0,147.10001,1082.2,2740.0,,1510.960823,986.95001,753.5
2021-06-30 09:15:00,1492.7255019,717.59998,3617.0,2999.0,752.5,4130.0,605.0,1234.6,58.61661119,517.29424112,992.20001,145.60001,1087.8,2707.55,,1497.315363,981.0,749.0
2021-07-01 09:15:00,1464.16100156,706.0,3619.8501,3008.0,750.0,4141.0,604.0,1219.8,59.26660721,519.25740712,977.20001,146.60001,1085.2,2680.0,,1497.265562,987.0,751.0
2021-07-02 09:15:00,1445.44131203,705.0,3701.0,3032.95,747.59998,4229.5,600.0,1196.9,61.81660465,515.92000529,981.84998,147.0,1116.0,2674.0,,1499.008595,983.54999,742.5
2021-07-05 09:15:00,1384.0931067,717.0,3760.0,3020.0,757.09998,4191.6001,602.9,1179.9,60.4332727,518.27582412,979.29999,148.0,1115.24,2675.6499,,1491.538453,991.70001,744.975
2021-07-06 09:15:00,1358.77787889,712.0,3717.8999,3003.0,757.0,4203.5,605.5,1189.0,59.49994031,513.85870062,975.0,150.05,1107.96,2704.0,,1485.811343,980.0,748.5
2021-07-07 09:15:00,1377.303582,716.90002,3715.0,3065.0,755.90002,4200.0,622.0,1200.0,60.03327644,513.56423553,968.0,147.5,1105.8,2716.55,,1489.048405,970.0,767.0
2021-07-08 09:15:00,1377.303582,724.0,3700.0,3050.0,760.0,4068.7,618.0,1232.0,61.2666052,520.23899012,965.5,147.0,1108.0,2705.1001,,1490.841239,975.0,762.5
2021-07-09 09:15:00,1383.02618139,712.5,3673.0,3022.0,752.0,4077.0,608.3,1235.1,60.21660292,515.82186662,952.0,146.25,1089.6,2740.0,,1469.128025,972.0,756.275
2021-07-12 09:15:00,1398.6420882,734.40002,3745.0,3034.8999,752.5,4018.0,617.5,1288.895,60.3332728,529.02416779,960.0,146.8,1099.98,2720.0,,1501.000633,980.0,751.0
2021-07-13 09:15:00,1389.9126993,720.0,3768.0,3020.0,759.0,3985.0,618.5,1290.24,61.3332718,523.72359996,962.20001,147.0,1098.86,2725.0,,1533.86926,983.0,748.05
2021-07-14 09:15:00,1405.4316129,709.40002,3754.0,3003.0,770.95001,3969.0,615.0,1286.25,60.36660944,519.25740712,961.09998,147.95,1087.42,2709.45,,1569.227935,968.25,748.75
2021-07-15 09:15:00,1356.9350079,699.70001,3774.8501,3010.0,770.5,3954.0,613.38999,1297.6,61.38326842,522.69294762,979.0,148.0,1082.0,2710.0,,1561.757792,993.0,752.5
2021-07-16 09:15:00,1366.6343289,699.70001,3762.3501,2994.0,776.0,3958.0,612.5,1295.895,60.1666063,517.29424112,973.59998,146.75,1078.6,2667.5,,1558.570531,1044.9,763.975
2021-07-19 09:15:00,1348.205619,686.0,3779.1001,2989.3,752.29999,3922.0,608.8,1268.0,59.8332733,529.07323712,972.09998,145.0,1079.6,2609.0,,1552.594417,1005.0,743.5
2021-07-20 09:15:00,1299.709014,661.0,3890.0,2996.0,755.0,3887.8999,602.0,1272.5,62.21660091,526.57021029,972.0,144.5,1087.2,2580.0,,1551.996806,999.0,721.0
2021-07-22 09:15:00,1333.6566375,678.0,3890.0,3130.0,750.09998,3920.0,593.0,1231.01,60.69994243,521.31871179,958.09998,144.0,1078.8,2584.95,,1588.650305,970.0,728.05
2021-07-23 09:15:00,1387.002903,700.0,3985.3,3106.0,749.0,3873.0,618.9,1304.4,61.3999384,537.61301904,952.0,144.7,1076.3,2565.95,116.0,1573.71002,984.70001,725.75
2021-07-26 09:15:00,1357.71095358,680.0,3937.0,3079.95,754.0,3852.0,615.0,1319.9,60.88326892,534.96273512,948.0,144.0,1083.8,2544.8,126.35,1543.33144,994.0,715.0
2021-07-27 09:15:00,1361.68767519,682.79999,4120.8999,3079.3999,750.5,3850.0,618.0,1353.115,61.53327493,535.74799171,952.5,144.5,1087.6,2566.1001,141.7,1545.024673,1000.0,718.05
2021-07-28 09:15:00,1364.54897488,668.40002,4100.0,3030.3501,734.79999,3834.0,625.78999,1384.785,60.9999388,529.56402862,921.59998,143.45,973.99,2576.5,131.0,1521.917032,995.0,717.525
2021-07-29 09:15:00,1371.4354928,671.0,4040.0,3004.1001,720.0,3827.8,628.99502,1396.0,63.64993614,563.5267808,894.34998,144.05,950.0,2550.0,134.95,1536.857317,985.54999,714.125
2021-07-30 09:15:00,1367.11929495,661.25,4031.0,3008.0,718.04999,3776.0,641.68501,1460.5,62.81660364,555.47783946,885.09998,142.3,937.0,2528.1499,142.60001,1531.578416,1013.0,709.5
2021-08-02 09:15:00,1391.8525635,682.0,4059.6499,2985.6001,715.0,3874.0,627.0,1437.5,61.6666048,555.57597813,928.29999,144.3,947.8,2558.8,135.75,1558.769735,1034.0,717.5
2021-08-03 09:15:00,1422.8903907,698.0,4090.6001,3020.0,724.0,3830.0,621.5,1425.0,61.2666052,557.53914413,925.0,143.89999,945.68,2609.8,137.0,1568.729925,1030.0,705.0
2021-08-04 09:15:00,1416.100866,718.0,4110.7998,3040.6001,740.5,3835.0,634.3,1428.995,60.8332723,564.41022513,928.15002,144.14999,945.12,2658.0,139.8,1583.67021,1041.1,720.5
2021-08-05 09:15:00,1385.0630388,695.0,4084.8,3034.0,753.0,3842.0,635.4,1420.78,58.66660781,566.86418263,944.20001,145.0,958.8,2650.0,138.75,1532.873241,1040.0,733.55
2021-08-06 09:15:00,1379.2434462,692.95001,4089.8,2995.0,747.0,3833.0,628.5,1407.0,58.96660417,583.55109364,939.0,145.60001,959.68,2734.7,135.5,1538.450947,1061.15,741.775
2021-08-09 09:15:00,1500.19397907,714.0,4109.0,2994.6499,741.0,3858.1499,622.5,1400.76,54.99994482,598.76563014,912.09998,147.5,959.0,2746.0,132.39999,1538.849355,1057.8,746.0
2021-08-10 09:15:00,1443.2589648,701.70001,4024.0,2998.0,755.5,3857.0,622.5,1427.0,57.04993943,591.10929255,920.0,143.7,967.8,2729.05,131.0,1513.94888,1052.5,744.5
2021-08-11 09:15:00,1411.2512055,693.40002,4065.0,2987.3999,765.0,3800.0,617.61001,1409.9,56.41661007,610.74095256,912.90002,142.89999,953.0,2735.55,123.0,1478.092196,1070.95,757.45
2021-08-12 09:15:00,1400.19397956,701.0,4027.0,2974.0,759.0,3746.8,618.1,1421.0,57.29993918,611.52620914,912.0,144.05,949.88,2734.0,135.64999,1493.829296,1071.0,748.5
2021-08-13 09:15:00,1401.5518845,704.45001,4144.9502,2980.8999,757.5,3780.0,621.0,1434.0,58.06660841,611.67346622,906.0,145.05,944.42,2575.0,133.85001,1487.355173,1099.0,750.6
2021-08-16 09:15:00,1388.45780115,704.0,4146.0,2980.0,756.0,3826.0,614.9,1431.64,58.04993843,626.9861414,896.0,143.8,928.0,2554.0,136.39999,1492.932879,1120.95,763.075
2021-08-17 09:15:00,1387.9728351,705.79999,4345.0,2974.0,759.0,3749.0,640.99502,1452.5,58.03327844,622.37269148,891.0,142.10001,933.0,2494.0,132.8,1490.542434,1119.25,758.6
2021-08-18 09:15:00,1398.54509499,696.45001,4850.0,3048.0,763.79999,3810.0,643.4,1473.725,58.69994444,614.37281947,900.20001,139.25,940.0,2526.0,134.5,1476.299362,1157.9,778.35
2021-08-20 09:15:00,1394.7623598,690.0,4719.0,3001.5,745.79999,3780.0,647.19502,1485.635,57.29993918,608.09066864,908.90002,137.5,931.98,2540.0,134.95,1484.018509,1107.5,743.025
2021-08-23 09:15:00,1372.5024181,691.79999,4780.0,3159.05,749.5,3787.8999,674.0,1514.8,57.46660568,607.01094697,898.0,136.3,919.8,2620.0,137.8,1489.048405,1129.0,764.925
2021-08-24 09:15:00,1364.6944647,673.0,4820.0,3092.8,736.0,3690.0,677.5,1536.755,58.33327481,616.38505481,903.0,134.35001,910.4,2557.3999,127.25,1438.251436,1167.95,765.0
2021-08-25 09:15:00,1400.82443543,698.5,4865.0,3026.0,748.20001,3731.45,700.5,1654.5,59.09994071,610.88816056,917.0,136.5,914.0,2559.0,126.0,1460.661864,1159.9,776.05
2021-08-26 09:15:00,1437.4393722,725.0,4776.4502,3064.0,734.09998,3689.6499,690.0,1600.05,60.11660969,598.76563014,912.59998,138.85001,909.79,2564.5,125.25,1440.343076,1159.9,775.0
2021-08-27 09:15:00,1430.6498475,724.0,4717.1001,3040.45,746.5,3707.3999,695.0,1608.0,60.4999393,577.95606072,913.79999,137.89999,901.2,2570.2,126.6,1438.251436,1167.45,776.0
2021-08-30 09:15:00,1468.23471637,730.59998,4790.2002,3056.7,756.0,3717.8999,699.59502,1647.5,61.63326816,585.02346814,924.0,138.60001,923.8,2580.7,127.85,1459.167835,1164.0,777.8
2021-08-31 09:15:00,1471.67797533,732.29999,4766.1001,3108.75,784.90002,3732.95,716.0,1650.0,61.29993517,614.52002748,935.0,143.60001,935.58,2554.0,134.0,1476.100158,1166.0,781.75
2021-09-01 09:15:00,1546.94470629,750.04999,4985.0,3230.05,798.09998,3754.0,752.5,1716.6449,62.3999374,655.69744415,949.0,146.60001,947.8,2680.0,134.55,1503.98869,1190.0,787.5
2021-09-02 09:15:00,1523.7633291,745.0,5039.0498,3312.95,795.5,3789.0,750.0,1686.5,63.58326954,657.61154082,927.0,143.8,962.2,2703.0,132.0,1484.06831,1172.0,787.05
2021-09-03 09:15:00,1531.03781985,755.95001,5054.0,3301.6001,804.5,3726.0,750.0,1677.6801,63.99993579,655.69744415,956.09998,141.89999,975.24,2738.6499,135.95,1503.98869,1173.5,793.05
2021-09-06 09:15:00,1524.7332612,758.40002,5029.0,3342.0,800.84998,3784.45,755.0,1683.5,67.08326603,652.16376498,945.84998,147.8,988.0,2802.6001,149.25,1505.980728,1175.0,789.975
2021-09-07 09:15:00,1537.43937171,753.90002,5020.3999,3333.5,798.0,3796.8,752.88999,1674.9,65.14993464,645.83254482,950.20001,147.0,983.0,2844.8999,144.89999,1531.877222,1214.0,781.25
2021-09-08 09:15:00,1512.99708279,748.79999,4900.0,3345.0,790.0,3769.75,745.7,1676.0,65.33326779,665.51327415,948.0,147.35001,983.0,2803.1001,141.0,1555.781678,1185.0,785.975
2021-09-09 09:15:00,1514.64596736,745.09998,4815.7002,3305.0,789.0,3724.8999,743.0,1659.4,65.58326754,655.55018707,951.15002,149.14999,977.0,2798.0,141.39999,1573.560617,1192.0,787.0
2021-09-13 09:15:00,1501.4548908,748.0,4735.0,3346.6001,786.0,3699.0,743.06499,1674.0,65.83326728,679.25543616,946.0,149.60001,985.78,2815.0,143.25,1603.59059,1192.0,781.0
2021-09-14 09:15:00,1493.59844079,747.79999,4773.0,3384.8999,791.0,3717.3999,748.0,1700.0,65.14993464,682.20018516,954.79999,155.35001,989.98,2818.8,145.14999,1603.59059,1216.0,780.0
2021-09-15 09:15:00,1478.1765204,758.54999,4750.0,3361.8501,796.0,3762.6001,744.5,1685.125,67.94993516,684.16335116,955.0,155.5,987.4,2820.3,142.95,1608.570685,1238.65,767.5
2021-09-16 09:15:00,1477.2065883,769.0,4819.0,3350.0,792.5,3798.0,744.5,1689.0,69.29992714,721.46350517,954.5,162.14999,996.2,2868.0,143.0,1608.570685,1287.2,768.875
2021-09-17 09:15:00,1458.00193272,773.29999,4875.0,3352.0,808.84998,3840.0,744.55,1684.0,68.61660116,707.72134316,960.0,162.7,986.6,2865.3,142.55,1580.931158,1265.0,784.5
2021-09-20 09:15:00,1420.85353329,759.79999,4864.0,3299.95,800.0,3813.3999,736.0,1677.5051,67.49993228,711.64767517,953.0,155.89999,975.0,2856.1001,137.7,1558.769735,1258.0,782.0
2021-09-21 09:15:00,1377.303582,754.0,4858.0,3271.55,795.25,3777.0,748.11499,1710.0,67.19993591,709.5863705,935.0,155.7,953.75,2810.0,137.2,1528.889165,1289.0,781.0
2021-09-22 09:15:00,1391.8525635,750.0,4925.0,3328.5,792.5,3732.0,785.0,1758.9051,68.13326164,713.61084117,952.25,157.25,970.84,2860.0,135.39999,1545.124275,1300.0,774.5
2021-09-23 09:15:00,1409.3113413,754.40002,4931.3999,3340.0,794.34998,3757.1499,786.36001,1778.75,68.99993077,719.892992,965.45001,163.75,973.38,2851.6001,134.5,1572.415195,1326.85,771.0
2021-09-24 09:15:00,1438.4093043,756.0,5156.1001,3330.0,812.54999,3800.0,794.98501,1859.9949,69.33326377,715.6230765,969.59998,168.10001,961.2,2861.5,137.55,1608.570685,1340.0,789.5
2021-09-27 09:15:00,1418.0407302,749.70001,4748.7998,3461.6001,802.90002,3831.0,784.9,1857.0,68.69993441,731.0,965.0,167.0,959.46,2965.0,139.85001,1628.590667,1366.0,807.85
2021-09-28 09:15:00,1510.1842797,754.0,4580.0,3424.8999,802.0,3929.0,781.5,1818.5,68.33326478,724.40002,960.5,168.5,961.98,2882.0,143.89999,1646.419407,1304.95,816.0
2021-09-29 09:15:00,1422.21143823,737.65002,4420.0,3365.0,783.0,3900.0,752.9,1749.8801,70.29992614,697.0,970.5,174.5,966.6,2870.0,138.0,1635.463198,1270.0,798.5
2021-09-30 09:15:00,1440.05818887,745.79999,4445.0,3329.8999,779.90002,3892.25,754.5,1750.0,68.66659778,695.79999,988.0,187.60001,977.98,2843.0,139.2,1653.39154,1291.45,793.0
2021-10-01 09:15:00,1420.9505265,735.84998,4481.6001,3248.0,763.40002,3820.0,762.0,1773.6051,66.66659978,687.34998,980.0,185.39999,970.6,2787.0,137.3,1653.341739,1274.0,791.5
2021-10-04 09:15:00,1426.7701191,738.84998,4459.8999,3202.8,771.09998,3856.45,758.8,1735.9949,67.33326578,675.0,986.0,192.5,991.0,2760.0,139.10001,1645.423388,1281.5,794.5
2021-10-05 09:15:00,1469.4471315,744.15002,4571.0,3208.55,774.40002,3824.45,768.3,1775.4,68.93326417,684.40002,961.79999,191.0,1007.42,2730.0,138.75,1634.616582,1270.0,796.0
2021-10-06 09:15:00,1483.80212658,747.70001,4495.0,3262.0,782.25,3876.0,781.0,1797.4,68.63326114,705.75,935.54999,200.0,1003.5,2770.0,138.75,1614.546799,1312.0,798.0
2021-10-07 09:15:00,1457.66245649,730.0,4410.0,3220.0,790.0,3815.0,784.58999,1780.0,66.99993278,695.75,920.0,194.75,995.18,2755.0,136.75,1602.54477,1284.05,813.3
2021-10-08 09:15:00,1476.2366562,739.70001,4459.0,3307.0,781.90002,3843.55,775.0,1762.0,67.66659878,695.15002,923.0,191.10001,981.33,2840.0,138.0,1589.646324,1306.3,806.0
2021-10-11 09:15:00,1506.3045513,743.90002,4401.1001,3326.3999,782.0,3845.0,777.38999,1766.565,66.7165964,693.09998,922.79999,192.0,974.0,2830.0,137.5,1600.602533,1300.0,799.95
2021-10-12 09:15:00,1492.7255019,737.65002,4349.0,3280.0,788.0,3860.0,781.0,1771.3949,69.56659687,691.0,913.5,199.2,980.0,2860.0,137.3,1645.174383,1306.95,812.5
2021-10-13 09:15:00,1521.29000225,740.59998,4385.0,3343.0,799.95001,3994.95,790.78999,1835.5,70.3665994,689.0,921.65002,194.0,981.8,2911.0,137.25,1631.130515,1263.0,818.5
2021-10-14 09:15:00,1532.492718,766.09998,4403.9502,3342.0,799.0,3970.0,796.9,1835.0,69.76659667,693.0,917.45001,190.0,984.8,2905.0,135.89999,1673.31192,1289.4,819.0
2021-10-18 09:15:00,1622.6479067,820.90002,4449.0,3252.5,820.0,3861.0,805.0,1885.0,68.41659803,700.0,911.34998,184.8,989.0,2881.0,136.0,1754.985478,1240.0,852.5
2021-10-19 09:15:00,1576.33364892,815.0,4352.0,3260.8999,820.0,3930.2,789.0,1900.0,73.06659336,699.0,906.0,187.3,981.0,2842.7,144.89999,1750.005383,1230.0,837.725
2021-10-20 09:15:00,1526.6731254,792.0,4301.0498,3190.0,800.59998,3903.75,774.1,1906.3,68.94993416,683.40002,905.0,182.7,960.21,2705.0,138.5,1703.292092,1239.0,844.55
2021-10-21 09:15:00,1553.7827276,799.0,4187.0,3194.0,807.95001,3870.0,783.0,1878.8,68.61660116,710.95001,914.45001,182.0,956.0,2677.0,139.75,1702.594879,1238.9,835.9
2021-10-22 09:15:00,1547.09019611,780.29999,4155.5,2975.0,812.0,3839.45,775.6,1860.0,68.36660141,698.5,911.54999,183.39999,931.0,2692.0,138.95,1741.638823,1203.25,840.05
2021-10-25 09:15:00,1498.5450945,765.0,4045.3999,2950.0,830.09998,3854.0,775.0,1870.0,67.49993228,693.0,895.90002,176.25,930.18,2602.5,138.0,1693.2323,1184.05,845.0
2021-10-26 09:15:00,1485.9359772,752.0,4164.0,2918.05,848.40002,3779.8501,769.5,1820.0,67.09993268,695.0,908.90002,173.0,939.0,2579.8999,133.0,1710.164623,1170.0,825.0
2021-10-27 09:15:00,1501.4548908,753.65002,4278.7998,3029.2,840.0,3795.0,787.0,1859.9,68.81659762,699.40002,916.95001,175.7,931.1,2592.0,136.2,1737.057136,1170.0,826.375
2021-10-28 09:15:00,1503.394755,724.34998,4277.7998,3103.0,787.5,3854.95,754.0,1801.2,69.01659742,702.75,922.40002,173.0,935.0,2583.8999,135.35001,1729.039183,1183.3,825.0
2021-10-29 09:15:00,1357.90494,697.0,4289.5,3125.0,762.0,3720.0,748.0,1798.7699,65.93326718,692.20001,893.0,165.0,918.6,2530.0,135.0,1698.212395,1152.0,795.0
2021-11-01 09:15:00,1392.8224956,705.0,4281.2002,3128.0,755.0,3721.8,743.0,1790.0,69.23326387,689.95001,917.0,165.0,937.0,2490.0,133.60001,1715.144718,1143.5,792.5
2021-11-02 09:15:00,1411.2512055,707.0,4340.0,3120.0,752.5,3735.0,746.67002,1765.0,67.33326578,712.5,910.0,171.45,959.97,2559.0,132.7,1784.866048,1191.0,803.0
2021-11-03 09:15:00,1429.6799154,702.0,4317.0,3102.1001,759.45001,3726.2,748.6,1757.9699,67.31659913,725.75,909.54999,168.2,951.8,2540.3,132.89999,1738.053155,1175.0,802.55
2021-11-04 18:00:00,1450.0484895,713.0,4448.0,3179.0,757.0,3718.5,756.1,1765.0,67.39993238,704.0,912.65002,171.2,955.0,2580.0,130.0,1789.846143,1185.0,797.5
2021-11-08 09:15:00,1450.0484895,717.0,4438.6001,3165.0,761.0,3791.0,754.38999,1765.09,67.18326593,707.45001,917.95001,171.0,952.0,2724.75,132.95,1784.46764,1187.45,796.05
2021-11-09 09:15:00,1508.2444155,731.0,4454.0,3140.0,750.0,3780.0,770.0,1832.0,70.81659562,711.70001,913.0,172.05,958.0,2701.2,133.0,1843.631169,1188.0,797.3
2021-11-10 09:15:00,1576.67312516,736.40002,4522.1001,3132.0,742.70001,3790.0,754.5,1814.25,73.63325613,717.5,910.0,169.89999,956.82,2720.0,136.5,1839.547491,1164.0,784.0
2021-11-11 09:15:00,1600.387965,734.95001,4545.1001,3090.0,748.0,3774.5,757.02002,1825.0,73.24992651,735.0,912.45001,165.89999,966.2,2730.0,142.0,1870.324478,1166.0,775.025
2021-11-12 09:15:00,1627.83704343,737.70001,4612.8999,3089.0,742.79999,3782.0,750.0,1813.5,75.16659125,733.0,910.79999,168.85001,970.0,2725.0,142.0,1850.5037,1168.9,775.0
2021-11-15 09:15:00,1662.22113638,753.90002,4800.7998,3126.0,738.0,3651.0,757.9,1827.5,74.9165915,740.0,915.0,164.25,968.2,2715.0,149.0,1851.649122,1171.0,781.05
2021-11-16 09:15:00,1706.54703335,752.70001,5080.0,3165.0,733.25,3612.8999,752.5,1823.0,74.14992561,741.34998,943.15002,161.0,980.2,2684.3999,161.14999,1852.59534,1170.9,777.5
2021-11-17 09:15:00,1662.4636194,744.40002,5080.0,3170.0,721.0,3610.0,752.8,1818.5,72.56659386,724.54999,921.75,159.05,963.52,2729.95,155.95,1818.033481,1160.5,768.45
2021-11-18 09:15:00,1656.6440268,739.45001,5733.9502,3249.8501,715.0,3590.5,762.0,1825.6,71.84992791,720.59998,905.29999,156.05,951.96,2675.0,158.89999,1776.101081,1148.0,763.025
2021-11-22 09:15:00,1640.54315394,725.0,5597.0,3241.0,713.0,3570.0,749.2,1814.0,69.96659314,740.0,893.0,152.2,935.29,2600.0,158.25,1762.40582,1120.2,773.0
2021-11-23 09:15:00,1610.23277582,714.0,5374.5,3261.25,681.0,3440.0,700.0,1688.0,67.83326528,745.0,891.70001,150.0,920.0,2536.0,150.0,1771.917801,1105.0,751.0
2021-11-24 09:15:00,1669.83510336,735.65002,5466.0,3186.05,690.0,3459.0,716.0,1743.2,70.6999324,764.0,911.0,158.3,925.78,2599.2,151.10001,1782.87401,1120.0,762.0
2021-11-25 09:15:00,1709.9417957,764.79999,5400.0,3156.5,686.0,3402.0,715.0,1734.9,69.44993366,759.04999,894.0,161.5,922.8,2545.0,157.0,1709.168604,1116.5,757.4
2021-11-26 09:15:00,1687.681854,750.0,5709.0,3101.0,669.0,3370.0,702.1,1720.0,69.49993027,763.0,892.0,157.75,916.0,2495.0,158.45,1750.304189,1120.0,750.0
2021-11-29 09:15:00,1605.2376255,707.0,5770.0,3131.0,665.04999,3321.0,676.7,1667.0,65.41660104,752.0,974.0,155.89999,970.0,2433.8999,148.8,1673.31192,1101.1,747.4
2021-11-30 09:15:00,1617.8467428,704.0,5755.0,3116.1499,648.0,3296.0,691.0,1688.0,65.74993403,740.0,965.0,158.5,942.78,2415.8,149.95,1673.31192,1133.0,747.5
2021-12-01 09:15:00,1643.0649774,695.0,5718.7002,3155.8999,664.90002,3280.0,703.22002,1744.4,67.99993178,733.0,980.75,153.60001,939.2,2410.0,153.0,1660.363673,1146.0,747.5
2021-12-02 09:15:00,1641.61007925,710.0,5625.75,3160.0,675.0,3259.95,709.0,1740.0,68.03326841,723.90002,937.95001,156.89999,921.98,2440.0,151.60001,1669.925455,1161.9,752.25
2021-12-03 09:15:00,1681.8622614,739.0,5592.9502,3185.0,679.09998,3335.0,716.0,1775.0,68.61660116,730.0,930.0,159.0,930.44,2450.0,152.10001,1728.34197,1188.0,762.9
2021-12-06 09:15:00,1658.583891,739.0,5467.0,3115.0,674.0,3297.8,706.925,1748.7,68.88326089,718.0,915.09998,152.0,921.85,2460.0,146.60001,1694.228319,1169.9,756.5
2021-12-07 09:15:00,1609.02036069,729.0,5299.7998,3040.0,672.0,3284.95,704.8,1714.0,69.79992664,702.34998,898.29999,150.10001,904.0,2455.1001,141.35001,1660.363673,1150.0,756.975
2021-12-08 09:15:00,1629.29194158,751.20001,5313.0,3031.8999,695.0,3302.8501,712.0,1716.6,70.34992942,705.0,895.0,151.25,905.45,2465.0,141.0,1693.2323,1157.4,768.0
2021-12-09 09:15:00,1673.1328725,766.70001,5370.0,3152.3999,698.15002,3350.0,740.0,1762.535,68.69993441,716.79999,900.0,151.75,920.0,2505.55,148.64999,1722.913666,1179.8,772.6
2021-12-10 09:15:00,1659.16585026,768.84998,5265.0,3184.0,690.09998,3320.2,737.4,1758.0,69.19993391,711.0,895.0,152.64999,922.0,2532.2,144.10001,1708.172585,1155.2,762.45
2021-12-13 09:15:00,1702.2308355,775.0,5286.7002,3285.1001,699.0,3367.0,747.0,1775.0,68.93326417,715.0,895.20001,152.8,935.6,2554.8999,142.2,1754.985478,1166.0,763.0
2021-12-14 09:15:00,1660.5237552,755.90002,5126.0,3274.0,701.0,3300.0,718.0,1720.0,69.79992664,701.0,893.5,149.0,919.2,2477.0,144.7,1708.172585,1156.0,751.25
2021-12-15 09:15:00,1668.283212,763.70001,5230.0,3278.1499,712.40002,3289.6499,707.25,1716.9,69.83326327,691.75,896.20001,149.14999,929.02,2480.0,140.5,1708.172585,1158.25,751.5
2021-12-16 09:15:00,1655.96507433,752.0,5229.9502,3325.0,719.0,3327.75,694.5,1687.0,69.66659677,689.90002,903.5,148.10001,926.0,2502.0,141.89999,1705.084926,1156.0,756.4
2021-12-17 09:15:00,1647.8661413,744.5,5200.0,3275.0,707.5,3248.05,700.0,1665.0,69.24993052,681.0,882.0,149.10001,926.0,2466.0,138.95,1698.760205,1172.0,748.5
2021-12-20 09:15:00,1580.0193909,717.0,4780.0,3227.0,680.95001,3149.8999,685.0,1594.0,66.96659615,659.15002,864.0,145.35001,899.24,2420.0,135.3,1649.20826,1160.0,726.0
2021-12-21 09:15:00,1572.35692731,710.0,4760.0,3247.0,683.0,3112.0,672.51499,1615.0,65.13326465,663.95001,893.79999,141.8,912.21,2417.0,128.85001,1611.708145,1168.9,719.75
2021-12-22 09:15:00,1582.20173813,727.0,4900.2002,3275.7,670.0,3132.0,663.5,1593.1,66.83326628,667.0,889.0,145.45,928.0,2425.0,133.05,1641.33971,1218.0,726.15
2021-12-23 09:15:00,1624.34528787,732.79999,4803.0,3290.0,677.0,3150.0,684.0,1610.0,68.13326164,689.0,892.0,146.25,934.74,2500.0,140.05,1640.443293,1229.9,726.625
2021-12-24 09:15:00,1629.485928,732.5,4880.0,3280.0,681.15002,3181.3,698.48999,1625.0,69.39993037,682.09998,910.20001,148.0,945.0,2485.2,134.5,1653.590744,1262.15,722.75
2021-12-27 09:15:00,1643.79242648,717.0,4854.3501,3280.1001,663.04999,3145.0,675.1,1561.035,67.99993178,674.95001,912.90002,145.0,924.82,2446.0,131.35001,1594.128409,1268.0,714.45
2021-12-28 09:15:00,1687.681854,727.09998,4854.7998,3275.95,677.29999,3161.2,698.0,1617.235,69.59993017,679.84998,932.0,146.25,947.38,2456.6499,133.7,1610.562723,1270.0,730.35
2021-12-29 09:15:00,1698.3511071,729.0,4865.0,3372.2,674.5,3188.75,688.48999,1610.03,68.96659414,679.95001,938.0,149.25,948.76,2471.0,132.7,1617.534856,1283.0,728.025
2021-12-30 09:15:00,1662.4636194,722.90002,4999.9502,3363.25,668.0,3278.0,689.98999,1620.0,69.93326317,677.5,937.0,146.75,966.0,2562.25,137.05,1598.610495,1291.9,729.25
2021-12-31 09:15:00,1643.9864129,725.0,4980.0,3390.0,672.95001,3230.0,688.2,1619.755,69.99992977,680.5,955.0,145.95,980.8,2558.0,133.85001,1596.718059,1320.0,730.75
2022-01-03 09:15:00,1661.4936873,732.0,5038.4502,3383.0,680.25,3258.7,697.5,1640.65,69.91659652,687.79999,947.04999,147.25,981.4,2620.1001,139.7,1623.261965,1316.35,742.5
2022-01-04 09:15:00,1673.86032158,743.0,5015.0,3434.0,701.0,3284.0,725.0,1709.9,70.83326227,692.25,937.45001,156.0,972.2,2715.0,141.35001,1664.347749,1329.5,760.0
2022-01-05 09:15:00,1670.2230762,739.0,4962.0,3470.0,711.90002,3289.1499,746.98999,1710.0,71.91659451,700.90002,926.5,153.0,976.0,2691.0,137.89999,1678.292015,1329.0,768.4
2022-01-06 09:15:00,1658.583891,748.90002,4970.0,3491.1499,719.95001,3344.8,752.5,1770.1,70.33326277,702.0,928.54999,154.5,958.08,2748.0,133.0,1739.148776,1290.0,771.5
2022-01-07 09:15:00,1668.18621879,744.70001,4960.0,3514.6499,734.0,3437.5,776.39502,1807.5,70.63325914,713.90002,926.40002,155.0,953.89,2825.0,130.0,1715.144718,1297.55,772.0
2022-01-10 09:15:00,1656.20755735,737.09998,5021.8501,3580.0,733.65002,3414.8,768.6,1780.0,69.64993012,705.40002,914.75,157.8,945.68,2820.05,130.5,1802.79439,1304.85,779.0
2022-01-11 09:15:00,1705.1406318,738.65002,5050.0,3550.6001,742.90002,3413.0,773.9,1770.0,70.33326277,703.0,917.5,160.64999,942.0,2814.0,131.0,1826.848249,1288.65,780.775
2022-01-12 09:15:00,1816.6828233,769.5,5075.0,3556.8999,749.65002,3446.1001,772.6,1790.0,70.33326277,707.95001,918.40002,160.39999,936.0,2802.0,132.10001,1850.553501,1354.0,784.0
2022-01-13 09:15:00,1778.8554714,763.0,5024.8999,3560.0,749.0,3445.8999,782.8,1799.7699,70.63325914,729.0,912.0,159.35001,940.0,2810.1499,132.5,1872.51572,1340.0,777.5
2022-01-14 09:15:00,1794.374385,769.0,4997.8999,3462.0,734.79999,3451.0,777.5,1804.4,69.69993341,729.95001,926.04999,164.75,944.04,2838.0,133.10001,1852.495738,1320.0,765.0
2022-01-17 09:15:00,1819.5926196,783.5,4974.0,3364.3999,719.0,3450.0,781.95,1829.0,73.99992576,720.0,915.59998,165.60001,933.1,2804.0,133.60001,1849.906089,1273.0,765.0
2022-01-18 09:15:00,1828.3220085,780.0,4900.0,3379.05,717.5,3488.95,789.99502,1837.685,72.76659366,727.0,910.20001,164.0,934.0,2859.3,134.5,1920.274831,1269.95,766.5
2022-01-19 09:15:00,1784.48107758,761.75,4615.0,3370.0,725.20001,3400.95,785.0,1824.0,69.71659339,714.0,900.04999,161.0,939.0,2736.25,131.7,1837.655055,1220.0,767.0
2022-01-20 09:15:00,1799.2240455,744.0,4525.0,3282.0,731.04999,3398.8999,761.0,1807.5,69.66659677,706.0,895.0,164.5,942.4,2725.0,127.95,1809.766523,1200.0,764.225
2022-01-21 09:15:00,1804.89814829,732.0,4649.9502,3300.05,722.0,3308.75,740.25,1700.0,70.46659264,709.59998,880.0,163.3,912.25,2723.5,125.15,1821.718751,1175.35,750.0
2022-01-24 09:15:00,1767.2162862,723.90002,4690.0,3268.0,715.0,3421.0,735.0,1638.85,68.98326412,690.29999,871.5,158.2,897.22,2695.2,114.0,1784.666844,1162.5,754.975
2022-01-25 09:15:00,1617.8467428,696.0,4415.0,3100.0,714.0,3359.0,690.0,1555.05,65.43326769,684.0,891.40002,155.0,872.87,2622.1001,90.949997,1661.957303,1115.0,729.325
2022-01-27 09:15:00,1666.3433478,699.79999,4427.0,3140.1001,744.0,3445.0,682.36001,1538.6,67.29992915,706.5,901.0,158.89999,868.0,2690.0,98.0,1690.343845,1115.0,725.0
2022-01-28 09:15:00,1651.30940025,713.0,4346.0,3130.0,778.09998,3505.0,696.10498,1560.1,68.91659752,714.90002,926.54999,160.60001,849.76,2655.2,93.599998,1693.2323,1079.0,738.75
2022-01-31 09:15:00,1657.5654623,719.70001,4584.0,3140.0,775.45001,3520.0,697.98999,1559.0,71.56659487,728.0,939.0,163.39999,849.99,2644.8999,91.349998,1699.108812,1100.65,736.375
2022-02-01 09:15:00,1675.9941722,721.0,4478.7998,3194.0,778.09998,3577.0,707.58999,1582.895,70.54992589,733.0,948.0,162.0,864.0,2658.7,91.75,1729.686595,1116.7,754.25
2022-02-02 09:15:00,1702.2308355,723.90002,4530.0,3204.8,790.0,3540.0,710.0,1603.01,69.84992992,726.09998,945.5,163.0,865.0,2622.2,95.75,1772.91382,1142.9,755.975
2022-02-03 09:15:00,1718.6711846,744.04999,4667.9502,3212.8501,802.20001,3550.0,725.3,1670.6,70.33326277,726.0,953.0,163.10001,883.6,2675.1001,98.5,1771.967602,1162.0,764.375
2022-02-04 09:15:00,1705.1406318,735.0,4640.0,3188.0,796.95001,3621.1001,709.0,1634.8,69.81659662,721.09998,951.25,161.3,880.91,2676.1499,97.199997,1725.802121,1160.0,764.2
2022-02-07 09:15:00,1711.9301565,728.79999,4687.3999,3234.0,802.5,3570.0,716.5,1616.0,68.29992814,718.0,946.20001,160.64999,864.0,2631.5,95.099998,1718.182576,1157.0,756.05
2022-02-08 09:15:00,1687.09989474,719.0,4497.5,3179.0,794.0,3476.1001,700.0,1581.0,67.39993238,711.20001,933.29999,161.85001,861.8,2615.0,94.349998,1714.497306,1158.95,738.2
2022-02-09 09:15:00,1672.74489966,722.0,4514.7002,3230.0,801.0,3452.0,712.85498,1618.0,66.46659665,707.09998,954.79999,160.5,864.44,2598.95,94.5,1711.260244,1172.0,737.0
2022-02-10 09:15:00,1744.9078479,736.90002,4576.0498,3220.0,807.54999,3563.3501,713.5,1634.49,67.64993213,722.95001,969.0,169.0,877.0,2625.8,94.900002,1719.726405,1184.95,757.0
2022-02-11 09:15:00,1710.9602244,727.90002,4610.0,3229.95,800.95001,3530.0,704.0,1600.0,66.94993616,721.70001,956.5,167.95,862.2,2625.0,92.75,1743.03325,1179.0,750.125
2022-02-14 09:15:00,1684.09310523,714.79999,4479.1001,3140.0,790.0,3465.0,681.0,1580.5,65.66660078,704.0,947.0,166.10001,850.0,2565.0,87.0,1689.845835,1135.35,745.0
2022-02-15 09:15:00,1586.8089156,699.70001,4530.0,3140.0,777.0,3490.0,680.0,1589.0,65.39993439,696.0,916.54999,162.75,846.8,2540.0,83.5,1652.694327,1153.5,738.0
2022-02-16 09:15:00,1691.80406542,724.90002,4695.0,3280.0,795.0,3599.0,718.5,1642.8,66.58326653,717.40002,938.0,165.25,855.6,2708.0,85.0,1707.973381,1178.0,767.175
2022-02-17 09:15:00,1697.381175,741.09998,4584.0,3273.0,797.0,3590.1001,712.0,1636.6,66.41660003,724.45001,934.79999,164.7,864.58,2729.95,86.5,1731.031221,1174.0,756.55
2022-02-18 09:15:00,1686.7119219,729.90002,4504.0,3236.1499,781.15002,3597.0,702.0,1606.1,66.66659978,712.04999,927.5,163.0,856.0,2703.2,88.099998,1695.224338,1152.85,749.15
2022-02-21 09:15:00,1686.51793548,722.70001,4471.0,3235.0,783.54999,3624.1499,700.0,1603.8,65.99993378,708.04999,903.09998,163.14999,875.2,2688.0,84.199997,1697.216376,1153.1,752.0
2022-02-22 09:15:00,1586.90590881,698.0,4327.0,3120.0,766.09998,3520.0,680.0,1530.0,64.99993479,694.20001,893.20001,159.5,837.99,2630.0,78.0,1630.632506,1132.0,744.9
2022-02-23 09:15:00,1631.4257922,711.0,4595.0,3236.8999,783.5,3615.1001,706.0,1639.0,65.79993065,700.09998,915.25,160.35001,852.0,2733.8999,82.0,1683.371712,1156.0,762.55
2022-02-24 09:15:00,1577.1095946,682.0,4425.0,3130.0,752.40002,3485.5,680.0,1560.0,65.23326789,682.0,899.79999,154.0,810.0,2630.3,78.650002,1618.530875,1106.0,724.95
2022-02-25 09:15:00,1546.0717674,674.5,4570.0,3105.0,742.29999,3490.1001,680.0,1578.8,64.28327217,677.5,903.0,152.25,822.8,2635.2,82.0,1573.71002,1115.6,719.975
2022-02-28 09:15:00,1555.52860537,690.0,4615.0,3090.0,749.90002,3497.7,686.0,1570.0,65.68326743,681.0,920.04999,162.45,830.0,2600.0,79.0,1546.319498,1119.6,713.0
2022-03-02 09:15:00,1588.7487798,702.95001,4827.0,3107.0,728.70001,3498.3,691.8,1570.5,69.18326392,684.0,911.09998,171.0,812.27,2574.8,80.0,1565.741868,1124.65,693.25
2022-03-03 09:15:00,1619.786607,718.79999,4880.0,3029.0,756.0,3399.0,692.0,1630.0,72.66659376,675.0,925.0,189.60001,775.8,2539.0,81.5,1551.797602,1125.0,690.5
2022-03-04 09:15:00,1573.03587978,699.90002,4880.0,2863.8,723.0,3251.0,668.83999,1559.0,71.33326177,665.0,929.0,188.95,742.0,2400.0,80.5,1479.088215,1128.0,680.0
2022-03-07 09:15:00,1542.192039,690.0,4620.0,2649.8999,693.0,3185.0,635.0,1499.4,70.93326217,640.0,921.90002,185.95,749.8,2230.0,79.0,1439.247455,1111.0,659.25
2022-03-08 09:15:00,1527.54606429,679.65002,4660.0,2690.0,665.0,3229.0,612.8,1440.0,72.14992761,675.0,938.0,189.0,750.0,2251.0,79.25,1434.26736,1156.0,651.1
2022-03-09 09:15:00,1561.20270816,697.0,4779.0,2750.0,671.5,3320.0,621.95,1450.11,71.46659163,682.0,969.54999,190.0,780.3,2275.0,79.449997,1459.865048,1180.0,665.0
2022-03-10 09:15:00,1631.4257922,727.90002,4805.6001,3000.0,707.90002,3399.0,679.4,1564.9,75.11659464,699.95001,982.04999,184.0,795.0,2375.0,82.550003,1543.82945,1198.2,713.5
2022-03-11 09:15:00,1697.381175,729.5,4748.0,2917.0,691.90002,3400.0,655.0,1540.0,72.74992701,696.70001,984.25,181.0,778.6,2290.0,82.400002,1547.564521,1180.0,694.0
2022-03-14 09:15:00,1679.9223972,725.95001,4890.0,2950.0,694.70001,3402.0,660.1,1547.56,71.99992776,688.15002,1045.0,181.0,792.2,2290.0,80.699997,1550.004768,1193.45,707.5
2022-03-15 09:15:00,1687.681854,733.0,4949.9502,2998.0,713.0,3441.0,667.72002,1574.9,69.33326377,699.0,1045.0,179.89999,791.6,2320.0,79.300003,1566.737887,1207.0,721.75
2022-03-16 09:15:00,1672.1629404,726.0,4893.6001,3043.0,711.0,3490.05,678.0,1590.06,69.63326014,710.0,1077.0,173.0,794.8,2338.7,80.0,1573.261811,1190.15,723.5
2022-03-17 09:15:00,1722.21143676,730.5,4947.0,3113.5,737.0,3580.0,694.77002,1639.9,70.06659637,720.0,1056.0,179.0,793.02,2378.8999,77.199997,1613.55078,1215.0,736.0
2022-03-21 09:15:00,1780.84383221,741.0,4875.0,3117.3,745.0,3650.45,700.0,1639.9949,69.99992977,722.0,1067.8,177.85001,814.8,2448.95,82.0,1600.602533,1199.9,743.5
2022-03-22 09:15:00,1748.73907969,735.0,4798.0,3024.0,729.0,3580.0,687.0,1625.0,69.76659667,708.5,1045.0,183.64999,804.2,2378.75,80.949997,1563.20202,1170.0,740.65
2022-03-23 09:15:00,1792.4830174,747.95001,4697.5,3060.0,736.09998,3664.95,705.0,1660.0,71.29992513,719.25,1044.9,182.60001,808.0,2393.0,82.0,1588.152295,1190.0,753.5
2022-03-24 09:15:00,1760.4267615,733.0,4599.9502,2969.5,719.09998,3590.3,696.9,1635.0,68.63326114,698.0,1014.0,183.7,822.6,2385.0,80.699997,1570.721963,1169.0,733.0
2022-03-25 09:15:00,1780.35886616,737.0,4670.0,3025.3501,723.29999,3592.0,705.9,1650.0,69.36660041,712.29999,1033.3,187.39999,865.4,2385.0,81.0,1595.124429,1199.0,725.5
2022-03-28 09:15:00,1820.46555849,747.0,4712.7998,3046.95,726.0,3654.3501,699.0,1640.0,68.66659778,715.25,1022.0,186.10001,871.96,2350.0,80.599998,1588.451101,1184.9,715.45
2022-03-29 09:15:00,1861.54218293,741.0,4685.8999,3069.0,741.65002,3697.8,704.0,1653.6,68.66659778,740.40002,1020.2,192.0,858.8,2378.5,80.050003,1612.554761,1167.0,720.5
2022-03-30 09:15:00,1869.73810917,768.79999,4677.0,3078.0,747.0,3729.6499,710.0,1660.0,70.63325914,762.75,1043.0,187.95,870.56,2488.1001,79.0,1631.479122,1177.35,736.0
2022-03-31 09:15:00,1944.7138605,767.40002,4625.0,3115.0,763.0,3680.0,728.79502,1710.0,70.06659637,753.0,1030.0,184.14999,870.6,2483.8501,88.699997,1663.35173,1174.8,735.5
2022-04-01 09:15:00,1957.3229778,774.5,4558.0,3110.0,760.0,3636.0,722.99502,1703.0,70.31659612,759.79999,1023.0,183.8,859.0,2457.1499,82.099998,1654.586763,1161.0,738.2
2022-04-04 09:15:00,1988.360805,791.0,4557.0,3124.95,780.0,3750.0,744.9,1719.9,72.49992726,757.84998,1018.0,185.5,868.0,2495.0,84.400002,1660.363673,1173.2,790.0
2022-04-05 09:15:00,2015.5189038,840.0,4605.0,3110.0,776.0,3765.0,743.5,1722.0,73.79992262,767.79999,1035.0,188.0,867.78,2525.0,83.0,1681.280072,1190.0,833.35
2022-04-06 09:15:00,2088.99126038,852.95001,4567.0,3137.0,777.0,3801.0,735.0,1681.885,72.66659376,764.0,1014.0,188.7,866.0,2531.0,83.75,1693.2323,1190.0,793.85
2022-04-07 09:15:00,2100.824432,850.0,4531.0,3154.0,769.5,3801.8501,731.0,1665.0,73.99992576,775.0,1036.0,195.0,859.0,2523.0,84.800003,1682.7741,1165.6,770.65
2022-04-08 09:15:00,2051.4063915,823.0,4574.0,3168.0,794.90002,3812.3,732.82998,1670.0,79.56658684,768.34998,1038.45,194.7,869.4,2548.0,83.5,1669.327844,1179.0,756.05
2022-04-11 09:15:00,2116.24644938,840.0,4607.0,3184.0,789.45001,3820.0,734.50498,1667.5,80.61658912,757.0,1012.0,194.5,886.0,2549.8999,83.150002,1777.595109,1164.0,753.0
2022-04-12 09:15:00,2122.2114348,853.90002,4669.0,3154.7,780.09998,3768.5,729.99502,1650.2,81.31658508,759.95001,1021.5,195.75,875.2,2534.0,84.300003,1794.826238,1129.8,742.0
2022-04-13 09:15:00,2143.549941,849.90002,4629.0,3117.2,805.79999,3712.05,731.3,1640.4,81.34991838,742.0,1031.0,188.0,870.2,2530.0,82.5,1750.005383,1135.0,745.0
2022-04-18 09:15:00,2114.25799158,831.34998,4724.5,3056.0,780.0,3690.0,726.55,1604.0,81.99991773,736.65002,1016.6,186.60001,855.0,2480.0,83.699997,1753.989459,1110.0,709.425
2022-04-19 09:15:00,2177.4975645,849.0,4594.0,3030.0,805.0,3740.0,730.0,1599.9,84.99991472,739.0,1034.7,191.45,862.0,2516.0,83.099998,1747.017326,1115.9,690.45
2022-04-20 09:15:00,2112.5121138,825.59998,4806.0,2991.3,800.84998,3666.0,727.49502,1572.1,84.23324882,730.04999,1001.9,199.95,843.4,2480.0,81.599998,1711.459448,1075.0,677.225
2022-04-21 09:15:00,2149.3695336,833.0,4840.0,3089.8,795.09998,3705.0,709.9,1560.1,84.81658157,743.90002,1016.05,201.2,863.8,2550.0,81.099998,1738.053155,1095.0,682.5
2022-04-22 09:15:00,2227.9340337,847.45001,4849.9502,3121.5,796.0,3670.0,708.0,1570.005,84.14991557,731.0,998.0,206.05,859.39,2630.95,80.699997,1741.041212,1086.6,680.0
2022-04-25 09:15:00,2191.99804939,873.95001,4765.6001,3134.0,772.0,3602.0,700.0,1535.0,83.33324973,729.95001,957.09998,199.64999,830.0,2610.0,80.5,1681.280072,1096.9,675.0
2022-04-26 09:15:00,2227.9340337,868.0,4733.0,3130.0,791.0,3704.95,713.1,1555.0,82.34991738,745.0,958.15002,192.2,835.0,2613.0,80.599998,1698.212395,1104.0,686.0
2022-04-27 09:15:00,2332.63820389,914.04999,4620.0,3096.0,765.59998,3870.0,710.0,1534.11,82.51658388,750.0,965.20001,190.8,830.91,2625.0,79.400002,1689.248224,1087.0,680.0
2022-04-28 09:15:00,2288.89436318,899.0,4580.0,3190.0,776.90002,4000.0,674.8,1500.0,83.33324973,751.0,988.0,189.0,820.0,2683.95,77.349998,1710.164623,1092.0,686.0
2022-04-29 09:15:00,2317.1677869,892.70001,4545.0,3249.0,765.0,3805.0,680.0,1528.0,82.58325048,752.0,981.29999,192.5,832.0,2684.0,74.699997,1709.567012,1094.0,690.175
2022-05-02 09:15:00,2255.0921325,850.0,4440.0,3195.0,722.0,3720.0,655.0,1461.285,78.33325474,734.0,979.0,182.7,824.43,2624.8999,71.75,1669.327844,1073.0,681.025
2022-05-04 09:15:00,2287.77884427,860.5,4302.5,3178.0,733.0,3625.0,662.98999,1495.735,79.66658674,737.0,977.5,188.75,824.8,2523.0,69.75,1673.411522,1075.9,700.0
2022-05-05 09:15:00,2201.745867,820.90002,4042.0,3104.75,716.0,3538.8,640.0,1449.9,78.28325813,726.0,959.95001,189.5,810.0,2494.05,65.75,1625.453207,1059.0,687.5
2022-05-06 09:15:00,2143.549941,797.90002,3898.6499,3020.0,690.0,3488.3,620.1,1380.0,77.416589,711.25,937.79999,184.5,785.96,2410.0,59.299999,1584.068618,1049.9,665.0
2022-05-09 09:15:00,2162.46361695,807.45001,3805.0,3000.8501,660.20001,3490.0,596.1,1354.0,74.99992475,706.09998,934.75,185.95,785.8,2344.95,59.599998,1543.779649,1044.0,650.0
2022-05-10 09:15:00,2124.151299,795.20001,3770.0,3051.0,663.70001,3564.95,600.0,1382.0,74.99992475,711.0,930.0,182.0,780.0,2344.3,55.75,1544.825469,1073.0,657.525
2022-05-11 09:15:00,2046.16885515,771.0,3709.8999,3090.3999,661.70001,3600.0,595.7,1372.5,74.96658812,719.65002,912.0,171.7,779.1,2396.25,52.0,1535.861298,1069.0,676.5
2022-05-12 09:15:00,2039.7672063,759.0,3650.0,3042.0,667.0,3585.0,575.0,1326.9,73.33325976,715.25,935.0,167.85001,772.3,2369.0,53.799999,1520.921013,1050.1,660.55
2022-05-13 09:15:00,2021.82346245,727.0,3601.8999,3074.3999,656.40002,3618.05,570.0,1312.9,73.46658963,713.0,924.09998,170.0,779.88,2400.0,53.299999,1497.614168,1070.0,655.025
2022-05-16 09:15:00,2020.02899107,715.0,3581.0,3089.8999,639.84998,3650.0,557.5,1270.0,72.93326016,685.84998,926.04999,169.5,784.6,2519.8999,56.849998,1469.128025,1054.0,649.5
2022-05-17 09:15:00,2068.91366591,720.0,3712.0,2998.8999,642.90002,3725.1001,566.0,1270.48,76.26659015,695.0,935.0,173.39999,786.98,2610.0,56.099998,1450.203664,1058.2,656.3
2022-05-18 09:15:00,2133.55964037,752.65002,3822.0,3030.0,654.75,3743.0,588.99502,1308.0,78.16658824,721.0,945.79999,186.35001,782.8,2699.0,56.099998,1484.06831,1083.55,662.025
2022-05-19 09:15:00,2080.5043545,744.0,3609.6001,3000.5,643.29999,3691.8999,565.1,1248.19,76.49992325,685.0,940.0,181.10001,777.2,2622.0,56.5,1464.14793,1055.1,643.1
2022-05-20 09:15:00,2094.0834039,749.95001,3695.0,3080.0,659.75,3760.0,584.0,1263.9,76.99992275,688.5,950.0,184.5,795.0,2693.95,56.5,1466.139968,1029.0,651.5
2022-05-23 09:15:00,2164.64596417,774.84998,3668.0,3143.95,673.0,3836.0,582.5,1265.0,78.74992099,681.79999,978.79999,185.95,849.82,2721.0,58.700001,1480.084234,1023.0,657.0
2022-05-24 09:15:00,2096.0232681,756.59998,3740.0,3174.75,669.70001,3817.3999,578.3,1259.0,73.33325976,689.25,977.0,183.45,854.78,2745.95,57.950001,1452.195702,1022.05,650.0
2022-05-25 09:15:00,2102.8127928,735.0,3650.25,3039.0,668.0,3814.55,583.9,1244.5,77.33325575,681.25,972.40002,184.2,878.22,2734.0,65.699997,1394.4266,992.0,665.0
2022-05-26 09:15:00,2014.5489717,712.0,3386.0,2850.0,672.95001,3801.1001,585.0,1245.0,75.73325735,690.0,972.09998,183.95,863.2,2700.1001,61.0,1386.458448,977.0,671.075
2022-05-27 09:15:00,2017.458768,714.09998,3700.0,2868.0,689.0,3875.0,590.0,1265.0,76.66658975,697.04999,970.09998,184.5,864.0,2736.2,63.0,1404.38679,989.0,685.9
2022-05-30 09:15:00,2056.256052,714.0,3890.0,2880.0,695.09998,3860.0,608.8,1292.4,77.96658511,687.45001,968.40002,184.0,880.8,2755.3,63.25,1404.38679,1019.0,705.125
2022-05-31 09:15:00,2095.053336,731.09998,3855.0,2844.0,689.0,3876.0,611.0,1292.405,77.13325261,697.5,988.90002,186.0,871.0,2770.0,68.5,1442.484517,1045.0,697.95
2022-06-01 09:15:00,2104.70416039,739.79999,3939.55,2859.6499,683.0,3877.2,606.0,1295.9,78.44992463,701.54999,994.5,194.5,870.0,2770.1499,75.400002,1419.327075,1040.75,690.0
2022-06-02 09:15:00,2090.2036755,737.0,3845.0,2870.2,682.0,3720.1001,600.7,1254.4,82.73325033,688.90002,977.5,196.5,860.62,2777.3999,74.400002,1443.231531,1011.4,693.625
2022-06-03 09:15:00,2167.7982435,758.0,3689.0,2905.0,697.29999,3719.0,612.5,1310.0,82.33325073,697.04999,990.04999,200.0,871.94,2741.0,73.900002,1429.287265,1053.95,699.15
2022-06-06 09:15:00,2122.69640085,738.5,3580.1001,2871.1001,677.0,3660.0,600.82002,1268.9,80.2999161,682.20001,960.95001,196.5,866.4,2683.0,70.0,1328.689346,1038.0,688.15
2022-06-07 09:15:00,2143.549941,739.0,3633.7,2800.0,672.20001,3765.0,598.0,1244.0,81.99991773,678.15002,971.54999,193.64999,852.0,2629.3999,69.699997,1309.764985,1030.0,681.0
2022-06-08 09:15:00,2177.44906789,735.54999,3600.0,2771.8999,670.0,3833.5,590.0,1241.1,82.31658408,682.5,972.0,198.0,834.8,2661.1001,66.0,1331.677403,1023.1,686.65
2022-06-09 09:15:00,2095.34431563,726.0,3624.8,2680.0,656.95001,3794.1499,590.5,1232.55,81.73325133,660.0,962.90002,196.95,834.02,2640.0,66.199997,1321.717213,1024.95,681.125
2022-06-10 09:15:00,2124.151299,726.0,3620.5,2665.0,655.5,3956.3,582.5,1230.0,80.99991873,668.0,960.0,197.35001,864.58,2672.25,67.300003,1284.86451,1012.0,680.05
2022-06-13 09:15:00,2107.17748725,711.0,3649.0,2669.95,646.95001,3825.0,552.50498,1200.0,80.99991873,660.09998,955.0,196.64999,864.6,2685.0,67.5,1294.8247,996.0,661.8
2022-06-14 09:15:00,2205.6255954,695.40002,3628.2,2617.0,645.0,3885.0,534.7,1138.5,78.01658839,669.09998,955.0,189.10001,850.0,2689.3999,64.199997,1293.828681,988.0,655.625
2022-06-15 09:15:00,2151.69727365,710.90002,3737.95,2650.0,654.0,3700.0,541.8,1140.0,81.03325537,681.95001,965.0,192.14999,861.34,2744.0,70.650002,1314.097668,989.0,650.825
2022-06-16 09:15:00,2138.7002805,711.95001,3745.0,2694.95,657.5,3736.8,556.5,1202.5,80.39991934,683.09998,976.0,191.55,870.0,2736.5,72.0,1339.645555,1007.0,655.0
2022-06-17 09:15:00,1999.9999902,677.0,3600.0,2650.1001,630.0,3670.0,522.0,1136.005,76.66658975,656.0,932.20001,180.0,858.0,2629.5,65.650002,1281.776851,952.40002,637.5
2022-06-20 09:15:00,2043.93791433,671.0,3700.0,2600.0,635.25,3620.25,542.8,1185.0,78.33325474,644.95001,914.75,181.89999,829.34,2600.0,68.0,1284.964112,965.0,652.35
2022-06-21 09:15:00,2036.85741,670.5,3849.95,2674.95,632.0,3631.0,552.5,1184.38,76.61659313,642.09998,927.09998,178.0,832.02,2642.2,65.5,1325.701289,971.70001,668.45
2022-06-22 09:15:00,2085.30551839,684.90002,3789.05,2688.0,632.54999,3645.0,553.15,1170.0,76.38325337,648.59998,931.0,184.75,856.2,2699.0,65.949997,1322.812834,977.95001,666.125
2022-06-23 09:15:00,2041.7070705,672.70001,3761.8,2674.95,627.40002,3680.1001,544.56001,1153.75,75.59992415,648.15002,917.0,180.3,859.0,2665.1001,67.050003,1328.689346,962.09998,665.25
2022-06-24 09:15:00,2057.2259841,683.0,3902.0,2775.0,634.34998,3800.8,551.0,1166.0,76.3165901,662.09998,933.0,178.64999,864.4,2837.8501,71.0,1315.193289,984.0,669.275
2022-06-27 09:15:00,2123.1813669,698.0,3849.0,2779.8999,644.0,3870.0,570.0,1178.0,78.33325474,675.0,936.0,180.0,879.97,2909.0,72.650002,1334.66546,986.15002,685.0
2022-06-28 09:15:00,2104.752657,681.0,3759.05,2780.0,634.0,3839.95,560.7,1154.755,79.81658659,683.0,935.0,181.14999,865.85,2827.7,65.699997,1338.649536,989.90002,672.0
2022-06-29 09:15:00,2119.3016385,675.0,3767.2,2706.5,636.34998,3880.0,548.5,1120.0,78.29991811,677.0,937.04999,186.0,871.42,2849.1001,58.75,1325.103678,985.09998,665.625
2022-06-30 09:15:00,2153.249262,680.54999,3714.0,2714.8501,624.0,3750.0,551.27998,1114.9,78.49992124,689.79999,944.0,188.10001,873.95,2879.95,57.799999,1326.099697,990.0,668.0
2022-07-01 09:15:00,2124.0542088,670.0,3680.0,2704.8999,633.0,3667.95,536.4,1092.0,77.66658875,684.84998,911.20001,185.0,877.0,2775.0,54.150002,1314.74508,964.5,671.975
2022-07-04 09:15:00,2165.08243362,679.84998,3732.0,2775.1499,641.54999,3644.3999,561.28999,1131.0,76.23325685,670.5,944.59998,183.25,872.42,2793.8,54.5,1334.66546,975.34998,676.85
2022-07-05 09:15:00,2195.9262744,686.45001,3761.0,2785.0,656.09998,3700.0,566.0,1147.975,77.26658915,683.29999,935.0,183.0,872.98,2815.0,55.400002,1349.605745,987.40002,682.0
2022-07-06 09:15:00,2177.4975645,678.0,3809.1001,2830.55,652.0,3682.0,568.0,1153.5,76.59992315,684.5,940.0,182.5,879.0,2810.0,55.799999,1353.739224,982.0,674.0
2022-07-07 09:15:00,2211.445188,701.0,3894.05,2901.3999,663.45001,3786.3,593.5,1216.8,77.16658925,692.0,950.34998,183.95,885.35,2943.0,54.650002,1376.498258,997.0,690.0
2022-07-08 09:15:00,2217.2647806,709.90002,3918.0,2880.0,667.0,3830.0,592.8,1205.0,79.36659037,688.0,942.25,187.05,866.0,2952.0,55.0,1376.697462,999.0,705.0
2022-07-11 09:15:00,2224.10280191,715.0,3935.0,2874.0,666.54999,3820.0,585.0,1189.5,78.59992114,675.0,938.0,188.95,875.83,2929.0,54.700001,1382.524173,975.0,697.0
2022-07-12 09:15:00,2293.30736025,729.0,3900.0,2920.0,677.0,3853.0,584.97998,1188.0,77.83325525,663.25,941.90002,192.8,894.02,3038.5,55.900002,1385.711434,935.0,702.625
2022-07-13 09:15:00,2302.13383935,737.04999,3951.1499,2949.0,680.0,3858.0,592.99502,1189.1,77.29991911,670.0,940.45001,193.89999,898.9,2955.5,59.0,1386.259244,930.0,695.0
2022-07-14 09:15:00,2293.8894165,729.0,3927.0,2952.1001,678.59998,3858.8999,592.5,1186.315,77.99992174,650.0,953.40002,194.0,901.2,2977.8999,58.400002,1397.414657,926.15002,681.0
2022-07-15 09:15:00,2341.90105545,737.70001,3898.05,2949.95,670.0,3863.0,585.5,1179.7,79.16658724,648.95001,963.0,193.0,919.08,2969.3999,56.200001,1393.231377,896.0,676.5
2022-07-18 09:15:00,2351.1154104,736.95001,3940.1001,2994.75,668.04999,3930.0,596.98999,1194.0,83.24991648,657.0,971.65002,194.5,915.2,3055.8501,54.700001,1403.390771,895.0,674.0
2022-07-19 09:15:00,2334.57806809,736.95001,3944.3999,2983.45,678.59998,3977.05,604.0,1220.0,84.53325186,675.0,958.20001,194.95,891.56,3020.0,53.650002,1412.354942,890.0,668.5
2022-07-20 09:15:00,2387.9728302,756.95001,4090.0,3033.0,706.29999,4018.0,614.9,1263.8,86.03325035,680.0,965.70001,199.60001,898.0,3088.0,54.5,1459.018432,904.59998,679.95
2022-07-21 09:15:00,2380.01938698,747.70001,4112.0,2981.0,707.95001,4004.6499,607.9,1240.0,84.99991472,671.5,985.0,197.85001,893.8,3053.0,53.349998,1439.247455,921.0,680.275
2022-07-22 09:15:00,2430.16487655,757.65002,4150.2002,3066.1001,717.0,4065.0,627.1,1282.565,89.94991309,679.70001,973.5,198.60001,878.8,3085.1499,53.75,1459.167835,929.40002,683.0
2022-07-25 09:15:00,2429.6799105,757.0,4144.0,3069.5,733.5,4054.5,624.0,1270.0,89.89991314,680.0,976.0,197.5,875.53,3140.0,52.5,1515.293506,920.25,697.5
2022-07-26 09:15:00,2478.1765155,749.90002,4185.0,3096.0,722.90002,4014.0,630.0,1300.0,90.24990945,682.59998,959.95001,201.45,865.76,3090.0,46.599998,1492.534472,928.5,698.0
2022-07-27 09:15:00,2483.026176,748.70001,4112.0,3118.95,707.95001,3933.0,627.9,1334.995,89.41657696,683.95001,956.90002,202.39999,841.59,3023.3,40.849998,1507.773562,912.09998,694.45
2022-07-28 09:15:00,2482.9290858,763.65002,4149.0,3198.0,725.0,3884.0,652.2,1350.7,91.3332417,678.79999,977.0,204.0,862.8,3065.1001,44.900002,1549.805564,935.90002,707.525
2022-07-29 09:15:00,2487.8758365,769.0,4206.0,3285.3999,733.90002,3899.0,717.5,1500.0,91.3332417,672.79999,973.70001,203.60001,836.59,3083.0,45.599998,1550.253773,957.0,719.0
2022-08-01 09:15:00,2498.39969678,770.0,4240.0,3340.05,726.0,3919.95,725.10498,1519.995,92.06657763,677.95001,990.0,212.5,827.96,3109.8999,46.799999,1570.124352,954.0,719.5
2022-08-02 09:15:00,2580.019386,800.84998,4311.0,3331.0,727.0,3973.3,720.14502,1500.0,95.29990105,700.0,1003.65,213.0,825.6,3055.0,50.0,1553.839441,952.15002,721.0
2022-08-03 09:15:00,2604.2676885,802.79999,4325.9502,3404.0,730.0,3999.0,732.6,1521.0,94.33323869,688.0,1010.0,214.95,818.99,3129.0,52.5,1585.76185,951.0,712.475
2022-08-04 09:15:00,2643.0649725,811.04999,4322.9502,3455.0,735.20001,4011.0,733.89502,1534.9,92.74990695,698.20001,1017.8,212.14999,822.0,3151.0,55.75,1593.480997,965.0,720.0
2022-08-05 09:15:00,2677.012596,811.09998,4395.7998,3475.0,724.0,4025.0,733.99502,1517.6,94.96656806,698.0,1040.0,207.5,831.0,3152.0,57.900002,1580.931158,962.90002,716.5
2022-08-08 09:15:00,2618.81667,812.90002,4388.9502,3465.0,730.0,4013.0,730.0,1506.5,91.81657788,707.95001,1036.2,209.5,831.37,3090.0,54.700001,1591.140352,957.75,714.0
2022-08-10 09:15:00,2717.50726117,803.0,4438.8999,3441.0,745.0,4014.0,736.9,1553.0,93.93323576,713.90002,1035.55,215.85001,848.72,3132.0,56.200001,1588.749907,966.04999,730.675
2022-08-11 09:15:00,2755.5770961,794.70001,4539.6001,3450.0,743.04999,4050.1001,724.4,1593.0,96.16657019,718.79999,1040.5,226.0,852.0,3256.0,56.900002,1613.55078,965.0,743.25
2022-08-12 09:15:00,2754.607164,793.5,4350.0498,3399.0,758.70001,4033.5,730.2,1577.0,95.99990369,709.84998,1043.6,219.0,851.6,3178.0,58.099998,1601.698154,964.0,742.5
2022-08-16 09:15:00,2792.4345159,792.29999,4350.0,3470.0,765.0,4038.0,733.9,1581.5,97.49990218,715.0,1027.15,224.39999,855.0,3218.0,62.650002,1625.004998,969.0,747.4
2022-08-17 09:15:00,2896.2172506,827.34998,4349.0,3517.95,771.40002,4095.1001,730.0,1597.7,98.41656793,707.0,1039.75,223.5,863.59,3339.0,64.800003,1593.6304,963.0,750.0
2022-08-18 09:15:00,2914.6459605,824.75,4315.0,3525.0,772.0,4079.0,749.0,1688.0,97.016566,725.0,1028.5,221.45,848.0,3400.0,65.599998,1601.598552,983.45001,750.0
2022-08-19 09:15:00,3082.4442138,837.25,4291.0,3520.0,772.0,4052.0,751.0,1688.0,96.49990318,730.20001,1029.05,221.64999,846.4,3412.05,67.400002,1613.500979,974.5,755.0
2022-08-22 09:15:00,3039.7672014,876.20001,4133.0,3462.1001,753.40002,4030.0,726.1,1628.8,94.99990469,731.84998,1016.0,215.60001,833.82,3401.0,61.0,1592.634381,965.0,742.4
2022-08-23 09:15:00,2941.46448607,835.79999,4024.8,3333.0,738.0,4025.0,708.5,1579.99,95.76656725,725.0,1010.2,217.0,829.0,3361.0,62.299999,1551.797602,949.95001,726.65
2022-08-24 09:15:00,2946.6537198,830.25,4079.0,3339.6001,745.0,4050.45,716.5,1629.5,99.99989967,722.84998,1041.0,222.75,849.26,3456.05,64.099998,1588.650305,949.90002,730.95
2022-08-25 09:15:00,3071.7749607,840.5,4215.0,3375.0,753.90002,4073.0,721.27998,1641.5551,98.51656449,744.79999,1043.95,223.7,847.83,3455.0,62.799999,1610.562723,953.90002,739.95
2022-08-26 09:15:00,2987.390868,821.0,4207.0,3379.3501,748.0,4075.0,712.0,1642.3,99.16656718,741.5,1030.9,227.7,854.6,3440.0,62.400002,1623.461169,948.54999,736.025
2022-08-29 09:15:00,2963.1425655,815.09998,4100.0,3247.0,730.0,4024.95,688.1,1572.6,100.59989574,717.70001,1000.0,221.39999,834.0,3289.0,59.700001,1627.495046,912.59998,718.5
2022-08-30 09:15:00,3069.8350965,844.0,4251.5,3331.0,733.0,4050.25,700.0,1639.0,103.76655923,722.0,1018.5,231.8,842.8,3321.8,60.200001,1663.550934,926.90002,723.225
2022-09-01 09:15:00,3103.78272,841.79999,4298.0,3315.0,733.5,4010.0,722.86001,1681.0,102.28323405,726.5,1026.0,234.35001,843.2,3241.0,58.700001,1653.88955,917.29999,732.375
2022-09-02 09:15:00,3162.9485781,842.0,4309.7998,3489.0,749.0,4080.0,721.71001,1769.5,106.99989265,725.0,1024.0,231.0,844.63,3451.0,63.400002,1678.690423,931.20001,736.075
2022-09-05 09:15:00,3272.6479956,854.95001,4282.0,3425.05,750.20001,4050.0,719.07002,1742.0,109.28322703,735.0,1012.5,230.0,839.0,3444.95,60.450001,1686.210366,926.0,743.05
2022-09-06 09:15:00,3268.671177,854.70001,4298.8999,3420.0,758.0,3962.0,722.875,1742.5,109.81655982,740.40002,1025.0,232.7,846.0,3412.0,60.299999,1697.216376,936.0,749.45
2022-09-07 09:15:00,3332.49270918,847.0,4379.2002,3392.0,743.15002,3915.0,707.8,1695.0,108.79988751,755.5,1033.85,232.95,843.0,3360.7,59.650002,1703.19249,927.0,735.65
2022-09-08 09:15:00,3393.7924179,880.59998,4400.0,3450.0,761.75,3864.8999,722.0,1728.0,110.33322264,759.0,1058.5,240.5,859.39,3400.6001,60.349998,1750.304189,936.40002,745.05
2022-09-09 09:15:00,3374.3937759,888.79999,4436.8999,3483.7,787.95001,3865.8501,730.0,1755.0,109.66655664,773.0,1060.0,237.5,854.5,3460.0,62.0,1765.443678,939.0,748.1
2022-09-12 09:15:00,3360.8147265,914.70001,4473.0,3441.8501,789.0,3840.0,721.68501,1738.0,109.94989302,767.0,1058.3,238.5,852.0,3484.0,63.0,1740.045193,955.15002,750.0
2022-09-13 09:15:00,3373.4238438,946.0,4520.0,3432.0,805.0,3865.0,733.0,1755.0,113.49988613,774.0,1057.05,232.7,852.81,3555.0,63.0,1763.949649,955.0,749.45
2022-09-14 09:15:00,3412.2211278,941.0,4405.3501,3380.0,794.40002,3815.0,727.21499,1769.0,111.66655463,776.0,1040.0,230.14999,833.07,3452.0,64.050003,1756.977516,933.29999,747.025
2022-09-15 09:15:00,3482.056239,955.0,4449.75,3440.0,805.5,3865.0,748.99502,1815.0,114.65,788.0,1060.0,233.10001,847.05,3559.55,64.0,1778.889934,936.5,765.0
2022-09-16 09:15:00,3642.0950355,970.25,4342.0,3412.3999,786.04999,3800.0,738.5,1772.2,111.35,788.0,1038.5,233.85001,837.0,3635.0,64.400002,1792.734598,915.09998,751.55
2022-09-19 09:15:00,3607.12898329,942.90002,4295.8999,3320.6499,789.29999,3700.0,727.5,1738.55,112.35,773.5,1043.95,230.95,814.0,3549.95,64.199997,1733.07306,897.95001,744.5
2022-09-20 09:15:00,3704.1706899,974.20001,4316.5,3335.6001,806.79999,3726.8,756.99502,1785.0,111.5,786.70001,1041.5,231.0,822.4,3624.6499,64.900002,1752.99344,902.29999,757.0
2022-09-21 09:15:00,3722.25982657,974.0,4556.0,3405.0,809.25,3773.8501,764.0,1800.0,110.4,792.15002,1100.0,229.85001,843.99,3720.0,63.299999,1732.077041,909.0,754.0
2022-09-22 09:15:00,3529.5829119,933.90002,4569.5498,3356.05,805.0,3720.0,767.0,1786.8,108.6,791.20001,1061.15,229.95,822.02,3680.0,62.900002,1713.003277,897.59998,751.0
2022-09-23 09:15:00,3619.7865972,950.0,4610.0,3435.0,789.0,3730.0,771.47998,1772.0,110.55,788.0,1067.25,225.0,832.6,3764.0,63.0,1726.100927,896.5,736.175
2022-09-26 09:15:00,3536.66341623,909.0,4418.4502,3370.0,759.0,3668.8999,743.7,1700.0,105.0,769.95001,1065.7,221.0,823.84,3669.8501,60.0,1670.373664,891.25,712.675
2022-09-27 09:15:00,3487.8758316,861.0,4335.0,3454.8501,746.34998,3590.0,732.5,1688.5,101.25,758.84998,1070.95,216.0,829.7,3543.8,58.150002,1658.371635,911.25,716.2
2022-09-28 09:15:00,3421.9204488,835.90002,4229.0,3451.0,733.90002,3525.0,717.9,1670.0,99.0,755.5,1101.0,211.7,835.63,3529.0,57.799999,1658.371635,913.0,703.0
2022-09-29 09:15:00,3475.75168035,839.0,4297.4502,3563.45,722.25,3563.0,731.25,1671.95,99.900002,763.95001,1100.55,211.8,858.25,3646.7,59.200001,1670.821873,927.0,698.15
2022-09-30 09:15:00,3344.27738419,822.5,4352.2002,3402.0,720.0,3486.5,708.1,1625.75,99.349998,765.95001,1119.75,213.0,876.51,3623.95,61.5,1676.299977,921.90002,689.4
2022-10-03 09:15:00,3336.566424,821.0,4385.0,3348.0,731.0,3527.75,733.7,1686.0,101.45,803.40002,1116.8,213.0,863.0,3781.0,62.0,1664.347749,932.34998,704.975
2022-10-04 09:15:00,3132.880683,804.0,4430.0,3330.0,733.40002,3550.5,733.5,1682.0,100.25,813.0,1138.85,218.3,889.2,3524.0,63.099998,1661.160488,942.5,714.75
2022-10-06 09:15:00,3171.677967,832.90002,4426.4502,3337.75,750.0,3597.5,755.0,1718.0,102.95,810.54999,1150.4,225.0,887.21,3560.0,64.400002,1685.612755,955.5,729.975
2022-10-07 09:15:00,3181.377288,821.0,4379.6001,3318.0,753.79999,3580.05,738.54502,1708.0,105.2,792.0,1135.0,233.0,878.0,3531.3501,65.150002,1668.331825,965.0,715.125
2022-10-10 09:15:00,3136.7604114,807.5,4375.0,3280.0,748.0,3557.3501,726.5,1675.3,105.1,784.95001,1110.0,227.0,870.0,3461.0,68.400002,1675.303958,942.20001,704.0
2022-10-11 09:15:00,3159.60231236,814.0,4362.3501,3290.5,780.0,3635.05,730.7,1684.4,105.0,797.5,1121.8,230.95,877.4,3549.1499,68.400002,1674.507143,968.09998,700.55
2022-10-12 09:15:00,3197.8661337,801.0,4280.0,3335.0,789.5,3546.3999,720.5,1681.05,102.65,780.29999,1111.6,225.55,860.0,3425.05,65.650002,1645.423388,943.29999,701.6
2022-10-13 09:15:00,3121.2414978,807.0,4270.1001,3230.1001,807.0,3616.8501,722.05,1692.95,103.25,775.0,1108.4,232.2,849.99,3467.8,64.099998,1663.550934,972.04999,701.025
2022-10-14 09:15:00,3173.6178312,804.0,4301.0,3235.0,815.54999,3659.95,730.0,1709.0,103.0,779.95001,1115.1,238.95,861.0,3544.6499,63.0,1692.236281,1005.0,708.5
2022-10-17 09:15:00,3114.4519731,782.09998,4290.0,3185.5,803.5,3580.0,725.49502,1684.0,100.5,761.0,1108.0,236.35001,861.0,3470.0,61.900002,1683.27211,1005.7,717.5
2022-10-18 09:15:00,3151.3093929,791.45001,4325.0,3218.0,820.0,3647.1499,740.0,1730.0,102.35,769.84998,1113.7,238.5,871.38,3532.3,63.650002,1692.883693,1000.0,729.025
2022-10-19 09:15:00,3200.77593,814.0,4380.0,3242.0,818.45001,3629.3999,741.7,1725.0,106.65,787.95001,1131.5,242.0,872.01,3629.8999,63.400002,1684.268129,1006.5,732.0
2022-10-20 09:15:00,3161.978646,801.0,4384.0,3198.0,824.90002,3629.3501,736.99502,1687.0,106.8,782.0,1122.0,237.0,861.0,3597.0,61.700001,1676.748186,990.0,722.0
2022-10-21 09:15:00,3273.4237473,824.20001,4344.1499,3140.0,860.09998,3699.0,749.0,1731.5,108.55,790.0,1136.8,241.0,871.0,3651.1499,61.799999,1683.222309,1022.5,726.0
2022-10-24 18:15:00,3225.0242325,808.0,4410.2002,3150.0,916.0,3715.0,731.0,1712.85,104.6,800.0,1145.6,240.89999,872.96,3684.8999,62.900002,1688.252205,1035.0,727.15
2022-10-25 09:15:00,3222.06593959,806.70001,4437.7998,3134.0,905.70001,3699.0,724.25498,1700.0,105.0,806.15002,1147.0,240.5,877.99,3677.0,62.700001,1689.746234,1036.0,730.55
2022-10-27 09:15:00,3220.02917918,805.0,4445.0,3123.0,909.0,3690.6001,718.6,1671.65,105.65,806.5,1169.95,240.95,892.0,3741.05,64.099998,1722.913666,1031.0,732.25
2022-10-28 09:15:00,3222.1144362,824.0,4454.25,3058.7,915.0,3640.45,700.0,1639.15,108.0,819.0,1169.0,242.0,897.0,3721.0,65.25,1723.013268,1031.95,725.0
2022-10-31 09:15:00,3239.52471739,824.0,4582.1001,3082.0,908.0,3689.1001,709.4,1665.0,105.9,823.0,1161.0,246.0,906.2,3764.5,63.599998,1685.91156,1039.0,736.0
2022-11-01 09:15:00,3260.81463,827.70001,4577.0,3110.5,904.0,3686.55,719.69502,1692.0,107.3,828.0,1167.5,247.0,887.05,3889.6499,63.5,1721.320036,1049.0,751.75
2022-11-02 09:15:00,3472.356918,850.0,4512.0,3158.0,875.0,3746.0,720.7,1705.0,108.5,830.0,1173.55,245.64999,909.01,3849.8,63.75,1754.288265,1064.95,758.5
2022-11-03 09:15:00,3443.258955,825.0,4370.0,3105.0,857.90002,3754.0,710.5,1697.9,106.8,809.75,1152.2,244.0,911.13,3698.0,62.799999,1743.132852,1034.0,748.85
2022-11-04 09:15:00,3532.4927082,837.0,4410.0,3148.0,869.0,3779.45,712.16001,1722.9,110.6,815.70001,1167.85,246.7,918.01,3695.0,62.75,1744.029269,1045.15,751.6
2022-11-07 09:15:00,3736.61491865,867.20001,4384.4502,3186.0,876.25,3790.0,724.81001,1813.2,109.4,817.0,1146.1,247.3,906.2,3680.2,63.849998,1763.949649,1048.1,755.0
2022-11-09 09:15:00,3857.4199617,859.5,4347.0,3146.0,875.04999,3790.0,723.5,1797.7,110.2,824.20001,1141.1,255.5,908.0,3791.95,65.449997,1786.808285,1060.9,757.525
2022-11-10 09:15:00,3874.8787395,894.0,4374.5,3086.0,843.70001,3739.55,715.8,1745.0,108.05,819.79999,1130.0,257.95001,907.99,3739.3999,65.5,1733.07306,1050.0,748.55
2022-11-11 09:15:00,3918.525684,905.0,4386.0,3090.7,847.0,3743.25,714.9,1740.0,108.0,830.75,1130.0,258.79999,914.44,3730.0,66.0,1706.280149,1071.0,772.5
2022-11-14 09:15:00,3878.7584679,895.0,4430.0,3056.0,850.5,3746.3,705.48999,1724.0,107.3,818.0,1124.5,254.55,880.0,3537.25,74.300003,1704.188509,1095.0,806.0
2022-11-15 09:15:00,3904.02519911,898.90002,4560.0,3068.5,851.25,3726.05,703.51499,1723.4,106.7,822.65002,1134.95,234.39999,873.44,3520.0,69.599998,1741.539222,1093.5,811.575
2022-11-16 09:15:00,3935.30550933,915.0,4605.0,3079.3,858.0,3757.0,701.1,1713.7,108.95,837.5,1120.95,233.35001,886.73,3515.05,69.949997,1729.088984,1107.5,809.325
2022-11-17 09:15:00,3850.630437,886.0,4490.0,3092.0,855.40002,3749.0,687.0,1685.6,108.2,841.79999,1125.0,234.75,896.19,3500.0,68.400002,1717.037154,1095.1,809.05
2022-11-18 09:15:00,3907.22607203,892.04999,4430.0,3095.0,859.29999,3694.1499,690.98999,1668.0,110.85,849.95001,1124.0,232.45,884.75,3449.8999,68.150002,1707.176566,1098.05,810.5
2022-11-21 09:15:00,3899.0785454,885.0,4403.9502,3105.0,860.0,3615.0,674.7,1654.4,107.1,837.0,1104.95,229.0,876.0,3390.45,66.400002,1692.68449,1098.9,803.825
2022-11-22 09:15:00,3881.52287138,871.59998,4420.9502,3104.0,874.95001,3636.0,668.025,1635.05,105.2,853.40002,1107.45,228.55,874.32,3380.45,64.900002,1681.080868,1091.1,800.0
2022-11-23 09:15:00,3928.225005,885.45001,4482.2998,3111.0,873.90002,3622.2,671.85,1651.6,108.0,851.84998,1108.9,230.0,876.0,3391.95,63.5,1698.112793,1108.95,802.5
2022-11-24 09:15:00,3792.434511,873.90002,4630.0,3117.95,878.0,3617.2,681.39502,1639.0,107.0,846.0,1113.55,230.75,885.54,3397.8501,62.299999,1703.092888,1106.0,802.975
2022-11-25 09:15:00,3810.8632209,877.0,4815.0,3115.3,883.0,3632.25,677.0,1634.0,107.3,852.0,1093.05,229.64999,884.77,3394.25,64.0,1723.11287,1135.2,814.85
2022-11-28 09:15:00,3782.15313375,876.0,4761.0,3108.1499,887.70001,3630.2,672.9,1630.0,107.1,840.25,1100.0,230.55,882.95,3413.7,64.25,1716.389742,1125.0,801.45
2022-11-29 09:15:00,3768.1862085,878.0,4725.0,3157.0,894.40002,3680.3501,677.5,1649.0,107.9,839.0,1106.0,230.2,881.02,3450.3999,64.400002,1713.15268,1118.8,798.625
2022-11-30 09:15:00,3780.60133938,878.90002,4719.2002,3139.8999,895.0,3674.95,673.5,1634.2,106.5,834.79999,1121.15,227.2,894.0,3419.8,63.0,1718.331979,1127.0,798.55
2022-12-01 09:15:00,3819.10764375,884.75,4765.0,3191.0,909.5,3744.05,675.46001,1634.8,105.65,853.0,1145.0,228.39999,901.92,3489.6001,66.5,1762.95363,1130.0,811.0
2022-12-02 09:15:00,3787.5848505,894.0,4771.0,3173.1499,898.29999,3707.0,673.02002,1632.2,104.55,851.40002,1124.9,226.10001,896.99,3435.0,66.75,1789.646939,1136.4,805.0
2022-12-05 09:15:00,3810.7661307,891.59998,4885.0,3130.0,907.0,3672.0,667.45498,1650.0,106.35,851.0,1114.35,226.60001,905.98,3328.1001,68.849998,1820.523528,1133.25,804.975
2022-12-06 09:15:00,3802.133832,893.79999,4770.3501,3125.0,897.5,3652.0,667.43999,1630.0,107.25,844.90002,1115.0,232.0,892.02,3335.0,64.75,1806.778466,1121.6,800.5
2022-12-07 09:15:00,3909.7962951,897.79999,4804.7002,3180.0,902.79999,3694.8,672.49502,1635.4,106.25,837.54999,1111.0,232.14999,873.0,3299.75,65.099998,1829.686903,1114.0,807.075
2022-12-08 09:15:00,3889.427721,888.0,4738.0,3230.0,915.65002,3635.05,668.0,1610.0,105.0,833.0,1109.2,229.64999,874.79,3284.8999,64.800003,1801.001556,1113.75,805.0
2022-12-09 09:15:00,3922.4054124,896.04999,4728.0,3235.0,944.0,3650.0,660.25,1622.0,106.0,830.29999,1115.0,230.55,875.0,3335.0,64.199997,1812.20677,1075.0,813.0
2022-12-12 09:15:00,3876.8186037,892.04999,4677.0,3227.0,929.90002,3616.95,650.81001,1586.15,106.0,832.59998,1105.0,228.35001,873.41,3341.0,64.150002,1795.822257,1025.0,812.5
2022-12-13 09:15:00,3906.69251238,884.95001,4746.0,3185.0,940.20001,3614.75,650.7,1600.1,105.1,822.0,1096.95,233.39999,890.04,3306.0,64.800003,1809.766523,1032.1,825.0
2022-12-14 09:15:00,3953.4432396,897.20001,4712.0,3179.0,945.65002,3650.0,665.8,1619.75,105.15,840.65002,1114.0,231.75,895.0,3329.0,64.849998,1807.774485,1045.0,826.5
2022-12-15 09:15:00,3933.85061118,900.25,4679.9502,3142.0,939.75,3635.0,663.2,1620.0,105.25,829.0,1111.2,231.89999,897.23,3368.0,64.949997,1815.543433,1051.55,828.525
2022-12-16 09:15:00,3898.0600197,882.95001,4638.0,3115.0,932.25,3613.75,659.0,1599.0,102.25,825.0,1096.3,228.0,886.9,3290.0,63.75,1771.917801,1030.0,810.025
2022-12-19 09:15:00,3868.0892148,860.45001,4600.0,3062.0,935.09998,3567.3501,660.01001,1595.05,99.449997,822.70001,1090.35,224.64999,868.99,3292.0,62.400002,1745.025288,1029.65,822.0
2022-12-20 09:15:00,3971.8719495,894.09998,4610.3501,3075.05,943.75,3634.0,666.0,1614.95,100.75,839.75,1096.0,226.89999,876.0,3370.0,62.099998,1754.985478,1027.0,810.1
2022-12-21 09:15:00,4049.4665175,887.0,4610.7998,3085.0,953.09998,3615.0,669.38999,1618.5,101.85,833.0,1096.1,226.5,875.99,3330.0,63.200001,1753.54125,1035.0,820.5
2022-12-22 09:15:00,3829.2919308,864.70001,4795.0,3074.0,936.0,3629.1499,657.0,1586.1,99.5,819.0,1135.0,224.10001,886.0,3274.0,61.799999,1739.049174,1046.0,811.1
2022-12-23 09:15:00,3707.0804862,853.0,4765.7002,3078.95,912.0,3580.0,645.0,1524.3,98.949997,814.0,1121.0,220.0,865.01,3190.1001,58.299999,1718.132775,1029.5,793.5
2022-12-26 09:15:00,3543.1619613,798.0,4723.7002,3057.8999,908.0,3542.0,637.46499,1496.9,96.599998,805.04999,1127.0,215.05,866.41,3115.0,53.950001,1704.78612,1031.0,799.75
2022-12-27 09:15:00,3620.22306664,810.09998,4685.0,3060.0,932.45001,3555.0,646.6,1545.0,99.800003,815.0,1094.05,222.0,853.96,3174.95,59.400002,1730.782216,1039.0,816.5
2022-12-28 09:15:00,3643.11346421,815.75,4652.0,3109.95,930.95001,3580.0,647.5,1534.7,99.599998,813.0,1094.0,221.25,850.17,3188.1499,58.5,1724.108889,1030.0,811.55
2022-12-29 09:15:00,3676.042659,807.0,4588.6499,3101.0,922.79999,3579.0,644.0,1515.0,98.5,807.04999,1086.0,220.8,855.0,3181.05,59.5,1738.949572,1030.0,810.05
2022-12-30 09:15:00,3714.54896337,822.45001,4550.0,3130.75,941.25,3580.0,655.0,1528.0,99.400002,824.70001,1094.95,222.25,856.0,3290.0,61.0,1748.361952,1050.0,822.5
2023-01-02 09:15:00,3753.637227,823.0,4488.0,3087.8999,932.25,3617.0,656.5,1550.0,100.4,806.25,1080.25,226.75,851.75,3227.0,60.650002,1718.531183,1039.1,813.5
2023-01-03 09:15:00,3726.382038,822.25,4467.0,3047.0,944.75,3562.5,656.5,1549.0,100.3,810.34998,1070.05,225.0,847.76,3228.8501,58.849998,1717.634766,1039.0,811.1
2023-01-04 09:15:00,3723.5693319,820.79999,4495.0,3035.0,963.5,3588.0,659.5,1562.0,100.7,818.95001,1078.95,224.35001,847.0,3224.0,58.400002,1715.543126,1036.2,817.5
2023-01-05 09:15:00,3711.97864331,814.04999,4455.5,3039.55,960.0,3568.0,649.0,1548.0,99.0,825.0,1075.0,216.8,853.0,3229.0,56.950001,1692.037077,1041.8,807.5
2023-01-06 09:15:00,3713.8700109,819.90002,4442.0498,3010.0,946.54999,3618.0,613.0,1473.55,99.800003,807.54999,1088.35,219.0,859.9,3260.0,56.200001,1692.136679,1044.0,801.0
2023-01-09 09:15:00,3727.4490603,810.45001,4424.3501,2993.3,946.79999,3660.5,602.0,1447.0,99.900002,802.70001,1081.75,215.35001,858.63,3266.8999,56.0,1693.132698,1044.95,798.0
2023-01-10 09:15:00,3742.9679739,817.0,4410.0,2984.1499,964.0,3630.6001,599.9,1429.0,100.0,826.09998,1086.5,215.0,864.0,3262.0,56.0,1667.286005,1061.0,800.0
2023-01-11 09:15:00,3549.951486,800.0,4474.0,2974.8999,953.0,3585.0,593.0,1418.0,100.35,775.0,1078.7,217.3,860.99,3167.55,55.0,1644.925378,1069.0,783.975
2023-01-12 09:15:00,3532.97767425,796.70001,4370.9502,2939.0,949.34998,3538.05,590.65498,1405.0,100.45,765.0,1052.8,215.5,854.99,3150.0,54.700001,1633.072752,1061.0,793.9
2023-01-13 09:15:00,3541.41608352,795.59998,4365.0,2925.0,935.5,3580.0,592.0,1394.75,99.5,757.0,1064.0,214.2,864.8,3105.0,54.099998,1641.887521,1043.9,799.375
2023-01-16 09:15:00,3608.147412,797.0,4364.25,2925.0,940.45001,3609.95,600.0,1398.15,100.45,766.40002,1070.5,215.5,867.94,3155.55,54.0,1652.893531,1087.0,807.5
2023-01-17 09:15:00,3511.154202,788.34998,4316.2002,2925.0,914.95001,3590.0,601.99502,1389.0,102.35,759.15002,1062.8,213.75,867.79,3152.0,53.0,1635.463198,1097.9,794.9
2023-01-18 09:15:00,3538.3123008,784.0,4337.0,2947.95,921.90002,3625.0,600.39502,1379.8,103.1,768.20001,1068.9,213.85001,870.35,3171.0,50.400002,1661.359692,1118.95,802.5
2023-01-19 09:15:00,3365.664387,783.95001,4339.7998,2954.8999,923.59998,3599.95,598.3,1365.0,102.0,776.0,1063.5,216.75,872.97,3163.05,50.299999,1667.335806,1102.35,818.5
2023-01-20 09:15:00,3346.265745,776.0,4302.0,2848.0,931.25,3583.05,601.25,1360.0,102.9,775.84998,1067.0,224.85001,866.39,3175.0,51.400002,1670.224261,1111.05,822.05
2023-01-23 09:15:00,3339.52471691,778.34998,4294.3999,2800.0,936.0,3583.5,588.1,1330.0,102.35,767.90002,1053.4,228.5,871.99,3166.3,51.900002,1656.379597,1111.0,833.125
2023-01-24 09:15:00,3343.79241815,769.15002,4349.9502,2795.0,935.0,3626.0,589.23501,1336.25,101.55,773.0,1065.0,230.2,868.2,3219.3999,51.0,1627.495046,1125.9,837.525
2023-01-25 09:15:00,3319.1076462,753.0,4314.9502,2810.8999,905.0,3689.0,585.00498,1334.9,100.2,774.95001,1064.9,227.8,852.0,3226.55,52.0,1596.817661,1134.85,845.7
2023-01-27 09:15:00,3234.7235535,699.0,4228.0,2766.6001,892.34998,3850.0,581.5,1315.1,99.599998,774.95001,1023.25,227.0,856.0,3229.95,49.0,1587.604485,1122.75,816.0
2023-01-30 09:15:00,2764.306485,620.0,4236.5,2724.0,851.90002,3940.0,577.00498,1320.8,92.949997,771.59998,1057.0,222.39999,863.99,3160.1001,47.900002,1573.560617,1115.6,797.5
2023-01-31 09:15:00,2890.397658,600.0,4239.5,2760.0,873.0,3878.0,605.0,1354.4,90.300003,775.0,1043.0,225.0,869.0,3201.05,48.0,1596.070647,1136.0,809.85
2023-02-01 09:15:00,2904.9466395,627.0,4275.0,2749.8,876.29999,3829.45,594.4,1348.0,97.0,775.95001,1019.0,228.0,868.2,3280.0,50.0,1586.658267,1137.0,812.0
2023-02-02 09:15:00,2278.22511008,510.0,4262.0,2741.0,850.95001,3799.0,581.9,1269.0,89.550003,765.09998,1026.1,221.0,862.6,3265.0,48.400002,1568.729925,1137.8,804.05
2023-02-03 09:15:00,1445.198829,459.0,4245.0,2705.6499,873.0,3785.0,577.0,1305.0,93.400002,779.90002,1022.0,218.0,875.0,3233.3999,48.150002,1593.6304,1154.0,805.5
2023-02-06 09:15:00,1527.6430575,498.0,4211.0,2760.3999,871.84998,3846.55,600.0,1337.45,93.5,789.70001,1020.0,219.2,876.03,3295.0,48.700001,1611.359538,1135.2,830.0
2023-02-07 09:15:00,1523.7633291,550.0,4305.0,2762.0,886.84998,3873.0,612.29502,1345.15,94.5,793.90002,1029.8,219.60001,876.13,3277.05,48.0,1613.152372,1147.85,829.7
2023-02-08 09:15:00,1813.62753719,564.0,4320.0,2768.0,882.09998,3898.8501,616.5,1356.95,94.949997,778.0,1035.0,214.75,890.0,3275.0,51.200001,1610.512922,1133.9,827.125
2023-02-09 09:15:00,2102.8127928,587.25,4347.3501,2781.95,876.15002,3879.8999,637.48999,1370.0,96.349998,770.0,1025.3,216.0,888.8,3236.05,54.700001,1630.034894,1144.0,830.0
2023-02-10 09:15:00,1715.8098849,573.59998,4385.3999,2830.0,872.04999,3845.0,645.39502,1406.0,95.550003,768.95001,1021.0,214.0,898.79,3225.05,52.700001,1633.47116,1125.8,824.4
2023-02-13 09:15:00,1794.374385,587.90002,4430.3999,2814.5,867.25,3850.8501,643.49502,1404.0,96.25,771.0,1036.0,211.5,901.62,3225.0,53.0,1628.491065,1121.25,827.5
2023-02-14 09:15:00,1682.8321935,551.0,4380.4502,2804.75,862.54999,3894.95,635.37998,1390.0,94.800003,769.0,1026.7,213.05,909.0,3261.95,51.799999,1616.538837,1121.0,832.5
2023-02-15 09:15:00,1726.479138,567.79999,4170.0,2777.0,872.0,3866.6001,645.0,1398.0,94.050003,775.0,1026.85,211.0,909.6,3203.0,50.549999,1598.311689,1125.0,839.0
2023-02-16 09:15:00,1765.276422,580.0,4509.9502,2797.0,872.79999,3910.0,650.5,1429.0,95.900002,789.65002,1031.75,213.5,908.49,3329.95,50.799999,1625.702212,1138.6,836.6
2023-02-17 09:15:00,1745.87778,579.0,4640.1499,2802.95,861.0,3890.0,641.0,1420.05,97.550003,785.95001,1035.5,214.85001,900.24,3287.05,51.25,1618.630477,1121.7,830.5
2023-02-20 09:15:00,1600.387965,567.29999,4593.0,2845.0,859.70001,3894.95,642.5,1418.0,96.699997,781.25,998.0,217.85001,904.0,3300.0,51.900002,1637.455236,1109.55,830.0
2023-02-21 09:15:00,1577.1095946,585.0,4611.0,2837.0,849.0,3927.0,639.5,1409.4,95.949997,783.04999,969.79999,218.8,900.86,3290.0,54.599998,1628.491065,1121.0,820.0
2023-02-22 09:15:00,1488.8457735,583.5,4505.0,2809.95,840.0,3837.1001,633.1,1389.9,95.699997,777.0,966.59998,214.55,897.38,3270.0,54.849998,1627.744051,1095.0,819.5
2023-02-23 09:15:00,1338.506298,539.5,4471.3501,2805.0,833.04999,3847.5,621.4,1362.0,95.099998,774.0,965.0,212.95,895.22,3265.0,53.0,1575.702058,1104.8,806.5
2023-02-24 09:15:00,1367.604261,557.0,4455.0498,2712.1001,850.09998,3833.55,625.375,1353.7,95.650002,775.70001,961.09998,216.0,892.98,3249.8999,55.5,1574.307631,1097.0,808.95
2023-02-27 09:15:00,1260.91173,559.0,4485.0,2740.3999,851.84998,3799.95,621.5,1357.95,95.349998,753.0,965.59998,217.0,898.22,3200.0,54.700001,1574.706039,1090.0,792.95
2023-02-28 09:15:00,1110.5722545,563.0,4449.0,2750.0,855.95001,3647.0,622.0,1364.2,95.150002,755.0,945.90002,216.60001,887.8,3132.0,53.700001,1571.717982,1083.5,796.0
2023-03-01 09:15:00,1381.1833104,598.0,4401.6499,2828.0,846.04999,3670.0,610.01001,1335.7,95.199997,742.40002,907.79999,215.39999,863.29,3106.0,53.5,1561.757792,1077.35,806.0
2023-03-02 09:15:00,1454.80115679,603.95001,4429.0,2831.0,866.0,3731.05,616.52002,1375.0,97.199997,751.0,901.95001,218.75,871.6,3155.1001,54.75,1587.654286,1090.3,797.0
2023-03-03 09:15:00,1638.06982708,663.0,4416.75,2837.05,849.75,3720.05,612.17998,1357.0,97.25,745.0,891.0,223.89999,882.52,3141.1499,54.900002,1595.622438,1115.0,798.0
2023-03-06 09:15:00,1907.56546107,690.0,4416.0,2843.0,856.95001,3721.7,614.0,1357.25,96.349998,766.70001,885.0,222.95,887.4,3138.0,54.0,1593.580599,1129.0,810.0
2023-03-08 09:15:00,1978.661484,700.0,4414.8999,2870.0,858.5,3723.8,612.9,1375.0,96.25,764.0,883.70001,224.85001,886.6,3166.0,53.450001,1592.634381,1112.0,810.0
2023-03-09 09:15:00,1988.16681858,713.90002,4399.0,2862.0,862.5,3811.2,600.0,1378.0,96.150002,795.0,877.25,224.85001,883.13,3211.0,55.099998,1594.726021,1121.95,814.975
2023-03-10 09:15:00,1813.773027,684.79999,4399.7002,2844.0,859.59998,3830.0,586.5,1340.0,94.300003,773.0,879.15002,222.95,874.59,3134.95,53.799999,1578.690115,1105.0,805.225
2023-03-13 09:15:00,1859.3598357,703.70001,4327.0,2823.5,845.59998,3822.95,586.9,1326.0,94.050003,777.45001,882.59998,224.2,875.0,3117.0,53.950001,1595.622438,1120.95,793.95
2023-03-14 09:15:00,1817.6527554,681.20001,4345.0,2782.95,828.0,3778.45,584.0,1300.0,92.849998,764.0,873.0,220.8,878.8,3033.3999,52.0,1563.600427,1098.55,785.125
2023-03-15 09:15:00,1707.95343489,661.54999,4334.75,2772.2,838.04999,3774.8999,580.0,1290.0,93.5,758.0,875.0,221.95,871.39,3044.8,51.5,1555.781678,1095.05,789.0
2023-03-16 09:15:00,1805.0436381,686.90002,4330.9502,2850.0,821.5,3740.95,572.97002,1285.5,92.699997,750.0,881.0,218.55,882.2,3021.7,50.900002,1552.046607,1083.95,769.5
2023-03-17 09:15:00,1843.8409221,688.5,4340.0,2923.95,835.0,3817.8,574.00498,1304.95,93.099998,750.0,887.34998,222.0,881.14,3052.0,53.450001,1563.74983,1088.2,778.75
2023-03-20 09:15:00,1781.7652677,671.0,4322.0,2915.0,836.0,3790.0,573.9,1305.0,93.0,754.95001,874.04999,220.0,886.2,2974.6001,53.599998,1544.825469,1105.0,783.975
2023-03-21 09:15:00,1781.7167711,671.5,4320.0,2858.1499,840.09998,3806.5,560.17998,1259.0,93.0,760.0,866.79999,218.14999,888.39,2966.8,53.849998,1593.6304,1099.0,785.975
2023-03-22 09:15:00,1778.8554714,669.90002,4275.0498,2825.0,855.59998,3921.75,574.97998,1271.0,93.5,761.0,864.0,216.89999,885.87,2949.5,53.400002,1603.59059,1091.95,792.0
2023-03-23 09:15:00,1740.0581874,655.0,4276.0,2817.1001,847.0,3902.5,580.95,1291.95,92.300003,758.0,868.0,213.14999,895.8,2942.2,52.900002,1603.490988,1077.0,783.875
2023-03-24 09:15:00,1741.9980516,658.20001,4277.5,2797.8,846.25,3845.1001,580.38999,1281.3,93.949997,763.54999,869.09998,213.25,889.99,2925.0,52.5,1598.610495,1073.0,780.0
2023-03-27 09:15:00,1688.31230987,638.0,4304.7002,2798.5,841.04999,3834.95,569.8,1245.0,93.099998,763.0,881.04999,208.5,898.0,2913.6001,50.700001,1578.889319,1053.3,781.1
2023-03-28 09:15:00,1675.9941722,622.59998,4334.7998,2791.0,837.40002,3821.0,562.10498,1245.3,91.75,765.59998,891.79999,209.39999,899.79,2894.8,50.200001,1616.538837,1056.8,782.85
2023-03-29 09:15:00,1554.7526597,593.34998,4333.6001,2784.45,832.5,3810.5,556.21499,1229.3,90.199997,751.0,893.95001,209.95,909.89,2858.5,50.25,1612.753965,1046.0,792.0
2023-03-31 09:15:00,1734.2385948,643.90002,4384.8501,2756.05,854.90002,3875.6499,569.4,1252.3,94.25,752.15002,888.79999,212.2,916.6,2923.1001,51.25,1629.188278,1083.4,797.8
2023-04-03 09:15:00,1697.81764445,638.54999,4343.5,2746.95,864.0,3904.8,565.5,1273.0,98.949997,755.0,910.0,214.10001,929.79,3050.0,51.5,1623.311766,1089.95,803.775
2023-04-05 09:15:00,1665.80988515,626.90002,4250.0,2760.0,871.0,3994.0,583.2,1296.0,95.050003,768.0,889.0,220.3,930.0,2982.0,52.099998,1623.51097,1085.35,809.3
2023-04-06 09:15:00,1653.7342305,637.0,4217.0,2807.45,861.79999,4028.0,576.1,1279.3,97.599998,762.59998,899.0,222.45,938.79,2948.7,51.75,1657.525019,1109.05,824.275
2023-04-10 09:15:00,1720.6595454,646.0,4215.0,2810.0,854.79999,4035.05,594.49502,1311.0,98.900002,768.95001,896.95001,221.45,946.4,2980.0,52.150002,1668.282024,1091.85,831.625
2023-04-11 09:15:00,1755.577101,655.0,4263.0,2790.0,848.25,4080.0,585.8,1312.95,100.4,776.0,905.0,222.75,954.6,2970.45,54.650002,1702.993286,1104.0,829.5
2023-04-12 09:15:00,1759.4568294,656.0,4287.7002,2755.55,854.90002,4177.3999,583.7,1321.0,100.15,774.0,909.0,224.0,952.67,3035.0,54.25,1708.670594,1092.0,834.0
2023-04-13 09:15:00,1799.2240455,659.70001,4329.0,2786.7,853.65002,4270.0,585.69502,1320.9,100.8,770.0,921.90002,227.89999,977.6,3140.0,53.200001,1710.164623,1089.0,844.15
2023-04-17 09:15:00,1814.50047607,663.0,4410.0,2825.0,882.0,4311.0,599.8,1345.0,101.0,789.0,915.0,225.5,975.39,3235.0,54.200001,1682.325892,1055.0,860.0
2023-04-18 09:15:00,1835.1115332,668.0,4380.0,2848.0,865.34998,4254.25,597.5,1340.0,101.4,765.0,905.0,229.60001,972.28,3228.6499,54.049999,1723.063069,1049.55,835.0
2023-04-19 09:15:00,1791.4645887,659.0,4355.0,2836.3501,865.0,4184.1001,591.56499,1335.0,103.0,761.34998,925.95001,233.60001,977.48,3263.95,53.599998,1702.744281,1073.95,832.5
2023-04-20 09:15:00,1799.2240455,663.0,4320.2998,2820.0,874.79999,4265.0,596.0,1333.95,101.5,764.0,912.0,229.89999,983.2,3308.7,54.150002,1691.539068,1040.0,835.85
2023-04-21 09:15:00,1790.4946566,668.0,4340.0,2847.1001,870.79999,4323.0,591.3,1336.5,102.7,769.59998,903.0,230.0,971.62,3240.0,54.299999,1679.039029,1054.0,834.5
2023-04-24 09:15:00,1749.7575084,665.09998,4362.2998,2882.1001,868.0,4308.2998,594.0,1315.1,102.8,765.20001,916.0,229.55,970.8,3204.0,55.5,1655.383578,1057.0,843.5
2023-04-25 09:15:00,1751.6973726,675.0,4409.9502,2891.05,885.0,4340.0,595.98999,1325.0,101.8,764.95001,904.59998,231.14999,960.71,3175.0,56.400002,1679.487238,1050.45,843.85
2023-04-26 09:15:00,1798.2541134,671.0,4419.9502,2896.95,877.40002,4345.0,610.0,1345.8,100.8,779.90002,911.84998,230.0,962.0,3230.0,58.099998,1680.13465,1055.0,830.0
2023-04-27 09:15:00,1792.4345208,667.90002,4419.8501,2915.5,888.0,4300.0,607.5,1352.5,101.2,772.0,911.20001,229.75,969.0,3248.3,58.599998,1688.252205,1065.55,835.25
2023-04-28 09:15:00,1811.88165941,666.20001,4442.9502,2919.95,885.09998,4397.3501,624.38999,1368.95,101.95,789.84998,918.84998,232.5,983.71,3275.0,60.799999,1698.212395,1059.95,842.35
2023-05-02 09:15:00,1876.8186135,683.79999,4529.75,2910.95,870.0,4439.9502,633.0,1360.0,104.0,800.25,910.40002,233.2,980.68,3326.95,64.5,1713.451486,1064.1,844.35
2023-05-03 09:15:00,1861.2996999,675.0,4509.75,2918.0,863.84998,4484.5,623.80498,1345.0,104.15,794.5,920.95001,236.05,989.98,3367.8999,63.450001,1718.132775,1062.0,842.475
2023-05-04 09:15:00,1783.7536285,670.0,4510.0,2948.0,860.0,4446.7998,619.7,1342.3,106.95,779.29999,920.65002,236.85001,990.45,3341.0,63.5,1722.415657,1056.05,843.55
2023-05-05 09:15:00,1896.02326908,682.79999,4550.0,2971.0,867.15002,4463.1001,637.99502,1371.5,107.05,789.09998,935.0,237.85001,994.99,3339.3,65.5,1744.776283,1066.8,819.5
2023-05-08 09:15:00,1862.56061163,684.70001,4611.0,3015.0,865.29999,4475.0,639.44502,1367.8,106.3,789.90002,927.20001,232.5,989.0,3371.0,64.599998,1746.768321,1058.0,817.5
2023-05-09 09:15:00,1842.87099,685.09998,4645.8999,3016.05,882.20001,4572.8501,665.0,1410.95,107.2,796.90002,935.0,234.8,983.61,3410.0,64.699997,1773.909839,1071.0,824.95
2023-05-10 09:15:00,1841.9010579,692.0,4593.0498,3042.95,892.0,4555.0,659.09502,1419.0,107.9,797.0,943.5,236.95,992.97,3396.6001,61.0,1757.873933,1084.15,822.25
2023-05-11 09:15:00,1867.1192925,694.0,4610.9502,3052.05,891.0,4594.0,665.9,1421.0,108.25,794.54999,946.45001,236.55,935.0,3424.8501,62.599998,1767.336114,1082.15,832.575
2023-05-12 09:15:00,1948.5935889,712.0,4595.0,3139.0,895.20001,4545.0,665.0,1420.0,108.65,787.5,948.84998,236.14999,908.99,3520.0,62.5,1765.941687,1086.0,823.5
2023-05-15 09:15:00,1900.96992279,699.79999,4609.9502,3134.2,910.65002,4569.0,671.43999,1424.0,107.1,793.0,940.0,234.60001,894.03,3630.0,62.099998,1747.017326,1098.95,836.0
2023-05-16 09:15:00,1869.0591567,694.04999,4625.0,3132.0,916.20001,4583.5,672.0,1429.9,107.7,800.84998,927.40002,238.75,904.6,3669.0,64.0,1728.740377,1100.2,835.9
2023-05-17 09:15:00,1842.87099,687.25,4580.0498,3136.0,917.70001,4550.0,678.5,1430.4,108.8,788.0,924.95001,240.95,903.96,3624.0,63.0,1722.415657,1090.5,825.0
2023-05-18 09:15:00,1852.6188076,689.70001,4510.0,3105.6499,920.0,4539.9502,675.97998,1422.35,108.5,797.95001,929.0,242.0,898.4,3636.0,64.199997,1722.415657,1081.95,824.0
2023-05-19 09:15:00,1831.2318048,664.0,4455.0,3124.0,920.90002,4534.0,680.0,1422.1,107.8,799.34998,917.0,240.0,885.59,3566.1499,63.950001,1703.19249,1088.6,824.0
2023-05-22 09:15:00,1949.563521,698.90002,4459.7998,3070.0,923.0,4494.9502,678.42002,1411.0,108.55,801.0,916.25,239.39999,881.8,3569.95,64.699997,1706.280149,1095.35,822.5
2023-05-23 09:15:00,2338.4092029,744.29999,4605.0,3087.0,917.54999,4534.9502,681.00498,1415.6,110.95,808.95001,926.40002,238.95,891.62,3545.45,63.049999,1710.164623,1120.0,824.5
2023-05-24 09:15:00,2627.5460589,739.0,4540.9502,3115.0,911.15002,4505.5498,676.9,1437.25,107.9,802.90002,923.5,238.3,893.0,3600.0,63.0,1688.252205,1099.05,813.775
2023-05-25 09:15:00,2366.634324,717.0,4569.0,3101.5,916.70001,4505.6499,677.8,1421.1,108.0,799.59998,941.45001,241.25,906.78,3610.8999,64.800003,1688.202404,1109.2,807.85
2023-05-26 09:15:00,2487.8758365,729.09998,4590.0,3123.0,918.0,4612.3501,684.66001,1431.0,109.55,827.90002,945.90002,239.8,901.01,3649.0,67.300003,1695.124736,1115.0,809.5
2023-05-29 09:15:00,2492.725497,731.0,4635.0,3147.2,931.0,4659.9502,694.02002,1448.95,111.0,829.40002,952.0,241.55,909.58,3700.0,67.800003,1681.578878,1146.0,814.25
2023-05-30 09:15:00,2453.24926053,740.0,4672.0,3146.8999,930.79999,4615.1001,694.8,1453.45,111.45,821.25,957.59998,246.25,911.25,3711.45,67.5,1707.176566,1129.0,816.8
2023-05-31 09:15:00,2407.3714722,736.0,4600.0,3151.95,937.34998,4589.7998,700.48999,1465.0,110.55,819.0,960.20001,247.89999,902.0,3678.3501,67.300003,1716.638746,1134.8,814.95
2023-06-01 09:15:00,2424.7331598,730.5,4689.0,3235.3501,922.0,4587.0,702.4,1455.5,112.2,837.95001,950.0,230.39999,901.97,3713.7,68.699997,1708.172585,1148.0,809.95
2023-06-02 09:15:00,2458.7778735,738.0,4839.6499,3239.3999,922.65002,4674.2002,707.575,1460.0,113.4,832.79999,965.90002,228.5,913.79,3720.0,70.0,1701.250253,1148.0,806.225
2023-06-05 09:15:00,2389.13674872,738.0,4967.9502,3239.95,927.59998,4688.0,707.0,1469.0,113.35,838.5,970.0,230.5,926.2,3713.1499,71.300003,1712.156661,1144.0,807.25
2023-06-06 09:15:00,2400.5819475,742.90002,4969.0,3207.75,951.09998,4717.5,702.5,1466.5,116.25,834.5,972.90002,229.8,922.0,3680.1001,71.550003,1732.973458,1130.0,803.825
2023-06-07 09:15:00,2379.2434413,750.0,4964.4502,3217.0,972.95001,4736.9502,712.0,1483.0,118.75,828.90002,972.95001,228.75,930.0,3705.1001,72.5,1761.758407,1133.8,801.725
2023-06-08 09:15:00,2376.333645,744.95001,5020.0,3220.0,973.04999,4800.8501,708.0,1483.0,118.5,847.70001,964.90002,231.39999,935.0,3727.1001,74.800003,1764.945668,1129.05,801.625
2023-06-09 09:15:00,2374.34528419,738.0,4926.6499,3209.8,967.0,4800.6499,701.275,1471.0,118.0,838.54999,966.0,228.95,936.21,3652.0,77.050003,1716.140737,1129.1,807.95
2023-06-12 09:15:00,2386.032966,735.20001,4949.0,3185.2,973.0,4749.9502,705.01499,1473.0,120.95,834.84998,973.25,228.25,939.0,3595.0,78.300003,1717.535164,1112.95,806.275
2023-06-13 09:15:00,2423.8603179,741.0,4925.0,3210.0,974.29999,4770.0,710.0,1470.0,119.9,838.09998,963.0,230.0,940.0,3599.95,77.900002,1728.092965,1144.95,795.05
2023-06-14 09:15:00,2395.6351968,736.34998,4965.0,3265.0,986.0,4751.1001,718.2,1490.0,122.35,832.0,981.5,229.89999,941.56,3615.0,78.300003,1738.053155,1138.0,805.225
2023-06-15 09:15:00,2394.7623549,737.29999,5039.9502,3276.0,988.34998,4741.8999,709.5,1479.95,121.4,827.0,981.95001,229.2,939.32,3588.8999,74.5,1781.877991,1140.0,802.0
2023-06-16 09:15:00,2424.05430432,741.0,5218.75,3291.75,982.79999,4695.0,717.0,1479.0,122.3,822.5,1000.0,228.5,968.97,3550.0,75.550003,1771.32019,1150.0,793.575
2023-06-19 09:15:00,2428.7099784,749.90002,5220.0,3318.8501,983.84998,4645.0,721.19502,1522.95,126.35,840.0,1006.25,228.5,990.2,3567.8,74.599998,1782.126996,1148.2,805.5
2023-06-20 09:15:00,2361.7846635,738.0,5174.9502,3315.0,965.95001,4585.0,737.61499,1543.2,125.0,828.09998,1013.85,227.75,975.8,3504.8,76.0,1759.965573,1133.0,802.075
2023-06-21 09:15:00,2353.73422707,739.90002,5169.8501,3318.7,978.29999,4678.0,727.5,1525.9,126.15,832.0,1010.2,227.8,984.39,3576.0,76.099998,1762.95363,1175.0,808.0
2023-06-22 09:15:00,2352.1824327,755.0,5129.8999,3325.0,962.20001,4664.0498,720.01001,1523.0,123.55,836.70001,1003.1,228.39999,982.31,3587.8501,75.5,1778.989536,1170.15,820.0
2023-06-23 09:15:00,2320.36856283,741.0,5084.3999,3265.0,960.0,4613.1001,702.09502,1507.5,123.75,844.0,999.95001,227.10001,980.2,3564.7,73.900002,1742.983449,1161.9,818.775
2023-06-26 09:15:00,2143.59843761,710.0,5049.9502,3295.0,959.5,4624.75,699.0,1504.45,121.0,857.34998,989.34998,226.0,997.98,3549.95,74.150002,1709.168604,1167.25,822.5
2023-06-27 09:15:00,2258.9233643,724.34998,5040.0,3275.0,967.0,4633.8999,703.0,1512.0,122.1,856.5,1024.0,226.35001,1008.32,3545.1001,75.150002,1719.178595,1167.0,821.475
2023-06-28 09:15:00,2230.84383,722.95001,5145.0,3331.0,979.0,4630.0,705.43501,1530.0,119.15,869.5,1007.0,225.14999,1005.11,3545.0,77.0,1729.039183,1173.45,835.0
2023-06-30 09:15:00,2364.64596319,752.79999,5128.0,3353.0,977.09998,4636.0,710.0,1521.0,121.4,880.0,1009.9,227.89999,1023.2,3540.1001,75.0,1738.053155,1170.35,852.0
2023-07-03 09:15:00,2332.6867005,744.5,5127.5,3365.0,990.0,4685.2002,716.06001,1528.0,126.0,880.0,1020.5,231.5,1031.92,3590.95,75.449997,1743.03325,1190.0,856.25
2023-07-04 09:15:00,2324.9272437,740.04999,5119.8999,3358.7,982.09998,4611.9502,765.0,1565.1,124.0,873.79999,1007.95,232.25,1022.98,3555.05,75.800003,1792.8342,1182.0,861.725
2023-07-05 09:15:00,2319.1076511,741.0,5125.0,3351.3501,969.0,4647.9502,787.99502,1631.0,122.55,868.0,1017.0,231.8,1037.0,3410.8,74.849998,1762.95363,1194.0,858.125
2023-07-06 09:15:00,2327.01250072,742.40002,5090.0,3410.0,961.0,4890.0,777.6,1615.05,122.3,864.34998,1012.0,231.39999,1035.69,3250.0,74.449997,1770.82218,1194.8,836.5
2023-07-07 09:15:00,2322.9873795,739.95001,5274.9502,3385.0,976.25,4875.5,772.0,1611.85,124.35,865.0,1009.45,232.0,1046.0,3210.55,74.800003,1761.011393,1178.15,832.5
2023-07-10 09:15:00,2320.85352888,722.0,5179.8501,3345.0,976.70001,4849.0,762.23501,1611.95,124.2,867.0,1024.0,235.0,1038.99,3210.0,73.449997,1747.863942,1160.0,830.5
2023-07-11 09:15:00,2350.87292738,723.95001,5200.0,3349.95,967.90002,4938.5,756.7,1598.0,123.45,890.0,1018.95,233.8,1028.8,3197.95,75.050003,1736.857932,1131.75,831.5
2023-07-12 09:15:00,2356.8379128,731.84998,5261.6499,3408.0,956.70001,4929.0,746.98999,1595.65,128.3,889.95001,1025.0,235.0,1030.0,3272.0,77.5,1760.612985,1119.7,827.675
2023-07-13 09:15:00,2324.9272437,724.95001,5289.8999,3425.0,956.29999,4921.0,746.99502,1595.0,127.75,891.34998,1027.85,235.0,1038.0,3305.0,77.849998,1771.917801,1100.0,828.35
2023-07-14 09:15:00,2303.5887375,718.65002,5180.0,3398.55,964.45001,4894.9502,747.4,1623.15,126.0,885.0,1026.15,230.0,1031.0,3275.0,84.0,1755.533288,1114.2,826.8
2023-07-17 09:15:00,2327.7399498,730.20001,5152.2002,3429.75,960.0,4883.9502,752.0,1620.0,127.8,886.0,1036.2,231.0,1019.93,3350.0,83.199997,1746.220511,1151.95,825.0
2023-07-18 09:15:00,2342.3860215,731.0,5206.5,3460.0,964.0,4845.5498,752.0,1618.35,127.7,877.04999,1032.65,229.7,1040.7,3355.0,80.650002,1782.923811,1158.95,849.0
2023-07-19 09:15:00,2355.62549767,731.90002,5162.6001,3520.0,964.0,4881.0,744.19502,1618.3,127.75,875.45001,1030.0,229.2,1036.8,3349.0,79.0,1765.04527,1165.0,840.55
2023-07-20 09:15:00,2355.9165743,733.45001,5170.0,3510.05,963.90002,4828.0,755.1,1650.9,127.0,871.0,1038.95,228.64999,1049.8,3343.0,78.050003,1777.893915,1160.0,840.575
2023-07-21 09:15:00,2337.536361,728.79999,5130.0498,3535.95,971.59998,4842.1001,759.66001,1633.0,126.35,878.09998,1048.9,229.60001,1064.66,3314.8,77.849998,1812.75458,1110.0,840.0
2023-07-24 09:15:00,2356.935003,730.0,5144.0,3506.0,973.45001,4862.0,758.16499,1630.0,125.35,885.0,1048.95,229.0,1055.65,3318.0,80.800003,1788.850124,1120.0,839.25
2023-07-25 09:15:00,2354.9951388,737.65002,5153.7998,3547.8999,977.65002,4884.5,764.93999,1664.9,126.55,888.0,1058.0,232.3,1084.0,3325.55,81.300003,1806.778466,1118.5,842.325
2023-07-26 09:15:00,2398.10862064,752.95001,5196.0,3399.8501,966.84998,4890.0,763.5,1649.4,127.05,886.5,1060.0,230.55,1088.0,3347.45,83.099998,1825.702827,1110.2,849.8
2023-07-27 09:15:00,2396.45973608,753.90002,5146.75,3390.0,989.34998,4899.0,757.78999,1641.5,126.2,889.34998,1115.0,231.0,1106.0,3360.0,83.349998,1834.816401,1115.0,849.95
2023-07-28 09:15:00,2363.7245277,750.0,5177.0,3375.0,959.90002,4855.0,731.9,1625.0,129.25,899.90002,1171.45,229.60001,1102.4,3349.8,85.599998,1811.260551,1114.05,830.75
2023-07-31 09:15:00,2402.5218117,758.65002,5339.9502,3323.2,954.70001,4895.5,734.5,1565.8,130.3,894.0,1181.8,228.5,1116.91,3350.0,87.0,1822.71477,1108.0,825.025
2023-08-01 09:15:00,2429.53451768,778.95001,5210.0,3372.0,956.0,4941.75,730.02998,1598.3,131.0,894.5,1175.0,230.0,1127.97,3375.0,84.599998,1844.627188,1120.0,827.225
2023-08-02 09:15:00,2418.0407253,767.0,5033.0,3341.2,951.5,4913.3999,729.0,1572.0,130.45,883.20001,1185.0,241.14999,1133.42,3430.0,84.449997,1825.404021,1137.0,821.0
2023-08-03 09:15:00,2395.6351968,761.45001,4960.0,3370.0,944.09998,4837.0,717.5,1522.9,125.55,875.0,1166.05,234.55,1129.0,3332.3,81.599998,1800.802352,1126.0,820.0
2023-08-04 09:15:00,2468.76817413,776.45001,5025.0,3338.1499,947.0,4830.0,713.9,1501.95,126.3,869.0,1171.0,232.8,1131.92,3420.0,89.0,1823.26258,1130.45,817.575
2023-08-07 09:15:00,2474.2482905,777.04999,4980.2998,3316.05,952.25,4743.5498,716.2,1498.0,128.45,885.15002,1195.0,234.75,1132.0,3359.95,97.400002,1819.627111,1154.55,831.55
2023-08-08 09:15:00,2486.17845533,793.75,5017.0,3343.0,950.0,4670.1001,713.5,1509.5,128.7,892.0,1225.0,233.0,1130.4,3344.0,98.349998,1850.304496,1154.9,825.85
2023-08-09 09:15:00,2413.53063803,792.70001,5023.3501,3332.55,952.0,4650.5,720.0,1525.0,129.8,885.0,1270.0,233.25,1134.22,3375.0,93.900002,1837.605254,1140.95,826.5
2023-08-10 09:15:00,2434.529571,793.0,4981.3999,3310.0,948.0,4670.0,710.00498,1512.55,131.60001,882.0,1266.0,234.75,1176.02,3412.0,94.099998,1827.794467,1140.0,823.525
2023-08-11 09:15:00,2473.37535161,806.90002,4930.0,3237.8999,937.5,4636.6001,714.38501,1518.95,130.2,872.0,1258.3,234.0,1170.8,3420.0,94.599998,1821.519547,1160.0,819.2
2023-08-14 09:15:00,2405.431608,781.0,4863.0,3185.3501,935.0,4576.0,704.0,1496.0,131.95,870.5,1250.2,236.0,1165.99,3372.0,93.400002,1817.684874,1170.65,805.5
2023-08-16 09:15:00,2376.333645,786.0,4800.0,3194.8999,935.95001,4577.0,699.4,1482.0,130.75,870.0,1231.55,234.0,1166.0,3346.95,92.449997,1804.786428,1175.75,791.55
2023-08-17 09:15:00,2381.1348089,778.0,4940.5,3223.8999,935.95001,4576.0498,702.0,1473.0,131.45,857.20001,1235.0,233.7,1174.27,3319.0,92.300003,1802.79439,1176.85,798.8
2023-08-18 09:15:00,2403.00677775,807.0,4874.9502,3174.8999,934.84998,4649.5498,689.35,1470.0,128.25,856.70001,1239.0,228.5,1179.9,3298.0,91.0,1787.854105,1173.0,793.775
2023-08-21 09:15:00,2510.1842748,840.09998,4881.0,3159.8999,944.20001,4603.0,680.1,1455.0,127.2,855.65002,1237.45,227.45,1174.05,3344.95,90.5,1783.820228,1172.95,800.25
2023-08-22 09:15:00,2588.60338208,863.90002,4947.8999,3198.6001,953.84998,4617.9502,705.10498,1485.0,129.7,871.0,1233.8,230.39999,1183.8,3361.2,90.300003,1802.79439,1182.0,798.175
2023-08-23 09:15:00,2638.215312,858.54999,4958.0,3186.0,962.0,4640.0,710.0,1474.0,133.95,877.0,1252.05,231.25,1184.0,3343.3999,92.949997,1802.79439,1192.95,790.0
2023-08-24 09:15:00,2502.424818,834.0,4955.0,3185.0,984.79999,4689.0,715.0,1480.0,135.05,873.0,1235.2,231.85001,1196.0,3365.0,95.75,1797.814295,1188.95,796.65
2023-08-25 09:15:00,2472.3569229,823.0,4900.0,3224.8999,974.0,4624.0,711.5,1468.6,137.25,869.45001,1217.95,229.0,1178.0,3341.0,93.349998,1752.99344,1165.0,787.275
2023-08-28 09:15:00,2473.326855,816.0,4874.8999,3264.95,980.09998,4586.5,722.49502,1513.5,136.10001,874.04999,1212.0,228.5,1156.0,3349.95,96.0,1770.871981,1155.0,780.75
2023-08-29 09:15:00,2397.7692414,809.5,4906.0,3261.0,990.20001,4615.0,725.0,1509.85,135.3,870.0,1232.0,229.45,1154.0,3360.0,92.75,1777.893915,1153.9,794.85
2023-08-30 09:15:00,2441.3190957,828.0,4881.9502,3301.3,983.0,4688.9502,732.6,1510.0,135.5,859.84998,1234.7,230.10001,1147.56,3368.0,99.5,1797.814295,1166.0,801.975
2023-08-31 09:15:00,2376.2851484,803.90002,4887.4502,3300.05,981.79999,4675.0,728.0,1501.05,134.55,855.5,1240.15,229.0,1129.95,3410.0,100.05,1799.457726,1179.5,789.5
2023-09-01 09:15:00,2309.4083301,780.0,4840.0,3241.1001,974.25,4622.3999,716.85498,1494.0,134.05,853.15002,1264.9,230.7,1126.0,3350.0,98.300003,1782.87401,1173.0,785.5
2023-09-04 09:15:00,2380.2133734,807.54999,4860.0,3259.55,993.75,4683.0,737.0,1521.0,139.5,865.75,1250.3,238.75,1117.0,3430.0,97.5,1807.824286,1186.0,795.0
2023-09-05 09:15:00,2407.3714722,805.0,4860.0,3245.0,985.45001,4639.0,728.3,1512.0,141.3,863.09998,1255.0,249.35001,1128.0,3434.1499,98.150002,1845.075397,1236.75,794.2
2023-09-06 09:15:00,2419.05915401,806.0,4980.0,3209.0,981.45001,4701.5,731.52998,1510.95,140.5,867.15002,1246.15,255.95,1115.96,3415.0,98.400002,1847.615245,1239.85,788.4
2023-09-07 09:15:00,2422.8903858,809.70001,5029.9502,3225.3,965.04999,4679.0,738.0,1524.8,138.45,880.29999,1259.0,256.0,1116.59,3390.0,98.650002,1824.706808,1238.0,797.75
2023-09-08 09:15:00,2438.21531298,810.90002,5040.0,3250.55,978.20001,4717.2002,739.0,1530.0,140.55,881.79999,1249.5,274.60001,1126.2,3403.0,100.75,1840.045501,1259.0,804.15
2023-09-11 09:15:00,2487.8758365,840.0,5004.0,3242.0,981.79999,4779.0,742.5,1549.5,144.35001,888.0,1244.6,284.0,1119.0,3377.0,100.0,1842.386145,1276.55,814.45
2023-09-12 09:15:00,2543.59843565,889.5,5111.0,3260.0,1010.0,4843.9502,742.1,1558.9,144.60001,894.90002,1247.95,280.0,1127.99,3410.0,102.4,1857.575435,1285.0,820.0
2023-09-13 09:15:00,2469.15614697,859.0,4975.0,3245.0,1002.95,4820.0,742.92998,1542.0,135.0,888.04999,1242.0,271.5,1142.0,3349.95,98.75,1871.519701,1282.0,815.65
2023-09-14 09:15:00,2465.42200538,854.04999,5001.0,3282.0,1014.45,4814.9502,747.58999,1556.95,138.0,920.29999,1230.0,281.29999,1154.0,3335.0,98.650002,1935.264917,1280.85,822.125
2023-09-15 09:15:00,2444.03490558,846.0,5084.5498,3235.0,1021.0,4894.8999,749.9,1548.05,137.5,912.59998,1234.8,278.5,1155.32,3380.05,100.5,1934.268898,1294.0,825.0
2023-09-18 09:15:00,2475.2667192,848.04999,5100.0,3200.0,1021.55,5124.0,748.88999,1538.1,145.0,929.40002,1240.95,279.29999,1164.2,3432.05,103.6,1972.11762,1302.0,826.875
2023-09-20 09:15:00,2427.15799005,832.0,5051.4502,3206.3,1012.3,5176.0,748.86499,1554.9,140.0,911.0,1243.25,279.5,1144.37,3427.0,101.3,1949.657392,1281.5,799.5
2023-09-21 09:15:00,2405.23762158,821.15002,4990.0,3210.0,1026.6,5168.0,753.0,1530.5,137.0,910.20001,1232.0,284.89999,1123.1,3429.8,100.0,1924.40831,1284.0,776.5
2023-09-22 09:15:00,2415.08243239,833.90002,5013.0,3234.95,1010.0,5051.0,749.39502,1528.0,134.14999,917.95001,1207.4,280.0,1133.7,3425.0,99.5,1899.109427,1272.45,779.5
2023-09-25 09:15:00,2405.38311139,828.70001,5014.8999,3272.3,1015.2,5000.0,757.5,1549.7,136.3,912.0,1186.0,284.29999,1105.97,3417.8501,100.3,1904.338527,1270.0,762.5
2023-09-26 09:15:00,2416.1008611,826.09998,5097.0,3323.0,1019.0,5011.0,781.98999,1583.0,136.60001,910.0,1181.0,288.45001,1091.8,3405.05,98.599998,1937.207154,1264.0,762.5
2023-09-27 09:15:00,2386.032966,825.79999,5054.0,3288.0,1009.95,5065.2002,785.5,1567.7,137.39999,914.95001,1187.0,288.0,1102.8,3490.0,99.900002,1959.01997,1258.5,761.5
2023-09-28 09:15:00,2415.08243239,833.25,5105.3501,3281.8,1027.0,5047.7998,780.475,1565.0,136.89999,926.0,1180.5,291.54999,1101.49,3480.0,100.35,1922.31667,1261.1,767.0
2023-09-29 09:15:00,2388.02132681,826.5,5054.0,3195.0,1030.9,5029.0,773.9,1548.0,136.0,932.0,1169.9,292.79999,1093.8,3444.95,100.05,1902.097484,1235.1,761.85
2023-10-03 09:15:00,2345.2958178,826.0,5138.9502,3166.1001,1035.0,5065.0,778.07998,1530.25,137.89999,918.25,1184.0,297.04999,1117.38,3426.8999,101.0,1920.424234,1232.5,763.5
2023-10-04 09:15:00,2329.97089062,830.95001,5085.0,3164.95,1035.35,5011.25,802.5,1555.0,138.0,918.29999,1178.1,290.79999,1093.0,3350.0,104.4,1898.412214,1234.0,747.5
2023-10-05 09:15:00,2403.4432472,830.84998,5054.9502,3210.0,1000.0,4935.0,791.48501,1540.0,139.5,925.04999,1170.1,288.79999,1092.0,3405.5,102.6,1889.547645,1249.0,767.525
2023-10-06 09:15:00,2392.19213183,830.0,5050.0,3214.75,1005.0,5120.0,785.0,1559.35,139.0,929.20001,1165.0,290.95001,1087.0,3443.6001,106.4,1882.575512,1252.0,772.0
2023-10-09 09:15:00,2366.634324,815.0,5000.0,3140.05,994.79999,4957.0498,810.20498,1617.15,136.2,918.0,1159.0,286.04999,1082.01,3420.2,103.8,1882.525711,1236.0,764.0
2023-10-10 09:15:00,2369.5441203,800.54999,5068.9502,3150.0,999.90002,5007.2998,805.5,1630.0,137.39999,924.54999,1160.1,288.25,1096.8,3450.45,104.9,1885.414166,1255.55,760.275
2023-10-11 09:15:00,2457.7108512,827.40002,5072.9502,3169.0,1019.0,5055.0,813.97998,1641.4,139.95,948.5,1151.0,304.54999,1102.0,3482.0,106.8,1928.242983,1266.0,765.05
2023-10-12 09:15:00,2424.7331598,818.54999,5092.7998,3186.0,1022.0,5085.0,812.5,1637.0,137.95,955.59998,1179.05,302.54999,1113.52,3490.0,110.2,1982.974227,1245.0,768.05
2023-10-13 09:15:00,2414.0639067,812.0,4988.9502,3150.0,1009.0,5089.9502,799.95498,1631.0,136.3,946.29999,1156.0,305.0,1085.44,3481.0,109.85,1988.004123,1211.0,770.0
2023-10-16 09:15:00,2380.74683606,818.5,5030.0,3124.0,990.0,5035.0,804.42998,1644.0,137.0,957.95001,1166.3,307.85001,1097.8,3462.1001,111.9,1974.707269,1263.0,765.75
2023-10-17 09:15:00,2385.9844694,812.0,5050.0,3137.0,1008.85,5083.0,808.0,1649.9,137.5,946.54999,1168.0,313.0,1097.4,3505.0,112.5,1992.038,1278.9,777.875
2023-10-18 09:15:00,2366.634324,808.95001,5021.0,3110.0,1010.0,5150.0,805.0,1665.0,138.75,953.0,1185.0,317.35001,1108.9,3500.8501,114.5,1962.257032,1278.0,770.6
2023-10-19 09:15:00,2327.83704,796.75,4977.25,3087.7,979.70001,5300.0,784.32998,1625.0,136.0,945.79999,1210.5,315.29999,1134.95,3480.0,112.0,1944.278889,1266.8,752.7
2023-10-20 09:15:00,2325.94567241,791.79999,4990.1001,3092.5,989.0,5450.0,781.0,1627.8,136.7,937.79999,1221.85,312.5,1124.01,3500.0,114.0,1964.547876,1252.0,752.5
2023-10-23 09:15:00,2325.70318938,793.65002,4977.0,3096.05,980.0,5453.0498,780.0,1627.0,134.3,941.59998,1200.0,312.54999,1105.1,3467.1001,113.8,1931.480045,1248.0,761.75
2023-10-25 09:15:00,2250.242472,772.5,4960.0,3093.3999,960.0,5385.0,779.88999,1612.9,132.5,924.59998,1184.5,306.10001,1120.0,3435.1001,105.65,1893.531721,1231.2,760.5
2023-10-26 09:15:00,2181.3772929,764.0,4859.8999,3051.1001,956.0,5333.8501,762.51001,1590.0,130.0,921.65002,1154.8,309.14999,1099.6,3370.0,107.5,1859.667075,1215.0,745.625
2023-10-27 09:15:00,2155.1891262,774.90002,4779.9502,2932.8,980.0,5265.0,750.99502,1575.6,129.25,910.75,1152.0,306.0,1084.38,3326.8,107.35,1849.657084,1237.0,734.75
2023-10-30 09:15:00,2192.09504261,785.90002,4840.0,2974.0,1002.75,5388.0,750.57998,1568.9,133.5,914.79999,1186.0,315.0,1078.79,3403.0,106.2,1848.611264,1270.0,731.625
2023-10-31 09:15:00,2250.242472,789.79999,4832.0,2969.0,998.0,5340.0,756.97998,1552.4,132.5,920.29999,1199.95,316.75,1074.8,3366.55,107.85,1872.615322,1272.0,752.0
2023-11-01 09:15:00,2229.8738979,784.75,4835.0,2997.95,977.84998,5305.0,752.0,1574.9,133.75,903.0,1200.0,313.20001,1077.0,3309.8,105.6,1886.459986,1280.0,731.125
2023-11-02 09:15:00,2179.4374287,776.90002,4837.7998,2961.05,978.0,5383.8999,753.0,1587.7,133.7,920.0,1205.5,308.95001,1076.0,3285.0,105.0,1871.171094,1266.0,742.5
2023-11-03 09:15:00,2148.69058113,780.0,4950.75,2957.0,986.0,5357.0,752.8,1584.25,135.14999,925.0,1215.0,310.60001,1075.4,3360.0,108.8,1895.922167,1282.6,744.0
2023-11-06 09:15:00,2186.17845679,801.5,5141.0498,2998.0,995.0,5380.0,745.6,1547.0,136.95,934.20001,1211.95,313.20001,1060.0,3454.8999,119.6,1894.52774,1276.25,749.0
2023-11-07 09:15:00,2189.1367497,803.0,5150.0,3029.3,1008.0,5406.8501,764.0,1602.0,137.55,936.04999,1205.0,316.5,1074.8,3480.1001,123.55,1912.35648,1269.0,747.0
2023-11-08 09:15:00,2177.78854413,802.0,5135.0,3058.0,1024.0,5434.0,752.7,1576.0,137.75,941.79999,1222.0,316.0,1085.78,3510.0,122.0,1921.320651,1280.0,741.975
2023-11-09 09:15:00,2200.7759349,825.0,5147.5,3100.0,1024.75,5421.7998,748.5,1575.0,139.95,936.75,1242.0,318.45001,1095.78,3545.3,125.25,1929.687211,1267.65,743.0
2023-11-10 09:15:00,2153.49174503,808.0,5300.0,3070.0,1017.9,5409.9502,737.0,1581.0,137.5,929.0,1237.85,324.45001,1087.99004,3540.0,122.0,1922.36647095,1262.3,740.05
2023-11-12 18:15:00,2152.95828237,816.7,5300.0,3099.95,1033.9,5425.0,747.005,1606.0,139.95,940.0,1246.0,330.0,1090.0,3590.0,123.25,1942.1374481,1265.0,750.0
2023-11-13 09:15:00,2148.88456755,810.0,5250.0,3098.0,1030.05,5435.0,744.77998,1594.6,139.14999,938.0,1243.0,333.0,1086.0,3590.0,122.65,1938.153372,1260.0,746.05
2023-11-15 09:15:00,2172.647904,818.0,5283.8501,3085.7,1045.0,5525.0,743.93999,1600.0,144.5,948.0,1260.0,359.0,1086.19,3689.0,123.3,1939.248993,1275.0,752.05
2023-11-16 09:15:00,2159.0688546,814.40002,5224.0,3119.0,1042.8,5520.0,694.45498,1561.05,143.25,949.0,1241.05,353.0,1085.0,3848.05,120.9,1941.938244,1283.8,754.85
2023-11-17 09:15:00,2139.5731224,811.70001,5332.2002,3150.0,1014.9,5556.8999,714.05,1593.05,142.85001,948.79999,1236.0,348.0,1113.0,3824.8999,122.0,1933.32268,1313.4,745.0
2023-11-20 09:15:00,2144.5198731,810.04999,5475.0,3168.8999,981.0,5610.0498,715.1,1611.9,146.39999,949.0,1241.5,348.0,1122.99,3850.55,122.85,1963.75106,1314.95,756.5
2023-11-21 09:15:00,2095.053336,805.0,5500.0,3156.8999,989.95001,5640.5,708.5,1593.8,144.14999,967.0,1246.95,335.0,1122.0,3865.0,118.55,1964.79688,1335.6,759.5
2023-11-22 09:15:00,2138.84567332,804.0,5467.0,3140.0,991.0,5680.0,708.64502,1610.0,143.25,974.29999,1256.95,335.79999,1131.02,3830.1001,116.0,1971.918416,1326.6,760.0
2023-11-23 09:15:00,2124.151299,795.0,5530.0,3148.0,999.0,5800.0,713.5,1623.9,141.85001,970.0,1270.0,332.5,1135.0,3836.55,113.6,1976.201298,1333.95,754.25
2023-11-24 09:15:00,2113.4820459,795.90002,5493.0,3118.0,1002.0,5940.0,710.8,1624.45,139.95,975.0,1190.05,335.35001,1129.99,3895.7,114.15,1956.081714,1328.9,760.6
2023-11-28 09:15:00,2231.8137621,806.0,5401.2998,3141.1499,1013.05,5969.7998,703.5,1617.5,141.64999,974.04999,1200.0,334.79999,1129.4,3855.95,114.9,1955.185297,1309.15,767.6
2023-11-29 09:15:00,2394.47137527,850.0,5372.1001,3148.3501,1027.15,6010.0,713.4,1660.0,142.05,995.90002,1198.75,343.0,1139.58,3852.0,117.0,1980.185374,1324.0,766.95
2023-11-30 09:15:00,2327.88553661,839.0,5382.0,3148.3501,1062.7,6095.0,713.2,1653.0,141.0,995.0,1200.0,345.0,1145.0,3857.95,118.8,1998.014114,1337.0,784.575
2023-12-01 09:15:00,2298.739077,839.20001,5550.0,3146.95,1075.4,6050.0,716.0,1680.0,147.95,1015.0,1213.45,343.79999,1160.0,3922.0,118.0,2011.908579,1346.0,778.95
2023-12-04 09:15:00,2473.2783584,865.0,5626.0,3190.0,1120.5,6090.5498,734.0,1700.0,152.0,1036.0,1212.3,351.10001,1160.0,3950.0,118.75,2066.739425,1350.0,794.0
2023-12-05 09:15:00,2455.09213152,884.0,5610.0,3197.0,1136.8,6194.0498,743.0,1696.3,153.7,1038.8,1222.6,355.70001,1153.0,4181.0,117.9,2049.7074,1347.0,818.25
2023-12-06 09:15:00,2987.390868,1045.0,5534.1499,3265.0,1135.1,6089.0498,739.0,1701.0,152.60001,1029.1,1225.0,355.79999,1159.2,4088.05,117.15,2071.570217,1325.0,819.225
2023-12-07 09:15:00,2812.80309,1029.0,5490.25,3284.0,1119.25,6069.9502,739.0,1700.35,161.8,1015.0,1206.0,353.79999,1154.07,4050.0,119.6,2049.558097,1331.0,812.5
2023-12-08 09:15:00,2815.42190667,1048.0,5495.0,3255.0,1115.85,6115.0,739.05498,1705.0,161.35001,998.70001,1225.0,352.0,1156.97,4100.0,123.0,2071.71952,1333.0,815.225
2023-12-11 09:15:00,2751.74586431,1026.8,5550.0,3230.0,1129.0,6085.0,732.5,1700.15,159.8,996.09998,1217.6,351.0,1100.0,4055.0,119.95,2063.751368,1370.1,825.025
2023-12-12 09:15:00,2782.8322851,1037.05,5550.0,3228.0,1120.0,6164.0,728.0,1704.8,162.45,999.25,1210.6,354.14999,1100.0,4047.45,119.0,2081.67971,1377.0,827.1
2023-12-13 09:15:00,2774.005806,1045.0,5402.9502,3240.0,1150.0,6259.8999,729.98501,1708.0,160.2,993.20001,1198.65,349.39999,1112.89,3969.0,116.9,2072.615837,1379.35,816.225
2023-12-14 09:15:00,2813.7245255,1080.0,5494.7998,3255.0,1132.4,6325.0,736.85,1700.0,163.10001,1006.0,1219.05,349.20001,1122.37,4058.0,121.0,2086.610004,1391.0,823.0
2023-12-15 09:15:00,2824.49077181,1079.0,5530.0,3250.0,1119.2,6368.9502,752.88501,1738.95,166.0,999.65002,1215.0,350.0,1120.0,4099.7002,124.5,2107.576204,1422.0,825.0
2023-12-18 09:15:00,2903.9282108,1079.0,5550.5,3313.0,1119.7,6275.2002,754.8,1732.65,171.75,995.0,1205.6,351.0,1117.0,4076.0,123.4,2119.229626,1489.85,830.35
2023-12-19 09:15:00,2898.93306048,1095.0,5508.7998,3335.95,1123.8,6470.0,764.1,1725.0,172.89999,995.45001,1219.45,346.5,1124.0,4094.8,129.0,2098.661834,1501.5,825.0
2023-12-20 09:15:00,2857.4199666,1078.0,5555.5,3336.05,1122.0,6434.0,765.0,1715.7,173.75,992.90002,1239.0,369.0,1130.0,4074.75,130.35001,2125.504546,1485.0,829.0
2023-12-21 09:15:00,2667.313275,996.15002,5344.0,3280.0,1103.9,6333.2002,742.66001,1663.0,165.0,968.0,1236.2,351.10001,1108.0,3900.0,122.15,2041.83895,1421.15,828.5
2023-12-22 09:15:00,2731.280297,1034.0,5510.0,3309.8999,1095.4,6288.0,741.89502,1669.0,171.95,981.90002,1230.05,359.0,1115.6,3983.0,130.55,2080.683691,1431.0,841.8
2023-12-26 09:15:00,2732.2987257,1034.1,5541.3999,3349.95,1091.2,6379.8501,732.5,1675.0,178.0,995.0,1240.0,363.79999,1125.5,4024.8,128.5,2042.834969,1462.7,836.625
2023-12-27 09:15:00,2794.08340047,1037.0,5635.0,3381.05,1096.05,6470.0,721.98999,1657.0,184.0,1000.0,1247.0,367.0,1126.96,4068.0,125.7,2070.6737,1465.45,840.75
2023-12-28 09:15:00,2769.1561455,1029.55,5675.0,3405.0,1107.25,6709.6499,727.5,1674.05,181.5,1023.9,1239.75,366.79999,1143.77,4120.0,124.9,2120.524451,1470.6,854.65
2023-12-29 09:15:00,2738.9911602,1021.8,5740.0,3410.0,1101.45,6729.9502,723.16499,1682.45,182.95,1033.15,1264.0,381.5,1166.02,4099.9502,124.0,2131.779466,1473.95,848.5
2024-01-01 09:15:00,2766.53732883,1026.55,5741.0,3403.0,1095.0,6770.0,733.69502,1685.8,184.8,1031.95,1252.45,377.79999,1160.0,4145.0,124.45,2136.460755,1460.0,853.0
2024-01-02 09:15:00,2834.1415962,1047.85,5738.1001,3396.0,1095.1,6711.0,732.4,1675.9,186.0,1017.4,1255.1,387.39999,1161.41,4010.1001,127.0,2121.420768,1484.05,849.4
2024-01-03 09:15:00,2955.3831087,1105.0,5730.0,3391.3501,1091.0,6644.0498,744.49502,1680.0,182.35001,1031.95,1291.0,394.79999,1185.36,3894.05,128.8,2081.67971,1460.0,851.0
2024-01-04 09:15:00,2948.01152775,1117.0,5768.2998,3372.0,1103.0,7025.0,756.0,1694.35,182.5,1035.25,1304.0,387.79999,1184.43,3887.5,128.39999,2081.67971,1437.0,839.0
2024-01-05 09:15:00,2919.44712439,1129.1,5762.2002,3379.95,1124.0,6950.0,773.49502,1702.95,187.7,1053.8,1300.0,386.79999,1174.0,3864.05,130.89999,2089.647862,1425.0,843.575
2024-01-08 09:15:00,2929.194942,1160.0,5750.0,3355.0,1145.0,7018.9502,767.7,1715.95,186.75,1050.0,1296.65,386.45001,1176.18,3890.0,133.64999,2071.2215105,1435.0,839.25
2024-01-09 09:15:00,2900.77593147,1182.0,5702.2002,3310.0,1128.55,7341.0,777.4,1710.45,184.89999,1057.0,1284.0,383.64999,1163.8,3909.25,133.2,2073.86086125,1460.6,833.575
2024-01-10 09:15:00,2933.0746704,1220.0,5800.0,3292.0,1115.25,7125.0,771.6,1685.0,184.39999,1066.95,1296.0,385.85001,1149.81,3870.45,134.25,2058.8,1474.9,821.5
2024-01-11 09:15:00,3026.188152,1221.0,5804.0,3286.8501,1111.05,7090.0,768.0,1679.0,187.0,1065.75,1339.85,385.5,1155.6,3868.8,135.3,2069.95,1500.0,830.0
2024-01-12 09:15:00,3003.24935483,1210.4,5870.0,3294.95,1126.35,7360.0,768.4,1670.25,185.35001,1058.1,1324.2,385.79999,1146.97,3890.2,140.0,2083.0,1505.0,826.0
2024-01-15 09:15:00,3032.9776767,1214.0,5835.0,3282.2,1122.0,7364.0,769.79502,1655.0,184.89999,1078.05,1316.0,382.5,1147.59,3875.0,139.55,2111.75,1610.0,823.85
2024-01-16 09:15:00,3001.9398495,1203.6,5882.0,3274.95,1116.65,7339.0,747.5,1634.0,188.89999,1107.0,1313.15,385.39999,1158.0,3790.0,135.0,2092.55,1587.0,836.5
2024-01-17 09:15:00,2941.8040593,1180.0,5872.8501,3294.1001,1082.0,7112.0,730.32998,1614.95,186.3,1092.0,1299.35,381.79999,1148.0,3731.0,132.39999,2112.6001,1520.0,785.0
2024-01-18 09:15:00,2886.08146016,1171.05,5959.0,3257.95,1066.0,7148.0,729.6,1586.0,185.64999,1075.2,1285.05,380.79999,1129.49,3751.1001,128.05,2067.0,1577.0,747.0
2024-01-19 09:15:00,2856.78960773,1162.25,5987.0,3177.8,1107.15,7138.7998,736.0,1590.95,190.0,1091.0,1330.95,380.64999,1135.02,3700.0,130.5,2056.45,1570.0,752.975
2024-01-20 09:15:00,2841.901053,1158.9,6120.0,3179.8999,1121.0,7170.0,732.775,1600.5,193.0,1128.05,1335.65,386.5,1139.64,3709.8999,135.39999,2095.0,1580.0,741.6
2024-01-23 09:15:00,2924.29678489,1199.15,6428.0,3087.55,1125.9,7075.0,735.28999,1597.45,195.25,1145.0,1385.0,403.5,1130.38,3702.05,136.3,2078.1001,1558.9,732.5
2024-01-24 09:15:00,2813.7730221,1138.0,6153.5498,3055.0,1034.8,7075.1001,710.4,1594.7,186.8,1140.1,1409.0,379.79999,1141.59,3629.0,131.45,2069.0,1530.1,690.125
2024-01-25 09:15:00,2816.14935575,1122.15,6210.0498,3010.05,1058.0,7360.0,705.52998,1621.75,190.75,1186.0,1413.35,386.79999,1180.42,3680.0,135.89999,2079.95,1570.0,726.25
2024-01-29 09:15:00,2840.9311209,1155.0,6199.0498,2940.05,1036.0,7594.0,708.55,1630.0,190.0,1158.0,1365.0,392.89999,1160.0,3621.1001,136.89999,2080.0,1565.0,724.025
2024-01-30 09:15:00,2988.3608001,1200.0,6331.0,2990.0,1060.05,7574.8999,698.85,1629.0,192.0,1162.15,1345.0,415.75,1179.79,3675.0,135.85001,2115.0,1580.0,727.275
2024-01-31 09:15:00,2999.75750227,1195.8,6280.0,2966.0,1048.2,7566.3999,682.0,1594.0,188.2,1159.0,1317.1,405.04999,1165.01,3716.0,140.0,2126.5,1559.3,719.75
2024-02-01 09:15:00,3061.9785495,1213.6,6289.6499,2961.0,1072.65,7680.0,686.58999,1632.0,187.7,1165.05,1359.7,408.79999,1217.89,3843.0,141.0,2175.0,1576.0,732.525
2024-02-02 09:15:00,3089.1852419,1233.05,6320.0,2950.0,1088.05,7675.0,675.5,1635.0,185.0,1155.0,1387.0,410.79999,1203.19,3900.0,141.8,2147.95,1584.8,737.5
2024-02-05 09:15:00,3074.684757,1269.5,6320.5498,2950.0,1067.05,7800.0,689.4,1650.0,187.0,1154.35,1400.65,423.25,1207.8,3850.0,145.0,2130.1001,1584.95,723.0
2024-02-06 09:15:00,3088.1667162,1266.0,6259.9502,2931.0,1061.55,7675.0,664.8,1626.8,182.39999,1125.0,1444.85,444.79999,1217.0,3900.0,140.39999,2082.0,1566.0,722.775
2024-02-07 09:15:00,3123.22985861,1280.0,6237.75,2957.0,1061.05,7745.0,664.1,1609.0,184.14999,1138.8,1436.0,454.0,1233.2,3975.0,141.0,2079.0,1628.0,726.5
2024-02-08 09:15:00,3148.01172075,1264.05,6201.5,2999.75,1072.0,7729.0,673.18501,1607.95,182.2,1144.4,1448.0,454.79999,1243.6,3953.0,142.5,2123.0,1626.0,714.925
2024-02-09 09:15:00,3088.70027585,1252.6,6269.3999,2930.0,1039.95,7778.7998,658.0,1586.25,185.5,1145.95,1428.1,462.20001,1228.0,3820.0,146.89999,2057.25,1640.0,696.075
2024-02-12 09:15:00,3131.9107509,1278.0,6464.8999,2951.6499,1051.4,7775.0,666.94502,1578.75,181.25,1122.9,1440.0,457.0,1246.86,3869.8999,151.0,2175.0,1639.0,699.825
2024-02-13 09:15:00,3084.384078,1249.95,6614.4502,2964.95,1051.0,7830.0,660.0,1560.0,174.75,1111.0,1439.0,443.79999,1270.0,3894.6499,154.35001,2173.8999,1675.0,695.975
2024-02-14 09:15:00,3088.2638064,1261.95,6718.7998,2969.8999,1061.3,7899.0,656.38501,1560.0,177.25,1110.0,1454.8,451.64999,1266.01,3833.0,152.95,2054.0,1649.75,688.0
2024-02-15 09:15:00,3123.03596918,1275.0,6750.0,2980.0,1097.5,8120.6001,664.6,1589.95,183.0,1122.3,1425.35,469.0,1248.02,3905.0,157.0,2085.7,1678.0,692.5
2024-02-16 09:15:00,3117.3617694,1269.8,6631.0498,3035.0,1073.0,8185.8501,665.00498,1583.1,189.0,1124.0,1430.0,482.39999,1254.39,3925.05,156.89999,2091.3999,1675.0,711.95
2024-02-19 09:15:00,3142.580004,1313.4,6620.0,3007.8999,1069.0,8400.0,664.88999,1576.0,189.95,1121.05,1444.95,482.79999,1263.43,3934.95,157.45,2107.45,1670.0,714.5
2024-02-20 09:15:00,3168.7681707,1311.0,6667.5,2998.1001,1059.0,8505.0,671.18999,1617.95,189.10001,1145.0,1475.0,457.95001,1284.4,3894.0,159.7,2169.0,1661.0,707.5
2024-02-21 09:15:00,3140.6401398,1304.8,6784.9502,3012.05,1093.85,8300.0,679.0,1604.0,191.3,1155.0,1452.0,450.95001,1277.4,3828.1001,162.3,2200.0,1655.55,732.0
2024-02-22 09:15:00,3141.6100719,1296.0,6765.0,2983.0,1090.3,8260.0,669.10498,1599.0,189.75,1137.6,1455.55,438.0,1275.0,3864.8,159.55,2234.0,1644.0,708.875
2024-02-23 09:15:00,3164.93693891,1312.05,6779.0,2999.0,1099.0,8497.5,667.4,1596.0,196.3,1127.0,1456.15,448.0,1273.54,3970.3999,162.39999,2234.0,1697.0,711.275
2024-02-26 09:15:00,3173.6178312,1320.0,6769.9502,2920.0,1093.45,8458.7998,669.0,1616.0,205.64999,1118.1,1473.5,443.89999,1289.01,3927.05,165.2,2204.1001,1665.75,706.775
2024-02-27 09:15:00,3238.6032819,1336.85,6588.0,2855.0,1081.65,8460.0,663.1,1614.3,203.55,1113.0,1473.45,442.29999,1283.2,3950.0,163.75,2190.2,1649.0,706.775
2024-02-28 09:15:00,3209.69930532,1334.5,6630.0,2850.1499,1077.4,8470.0,657.2,1603.0,206.2,1133.4,1491.45,440.29999,1288.69,4002.75,161.89999,2202.0,1664.7,710.075
2024-02-29 09:15:00,3123.22985861,1300.0,6392.5498,2785.0,1071.0,7997.3999,649.9,1584.95,205.45,1118.85,1475.95,444.0,1276.41,3862.95,156.45,2186.0,1642.15,701.05
2024-03-01 09:15:00,3210.32985818,1335.0,6102.0,2832.8999,1076.0,7955.0,651.175,1597.95,205.95,1128.0,1494.0,438.0,1289.8,3790.2,168.0,2209.0,1675.45,700.0
2024-03-02 09:15:00,3231.8137572,1326.9,6169.9502,2840.0,1099.3,8079.8999,656.5,1613.4,206.0,1128.7,1486.0,447.20001,1249.0,3855.0,167.2,2260.0,1656.0,717.275
2024-03-04 09:15:00,3234.7235535,1345.25,6145.0,2860.0,1099.25,8068.75,658.8,1616.0,207.95,1132.0,1483.0,451.85001,1248.0,3858.6001,168.0,2245.0,1649.0,715.475
2024-03-05 09:15:00,3225.31521213,1344.05,6035.0498,2834.0,1102.2,8160.0498,660.24502,1630.0,211.0,1133.05,1465.15,456.0,1266.98,3751.45,170.75,2230.1001,1624.0,711.0
2024-03-06 09:15:00,3223.0843683,1342.7,6025.0,2827.95,1100.2,8369.7002,633.25,1558.0,211.8,1173.95,1476.0,462.45001,1260.66,3800.0,164.39999,2237.8999,1613.0,716.775
2024-03-07 09:15:00,3142.580004,1329.8,6065.5,2825.0,1126.0,8638.0,635.0,1557.15,211.45,1209.85,1485.25,461.60001,1261.1,3793.2,161.75,2239.0,1650.0,722.75
2024-03-11 09:15:00,3143.74392252,1331.0,6048.7998,2895.55,1112.25,9023.4502,655.0,1597.5,216.45,1186.0,1493.0,461.0,1273.8,3795.45,161.0,2230.0,1655.0,715.0
2024-03-12 09:15:00,3110.91181793,1335.0,6240.0,2880.0,1105.0,8636.9502,640.5,1590.1,211.0,1200.0,1512.0,453.89999,1277.63,3804.3999,156.60001,2236.0,1635.9,717.0
2024-03-13 09:15:00,3031.0378125,1307.0,6180.0,2878.6001,1096.0,8527.7002,643.925,1592.3,204.10001,1212.0,1470.0,449.29999,1260.48,3811.55,157.45,2194.0,1638.75,732.75
2024-03-14 09:15:00,2839.42772614,1210.0,6008.3999,2860.0,1075.0,8330.5,645.61499,1565.6,189.0,1173.95,1467.1,419.0,1256.4,3717.0,147.10001,2149.8999,1634.0,731.05
2024-03-15 09:15:00,3017.4587631,1273.8,6015.0,2895.0,1056.25,8384.7998,637.50498,1547.5,196.75,1190.0,1494.8,427.70001,1257.02,3772.6499,152.85001,2185.1001,1677.0,725.0
2024-03-18 09:15:00,2958.3899952,1250.0,5997.75,2866.0,1044.0,8343.0,651.43501,1570.95,190.0,1225.0,1489.0,416.0,1258.42,3745.0,162.5,2181.0,1649.9,723.5
2024-03-19 09:15:00,3032.0077446,1271.05,6077.0,2840.0,1055.55,8500.0,650.97002,1574.05,190.0,1216.2,1482.55,417.0,1267.0,3699.7,158.60001,2199.0,1641.55,717.75
2024-03-20 09:15:00,2982.5412075,1248.0,6148.0,2815.1001,1050.0,8640.0,661.0,1582.5,186.89999,1228.25,1435.8,419.79999,1224.99,3821.0,159.45,2175.5,1604.75,724.525
2024-03-21 09:15:00,2996.65371956,1260.0,6189.8999,2845.0,1039.35,8608.2002,670.75,1596.0,190.0,1238.0,1427.0,424.0,1225.0,3881.3501,168.0,2188.0,1608.0,721.3
2024-03-22 09:15:00,2974.34528126,1262.45,6169.1499,2821.1499,1040.1,8700.0498,670.5,1593.0,196.5,1226.95,1453.0,430.89999,1225.8,3945.0,170.45,2200.0,1560.0,720.5
2024-03-26 09:15:00,3007.27447605,1281.6,6398.0,2820.0,1029.0,8945.25,675.45,1589.0,197.0,1225.0,1473.0,433.79999,1238.0,4001.45,173.39999,2215.0,1562.25,713.6
2024-03-27 09:15:00,3021.3384915,1315.0,6355.0,2817.95,1045.8,8959.0,694.575,1590.0,200.0,1210.55,1484.0,439.79999,1230.2,3934.8,183.60001,2240.0,1569.0,711.775
2024-03-28 09:15:00,3039.7672014,1334.0,6231.4502,2835.05,1052.85,9162.5,703.21001,1588.0,200.5,1226.95,1472.0,430.0,1215.6,3915.3,179.8,2210.0,1549.0,720.35
2024-04-01 09:15:00,3133.07466942,1356.8,6401.0,2860.95,1052.35,9194.7998,726.125,1659.05,205.0,1228.0,1510.0,436.70001,1243.0,4060.8,183.89999,2300.0,1549.0,729.0
2024-04-02 09:15:00,3160.9602173,1397.8,6469.5,2874.05,1051.0,9150.0,725.09502,1650.9,213.75,1225.0,1502.9,442.04999,1253.79,3990.0,185.0,2297.0,1559.0,732.575
2024-04-03 09:15:00,3152.279325,1399.85,6399.5498,2845.0,1043.8,9248.9502,719.7,1654.0,221.7,1195.0,1493.35,443.20001,1247.51,3923.0,181.95,2303.6001,1525.35,736.05
2024-04-04 09:15:00,3152.279325,1408.6,6425.0,2870.0,1070.0,9139.0,734.5,1650.0,223.5,1231.95,1479.0,450.0,1231.0,3957.0,180.5,2309.5,1540.8,752.0
2024-04-05 09:15:00,3114.5490633,1367.0,6440.6001,2924.0,1061.1,9130.0,723.475,1658.5,220.35001,1205.9,1439.0,448.75,1228.5,4013.0,188.25,2275.05,1542.45,769.5
2024-04-08 09:15:00,3143.5014395,1381.95,6397.75,2908.0,1067.0,9049.0,721.5,1690.0,225.55,1188.0,1457.15,449.0,1243.49,4024.95,191.60001,2247.0,1554.0,777.475
2024-04-09 09:15:00,3143.25895647,1356.15,6347.7998,2893.0,1090.0,9090.0,722.0,1694.95,224.8,1214.95,1467.75,448.70001,1240.44,4247.7998,192.55,2296.95,1540.0,777.425
2024-04-10 09:15:00,3103.78272,1359.0,6505.0498,2883.3,1086.2,9034.7998,723.58999,1717.0,229.0,1213.25,1453.15,442.54999,1239.98,4250.0,195.0,2309.95,1541.05,774.95
2024-04-12 09:15:00,3113.482041,1350.0,6450.0,2890.0,1079.5,8949.0498,722.4,1700.0,231.3,1226.1,1423.0,455.0,1233.78,4310.0,195.85001,2297.0,1537.0,760.5
2024-04-15 09:15:00,3055.286115,1320.0,6325.1001,2830.2,1063.1,9059.0996,714.50498,1672.0,230.0,1210.6,1389.95,448.95001,1214.64,4250.0,188.0,2239.0,1507.1,748.775
2024-04-16 09:15:00,3007.7594421,1302.0,6299.9502,2827.6499,1049.95,8948.0,700.99502,1640.0,232.5,1223.9,1385.0,449.0,1201.17,4217.3999,187.0,2229.0,1486.35,743.5
2024-04-18 09:15:00,3031.18320532,1315.95,6306.1001,2855.0,1044.15,8967.9004,692.81001,1625.0,235.60001,1220.0,1376.0,454.95001,1219.99,4356.0,188.5,2245.05,1477.05,754.9
2024-04-19 09:15:00,2909.7963,1280.0,6140.0,2790.0,1015.0,9075.0498,684.00498,1587.0,228.55,1280.0,1347.0,436.0,1200.0,4345.0,182.3,2220.0,1442.0,743.275
2024-04-22 09:15:00,2961.2027013,1321.1,6154.5,2846.6001,1039.0,8884.0,716.72998,1627.0,236.0,1304.0,1350.25,440.89999,1195.0,4394.0,193.0,2275.0,1452.2,778.7
2024-04-23 09:15:00,2967.0222939,1321.1,6241.5,2852.0,1058.0,8845.0,730.9,1628.6,234.25,1310.0,1369.75,445.75,1210.0,4472.0498,194.39999,2278.45,1474.9,763.15
2024-04-24 09:15:00,2979.58291459,1331.0,6229.8999,2882.95,1056.0,8819.9004,728.3,1625.0,235.25,1352.0,1353.45,441.54999,1192.01,4545.0,189.0,2378.0,1490.0,757.5
2024-04-25 09:15:00,2958.292905,1320.5,6280.0,2865.0,1100.0,8697.0,733.0,1630.0,236.39999,1331.0,1407.0,443.0,1195.01,4568.0,184.0,2349.0,1479.95,753.125
2024-04-26 09:15:00,3026.0910618,1340.0,6380.0,2870.0,1130.0,8747.2998,700.0,1649.05,238.5,1338.0,1413.1,454.0,1244.98,4591.0,189.0,2366.95,1516.85,759.9
2024-04-29 09:15:00,3016.488831,1334.3,6200.0,2844.1499,1130.3,8974.2998,678.99502,1603.0,240.14999,1324.5,1419.0,458.70001,1254.0,4589.0,189.39999,2355.0,1415.0,757.5
2024-04-30 09:15:00,3000.9699174,1323.55,6000.0,2855.0,1160.15,8799.4004,682.99502,1596.0,236.3,1323.15,1415.05,456.39999,1259.98,4578.0,195.0,2405.0,1376.4,764.6
2024-05-02 09:15:00,2979.58291459,1333.95,5947.1001,2875.1001,1156.0,8944.0,693.78501,1615.0,234.7,1315.25,1400.0,457.54999,1239.05,4598.0,193.60001,2410.0,1358.0,761.0
2024-05-03 09:15:00,2938.894263,1353.0,6000.0,2983.05,1150.9,9170.0,732.9,1650.2,237.10001,1306.0,1428.0,457.89999,1259.98,4623.0,196.8,2442.0,1370.0,766.625
2024-05-06 09:15:00,2903.24925833,1322.5,6050.0,2950.0,1143.9,9120.0,700.79502,1637.9,235.10001,1275.0,1431.0,479.0,1275.94,4613.0,199.0,2489.0,1358.0,761.0
2024-05-07 09:15:00,2803.05527239,1291.1,6080.0,2947.0,1146.05,9055.1504,688.99502,1621.0,232.5,1286.35,1423.4,463.0,1265.98,4605.0,196.14999,2460.0,1347.95,760.975
2024-05-08 09:15:00,2764.306485,1293.35,5892.0,2900.0,1124.65,8651.0,687.15,1601.0,227.2,1276.15,1375.05,456.70001,1220.0,4585.0,190.64999,2404.0,1330.95,747.975
2024-05-09 09:15:00,2778.66148008,1279.0,5859.8999,2828.0,1122.0,8800.0,679.98999,1606.7,234.5,1283.0,1387.85,465.35001,1214.9,4580.0,195.0,2375.45,1315.0,737.475
2024-05-10 09:15:00,2710.9117229,1250.0,5819.9502,2699.0,1123.7,8950.0,663.88999,1560.0,227.89999,1275.05,1371.35,447.20001,1175.0,4590.0,196.35001,2359.95,1320.1,719.5
2024-05-13 09:15:00,2718.7196763,1267.0,5820.0,2771.25,1120.1,9022.9004,668.4,1574.0,228.39999,1301.15,1371.0,451.25,1184.2,4679.0,205.8,2377.8999,1316.2,716.0
2024-05-14 09:15:00,2807.90493289,1306.4,5855.0,2879.0,1129.95,8952.25,671.0,1575.35,225.75,1290.55,1410.0,446.70001,1187.78,4667.3999,191.7,2383.45,1322.0,726.125
2024-05-15 09:15:00,2955.14062567,1337.85,5869.9502,2866.1499,1125.55,9069.0,669.2,1580.0,231.8,1281.55,1395.0,450.0,1177.0,4730.5498,188.8,2386.95,1319.25,729.85
2024-05-16 09:15:00,2972.8418865,1352.2,5890.0,2821.05,1134.15,8950.0,670.03501,1575.05,234.75,1328.0,1409.0,468.64999,1185.6,4650.0,192.89999,2382.0,1345.0,723.025
2024-05-17 09:15:00,2949.61201271,1330.0,5925.0,2814.6001,1132.0,8891.0,674.7,1595.0,241.0,1353.6,1417.1,469.04999,1170.08,4660.0,195.14999,2374.0,1351.0,723.1
2024-05-18 09:15:00,2981.5712754,1342.0,5932.0,2824.0,1142.0,8815.0,672.5,1584.7,251.5,1347.95,1403.9,472.89999,1162.19,4717.8999,194.75,2444.0,1335.05,733.0
2024-05-21 09:15:00,2975.6545926,1344.0,6000.0,2815.0,1136.0,8775.0,670.5,1587.5,283.0,1356.0,1410.0,469.70001,1162.19,4650.0,194.39999,2430.1001,1314.0,725.05
2024-05-22 09:15:00,3035.8389764,1394.35,5958.6001,2851.8,1142.0,8850.0,677.74502,1582.55,277.0,1342.15,1450.95,494.5,1170.0,4673.0,190.0,2455.95,1348.95,728.925
2024-05-23 09:15:00,3061.78466007,1384.0,5878.4502,2885.0,1126.0,8850.0,675.95498,1587.1,286.29999,1350.75,1482.0,503.39999,1180.49,4696.6499,186.5,2442.0,1346.65,729.325
2024-05-24 09:15:00,3303.5887326,1435.0,5938.2998,2910.2,1165.5,8980.0,682.0,1609.0,288.0,1375.5,1489.15,495.95001,1179.28,4822.5,188.0,2449.75,1360.0,743.75
2024-05-27 09:15:00,3257.0319918,1445.0,5950.0,2887.8999,1178.9,9002.0,685.9,1605.0,301.75,1396.0,1491.0,502.95001,1173.15,4861.0498,183.89999,2441.05,1351.0,761.675
2024-05-28 09:15:00,3210.13567777,1438.0,5944.1499,2875.8501,1188.0,8998.7002,691.39502,1602.95,295.70001,1384.8,1482.95,496.0,1174.43,4793.2998,184.35001,2398.8999,1357.85,765.05
2024-05-29 09:15:00,3152.279325,1406.0,5909.8999,2896.0,1172.0,8950.0,687.8,1594.15,285.39999,1355.5,1475.25,482.10001,1197.0,4746.0,180.55,2440.0,1366.0,759.0
2024-05-30 09:15:00,3156.1590534,1410.0,5900.0,2875.25,1155.2,9068.0,677.98999,1566.75,293.0,1378.8,1495.05,486.0,1195.0,4709.75,183.0,2404.0,1346.0,749.6
2024-05-31 09:15:00,3128.27350553,1391.0,5855.9502,2883.7,1173.0,8990.0,666.49502,1530.0,294.20001,1380.0,1466.95,484.39999,1179.99,4742.2002,178.8,2342.95,1331.85,759.5
