Date,3MINDIA.NS,AARTIIND.NS,ABB.NS,ABBOTINDIA.NS,ABFRL.NS,ABREL.NS,ACC.NS,ACE.NS,ADANIENT.NS,ADANIGREEN.NS,ADANIPORTS.NS,ADANITRANS.NS,ADVENZYMES.NS,AFFLE.NS,AIAENG.NS,AJANTPHARM.NS,AKZOINDIA.NS,ALEMBICLTD.NS,ALKEM.NS,ALLCARGO.NS,AMBUJACEM.NS
2018-01-01 09:15:00,19264.551,240.31172665,1255.5112437,5497.75,55.9583934,617.567395,1731.35,141.60001,92.68264128,,399.64999,219.7,278.45001,,1536.65,995.83333333,1860.05,48.25620449,2225.95,14.36935919,268.04999
2018-01-02 09:15:00,18904.051,238.60574506,1256.0046036,5443.5498,56.35339382,612.991369,1743.2,140.14999,91.48258946,,397.39999,210.5,309.14999,,1525.4,981.66666667,1846.45,50.17477782,2200.1001,14.10485098,268.14999
2018-01-03 09:15:00,19400.4,242.59689951,1268.7871101,5436.25,56.55089404,614.211642,1774.6,141.64999,98.34797588,,407.64999,212.0,302.0,,1539.75,974.63333333,1849.0,50.00794481,2213.05,14.4689808,272.60001
2018-01-04 09:15:00,19449.801,242.07036198,1285.6958994,5430.8501,56.40277217,626.152891,1801.35,155.0,102.31091929,,409.85001,212.60001,294.39999,,1572.4,988.9,1856.75,49.00695094,2217.05,14.58234107,273.45001
2018-01-05 09:15:00,19367.5,246.54593095,1287.3105318,5383.1499,58.42714605,625.39022,1809.95,156.25,107.80879998,,423.79999,209.64999,302.60001,,1597.75,1015.43333333,1864.85,49.34061695,2220.3,14.80906298,273.89999
2018-01-08 09:15:00,19194.051,242.16513874,1289.5530768,5340.5498,58.92089658,625.804241,1825.0,157.8,109.65073701,,422.89999,210.95,304.95001,,1576.6,1008.23333333,1896.2,49.63257159,2218.0,15.43083133,274.60001
2018-01-09 09:15:00,18967.949,240.18535764,1273.1376474,5296.7998,58.67402132,631.665913,1812.05,154.89999,109.34374285,,421.10001,212.10001,310.5,,1556.95,1005.9,1962.45,51.88480676,2222.1001,15.33808077,277.14999
2018-01-10 09:15:00,18468.551,236.09942644,1269.6392772,5263.3501,57.48901675,626.959143,1816.55,160.2,110.96241546,,423.45001,214.14999,303.79999,,1608.6,995.76666667,1899.25,51.75968096,2323.6001,15.13884099,276.10001
2018-01-11 09:15:00,18091.301,237.57373151,1255.4663928,5397.3999,57.22568972,625.956776,1802.1,167.3,112.58108249,,425.5,218.25,312.10001,,1616.35,1007.8,1938.05,50.55014687,2287.25,15.34151595,271.75
2018-01-12 09:15:00,17853.801,237.22621675,1325.6132004,5451.1499,58.06505904,623.538019,1804.95,167.55,111.60430066,,423.29999,220.35001,310.04999,,1641.1,1001.6,1926.85,50.50843966,2258.8501,15.02891453,269.39999
2018-01-15 09:15:00,17943.35,236.99454024,1358.8028664,5382.9502,56.36985218,621.860143,1830.0,166.05,110.62751884,,420.60001,223.85001,308.89999,,1567.35,1001.13333333,1911.1,49.79940459,2299.8501,14.68539648,276.95001
2018-01-16 09:15:00,17756.25,236.97347873,1353.8244165,5400.0498,55.69505978,617.828882,1850.25,158.14999,108.61814466,,423.54999,223.89999,305.20001,,1575.05,1014.33333333,1902.05,49.42403137,2276.5,14.10828685,277.85001
2018-01-17 09:15:00,18008.4,234.28813735,1389.032373,5463.8501,55.20130925,617.305907,1840.5,156.2,114.17184146,,433.39999,231.10001,298.75,,1582.15,1020.46666667,1883.5,50.13306644,2255.75,13.98461967,277.14999
2018-01-18 09:15:00,18105.35,234.38291411,1383.1120542,5435.7002,54.47714181,603.120227,1839.0,153.3,108.98094376,,416.25,227.75,294.29999,,1581.1,1022.13333333,1856.55,49.21549115,2249.1001,13.5036944,275.64999
2018-01-19 09:15:00,18182.15,237.22621675,1422.5359953,5488.1001,55.13547585,614.233433,1829.5,151.55,111.4647604,,433.45001,228.35001,289.70001,,1599.8,1040.03333333,1877.2,52.92750785,2218.95,13.35254715,268.60001
2018-01-22 09:15:00,18806.199,239.13228259,1437.2919414,5536.8999,54.65818367,617.02263,1827.2,166.60001,111.01822598,,438.04999,227.3,286.95001,,1593.3,1059.1,1871.55,56.38927294,2242.95,13.8918698,268.45001
2018-01-23 09:15:00,18721.85,236.1731417,1470.8404146,5504.3501,55.08610409,620.988519,1790.15,171.0,114.08811172,,438.39999,222.85001,290.45001,,1577.85,1044.53333333,1870.8,55.5134082,2225.25,13.83690622,262.70001
2018-01-24 09:15:00,18703.0,235.65713492,1495.9120677,5528.5498,54.3783917,619.484967,1737.5,172.45,114.70209445,,448.75,219.75,285.25,,1584.85,1046.83333333,1870.7,58.30784627,2199.1001,13.64797129,260.14999
2018-01-25 09:15:00,18854.801,227.042981,1488.4219674,5541.0498,54.97089234,609.635616,1726.4,185.45,119.66972216,,436.5,216.45,284.14999,,1600.45,995.53333333,1868.2,56.34756907,2202.25,13.62736158,263.0
2018-01-29 09:15:00,18979.0,216.53329199,1454.7837924,5524.9502,53.20984549,613.318228,1738.7,176.64999,119.08366423,,436.64999,212.8,279.75,,1590.8,964.5,1881.5,52.55213462,2241.1001,13.69262933,263.64999
2018-01-30 09:15:00,18805.1,216.64913025,1440.4315044,5512.1001,52.6667232,609.090851,1728.1,169.95,117.93942851,,428.25,209.14999,268.85001,,1564.15,965.3,1860.75,54.09533056,2233.0,13.45903637,261.5
2018-01-31 09:15:00,18796.15,222.56741204,1482.9501576,5625.0498,53.67068261,605.016009,1715.25,172.05,118.99993449,,428.85001,208.89999,264.10001,,1535.85,967.7,1841.3,54.30387077,2198.75,13.25979659,261.79999
2018-02-01 09:15:00,19282.051,231.69757273,1525.3342581,5554.5,53.85172776,602.771577,1737.0,176.39999,119.44646332,,428.75,207.3,261.39999,,1500.6,935.6,1836.25,52.55213462,2229.8501,13.32162915,266.45001
2018-02-02 09:15:00,18317.5,229.66513788,1505.6895639,5534.9502,51.53109698,563.722822,1679.8,158.85001,110.06935779,,417.95001,193.8,249.8,,1428.9,926.66666667,1809.85,50.67527267,2195.0,13.03994504,259.54999
2018-02-05 09:15:00,18943.1,232.79277078,1460.2107513,5394.2998,50.75755448,543.435773,1641.15,159.0,111.32522014,,408.20001,194.39999,246.7,,1450.55,873.03333333,1775.85,50.55014687,2166.8,13.01246291,259.10001
2018-02-06 09:15:00,18462.0,231.72916498,1451.9581857,5250.75,50.41192582,549.820419,1618.95,150.14999,109.00885181,,404.79999,190.64999,256.0,,1433.75,862.86666667,1750.15,48.88182514,2144.95,12.68612076,255.3
2018-02-07 09:15:00,18468.85,237.07878624,1415.942913,5355.1499,50.03338704,533.673585,1587.4,158.45,109.81818532,,407.0,193.35001,261.5,,1444.95,887.9,1753.35,49.6742788,2160.25,12.90253782,248.3
2018-02-08 09:15:00,18515.1,239.54298186,1430.6091573,5463.25,50.70817943,552.827522,1693.25,168.5,114.14393341,,405.10001,197.55,259.85001,,1440.7,931.86666667,1779.65,50.50843966,2175.2,13.22544478,261.89999
2018-02-09 09:15:00,18924.449,239.93261963,1426.9762344,5604.5498,51.48171864,550.147278,1660.95,167.85001,117.26964084,,399.0,205.0,254.2,,1446.7,944.33333333,1772.3,51.84309955,2179.2,13.23231583,258.89999
2018-02-12 09:15:00,21706.699,238.55309131,1444.7820417,5886.25,53.53901251,558.079057,1651.55,174.89999,121.26048671,,403.35001,210.5,254.10001,,1451.45,950.4,1791.35,52.76067484,2181.55,13.47964814,256.89999
2018-02-14 09:15:00,20689.1,249.17861858,1410.2019978,5739.1499,51.8273473,555.747462,1629.7,191.2,122.48844101,,413.0,212.0,252.35001,,1468.2,947.5,1803.1,52.76067484,2153.8,12.84757493,254.14999
2018-02-15 09:15:00,20402.9,248.56783505,1390.826409,5652.6001,52.56797309,544.830372,1621.3,181.05,119.86508411,,411.70001,209.35001,243.89999,,1464.7,938.66666667,1784.2,52.00992839,2132.3999,12.43878846,253.39999
2018-02-16 09:15:00,19922.35,246.20894693,1358.6683137,5518.1499,51.0208881,521.16578,1650.6,184.39999,115.98586485,,405.45001,203.8,241.14999,,1450.05,927.83333333,1828.95,50.9255201,2164.3999,12.07122415,257.04999
2018-02-19 09:15:00,20218.6,243.4498903,1334.1797223,5686.1499,49.83588354,517.265263,1633.7,180.60001,113.25087016,,393.85001,195.8,235.0,,1463.25,900.23333333,1808.9,50.55014687,2158.6499,12.15366779,257.54999
2018-02-20 09:15:00,20497.949,246.40903119,1353.8692674,5611.3501,49.98401528,521.666964,1640.35,177.85001,110.51588663,,394.89999,197.10001,232.95,,1441.5,882.56666667,1798.0,50.80039847,2171.0,12.21893759,263.70001
2018-02-21 09:15:00,20543.449,245.84037066,1355.7530052,5640.2998,49.29276125,510.444805,1645.25,180.14999,110.18098442,,395.60001,203.45,233.95,,1461.45,904.3,1800.65,50.71697988,2152.95,12.16053884,261.70001
2018-02-22 09:15:00,20725.25,243.28139829,1360.1035425,5754.3999,49.29276125,500.747988,1632.35,179.8,113.47414016,,404.0,208.05,230.39999,,1484.55,900.2,1763.4,50.71697988,2174.8,12.05404825,256.89999
2018-02-23 09:15:00,20733.801,246.50380795,1366.3826685,5811.2998,49.68776167,520.664596,1651.45,182.35001,114.06021483,,406.5,209.39999,229.7,,1474.25,916.3,1758.15,50.96722731,2181.3,12.2051955,260.20001
2018-02-26 09:15:00,20691.65,241.12259444,1361.7630258,5799.5498,48.63442721,531.450943,1661.05,188.60001,114.75791614,,415.04999,208.45,233.7,,1449.45,950.06666667,1750.9,52.59384183,2202.3,12.22924245,262.95001
2018-02-27 09:15:00,20564.801,243.5341363,1370.9574603,5857.0,49.83588354,527.288939,1632.8,191.25,115.56724407,,410.45001,203.89999,231.89999,,1452.65,935.83333333,1783.0,52.13505419,2230.3501,12.33916891,251.39999
2018-02-28 09:15:00,20717.4,247.06193772,1374.0073215,5743.1001,50.13213715,531.799593,1623.05,188.0,113.61368042,,408.35001,203.0,242.95,,1439.6,931.83333333,1800.2,52.63554904,2226.3,12.34947377,252.35001
2018-03-01 09:15:00,21012.801,246.89344572,1368.0870027,5744.25,49.35859465,533.019867,1633.8,186.5,111.15776624,,406.10001,204.2,241.2,,1443.5,932.03333333,1796.75,52.09334698,2224.95,12.30825091,253.14999
2018-03-05 09:15:00,20832.6,244.70304961,1337.005329,5737.2002,47.7950513,526.635221,1606.15,180.95,112.13454807,,403.95001,202.05,237.95,,1414.85,909.43333333,1780.1,52.09334698,2221.55,11.94412316,246.10001
2018-03-06 09:15:00,20747.9,244.21863509,1323.5052081,5712.1001,47.33421748,514.040254,1595.3,173.25,103.92958631,,405.25,194.64999,233.39999,,1401.95,892.03333333,1802.5,52.00992839,2260.1499,11.70709433,240.64999
2018-03-07 09:15:00,20428.85,242.30203849,1287.7141899,5739.3501,47.6633845,507.873514,1575.2,168.14999,96.1153317,,376.95001,180.55,219.75,,1370.5,884.93333333,1756.1,50.88381289,2214.8501,11.40823432,235.2
2018-03-08 09:15:00,20349.301,245.5560404,1278.9234135,5619.2002,48.61796885,510.466596,1544.95,172.85001,94.30130831,,387.95001,177.5,215.39999,,1425.8,901.86666667,1771.15,51.0923531,2236.8,11.078457,236.25
2018-03-09 09:15:00,20253.1,245.99833192,1289.6427786,5616.8999,47.43297087,494.341552,1531.85,170.64999,87.12894448,,377.89999,182.75,214.55,,1446.3,881.1,1756.1,51.25918611,2216.8501,10.96853053,235.39999
2018-03-12 09:15:00,20108.5,243.58679006,1285.9650048,5651.4502,47.74567625,516.981985,1559.9,173.3,90.56162932,,386.60001,185.3,220.7,,1442.95,902.13333333,1830.45,50.63356546,2204.2,10.70402232,240.85001
2018-03-13 09:15:00,20171.699,251.45326069,1265.5129944,5611.2998,49.45734476,529.337255,1575.35,181.5,89.16622671,,385.20001,184.39999,221.5,,1447.9,923.3,1851.85,52.3435944,2197.1001,11.01318857,238.8
2018-03-14 09:15:00,20116.15,250.61080065,1247.0792745,5593.1499,49.40797299,527.354311,1612.0,177.64999,91.39887088,,382.10001,184.05,218.0,,1424.15,918.66666667,1813.45,51.84309955,2196.7,10.90326279,243.89999
2018-03-15 09:15:00,20069.85,245.68240941,1231.6954158,5560.2998,48.50276369,521.688755,1603.15,175.60001,93.24080233,,382.14999,183.5,217.89999,,1437.9,919.86666667,1793.0,51.96822118,2206.2,11.09219772,242.3
2018-03-16 09:15:00,19991.6,243.43935955,1199.1336624,5518.2002,46.41254982,515.957827,1567.95,182.39999,89.58484749,,370.5,190.85001,226.45,,1347.05,940.3,1771.55,51.88480676,2158.2,10.89295725,234.75
2018-03-19 09:15:00,19689.15,240.3433189,1181.6418114,5454.1001,45.54026051,505.716245,1562.9,174.3,89.64066918,,364.29999,186.75,220.60001,,1354.95,927.43333333,1771.9,51.71797375,2141.3501,10.39485608,231.14999
2018-03-20 09:15:00,19608.65,234.26707585,1170.3393846,5446.5,45.96817105,503.36286,1554.8,171.64999,89.83601996,,370.0,194.5,218.14999,,1393.6,922.76666667,1762.4,51.46772633,2104.1001,10.374245,230.39999
2018-03-21 09:15:00,19530.949,232.94020129,1163.432346,5449.5498,46.61005332,503.144954,1558.4,170.55,90.53372127,,363.70001,198.8,218.89999,,1401.6,918.03333333,1763.3,49.42403137,2124.6499,10.36050428,229.85001
2018-03-22 09:15:00,19530.35,229.63354563,1156.9738164,5405.6001,45.70484402,501.140219,1549.4,168.39999,88.9987784,,358.25,200.75,218.75,,1406.9,896.9,1769.2,46.67130134,2115.05,10.3398932,228.25
2018-03-23 09:15:00,19216.85,221.8302595,1146.2993022,5365.5498,44.70088132,491.02938,1528.55,164.5,85.09165109,,362.39999,191.60001,212.39999,,1403.65,908.76666667,1762.8,45.37835283,2087.3501,10.13034718,227.2
2018-03-26 09:15:00,19034.4,228.81214709,1149.8873742,5369.3501,46.74171684,498.612509,1533.15,168.75,91.39887088,,365.14999,194.7,209.7,,1414.3,937.8,1772.2,46.54617554,2063.5,10.2505785,231.10001
2018-03-27 09:15:00,19043.1,241.27002494,1143.6530991,5363.4502,47.38359253,503.450022,1524.0,170.7,89.24994528,,365.5,190.14999,212.75,,1438.0,933.9,1805.75,46.67130134,2093.6001,10.30554139,231.7
2018-03-28 09:15:00,19412.85,241.53329371,1161.3243537,5452.9502,49.65484826,497.958791,1507.5,167.64999,87.29638163,,354.10001,193.7,213.2,,1441.4,926.9,1789.55,44.46077338,1988.35,10.11317128,232.95
2018-04-02 09:15:00,19973.9,244.34500409,1159.6200195,5490.7998,48.60150721,514.911878,1536.95,173.10001,89.80810633,,369.70001,193.60001,219.8,,1441.9,934.6,1807.15,45.58689305,1919.45,10.42920789,240.2
2018-04-03 09:15:00,20111.301,243.34458279,1151.0086467,5617.8999,48.28880183,522.516797,1554.8,176.05,90.64534789,,366.39999,191.35001,237.95,,1424.0,933.56666667,1805.55,46.37934254,1906.9,10.43607756,240.64999
2018-04-04 09:15:00,20105.0,243.17609079,1140.4238343,5624.5,49.70422002,508.178583,1530.0,172.55,84.53349005,,367.79999,182.8,233.75,,1439.85,919.9,1938.9,45.92055489,1892.6,10.35363392,236.60001
2018-04-05 09:15:00,20638.699,249.91577111,1146.9272148,5712.8501,49.35859465,523.540956,1552.35,176.3,95.96340842,,375.95001,183.39999,235.05,,1450.0,930.26666667,1937.35,46.00397348,1854.1,10.3914209,238.0
2018-04-06 09:15:00,20715.801,248.87322681,1158.3641943,5712.1001,48.89776082,529.664114,1553.25,179.7,97.1966144,,379.29999,178.85001,234.45,,1429.35,930.1,1909.85,46.2125137,1835.9,10.40172576,238.64999
2018-04-09 09:15:00,20484.5,248.83110381,1157.9605362,5749.2002,50.00046705,524.499742,1541.3,181.14999,95.50905401,,377.35001,178.35001,236.89999,,1409.7,920.46666667,1927.2,46.17080232,1854.95,10.36737395,236.60001
2018-04-10 09:15:00,20663.449,249.73674835,1156.6598601,5750.4502,48.96359423,527.528635,1539.15,179.64999,95.89849601,,387.25,182.10001,230.14999,,1411.9,920.63333333,1923.35,50.13306644,1815.55,10.78646665,235.0
2018-04-11 09:15:00,20356.25,256.8555357,1146.3441531,5813.2002,49.3092196,527.092823,1533.55,175.64999,93.82150659,,377.89999,178.75,227.85001,,1415.85,920.23333333,1917.8,50.84210568,1770.95,10.60783659,237.5
2018-04-12 09:15:00,20720.25,255.51813038,1141.2311505,6071.4502,48.61796885,523.301259,1524.95,175.55,88.33696289,,372.35001,177.05,226.8,,1416.3,920.2,1918.95,49.92452622,1758.4,10.49447632,236.0
2018-04-13 09:15:00,20918.35,259.70936909,1140.7377906,6484.1499,47.95963481,530.317832,1536.45,173.39999,90.47884525,,383.10001,176.55,228.45,,1420.15,910.0,1917.4,48.88182514,1784.15,10.45325346,236.64999
2018-04-16 09:15:00,20486.65,268.12343874,1127.9552841,6444.1001,49.24338948,535.351461,1576.5,170.60001,91.35508165,,387.5,176.8,226.3,,1429.7,925.93333333,1912.5,49.46573858,1763.25,10.31241244,241.64999
2018-04-17 09:15:00,20590.6,273.08342223,1134.279261,6293.1001,49.63838662,535.395042,1586.95,172.35001,90.54375766,,383.39999,175.35001,228.55,,1423.55,916.63333333,1914.7,49.04865815,1745.45,10.27806063,244.85001
2018-04-18 09:15:00,20629.5,279.63354905,1126.3406517,6171.75,48.42047193,532.43152,1573.5,172.7,88.75884487,,384.95001,174.0,227.14999,,1413.55,919.13333333,1905.8,48.08937565,1779.25,10.25744886,244.89999
2018-04-19 09:15:00,20579.75,276.4953854,1120.9585437,6184.0498,48.88130247,540.014649,1571.35,174.2,91.93922844,,386.54999,173.5,230.60001,,1436.45,923.46666667,1925.35,48.21449728,1797.5,10.30210621,247.0
2018-04-20 09:15:00,20477.35,275.08426483,1143.1597392,6150.0,48.40401029,534.24014,1561.65,180.25,89.37545111,,381.14999,172.35001,232.35001,,1415.1,910.0,1922.25,47.04667457,1783.35,10.28836549,246.60001
2018-04-23 09:15:00,20471.15,279.15966528,1195.9940994,6158.1499,48.71671896,540.385089,1565.3,193.39999,90.70602246,,386.35001,170.7,235.14999,,1417.6,922.13333333,1917.3,47.2135034,1831.7,10.3914209,247.60001
2018-04-24 09:15:00,20404.199,279.05435777,1214.2484157,6224.2002,48.27234019,533.913281,1562.0,193.7,89.50525646,,392.25,168.35001,247.60001,,1425.05,918.26666667,1939.9,48.13108286,1924.6,10.72119822,247.8
2018-04-25 09:15:00,20443.301,275.31594134,1213.7999067,6158.9502,47.81150966,536.855012,1567.65,183.89999,89.27809223,,391.89999,168.0,249.25,,1404.55,906.5,1917.0,48.5898705,1934.7,10.4085968,245.7
2018-04-26 09:15:00,20412.85,276.77971566,1203.6636033,6100.3999,48.14067668,531.930337,1545.4,182.7,91.22526981,,397.10001,168.05,251.35001,,1413.35,905.5,1912.8,48.50645608,1919.95,10.08912571,242.5
2018-04-27 09:15:00,20479.199,279.25444203,1201.7798655,6157.75,47.82796801,544.656047,1559.6,183.2,92.03659381,,402.45001,169.55,254.60001,,1435.65,902.3,1915.75,48.4647447,1969.05,9.85896793,244.89999
2018-04-30 09:15:00,20524.1,282.95073546,1218.598953,6179.6499,48.30526019,550.234441,1587.15,186.89999,90.93319967,,407.29999,168.60001,261.60001,,1443.85,903.5,1926.7,47.83912405,1976.35,9.60476457,250.64999
2018-05-02 09:15:00,20602.9,279.98106382,1205.6818938,6153.9502,47.97609317,498.525347,1557.15,180.89999,83.9882533,,401.10001,167.10001,250.45,,1418.4,894.4,1928.4,47.71400243,2023.4,9.43987523,245.45
2018-05-03 09:15:00,20524.699,278.99117327,1174.0171584,6293.1499,47.35067912,472.354836,1537.8,180.95,82.04108221,,397.0,166.05,243.60001,,1417.3,845.43333333,1919.35,46.17080232,2030.45,9.42957037,239.95
2018-05-04 09:15:00,20451.449,275.46337185,1153.565148,6269.6499,47.46588428,485.167709,1527.75,179.10001,82.17089405,,408.25,164.8,242.64999,,1409.0,799.5,1918.05,44.46077338,2018.25,9.29559833,236.7
2018-05-07 09:15:00,20474.1,278.74896601,1152.5784282,6272.8999,47.23546737,479.981546,1523.5,185.55,82.81995324,,412.39999,165.64999,249.75,,1440.1,771.43333333,1919.15,44.7110208,1990.85,9.35056191,235.25
2018-05-08 09:15:00,20616.4,277.00086142,1149.1697598,6284.6001,46.75817519,484.775478,1518.65,185.45,85.31883114,,412.79999,165.85001,248.3,,1447.7,772.23333333,1924.05,43.20953208,2019.0,9.14101521,229.45
2018-05-09 09:15:00,20599.051,278.16977473,1136.7460605,6299.7002,48.05838492,479.720059,1509.65,183.45,83.76108907,,413.35001,164.25,242.7,,1449.7,757.3,1921.7,45.33664145,2024.5,9.18910774,224.64999
2018-05-10 09:15:00,20345.199,278.67525076,1137.5533767,6254.1001,47.64692615,468.062088,1493.85,181.25,82.20334701,,410.79999,168.64999,238.10001,,1439.35,735.3,1920.4,44.91956102,2024.55,9.0723116,220.05
2018-05-11 09:15:00,20400.65,279.46505704,1116.9219627,6341.2002,49.5725565,482.988649,1466.55,179.10001,82.94976508,,412.70001,164.8,238.14999,,1462.35,706.46666667,1941.05,43.33465787,2005.85,8.82841379,217.14999
2018-05-14 09:15:00,20469.4,275.25275684,1122.7525797,6533.2002,49.42442476,470.219357,1451.2,181.75,80.48334014,,409.95001,158.8,238.35001,,1464.1,708.8,1983.0,42.2085382,1978.35,8.70474729,217.45
2018-05-15 09:15:00,20177.051,273.93641303,1113.0199344,6599.8501,49.68776167,470.960238,1411.65,181.95,80.0289987,,409.14999,142.2,234.89999,,1470.0,700.43333333,1958.65,43.08441045,1997.95,8.71161765,214.10001
2018-05-16 09:15:00,20234.199,274.03118978,1107.4584228,6792.3999,48.98005258,463.377109,1410.8,181.35001,79.89918687,,403.10001,130.05,232.64999,,1510.25,706.1,1945.6,42.54220422,2036.6,8.80093304,211.8
2018-05-17 09:15:00,20030.0,269.59774382,1102.0314639,6752.6499,47.95963481,466.623908,1400.5,179.7,80.09390462,,397.89999,131.7,230.55,,1566.85,701.36666667,1934.5,44.50248059,2005.75,9.08261714,217.64999
2018-05-18 09:15:00,19870.75,265.48022037,1091.0878443,6727.8501,47.28483913,464.662754,1374.35,173.85001,76.97842049,,389.5,128.14999,226.2,,1564.4,682.0,1947.35,42.95928465,1970.75,8.90055258,210.45
2018-05-21 09:15:00,19251.75,257.48738073,1076.6010036,6606.6001,46.21504632,438.840893,1344.1,163.8,76.71879681,,383.70001,125.3,221.39999,,1534.7,657.66666667,1900.7,43.00099186,1940.95,8.54672899,208.05
2018-05-22 09:15:00,19494.949,266.36480341,1084.1808057,6563.6001,47.35067912,434.853214,1325.3,170.60001,79.34748655,,379.75,123.75,224.45,,1559.4,662.76668,1917.4,43.00099186,1920.2,8.34061817,208.0
2018-05-23 09:15:00,19598.051,264.85890609,1071.6225537,6587.4502,47.03796387,408.072566,1313.75,165.3,76.19954946,,374.25,120.4,222.0,,1557.95,658.0,1908.5,42.37537121,1965.35,8.27878492,207.5
2018-05-24 09:15:00,20038.75,268.04972349,1045.474479,6671.7002,48.10775668,414.217515,1332.8,166.85001,77.33540305,,371.25,124.7,220.10001,,1560.1,651.73332,1897.3,40.74875668,1957.55,8.22725721,212.8
2018-05-25 09:15:00,19914.35,263.047617,1045.474479,6598.8501,47.6633845,414.261097,1322.85,170.5,81.0025875,,379.89999,129.39999,219.75,,1565.85,665.36666,1902.15,39.53922676,1955.95,8.40932177,211.60001
2018-05-28 09:15:00,19802.1,256.56067468,1079.3817594,6773.6499,48.17359667,414.522584,1322.5,170.8,84.1505181,,378.89999,138.95,221.45,,1578.7,699.53333333,1907.85,40.74875668,2030.9,8.61886778,212.10001
2018-05-29 09:15:00,19983.5,254.61248584,1099.6543662,6686.1001,49.12817774,414.304678,1310.0,168.85001,80.28862238,,377.85001,140.05,239.5,,1583.45,676.76666667,1930.55,40.41509484,2048.0,8.66696031,208.3
2018-05-30 09:15:00,20011.75,261.20473566,1111.8089601,6736.8501,48.32171854,420.122768,1309.4,166.35001,80.09390462,,374.39999,136.3,231.64999,,1575.0,656.66666667,1929.9,40.33167625,1983.2,8.65665477,206.2
2018-05-31 09:15:00,19543.6,262.1103802,1104.9916233,6674.3501,48.81546907,412.779336,1354.6,162.05,78.53616256,,392.14999,136.05,220.85001,,1542.25,641.56665333,1933.3,37.4538246,1916.85,8.56734008,205.39999
2018-06-01 09:15:00,19353.551,258.55098653,1079.8751193,6664.2002,47.89380141,398.0271,1326.7,159.25,77.59502672,,387.60001,135.0,217.85001,,1562.2,627.10001333,1936.3,35.74379148,1931.8,8.10015553,203.55
2018-06-04 09:15:00,18814.801,252.49580499,1063.1905845,6521.7002,46.0175494,403.213262,1308.05,147.7,75.45313138,,378.54999,135.0,214.0,,1555.4,620.0,1935.35,33.5749749,1934.05,7.77381339,201.45
2018-06-05 09:15:00,18601.301,246.6407077,1041.5724507,6357.25,45.78713577,392.840937,1285.05,138.85001,74.90143107,,373.60001,129.25,208.35001,,1554.95,609.83333333,1920.5,31.73982016,1908.4,7.43373052,202.05
2018-06-06 09:15:00,18398.35,243.4288288,1073.1923352,6441.5,46.85692859,394.431651,1315.95,148.5,76.75124977,,375.79999,132.14999,210.64999,,1549.85,607.73332,1850.85,33.40814189,1946.4,7.75320231,204.14999
2018-06-07 09:15:00,18515.65,251.86395996,1129.1214075,6394.3501,46.18213291,401.252108,1316.45,146.0,81.39202301,,380.04999,139.14999,218.35001,,1548.85,617.96667333,1873.0,33.78351511,1962.9,7.7360264,206.0
2018-06-08 09:15:00,18944.5,247.17777598,1120.3306311,6365.3999,45.82004918,411.319366,1315.1,144.7,81.97617629,,380.5,137.85001,220.14999,,1545.65,650.89998667,1824.55,34.45084297,1953.35,7.82877628,206.0
2018-06-11 09:15:00,19018.0,256.68704369,1120.6894383,6351.0,45.70484402,405.632019,1320.2,147.2,83.24184172,,382.29999,142.95,218.60001,,1548.2,663.26668,1852.0,38.07944525,1973.95,7.79785965,206.05
2018-06-12 09:15:00,18963.85,259.90945335,1152.0402174,6360.1001,45.39212877,406.874083,1315.7,147.75,82.8524062,,388.89999,144.55,220.10001,,1550.05,678.33333333,1880.8,37.28699159,1982.95,7.79442447,206.89999
2018-06-13 09:15:00,19133.25,268.92377578,1132.4403741,6340.1001,45.55671228,405.697391,1330.95,155.10001,83.8259885,,382.85001,142.8,225.39999,,1538.45,690.26666667,1876.35,35.9523317,2007.95,7.90778543,210.0
2018-06-14 09:15:00,19555.4,264.98527509,1123.8290013,6452.6499,46.09984115,401.66613,1307.2,154.60001,86.94147913,,374.45001,144.8,223.85001,,1570.9,703.76666667,1901.35,37.62065343,1990.8,7.81503556,206.05
2018-06-15 09:15:00,19579.051,272.4305157,1089.6077646,6519.6499,46.59359168,398.157843,1302.1,149.95,85.96789034,,372.95001,149.14999,225.95,,1549.6,733.56666667,1890.05,37.78748644,1955.5,7.6844987,204.95
2018-06-18 09:15:00,19489.5,267.49159371,1087.1409651,6707.5,47.7950513,400.424066,1300.4,145.85001,87.2011093,31.5,370.54999,151.25,223.8,,1513.0,729.23333333,1911.6,36.53624514,1951.45,7.58144328,202.89999
2018-06-19 09:15:00,19276.4,259.81467659,1084.0911039,6943.0,48.07484327,390.879783,1284.55,138.64999,84.3127829,32.599998,362.45001,152.39999,220.75,,1538.0,710.43333333,1879.4,35.82721007,1957.35,7.45090643,200.25
2018-06-20 09:15:00,19907.449,257.65587274,1080.3684792,7178.0498,48.07484327,391.86036,1275.2,144.85001,85.5135489,31.0,365.64999,152.10001,221.55,,1549.55,703.93333333,1868.05,35.78550286,1959.0,7.595184,197.75
2018-06-21 09:15:00,19829.5,256.64492069,1081.4000499,7303.2002,48.22296843,391.424548,1270.05,137.75,84.28034292,29.65,366.89999,155.2,218.14999,,1545.55,695.13333333,1857.75,34.9930492,1952.5,7.40968426,197.0
2018-06-22 09:15:00,20073.15,258.01391825,1087.4100705,7423.2998,46.95567211,396.21848,1294.65,141.3,84.60487252,29.450001,365.79999,164.0,215.7,,1518.6,692.2,1884.8,34.78450899,1960.4,7.40624908,204.95
2018-06-25 09:15:00,19836.051,257.62428049,1066.7786565,7643.25,45.98463269,381.727731,1315.55,137.85001,82.43051773,28.950001,361.14999,168.2,220.10001,,1532.75,693.53333333,1887.45,33.7418079,1958.4,7.38907318,206.8
2018-06-26 09:15:00,19788.35,260.54129838,1065.7919367,7477.1499,46.46192158,393.821514,1357.6,137.0,83.8259885,28.799999,362.89999,163.25,214.7,,1509.25,674.33333333,1869.4,33.11618725,1953.85,7.32723993,211.95
2018-06-27 09:15:00,19590.35,253.00128101,1063.7736462,7174.0,45.96817105,389.419813,1308.8,130.89999,74.70671331,27.4,361.10001,151.95,214.89999,,1480.15,660.10001333,1862.55,32.1986078,1948.85,6.97685152,205.3
2018-06-28 09:15:00,19258.85,253.41198028,1038.5225895,7305.8999,45.39212877,390.073531,1291.35,124.4,70.97462294,26.049999,361.79999,146.55,212.05,,1489.55,651.60001333,1840.55,31.94836037,1919.15,6.95624044,200.89999
2018-06-29 09:15:00,19637.1,258.84584754,1057.135713,7238.2002,45.42504876,387.306124,1339.9,126.2,73.44104788,26.799999,373.14999,156.14999,216.7,,1500.1,655.13334,1841.55,32.99106146,1891.15,7.26540668,207.45
2018-07-02 09:15:00,19809.699,252.95915801,1059.826767,7156.6499,45.2440069,374.013858,1320.15,120.85,68.1836684,25.200001,362.79999,154.75,211.5,,1524.0,658.30000667,1844.1,32.03177896,1846.25,7.36502691,199.89999
2018-07-03 09:15:00,19553.75,256.03413716,1052.6954739,7091.6001,45.93525764,380.725363,1332.85,123.95,68.96253944,26.35,362.75,153.64999,213.25,,1515.65,685.83333333,1870.7,32.82422845,1894.9,7.64327653,200.89999
2018-07-04 09:15:00,19561.25,252.46421274,1057.8981783,7146.8501,45.39212877,380.137017,1350.85,126.5,69.90367527,29.6,359.95001,156.85001,212.3,,1549.45,687.2,1876.6,33.95034812,1868.15,8.05893337,201.0
2018-07-05 09:15:00,19666.699,250.36859338,1060.5443814,7169.2998,44.89837824,379.570461,1389.7,122.65,68.73536872,29.799999,361.89999,159.10001,211.25,,1550.4,667.56666667,1875.2,33.32472747,1885.2,8.0177112,207.45
2018-07-06 09:15:00,19861.35,253.69631054,1053.3233865,7172.4502,45.70484402,400.445856,1373.7,122.9,72.01311765,30.35,365.75,160.3,211.10001,,1541.6,672.96666667,1877.1,32.94935425,1880.05,7.93526687,207.55
2018-07-09 09:15:00,19873.301,260.64660588,1077.4531707,7152.0,45.72129579,399.574232,1375.8,126.7,72.46745909,30.950001,366.95001,161.55,210.7,,1580.65,684.93333333,1876.85,33.40814189,1909.35,8.35779407,206.14999
2018-07-10 09:15:00,20051.4,264.80625233,1101.8969112,7090.8999,45.73775743,407.680335,1371.0,133.0,74.05765411,31.1,370.45001,160.39999,215.35001,,1610.5,694.8,1872.8,33.32472747,1925.2,8.27534974,204.35001
2018-07-11 09:15:00,19886.9,264.98527509,1119.7027185,7046.3999,46.42900817,399.11663,1360.55,139.64999,80.54824606,31.950001,373.5,163.7,216.95,,1647.05,691.56666667,1875.8,32.86593983,1901.7,8.01084084,202.55
2018-07-12 09:15:00,19888.35,264.51139132,1103.2424382,7131.9502,45.85296589,392.405125,1350.0,145.95,80.6780579,31.1,369.35001,166.25,215.25,,1632.7,679.1,1875.2,32.69910682,1860.2,7.92839651,201.7
2018-07-13 09:15:00,19944.949,262.0050727,1093.1061348,7100.2998,44.99713163,387.938052,1337.65,143.35001,85.05920746,31.450001,370.39999,160.85001,212.35001,,1606.2,684.73333333,1882.8,32.4905666,1901.4,7.83908182,196.89999
2018-07-16 09:15:00,19679.75,256.64492069,1071.5777028,7101.0498,44.99713163,369.067392,1270.05,136.2,86.7143149,31.1,360.04999,153.95,207.10001,,1541.35,646.16666667,1867.35,31.78152736,1884.9,7.54709148,190.55
2018-07-17 09:15:00,20398.301,260.07794535,1061.0825922,7058.25,44.71734296,382.77368,1289.0,131.7,89.50525646,31.450001,366.70001,156.45,207.39999,,1589.55,671.33333333,1860.0,31.73982016,1850.0,7.90091507,195.64999
2018-07-18 09:15:00,20360.551,256.00254491,1064.311857,7209.2998,43.97671716,376.759474,1291.7,128.95,92.97772964,29.75,364.04999,150.14999,205.7,,1605.3,657.33333333,1850.5,31.03078509,1832.95,7.73259122,195.35001
2018-07-19 09:15:00,21722.15,253.66471829,1038.3880368,7266.2002,44.78317307,387.088218,1274.5,123.6,98.04039136,29.700001,369.60001,149.2,202.0,,1597.7,649.30000667,1835.95,30.32174585,1843.3,7.48182305,193.35001
2018-07-20 09:15:00,23338.75,255.99201416,1018.0705791,7311.9502,44.45400605,381.466244,1293.0,129.05,105.76419577,35.400002,370.04999,150.39999,202.10001,,1599.95,679.5,1812.3,30.78053766,1841.8,7.42342498,194.3
2018-07-23 09:15:00,22816.949,256.97137395,1025.6503812,7487.0,45.19463185,384.713043,1310.8,130.89999,111.11893413,42.450001,383.75,160.75,201.85001,,1594.75,695.5,1841.35,30.28003864,1881.25,7.7016746,198.0
2018-07-24 09:15:00,23688.449,264.35343006,1047.9412785,7303.0498,46.41254982,398.0271,1475.5,137.39999,120.75746317,46.650002,392.60001,178.3,205.2,,1599.9,687.43333333,1847.0,32.61568823,2024.0,8.02801674,212.64999
2018-07-25 09:15:00,23697.65,260.78350564,1053.2336847,7374.6499,45.95171928,394.344488,1469.65,138.95,129.6820271,51.299999,398.75,172.89999,207.7,,1648.55,688.53333333,1824.05,32.24031918,2117.8999,7.79785965,208.45
2018-07-26 09:15:00,23676.551,265.42756661,1054.7586153,7638.2998,46.05046281,400.838087,1522.7,137.7,128.35145575,52.900002,399.29999,166.95,208.2,,1644.0,695.73333333,1859.35,32.15690059,2093.75,7.8768688,223.5
2018-07-27 09:15:00,23609.801,263.77423878,1066.0161912,7612.5498,46.0833828,410.513113,1535.0,136.64999,127.15068975,52.349998,394.64999,168.2,208.14999,,1649.25,730.2,1849.05,33.19960167,2116.6001,8.08984999,225.10001
2018-07-30 09:15:00,23293.15,261.9629497,1084.9881219,7686.25,46.90630035,408.486588,1503.8,140.95,125.62540713,57.549999,390.79999,172.64999,210.0,,1651.75,753.6,1855.7,34.15888834,2116.3999,8.17229432,227.0
2018-07-31 09:15:00,23420.9,257.89808,1092.8818803,7666.7998,46.13275456,399.225583,1529.75,147.95,126.8586196,60.400002,399.75,169.85001,209.60001,,1650.0,758.8,1857.2,34.24230276,2119.05,8.19977577,230.7
2018-08-01 09:15:00,23454.65,260.62554438,1088.082834,7666.5498,50.80693283,395.935202,1531.35,149.8,125.43068937,63.400002,399.0,167.39999,207.2,,1682.05,757.66666667,1856.2,33.5749749,2152.1499,8.50550683,234.0
2018-08-02 09:15:00,23441.449,264.49032982,1080.8618391,7922.8999,57.04464457,393.516445,1541.1,152.64999,127.54013176,66.550003,399.14999,166.45,216.64999,,1701.3,757.9,1843.05,33.99205533,2151.05,8.2650442,228.8
2018-08-03 09:15:00,23948.699,270.52444986,1080.0993738,8071.0,56.27110207,397.155476,1518.65,153.0,128.61107294,69.849998,399.54999,168.35001,217.45,,1701.0,770.16666667,1849.1,36.03575029,2195.75,8.67726585,226.10001
2018-08-06 09:15:00,23866.0,272.69378447,1071.5777028,8116.25,59.11840008,401.012412,1524.0,150.75,128.64353239,73.300003,397.35001,170.95,217.0,,1722.55,765.76666667,1838.3,37.66236481,2182.0,8.59138634,228.5
2018-08-07 09:15:00,23763.551,280.05477907,1084.3153584,8037.75,58.3448543,393.777933,1538.65,157.7,123.41859938,69.650002,372.29999,176.05,214.5,,1755.75,759.03333333,1832.9,37.66236481,2136.8999,8.4230625,230.10001
2018-08-08 09:15:00,23898.35,294.40819202,1087.8137286,8042.3501,58.97026834,394.017629,1536.3,153.64999,129.58466173,66.199997,374.60001,172.10001,216.39999,,1788.0,791.83333333,1771.9,37.24528438,2134.6001,8.39901623,230.95
2018-08-09 09:15:00,24147.801,302.76960792,1076.6907054,7919.2998,59.87547765,396.087736,1570.75,150.89999,130.03901615,62.900002,378.0,168.45,217.7,,1758.55,770.2,1757.1,36.95332557,2110.0,8.34061817,232.39999
2018-08-10 09:15:00,24453.0,293.44989372,1082.2073661,7996.5498,59.11840008,392.492287,1545.3,146.25,129.26013213,66.0,379.29999,163.95,220.0,,1714.4,764.06666667,1749.6,35.99404308,2059.8,8.11046108,227.7
2018-08-13 09:15:00,25031.75,292.19673441,1068.348438,7891.5,58.93735493,394.497022,1522.75,140.7,126.17710096,62.700001,377.14999,161.35001,220.2,,1706.4,760.76666667,1738.35,35.53525127,2000.5,7.93526687,220.89999
2018-08-14 09:15:00,24879.199,284.38291753,1082.8352787,7634.8999,63.62798497,397.809194,1563.55,147.05,131.30467508,59.599998,373.14999,165.55,215.7,,1793.25,778.8,1735.6,36.32770492,2010.35,7.92839651,226.35001
2018-08-16 09:15:00,25336.801,289.8799693,1074.8966694,7547.7998,64.02298539,397.264429,1559.05,141.10001,131.69410411,56.650002,370.29999,164.2,211.05,,1787.7,792.13333333,1735.25,37.07845137,2043.55,8.17229432,224.5
2018-08-17 09:15:00,25223.449,295.0084448,1100.3271297,7764.75,63.4798631,401.055993,1593.95,142.39999,131.79146948,54.700001,374.10001,167.60001,211.2,,1824.85,797.26666667,1732.4,38.4548143,2093.5,8.31313672,228.64999
2018-08-20 09:15:00,25808.25,292.52318768,1102.5248238,7909.5,62.95319258,404.346374,1599.3,139.2,137.92507887,57.400002,378.25,168.3,213.25,,1785.45,802.23333333,1739.9,38.7050659,2123.25,8.15511842,229.75
2018-08-21 09:15:00,25873.25,294.26076151,1139.3474127,7796.4502,62.6075672,407.527801,1639.8,137.35001,138.44432623,57.099998,377.95001,169.89999,213.7,,1793.2,819.8,1739.75,38.4548143,2094.3999,8.42993286,239.35001
2018-08-23 09:15:00,25860.35,291.21737461,1192.4060274,7656.3999,63.72673836,402.40701,1635.25,134.85001,136.85413769,57.200001,384.5,171.05,211.3,,1761.2,829.9,1739.65,38.37139988,2075.1001,8.2822201,237.25
2018-08-24 09:15:00,25418.801,294.071208,1183.4806983,7599.0498,66.50819639,402.77745,1640.85,134.39999,135.52355985,55.549999,376.75,170.0,209.2,,1718.25,820.0,1736.85,38.37139988,2049.6001,8.26847937,236.7
2018-08-27 09:15:00,25648.949,288.05814946,1185.1401816,7885.8501,69.07570244,405.806344,1652.1,138.39999,137.50319688,55.5,378.64999,203.85001,209.35001,,1725.3,819.7,1741.55,38.91360611,2034.55,8.21351649,241.7
2018-08-28 09:15:00,25598.75,281.29740763,1172.6267805,7962.5,68.00590962,404.651442,1623.65,135.5,149.08889702,58.25,386.95001,233.39999,207.7,,1727.75,822.86666667,1749.8,38.4548143,2070.1001,8.13794252,236.39999
2018-08-29 09:15:00,25690.551,276.83236942,1188.4591482,7854.2002,66.19549101,418.466682,1613.5,133.7,144.93491817,60.900002,385.89999,233.3,207.64999,,1700.75,822.1,1739.35,38.32969267,2118.95,8.12763698,233.14999
2018-08-30 09:15:00,26007.449,290.8593291,1174.6899219,7956.8999,64.78006954,418.706379,1624.05,137.45,145.38925961,59.049999,383.75,230.45,204.10001,,1729.45,833.1,1724.75,38.5799401,2091.1499,8.05549819,237.89999
2018-08-31 09:15:00,25945.0,289.59563903,1173.6583512,8330.75,65.33965347,426.289508,1638.75,135.5,146.2005836,57.400002,383.14999,228.89999,209.45,,1758.75,847.16666667,1716.25,39.58093397,2114.7,8.11046108,241.35001
2018-09-03 09:15:00,25981.699,285.33068508,1171.1018499,8387.75,66.50819639,422.323619,1662.1,140.0,136.62696048,55.900002,384.45001,217.95,210.05,,1714.9,832.8,1728.3,42.66733002,2199.2,8.1757295,240.0
2018-09-04 09:15:00,25454.0,280.79193161,1145.6713896,8334.7998,65.40548687,407.353476,1588.35,140.14999,136.56204807,53.5,373.75,210.39999,206.10001,,1699.45,817.0,1715.8,40.9572969,2154.95,7.90435025,227.95
2018-09-05 09:15:00,25307.1,278.24348998,1137.5533767,8299.4502,66.34361288,403.932352,1548.2,138.39999,136.91903712,52.25,379.20001,200.89999,225.2,,1754.4,827.5,1723.35,41.87487636,2104.8501,8.09672035,223.2
2018-09-06 09:15:00,25790.35,285.56236159,1162.535328,8490.8496,65.60298709,406.721549,1557.6,140.39999,158.77788477,54.849998,384.79999,199.45,224.85001,,1764.95,841.8,1731.3,42.83415885,2110.0,8.19290541,226.60001
2018-09-07 09:15:00,25383.949,285.67819984,1208.1935442,8424.1504,65.33965347,408.900609,1571.95,139.2,152.61882563,55.700001,377.45001,197.14999,221.3,,1731.3,848.26666667,1730.7,42.08341657,2201.25,8.06236855,227.5
2018-09-10 09:15:00,25272.699,280.38123234,1232.2336266,8593.3496,63.21652619,404.172049,1528.5,137.8,146.21726408,54.049999,371.95001,191.64999,215.60001,,1761.6,820.3,1726.85,45.08639403,2136.8,8.05206301,219.7
2018-09-11 09:15:00,24892.1,275.88460187,1247.303529,8428.2998,62.09735503,395.216112,1519.4,132.60001,143.79243383,52.5,364.64999,184.75,210.05,,1742.55,774.73333333,1711.25,44.8361466,2125.25,7.91122061,220.2
2018-09-12 09:15:00,25251.25,274.04172053,1312.9203957,8449.4502,62.7392373,398.04889,1554.4,126.8,144.42287999,52.650002,376.04999,181.55,211.05,,1767.8,793.53333333,1722.75,44.9612724,2129.2,7.72572086,226.60001
2018-09-14 09:15:00,25099.6,278.93851952,1299.2408712,8388.0996,63.21652619,405.937087,1602.25,129.45,146.07178396,55.25,380.10001,185.7,212.55,,1763.5,809.03333333,1712.35,44.12711153,2095.8501,7.97992422,229.8
2018-09-17 09:15:00,25143.5,281.5817379,1293.1411488,8441.75,62.5417338,403.583703,1586.75,127.05,147.47817581,53.75,380.79999,186.25,208.5,,1767.0,803.73333333,1711.4,42.91757744,2070.5,7.84938736,225.89999
2018-09-18 09:15:00,25270.25,275.90566337,1294.7109303,8444.5498,61.88339976,394.03942,1570.25,125.1,143.98642024,53.299999,379.54999,182.95,207.45,,1750.95,791.13333333,1708.8,41.74975056,2038.6,7.68793388,224.39999
2018-09-19 09:15:00,24454.5,276.71653116,1291.0331565,8379.4502,61.94923316,391.402757,1563.7,121.9,142.91950463,51.799999,372.39999,178.45,204.2,,1796.35,786.96666667,1639.15,39.91459582,2068.05,7.63297099,225.0
2018-09-21 09:15:00,24513.75,272.87280722,1284.4849251,8240.5,60.20464467,385.148855,1539.6,116.25,134.28709924,49.25,361.75,182.89999,199.05,,1788.0,738.76666667,1646.95,37.91261224,2083.6499,7.11769392,225.45
2018-09-24 09:15:00,23018.551,259.75149209,1245.3749403,8136.7002,59.26652195,377.914376,1527.45,110.45,130.45586745,46.799999,345.85001,178.89999,199.14999,,1735.15,728.06666667,1619.25,36.95332557,2034.15,7.25166596,218.64999
2018-09-25 09:15:00,23127.0,258.8563783,1281.8835729,8102.75,60.0894395,376.737683,1563.8,105.15,134.19011573,44.549999,337.95001,172.25,198.14999,,1738.45,739.63333333,1637.95,35.66037706,2060.55,7.41655462,225.64999
2018-09-26 09:15:00,22879.1,252.41155898,1288.117848,7934.9502,60.6983952,382.119962,1582.15,103.8,132.39573165,45.200001,338.54999,172.45,194.64999,,1763.35,742.96666667,1635.65,37.53723902,2069.0,7.37189728,226.10001
2018-09-27 09:15:00,22900.051,250.28434738,1276.7705703,7808.2998,61.27443748,370.592734,1561.25,104.65,137.97284123,42.950001,335.25,168.8,188.64999,,1747.55,734.46666667,1620.6,36.45283072,2049.45,7.09364766,227.25
2018-09-28 09:15:00,22568.051,244.77676486,1264.6159764,7773.5498,60.40214817,358.041349,1552.35,99.449997,126.67314196,40.849998,328.89999,160.39999,188.85001,,1778.1,709.16666667,1603.35,35.20158942,2054.95,7.01807369,223.55
2018-10-01 09:15:00,23088.15,239.85890437,1276.3669122,7640.8501,60.8300653,364.382413,1573.6,95.199997,133.22018363,39.200001,330.35001,158.3,182.7,,1739.8,714.33333333,1614.85,36.24429051,2064.3999,6.8634907,222.7
2018-10-03 09:15:00,22656.4,254.22284807,1275.7389996,7592.5498,59.97423104,350.915822,1509.7,92.349998,130.74684708,37.25,329.75,154.85001,186.5,,1741.25,692.7,1595.9,36.16087192,2053.3999,6.77761119,213.3
2018-10-04 09:15:00,22701.4,253.47516478,1240.4861922,7330.9502,60.0894395,347.821557,1527.9,89.25,128.95247269,35.400002,317.04999,149.75,181.14999,,1703.0,670.23333333,1592.65,35.49354406,2043.0,6.79822193,213.7
2018-10-05 09:15:00,21917.199,252.64323549,1233.1754955,7317.4502,59.54631063,332.786043,1478.6,86.550003,126.28515942,33.650002,301.79999,148.89999,175.2,,1697.95,679.66666667,1561.85,34.951342,2038.9,6.61959262,208.45
2018-10-08 09:15:00,21792.5,262.23674921,1236.6290148,7249.7998,58.36131265,325.900214,1474.65,82.449997,129.14644942,32.0,304.35001,147.95,170.89999,,1584.65,667.33333333,1593.4,34.07546975,1968.6,6.61272239,208.10001
2018-10-09 09:15:00,21400.199,258.93009355,1215.010881,7162.3999,57.76881201,321.78179,1465.85,79.449997,131.81376269,30.4,318.75,148.45,169.64999,,1527.9,670.53333333,1570.6,33.78351511,1902.95,6.69860191,204.7
2018-10-10 09:15:00,22476.5,262.53161022,1203.2599452,7325.2002,57.99922892,334.333176,1463.65,83.400002,139.42773938,31.9,327.10001,152.55,174.10001,,1521.1,702.26666667,1579.25,35.07646362,1974.55,6.87379611,209.89999
2018-10-11 09:15:00,21952.199,270.3033041,1157.15322,7231.7002,57.62068685,323.503248,1434.8,87.550003,134.04461622,33.450001,313.5,148.89999,177.95,,1481.9,672.6,1589.4,33.61668211,1950.15,6.77761119,207.85001
2018-10-12 09:15:00,22557.65,272.62006921,1173.9723075,7485.2002,61.10985397,354.075459,1503.2,91.900002,139.52474228,35.099998,323.14999,156.3,192.14999,,1518.4,683.06666667,1610.3,34.8262162,1966.4,6.78448141,219.60001
2018-10-15 09:15:00,22756.699,267.93388523,1156.3010529,7429.6001,62.77215071,355.884079,1523.15,96.449997,147.86614864,36.849998,321.25,161.10001,202.14999,,1568.9,686.66666667,1624.65,35.20158942,1961.4,6.80852754,217.0
2018-10-16 09:15:00,22698.75,269.63986682,1163.7463023,7408.75,64.2534023,360.917708,1553.4,101.25,152.90978587,38.650002,333.35001,163.7,200.0,,1588.6,684.76666667,1600.75,35.15988221,1974.1,6.85318503,221.5
2018-10-17 09:15:00,21776.9,263.78476953,1152.7578318,7293.8501,61.29089912,341.37154,1539.7,102.85,156.88651718,39.349998,313.89999,163.10001,196.10001,,1579.2,667.4,1594.75,34.45084297,1981.25,6.63676852,219.3
2018-10-19 09:15:00,21840.65,262.33152596,1140.6480888,7224.9502,59.87547765,333.853783,1424.4,101.25,163.67604187,37.400002,315.35001,160.05,195.75,,1524.5,668.23333333,1590.75,33.65838932,1952.85,6.35164847,209.2
2018-10-22 09:15:00,20872.6,263.40566252,1120.823991,7184.9502,58.39422606,326.51035,1422.15,100.8,163.43355885,35.75,315.39999,158.60001,186.3,,1497.0,674.0,1550.5,33.86692953,1949.8,6.55088901,206.0
2018-10-23 09:15:00,19377.301,263.0265555,1117.1462172,7069.2002,56.86360271,320.452564,1381.0,96.75,164.45198756,35.25,319.0,159.2,185.3,,1514.05,653.10001333,1527.05,32.94935425,1949.3,6.54401878,200.60001
2018-10-24 09:15:00,19893.199,266.76497193,1111.1361966,7067.3999,57.45610334,335.684193,1382.3,94.599998,162.51212336,37.0,314.14999,159.8,184.64999,,1584.85,658.66666667,1533.8,32.94935425,1940.55,6.76387013,196.39999
2018-10-25 09:15:00,19650.5,269.92419708,1094.2722582,7039.8501,57.20922808,338.538762,1367.6,92.900002,166.92532411,36.200001,305.60001,155.8,178.7,,1628.2,663.63334,1493.15,33.03276866,1949.45,6.85662041,192.55
2018-10-26 09:15:00,19360.6,263.31088576,1105.7092377,6917.8999,58.47651781,336.098214,1349.65,94.650002,161.73617768,36.200001,304.10001,155.64999,176.7,,1699.15,651.56665333,1499.95,32.86593983,1940.3,6.87723129,190.45
2018-10-29 09:15:00,19772.0,264.22706106,1104.0049035,7110.0498,59.10193844,350.697916,1350.4,99.349998,166.58583818,38.0,326.39999,163.39999,179.60001,,1708.65,677.53333333,1539.3,33.7418079,1924.6,6.93219417,193.10001
2018-10-30 09:15:00,20271.801,265.41703586,1083.7771476,7141.7002,59.33235536,353.7486,1344.9,95.199997,163.96702151,39.299999,322.60001,162.60001,177.39999,,1731.1,673.33333333,1502.3,35.70208427,1918.6,6.9631108,192.45
2018-10-31 09:15:00,19842.801,273.430937,1147.4205747,7568.7002,59.28298359,358.564323,1374.8,96.199997,164.888457,39.650002,318.85001,166.45,190.3,,1712.9,705.56666667,1531.05,35.45183685,1906.85,6.95967562,197.14999
2018-11-01 09:15:00,19897.0,279.08595003,1181.8660659,7592.6499,61.6365245,364.709272,1405.7,101.95,170.22308355,40.900002,317.14999,176.60001,198.3,,1685.5,725.66666667,1537.2,36.86991116,1899.05,7.06616621,199.95
2018-11-02 09:15:00,20282.85,291.29108987,1182.4042767,7609.2998,63.79256848,371.398986,1449.9,103.1,170.32008646,41.299999,333.60001,178.95,191.14999,,1730.0,723.53333333,1555.05,38.4548143,1908.9,6.96998116,204.05
2018-11-05 09:15:00,20077.85,287.29993542,1172.3576751,7600.7998,62.78860907,381.70594,1474.35,100.6,163.43355885,43.349998,329.54999,182.25,187.0,,1721.1,724.6,1584.15,35.99404308,1911.85,7.06273103,205.45
2018-11-06 09:15:00,19845.699,294.43978427,1170.7430427,7532.3999,61.62006614,374.79832,1447.45,98.449997,159.35984403,43.5,325.60001,178.60001,189.5,,1724.95,706.7,1566.85,36.99503278,1880.75,7.33067511,204.2
2018-11-07 09:15:00,20371.85,294.30288451,1189.445868,7537.1499,61.66944449,377.892585,1462.3,102.35,160.76624558,45.049999,326.20001,179.2,190.10001,,1717.2,708.93333333,1589.6,37.3286988,1900.05,7.36502691,205.60001
2018-11-09 09:15:00,20398.65,292.0071809,1173.3443949,7524.1001,62.32777853,389.092954,1464.05,102.1,161.29970823,45.25,337.60001,176.3,190.64999,,1752.0,718.2,1603.0,37.07845137,1912.75,7.4371657,205.3
2018-11-12 09:15:00,20464.301,291.29108987,1172.7613332,7469.1499,63.4798631,385.105274,1438.7,103.05,155.43161903,43.099998,328.64999,171.75,188.05,,1702.55,715.73333333,1584.75,36.24429051,1962.35,7.31006403,203.35001
2018-11-13 09:15:00,20439.301,289.65882354,1164.0602586,7517.7998,63.4798631,388.112377,1457.2,100.25,157.27448032,42.099998,334.10001,173.10001,186.45,,1700.2,716.9,1586.0,36.0774575,1969.6,7.2619715,205.85001
2018-11-14 09:15:00,20748.199,302.91703843,1155.0452277,7601.3999,62.7392373,389.419813,1473.9,99.699997,156.01358798,42.700001,332.0,190.39999,185.95,,1690.4,715.2,1582.5,35.24329663,1935.8,7.43373052,211.2
2018-11-15 09:15:00,20608.65,302.37997015,1158.6332997,7606.8999,62.44298369,394.7803,1513.55,96.5,157.95345218,43.349998,346.20001,209.3,186.55,,1668.2,722.46666667,1578.15,35.11817083,1945.15,7.26884186,217.85001
2018-11-16 09:15:00,20524.25,302.47474691,1186.6651122,7631.7002,63.10131773,392.819146,1501.4,91.800003,156.59553755,42.349998,347.45001,216.0,190.14999,,1681.55,746.4,1590.85,35.07646362,1948.9,7.44060088,217.25
2018-11-19 09:15:00,20433.75,305.86564857,1211.6022126,7630.5498,62.90382081,396.741454,1501.65,89.699997,157.22600311,41.25,350.54999,232.5,186.5,,1681.35,757.7,1596.5,34.32572135,1947.5,7.47838787,220.39999
2018-11-20 09:15:00,20290.199,314.16387998,1204.4260686,7619.7002,61.75173624,391.577082,1469.95,87.849998,155.33461612,41.450001,355.25,237.14999,183.8,,1641.05,738.63333333,1593.05,35.24329663,1947.75,7.4199898,215.0
2018-11-21 09:15:00,20684.25,315.82773856,1203.0805416,7542.7998,63.51277651,398.571865,1497.1,93.599998,156.1590681,43.5,361.25,237.75,183.7,,1593.4,765.3,1598.9,35.45183685,1945.05,7.36159173,217.60001
2018-11-22 09:15:00,20825.801,309.66724951,1206.8031663,7362.75,63.08485609,390.683667,1456.5,96.25,153.73423785,45.650002,368.14999,235.14999,188.55,,1570.3,738.3,1587.0,36.24429051,1938.4,7.25166596,214.64999
2018-11-26 09:15:00,20790.6,309.4987575,1209.8081766,7269.5,62.09735503,392.623031,1439.1,92.800003,152.61882563,47.900002,369.04999,239.5,187.5,,1551.9,740.96666667,1592.35,35.82721007,1920.7,7.34785101,216.45
2018-11-27 09:15:00,20719.35,313.52150419,1216.356408,7189.0498,61.68589626,395.804458,1445.15,92.300003,154.36468402,49.450001,369.04999,250.95,186.8,,1546.0,745.06666667,1586.5,35.91062449,1920.1,7.40624908,215.85001
2018-11-28 09:15:00,20775.65,311.77339961,1255.0178838,7190.25,61.47194099,390.073531,1436.95,90.449997,153.2492718,48.400002,365.39999,239.2,181.89999,,1594.45,739.23333333,1585.1,35.70208427,1919.25,7.40624908,214.55
2018-11-29 09:15:00,20845.199,306.48696285,1243.5360534,7365.4502,61.15923232,389.6813,1463.8,89.25,164.79145409,47.450001,369.79999,227.3,182.39999,,1617.7,747.0,1583.8,35.74379148,1893.0,7.39594354,216.8
2018-11-30 09:15:00,21634.0,302.42209316,1263.6292566,7420.1499,59.59568897,401.382852,1485.5,92.099998,160.0387965,46.75,365.64999,225.10001,184.8,,1699.85,779.03333333,1579.35,36.16087192,1912.65,7.21387897,217.45
2018-12-03 09:15:00,21902.15,306.78182387,1246.1374056,7775.5498,61.02756222,395.86983,1516.8,94.0,161.68768107,46.049999,375.64999,218.45,183.95,,1724.45,770.4,1589.6,36.24429051,1902.65,7.29975848,220.0
2018-12-04 09:15:00,22460.4,309.26708099,1239.7237269,7752.3999,60.74777354,396.479967,1508.95,92.400002,157.85644928,45.099998,373.79999,218.8,182.8,,1741.7,757.13333333,1589.75,36.32770492,1907.75,7.33411029,219.0
2018-12-05 09:15:00,22167.051,308.76160496,1231.3366086,7656.9502,60.43506816,394.257326,1471.15,90.400002,152.66730284,46.799999,374.75,218.0,178.3,,1691.15,732.13333333,1572.35,35.82721007,1916.15,7.32036957,216.64999
2018-12-06 09:15:00,21598.6,305.67609506,1236.4047603,7504.0498,59.90839764,371.90017,1423.8,89.849998,146.02327766,45.200001,363.95001,216.35001,173.14999,,1679.1,727.1,1540.75,35.78550286,1908.85,7.20013825,208.14999
2018-12-07 09:15:00,21816.6,305.04425003,1252.1474262,7495.2002,59.77673412,379.810158,1443.05,89.0,148.30260839,44.450001,373.45001,217.8,172.8,,1676.65,699.8,1551.5,36.45283072,1894.0,7.18983271,212.45
2018-12-10 09:15:00,20941.35,291.55435863,1252.9098915,7394.5,59.49693887,370.679897,1411.8,87.349998,138.84577042,41.299999,359.14999,209.10001,167.14999,,1659.25,680.33333333,1520.15,35.82721007,1916.65,7.05242549,204.89999
2018-12-11 09:15:00,20969.199,296.1984196,1255.7803491,7331.3501,60.61610344,386.281966,1432.85,88.849998,147.33267629,43.349998,355.75,209.60001,173.85001,,1620.9,717.3,1526.9,35.66037706,1930.75,7.14861055,213.10001
2018-12-12 09:15:00,22459.699,306.76076237,1282.6460382,7503.7998,66.04735927,396.414595,1485.2,96.400002,151.40641051,44.799999,374.45001,216.35001,176.14999,,1658.05,730.73333333,1539.25,36.45283072,1896.85,7.25166596,215.95
2018-12-13 09:15:00,23438.801,302.05351689,1290.4949457,7508.0,65.38902523,397.743822,1500.85,94.300003,151.3094076,44.299999,371.04999,220.89999,177.8,,1641.25,721.43333333,1551.75,36.24429051,1898.8,7.2963233,218.7
2018-12-14 09:15:00,22950.051,302.53793141,1282.8254418,7556.0,65.58652874,403.431168,1497.65,94.0,152.37634261,44.150002,368.60001,219.0,178.89999,,1621.4,732.63333333,1578.6,35.9523317,1878.85,7.37876764,219.45
2018-12-17 09:15:00,22963.6,302.92756918,1255.5112437,7580.8999,65.833404,407.004827,1502.0,93.449997,153.20077519,44.650002,371.39999,216.2,177.14999,,1621.6,740.8,1596.85,36.11916471,1877.3,7.36159173,218.75
2018-12-18 09:15:00,22845.1,303.85427523,1196.5771611,7504.5,66.65632155,406.329318,1501.25,94.75,153.29776841,44.25,372.89999,218.0,177.8,,1638.5,745.26666667,1591.85,37.4538246,1873.0,7.385638,219.64999
2018-12-19 09:15:00,22850.949,306.09732508,1196.7117138,7503.75,67.16653043,409.641489,1543.9,98.050003,155.38312242,44.150002,375.85001,219.39999,179.14999,,1643.75,743.5,1646.05,37.87090503,1867.9,7.40624908,227.25
2018-12-20 09:15:00,22488.6,305.02318853,1178.8162047,7450.5498,66.87027682,410.556695,1537.25,95.75,154.46168692,43.950001,375.14999,215.75,177.0,,1630.05,771.93333333,1621.25,40.37338763,1866.15,7.80473001,225.10001
2018-12-21 09:15:00,22059.699,305.33911105,1168.5453486,7410.0,67.4792391,397.961728,1490.05,93.449997,154.55868983,42.5,361.10001,208.35001,182.05,,1612.05,754.96666667,1634.95,38.03773387,1852.35,7.69823942,220.7
2018-12-24 09:15:00,21535.15,300.56868107,1168.0519887,7466.25,68.05528139,390.683667,1447.65,89.900002,153.78273446,42.150002,361.10001,200.05,179.25,,1630.75,755.0,1600.45,37.49553181,1855.15,7.23105488,213.25
2018-12-26 09:15:00,20597.551,300.60027332,1161.9074154,7498.2998,67.77548613,390.749039,1479.4,90.199997,156.40155113,41.549999,376.54999,198.2,177.3,,1637.55,752.36666667,1610.4,37.24528438,1874.55,7.385638,221.10001
2018-12-27 09:15:00,20258.699,299.75781328,1174.196562,7469.5,67.44631911,390.749039,1459.2,91.099998,157.46848613,41.450001,384.0,196.14999,178.89999,,1690.45,785.16666667,1636.1,38.28798546,1862.65,7.47495269,216.85001
2018-12-28 09:15:00,20974.1,299.32605251,1178.0537394,7470.9502,67.42986734,400.467647,1479.7,91.349998,156.69253076,41.700001,387.39999,197.05,177.14999,,1679.65,791.7,1679.6,40.87388248,1905.1,7.45434161,220.95
2018-12-31 09:15:00,20824.4,304.06489024,1199.0888115,7516.6499,66.65632155,402.232685,1508.1,91.199997,156.1590681,41.849998,387.70001,198.39999,176.75,,1677.15,790.46666667,1749.3,39.87288861,1949.2,7.45434161,225.10001
2019-01-01 09:15:00,20666.35,305.09690379,1183.3461456,7580.0498,65.68527884,401.992989,1488.8,94.400002,152.52182273,41.400002,389.0,200.5,175.8,,1674.4,787.8,1769.55,39.62264118,1940.3,7.4028139,222.89999
2019-01-02 09:15:00,19985.75,305.53919531,1183.3909965,7527.0498,64.36861076,394.671347,1483.95,97.400002,150.19399538,41.150002,381.29999,200.55,175.0,,1652.55,776.23333333,1769.4,38.95531332,1951.05,7.46121197,218.95
2019-01-03 09:15:00,19990.25,301.00044184,1174.1517111,7471.9502,65.09277821,391.424548,1452.25,97.349998,147.91464525,40.950001,378.10001,201.14999,173.55,,1677.6,767.26666667,1801.25,38.83018752,1962.4,7.38907318,213.85001
2019-01-04 09:15:00,20357.4,308.20347519,1169.3975157,7504.5,65.32319512,395.86983,1469.1,98.599998,147.96314186,40.549999,382.14999,200.10001,170.95,,1648.45,752.73333333,1785.8,38.7050659,1950.05,7.32723993,216.55
2019-01-07 09:15:00,20388.25,309.98317202,1167.7380324,7574.2002,68.1869449,394.475232,1477.95,98.849998,146.70223013,41.099998,381.64999,199.8,170.2,,1658.65,784.93333333,1796.7,38.5799401,1964.2,7.28945294,218.0
2019-01-08 09:15:00,20419.5,314.67988675,1165.5851892,7752.0498,68.58195191,394.605975,1480.4,101.55,148.83608074,40.75,378.75,205.95,170.64999,,1635.75,781.86666667,1757.75,38.12115246,1954.7,7.36846209,218.7
2019-01-09 09:15:00,20203.75,314.79572501,1165.7645928,8004.7998,69.70111649,390.77083,1454.15,98.0,144.85936883,40.650002,377.29999,207.45,172.85001,,1653.95,772.3,1753.9,37.87090503,1975.45,7.49899895,212.85001
2019-01-10 09:15:00,20671.35,325.62133653,1166.6616108,8113.6499,69.78340824,388.090586,1447.8,97.050003,146.55675001,40.650002,380.25,215.85001,172.25,,1671.1,775.23333333,1747.0,37.82919365,1969.95,7.57113774,213.14999
2019-01-11 09:15:00,20824.5,326.39008132,1207.0274208,8083.4502,68.2198649,389.485184,1458.65,96.0,146.94471315,39.75,377.14999,221.39999,170.3,,1659.3,773.16666667,1725.45,37.4538246,1967.3,7.56426738,212.85001
2019-01-14 09:15:00,20572.35,329.08595345,1172.7164823,8027.1001,70.8367427,385.911526,1459.6,95.349998,143.88943673,39.599998,374.45001,222.8,170.0,,1656.85,782.96666667,1761.65,38.7050659,1941.65,7.55739702,214.85001
2019-01-15 09:15:00,20846.15,329.72832923,1160.0236776,8111.6499,69.02632409,388.853257,1483.45,96.099998,144.18039697,38.75,385.14999,219.7,170.35001,,1666.65,773.53333333,1743.75,37.74577923,1921.45,7.60205437,216.75
2019-01-16 09:15:00,20698.0,325.61080578,1154.8658241,8092.0498,66.22840442,393.189586,1473.95,98.199997,143.98642024,39.150002,389.29999,226.39999,171.2,,1637.9,759.2,1751.8,37.3286988,1887.45,7.58831364,216.85001
2019-01-17 09:15:00,20889.9,321.37744408,1154.1930606,8138.3999,66.5740298,389.594137,1455.15,97.349998,144.5198829,39.650002,394.5,220.35001,170.95,,1644.95,767.7,1730.8,37.203573,1890.15,7.62266545,215.25
2019-01-18 09:15:00,20984.5,326.35848907,1144.6846698,8098.3501,66.90319682,384.451556,1439.75,95.75,142.33753568,38.75,399.29999,216.0,170.39999,,1682.35,760.53333333,1725.3,36.99503278,1897.25,7.63984135,212.64999
2019-01-21 09:15:00,20895.9,330.67609678,1149.1697598,8212.9004,66.40944629,385.955107,1429.3,93.75,141.56159,37.950001,396.20001,217.2,167.64999,,1661.85,763.53333333,1731.35,36.57795235,1902.25,7.62266545,212.3
2019-01-22 09:15:00,20724.801,328.10659365,1174.3311147,8212.4004,66.82090506,382.250705,1436.35,90.949997,141.31910697,37.75,390.60001,209.14999,164.3,,1664.95,777.63333333,1726.6,36.45283072,1881.55,7.61579509,213.85001
2019-01-23 09:15:00,20701.6,323.63102468,1160.0236776,8199.9502,67.18299207,386.085851,1429.85,91.699997,138.7002903,37.950001,385.20001,207.60001,162.95,,1639.4,776.93333333,1739.65,35.9523317,1878.45,7.53335076,212.39999
2019-01-24 09:15:00,20585.801,327.9907554,1128.7626003,8242.5996,66.80444671,379.722996,1419.7,88.900002,138.26382086,37.349998,380.95001,202.95,159.89999,,1627.55,776.43333333,1725.2,35.24329663,1900.65,7.38220281,211.2
2019-01-25 09:15:00,20466.85,325.9267283,1125.3987828,8205.2998,65.96506752,364.600319,1375.0,88.599998,133.22018363,35.099998,373.85001,207.89999,155.5,,1612.1,751.23333333,1725.1,35.70208427,1889.65,7.33754547,202.35001
2019-01-28 09:15:00,20118.6,329.79151373,1107.9517827,8076.2998,66.29423454,354.336947,1357.25,85.099998,132.29872874,32.5,326.10001,210.2,151.10001,,1636.15,755.7,1739.25,34.49255018,1877.1,7.21387897,199.75
2019-01-29 09:15:00,20082.75,326.45326582,1129.2559602,8048.0,66.82090506,346.492331,1359.65,83.599998,136.56643968,34.900002,349.25,213.95,157.2,,1619.95,727.2,1725.1,34.57596877,1893.95,7.20013825,200.85001
2019-01-30 09:15:00,20146.449,337.11038534,1134.4138137,8042.25,68.63132367,348.671391,1386.6,90.449997,135.69349109,37.299999,338.14999,213.89999,161.7,,1625.05,725.9,1728.5,34.78450899,1869.5,7.33411029,204.64999
2019-01-31 09:15:00,20151.6,342.38629134,1141.2760014,8070.1001,68.96049069,345.860403,1423.35,87.900002,133.02617782,35.599998,338.64999,213.39999,166.5,,1607.2,680.43333333,1759.85,34.11718113,1883.2,7.25166596,209.89999
2019-02-01 09:15:00,20293.5,343.79741191,1141.1862996,8098.8999,68.77944883,345.01057,1415.55,86.900002,138.7002903,35.75,338.45001,215.14999,164.39999,,1599.85,655.19999333,1729.55,33.86692953,1888.45,7.10738838,212.5
2019-02-04 09:15:00,20525.85,362.53161707,1142.1730194,7993.8999,68.1869449,333.352599,1406.1,85.5,119.39864151,33.849998,335.64999,215.39999,159.8,,1625.15,639.69999333,1713.7,34.61767598,1900.35,7.03868477,212.5
2019-02-05 09:15:00,20507.6,355.46548348,1128.2243895,8098.0,69.94799175,326.815419,1388.8,84.0,120.51406342,32.950001,339.79999,214.7,161.5,,1617.35,616.5,1758.4,34.20059555,1899.65,6.93562936,209.25
2019-02-06 09:15:00,20625.1,339.72201146,1130.1529782,8119.7002,69.20736596,332.480975,1401.45,83.599998,119.20465509,33.099998,330.35001,216.2,162.2,,1611.7,620.36666,1725.4,33.53326769,1889.45,7.06960139,214.5
2019-02-07 09:15:00,20963.65,339.99581098,1136.073297,8238.9502,69.45424122,332.502765,1421.6,85.449997,120.2230838,34.400002,332.35001,215.2,162.5,,1606.5,642.63334,1720.7,34.11718113,1887.35,6.91501827,214.95
2019-02-08 09:15:00,21332.449,332.59269337,1125.8921427,8042.0,69.76694989,329.212385,1395.45,84.599998,120.02909737,33.900002,331.5,215.39999,165.25,,1661.2,640.60001333,1720.0,33.99205533,1903.6,6.94937008,213.25
2019-02-11 09:15:00,21619.199,324.69463049,1106.7408084,7666.3999,69.48716121,320.910166,1368.3,83.849998,114.64597422,32.849998,328.79999,215.3,154.14999,,1667.95,668.56666667,1700.8,33.28302026,1891.7,7.04899031,207.60001
2019-02-12 09:15:00,21213.65,311.96295312,1124.0981067,7754.5498,69.45424122,320.082123,1374.9,84.050003,113.4335591,32.099998,326.79999,211.55,156.89999,,1654.15,672.46666667,1700.0,33.36643468,1839.95,7.14174018,207.45
2019-02-13 09:15:00,20859.6,308.52992845,1121.4519036,7638.1499,69.78340824,316.595627,1371.4,79.0,115.95538256,32.400002,341.64999,214.0,162.2,,1665.1,649.13334,1700.15,33.36643468,1804.5,7.19670307,205.95
2019-02-14 09:15:00,21333.199,295.10322155,1128.6280476,7644.75,69.89861999,320.69226,1360.9,74.199997,114.54898101,31.950001,349.10001,214.7,157.55,,1657.3,655.80000667,1701.3,33.36643468,1810.65,7.25853632,204.39999
2019-02-15 09:15:00,20908.85,300.40018906,1118.4917442,7442.4502,71.80778212,310.930071,1352.45,75.650002,116.19786558,31.0,350.14999,214.39999,159.2,,1695.55,649.5,1697.6,33.32472747,1796.7,7.07990693,204.8
2019-02-18 09:15:00,22245.301,286.97348216,1101.986613,7264.2002,70.47466227,311.104396,1331.7,73.199997,113.96702175,30.25,347.29999,219.05,160.05,,1650.7,645.23332,1657.5,33.4498491,1838.7,6.90471273,198.0
2019-02-19 09:15:00,21927.551,279.45452629,1114.9485231,7234.75,70.8367427,311.801695,1353.1,71.75,114.69447083,30.799999,339.54999,218.89999,160.35001,,1640.7,636.06665333,1634.45,33.61668211,1847.2,6.90127755,199.60001
2019-02-20 09:15:00,21971.9,275.62133311,1121.721009,7295.1001,71.90653552,322.958483,1382.5,73.900002,116.44034861,30.950001,354.75,216.8,157.85001,,1615.2,647.10001333,1683.55,33.4498491,1835.8,6.94937008,206.8
2019-02-21 09:15:00,22736.1,291.06994411,1117.4153226,7246.2002,72.40028605,334.376757,1389.05,74.449997,115.80989274,30.85,355.75,212.39999,155.64999,,1615.55,661.39998667,1710.6,33.4498491,1803.3,6.81883322,209.60001
2019-02-22 09:15:00,23362.5,296.91451064,1119.7475694,7230.5498,72.49903616,339.759035,1383.7,75.75,124.19980541,32.700001,354.29999,213.45,153.85001,,1701.4,656.16666667,1727.85,34.49255018,1809.65,7.05929585,210.95
2019-02-25 09:15:00,23648.35,297.68325543,1118.1777879,7375.0,74.32591312,346.078309,1376.15,77.5,128.0310372,32.950001,324.54999,210.3,151.89999,,1680.15,648.06665333,1690.65,33.99205533,1779.4,6.89784237,210.10001
2019-02-26 09:15:00,22899.949,292.42841092,1108.4899935,7359.7998,72.26861924,348.213788,1384.35,78.650002,128.12804011,32.900002,323.5,196.2,149.10001,,1723.65,666.26668,1714.3,33.36643468,1758.35,6.89784237,212.35001
2019-02-27 09:15:00,22821.699,293.57626273,1098.8919009,7372.7002,74.24362136,348.6496,1425.15,77.800003,128.27352023,32.900002,325.25,195.25,148.60001,,1720.0,664.30000667,1717.25,33.61668211,1758.8,6.78448141,213.95
2019-02-28 09:15:00,22896.25,292.77592569,1100.6859369,7437.6001,74.16132961,349.543015,1422.3,80.449997,124.97576078,33.049999,325.85001,203.85001,149.3,,1715.4,652.60001333,1786.55,34.20059555,1743.8,6.83944451,212.05
2019-03-01 09:15:00,23011.5,295.96674309,1116.338901,7333.3999,73.55237062,362.050819,1481.7,83.800003,129.82542128,34.200001,333.20001,204.75,150.10001,,1776.4,658.03332667,1763.65,34.86792341,1780.05,6.9459349,217.45
2019-03-05 09:15:00,23450.65,308.32984419,1106.6511066,7297.3501,74.24362136,374.667576,1531.9,90.150002,137.53637178,36.25,339.25,209.55,151.39999,,1792.65,661.63334,1802.3,35.66037706,1750.25,7.27571222,222.0
2019-03-06 09:15:00,23252.1,319.57668574,1116.3837519,7362.7002,72.36737264,371.15929,1554.4,93.849998,135.06304492,35.400002,337.04999,208.25,156.05,,1798.5,661.30000667,1756.75,36.0774575,1746.8,7.44403606,220.25
2019-03-07 09:15:00,23834.5,312.5632059,1139.8407726,7280.6499,73.63466237,372.161657,1555.05,96.099998,132.78369479,35.599998,340.89999,204.64999,162.89999,,1790.1,648.96667333,1753.45,35.66037706,1750.15,7.40624908,221.2
2019-03-08 09:15:00,24848.15,310.5623633,1135.624788,7363.8501,73.53590898,373.185816,1574.55,96.25,134.04461622,35.0,342.14999,206.8,189.95,,1829.8,637.60001333,1711.2,34.90963062,1750.0,7.16235127,226.14999
2019-03-11 09:15:00,24540.4,311.41535409,1135.8041916,7397.0498,74.32591312,383.274863,1604.25,98.849998,134.86905851,36.150002,351.29999,210.14999,189.55,,1792.8,657.43334667,1742.2,35.45183685,1748.75,7.25853632,233.3
2019-03-12 09:15:00,24516.6,310.46758655,1125.0848265,7355.4502,74.63862179,392.862727,1592.45,102.9,143.93791394,39.099998,361.04999,214.95,187.05,,1760.7,695.36666667,1791.8,35.36842243,1736.25,7.46464715,233.14999
2019-03-13 09:15:00,24203.6,303.40145295,1163.3874951,7353.1499,74.75383353,389.768462,1571.4,105.45,142.91950463,39.75,367.14999,213.10001,177.05,,1771.3,674.86666667,1804.55,35.49354406,1734.9,7.71541532,229.8
2019-03-14 09:15:00,23932.25,298.79951498,1174.7347728,7331.0,75.93883151,388.330283,1539.3,106.4,141.17361716,38.549999,366.0,206.60001,180.85001,,1754.65,684.56666667,1760.6,35.61866986,1719.6,8.2822201,224.14999
2019-03-15 09:15:00,23742.051,300.03161279,1169.5320684,7291.5,74.75383353,386.979265,1531.85,102.8,137.58487808,37.799999,367.10001,235.2,183.3,,1759.25,676.13333333,1740.15,35.49354406,1760.4,8.24786829,225.35001
2019-03-18 09:15:00,23251.85,300.88460358,1171.2812535,7362.2998,75.9059181,385.083483,1548.9,100.2,139.57321949,37.400002,369.0,225.3,181.25,,1739.65,677.83333333,1749.65,35.07646362,1783.55,8.04862782,226.45
2019-03-19 09:15:00,23517.25,307.71906066,1183.7049528,7359.1499,75.57675108,395.15074,1565.2,103.65,137.7303582,37.099998,365.75,223.5,179.25,,1695.75,687.2,1768.7,36.45283072,1772.9,8.02458156,229.85001
2019-03-20 09:15:00,23440.15,307.69799916,1200.8379966,7355.8999,74.22716301,392.317962,1560.2,101.0,135.25703134,36.450001,360.60001,225.14999,178.64999,,1707.3,680.7,1751.15,35.91062449,1754.35,8.0177112,227.45
2019-03-22 09:15:00,23585.0,308.89850472,1202.00412,7383.8501,74.04612115,389.572347,1582.95,101.5,134.09311282,36.0,360.75,224.64999,174.45,,1712.3,670.8,1752.8,35.70208427,1717.7,7.97992422,229.85001
2019-03-25 09:15:00,24151.449,305.74981032,1197.2050737,7399.7998,71.95591386,386.390919,1575.9,98.599998,130.31038733,35.150002,361.35001,215.75,170.60001,,1719.0,664.5,1779.0,34.9930492,1738.05,7.72915604,229.35001
2019-03-26 09:15:00,23949.5,321.14576756,1193.8861071,7346.4502,71.74195201,399.247373,1570.85,96.949997,134.14160943,35.950001,368.60001,216.95,172.89999,,1710.15,673.96666667,1778.9,35.15988221,1775.35,7.7016746,231.39999
2019-03-27 09:15:00,23777.85,334.98317373,1189.8495261,7227.3501,73.56882897,390.879783,1602.55,104.65,133.36566375,35.549999,366.29999,212.0,170.2,,1762.9,667.3,1767.2,35.11817083,1750.35,7.80473001,232.25
2019-03-28 09:15:00,24035.65,327.55899462,1179.4889682,7274.8999,72.95986669,394.497022,1617.8,109.2,133.65664338,35.849998,381.29999,217.75,169.5,,1837.15,683.6,1786.65,34.57596877,1741.7,7.98679458,231.85001
2019-03-29 09:15:00,24260.85,332.27677085,1180.475688,7304.7998,72.53195615,406.656177,1666.3,114.6,142.33753568,37.150002,378.14999,217.39999,182.60001,,1796.1,690.13333333,1802.85,35.03475641,1750.85,7.90778543,235.3
2019-04-01 09:15:00,24294.75,329.88629049,1182.0903204,7296.8501,73.865076,402.821032,1646.9,114.15,146.89621655,38.700001,383.04999,220.14999,185.64999,,1775.15,689.93333333,1776.5,36.0774575,1747.45,7.91809097,234.55
2019-04-02 09:15:00,24304.0,334.70937422,1186.2166032,7309.2002,72.40028605,400.402275,1617.35,116.5,147.09019327,37.75,379.70001,222.39999,183.14999,,1772.8,688.26666667,1768.55,35.41012964,1736.45,7.72572086,229.95
2019-04-03 09:15:00,23983.5,332.68747012,1194.9625287,7329.0,72.31799429,394.322698,1624.6,113.15,143.11348136,37.25,382.0,218.39999,180.89999,,1726.35,682.26666667,1792.0,35.07646362,1739.3,7.67419316,226.75
2019-04-04 09:15:00,23654.9,334.07752919,1188.9525081,7260.3999,72.43320275,397.722031,1628.85,113.25,143.06498475,36.950001,380.20001,221.8,185.10001,,1706.3,680.5,1834.95,34.78450899,1756.9,7.50930449,222.60001
2019-04-05 09:15:00,23861.65,342.28098384,1235.6871459,7302.2002,72.08757738,403.104309,1664.45,113.7,142.48301579,36.650002,387.14999,219.7,190.85001,,1709.75,684.0,1834.55,34.90963062,1751.55,7.5780081,224.0
2019-04-08 09:15:00,23877.4,347.49370534,1252.237128,7315.1499,71.08361797,393.843304,1640.4,110.35,137.6818616,36.25,379.89999,218.89999,195.10001,,1697.3,679.36666667,1826.8,35.41012964,1743.65,7.53335076,225.60001
2019-04-09 09:15:00,23359.1,344.78730246,1263.3153003,7332.2998,71.80778212,387.829099,1654.3,108.0,141.6100866,37.0,380.70001,222.85001,193.0,,1772.4,680.8,1796.85,35.86891728,1734.5,7.67075797,227.14999
2019-04-10 09:15:00,24294.301,345.45073974,1239.2752179,7338.25,73.30549535,391.838569,1636.65,105.05,138.55481018,36.950001,383.45001,216.8,187.45,,1798.95,675.93333333,1780.6,35.70208427,1742.2,7.86999844,223.89999
2019-04-11 09:15:00,24590.6,347.12512907,1263.3153003,7367.7002,73.27258194,395.237903,1675.9,102.55,136.7604261,36.0,379.45001,218.0,192.60001,,1757.0,676.43333333,1764.15,35.57696265,1757.35,7.91465579,227.2
2019-04-12 09:15:00,24791.551,341.87028457,1282.0629765,7400.2998,74.60570179,403.213262,1656.4,110.8,137.14838924,37.0,385.64999,221.45,187.95,,1773.35,679.7,1761.8,35.66037706,1755.85,8.0177112,229.14999
2019-04-15 09:15:00,24998.551,343.36565114,1276.7257194,7827.1001,73.45361722,403.038938,1673.35,106.7,138.65179369,37.450001,387.04999,222.60001,189.05,,1795.3,684.76666667,1752.15,35.66037706,1754.25,7.96618349,227.45
2019-04-16 09:15:00,24924.35,343.69210441,1266.2754597,8030.5,73.19029019,405.021882,1703.0,107.0,138.74878691,44.5,395.64999,230.10001,191.8,,1780.2,688.4,1779.05,37.24528438,1715.85,8.0177112,232.0
2019-04-18 09:15:00,24979.199,342.39682209,1288.8354624,7825.1001,72.81174482,409.902977,1699.45,104.8,134.43259876,45.0,390.54999,224.35001,191.55,,1807.55,684.66666667,1763.55,36.49453793,1721.15,7.99022976,233.39999
2019-04-22 09:15:00,25032.551,333.68789142,1290.9434547,7715.0498,72.44966439,392.884518,1663.0,102.2,131.08631362,44.75,391.04999,220.95,188.45,,1800.1,676.66666667,1746.65,35.61866986,1725.85,7.89060952,226.10001
2019-04-23 09:15:00,25157.85,330.37070501,1326.0617094,7789.8501,70.24423878,393.995839,1661.65,102.05,128.51600325,44.200001,390.89999,217.5,189.05,,1809.5,685.36666667,1744.1,35.45183685,1725.8,7.76007267,226.8
2019-04-24 09:15:00,24672.75,328.40145467,1337.7677943,7825.75,71.37987158,402.450591,1606.0,103.1,132.05624572,44.700001,391.75,219.75,190.0,,1800.5,682.23333333,1754.2,35.41012964,1722.2,7.7360264,224.10001
2019-04-25 09:15:00,24871.0,334.41451321,1340.5036992,7640.25,71.26465983,405.174416,1623.0,101.5,130.69835047,43.799999,389.25,220.60001,191.25,,1795.1,686.6,1735.35,35.24329663,1703.45,7.64671171,220.55
2019-04-26 09:15:00,23510.9,344.82942546,1328.5733598,7467.5,69.22382431,401.66613,1635.35,101.15,127.44906824,43.0,391.75,218.2,191.2,,1803.2,684.43333333,1710.55,35.61866986,1710.1,7.842517,226.0
2019-04-30 09:15:00,22926.699,341.75444631,1326.9587274,7421.3501,71.01778457,399.726766,1632.05,98.800003,123.22987331,40.049999,392.79999,219.05,190.39999,,1814.7,660.26668,1718.65,34.86792341,1718.35,7.4028139,220.5
2019-05-02 09:15:00,23105.449,335.06741974,1324.7610333,7420.6001,68.79590718,405.370532,1613.1,99.800003,122.84190047,41.799999,395.29999,216.89999,191.3,,1774.35,715.26666667,1700.9,34.45084297,1720.9,7.2791474,221.05
2019-05-03 09:15:00,22844.35,333.10870014,1339.4721285,7387.9502,68.13757314,410.600276,1633.9,98.0,124.44228843,41.900002,387.25,216.39999,190.95,,1759.9,701.13333333,1665.9,35.20158942,1704.1,7.13143464,221.7
2019-05-06 09:15:00,22831.65,332.1609326,1326.7344729,7381.0,69.0592408,398.484702,1620.4,96.650002,121.82347176,40.200001,379.79999,214.95,190.05,,1731.55,711.8,1677.2,34.951342,1710.85,7.09708284,219.7
2019-05-07 09:15:00,23225.699,336.87870883,1326.5102184,7287.2998,68.79590718,397.111894,1596.9,95.099998,118.67119244,39.450001,371.89999,211.10001,183.75,,1722.1,700.93333333,1669.4,35.03475641,1684.05,7.11769392,218.2
2019-05-08 09:15:00,23122.25,332.35048611,1303.8605139,7267.8999,68.1869449,399.203792,1593.2,90.5,117.26479089,38.049999,369.79999,206.0,179.95,,1673.45,705.3,1661.95,35.36842243,1687.15,7.14861055,213.35001
2019-05-09 09:15:00,22810.85,335.07795049,1243.1772462,7282.2002,68.76298719,403.649074,1596.35,92.199997,116.48884521,39.150002,363.89999,205.5,175.39999,,1700.25,709.6,1674.35,34.9930492,1725.1,7.21044379,213.95
2019-05-10 09:15:00,22936.6,333.80372968,1235.3283387,7276.0,69.24028595,405.000092,1602.35,92.849998,116.391852,39.099998,372.54999,208.25,175.39999,,1742.4,712.23333333,1669.05,34.90963062,1735.9,7.12456428,214.75
2019-05-13 09:15:00,22783.801,326.18999706,1208.6869041,7283.8501,66.93611681,390.618296,1583.0,94.150002,114.06401496,37.799999,364.75,207.64999,171.05,,1745.55,695.86666667,1627.05,33.90864091,1712.05,7.02837923,210.0
2019-05-14 09:15:00,23219.051,327.29572586,1233.0409428,7261.3501,69.1909076,395.346856,1572.3,91.099998,119.64112453,37.700001,370.54999,211.60001,169.10001,,1728.65,702.83333333,1621.95,34.40913576,1719.95,7.02837923,213.10001
2019-05-15 09:15:00,22951.25,328.59100817,1236.3599094,7274.75,63.46340146,390.291437,1554.5,91.150002,113.87002854,37.5,360.14999,210.7,169.64999,,1669.7,696.8,1613.7,33.7418079,1712.95,7.14861055,209.75
2019-05-16 09:15:00,22760.1,328.49623142,1244.3882205,7191.0498,64.02298539,398.964095,1583.35,90.949997,115.22793348,36.599998,371.5,207.75,168.35001,,1634.85,690.93333333,1600.8,33.5749749,1686.75,6.9802867,215.25
2019-05-17 09:15:00,22758.65,332.08721734,1247.8417398,7401.7002,65.0269448,397.460544,1606.6,90.400002,115.71289953,37.400002,367.10001,205.39999,168.0,,1647.3,684.0,1620.0,33.28302026,1691.95,6.92532381,219.0
2019-05-20 09:15:00,22996.0,341.76497706,1289.1045678,7497.6001,66.47527969,429.99391,1662.95,97.050003,147.38118259,43.099998,400.10001,224.0,180.2,,1681.3,684.6,1711.65,34.45084297,1720.9,7.21387897,224.2
2019-05-21 09:15:00,23109.199,361.69968778,1281.7041693,7696.75,66.82090506,422.585106,1609.85,96.25,149.99998957,43.349998,387.60001,225.8,179.89999,,1687.85,677.5,1676.5,33.78351511,1692.45,7.16922163,220.45
2019-05-22 09:15:00,22826.75,357.32942632,1307.0897787,7783.6499,66.73861331,425.701162,1615.0,95.849998,153.20077519,43.950001,385.95001,228.7,188.3,,1718.95,683.76666667,1688.95,33.78351511,1691.35,7.2619715,220.55
2019-05-23 09:15:00,23122.85,363.96379914,1289.6427786,7665.3501,63.79256848,432.107598,1639.8,99.849998,156.20756471,43.400002,407.54999,225.75,193.60001,,1723.9,672.6,1681.45,33.65838932,1681.95,7.2619715,222.55
2019-05-24 09:15:00,23836.1,378.80162661,1342.7910951,7909.1499,66.68924154,449.213219,1704.9,109.45,151.69737074,42.299999,410.25,227.5,200.85001,,1755.35,692.83333333,1711.15,34.8262162,1711.0,7.5436563,231.64999
2019-05-27 09:15:00,23937.5,393.43936982,1447.1591394,8000.9502,68.96049069,459.78166,1759.8,113.55,152.47332612,43.150002,412.39999,222.60001,211.5,,1793.25,701.06666667,1726.1,36.32770492,1725.4,7.8596929,239.14999
2019-05-28 09:15:00,23913.051,384.09859411,1430.295201,7696.6001,69.50361298,449.060685,1750.7,112.3,152.90978587,45.0,412.64999,241.55,212.10001,,1723.6,692.43333333,1714.05,35.91062449,1729.85,7.8596929,238.39999
2019-05-29 09:15:00,22927.25,374.34711914,1424.3748822,7806.3501,69.66819649,446.162535,1721.55,109.35,150.48495562,44.700001,406.54999,236.7,211.10001,,1767.15,688.3,1759.4,35.45183685,1729.15,7.98679458,233.85001
2019-05-30 09:15:00,22816.35,388.06868706,1412.1754374,7836.7998,71.77486871,449.431125,1708.15,105.7,153.34627471,44.599998,409.29999,233.75,213.10001,,1772.3,693.33333333,1751.45,35.86891728,1760.15,7.89747989,233.0
2019-05-31 09:15:00,22741.801,393.67104633,1407.6903474,7777.5498,69.43778287,447.404599,1686.0,106.8,150.09699248,43.299999,416.39999,235.89999,214.55,,1788.4,697.03333333,1738.25,36.16087192,1794.35,7.81160037,230.60001
2019-06-03 09:15:00,22859.051,392.56531753,1429.2636303,7884.25,72.03820562,460.457169,1725.2,104.6,154.26770051,44.099998,424.75,235.7,214.2,,1794.3,698.66666667,1793.7,36.74478536,1772.7,7.49212859,237.14999
2019-06-04 09:15:00,22575.25,388.83743184,1400.8281597,7879.0498,71.7090386,446.075373,1657.65,104.95,152.86130866,45.200001,425.54999,231.8,222.64999,,1804.05,688.43333333,1790.35,37.3286988,1760.25,7.58144328,226.95
2019-06-06 09:15:00,22497.051,372.80962957,1372.2581364,7905.3501,72.12049737,434.177705,1592.15,103.1,148.54509142,44.349998,426.29999,228.05,215.39999,,1792.2,673.0,1799.9,37.57894622,1760.45,7.38907318,221.75
2019-06-07 09:15:00,22497.551,375.67399371,1403.0707047,7965.3501,71.82424376,434.025171,1596.5,100.65,146.79923303,43.25,425.20001,222.60001,210.2,,1826.55,667.76666667,1768.2,37.49553181,1817.7,7.43373052,222.25
2019-06-10 09:15:00,22608.199,367.43894681,1402.3979412,8282.4502,72.58132791,431.257765,1589.4,100.35,145.4413184,42.900002,425.75,224.95,194.8,,1842.1,679.76666667,1784.7,36.32770492,1796.8,7.26884186,223.10001
2019-06-11 09:15:00,22490.1,363.71106113,1387.2831879,8588.4502,72.53195615,431.562833,1589.65,100.5,148.98158026,42.549999,426.29999,228.5,198.85001,,1836.9,664.36666,1781.9,35.57696265,1811.05,7.34098065,223.25
2019-06-12 09:15:00,22439.25,365.62765772,1351.4024679,8609.75,71.69257696,428.337824,1579.05,103.95,148.59359772,43.150002,424.95001,222.95,193.7,,1828.5,661.53332667,1786.1,35.36842243,1792.35,7.54022112,220.55
2019-06-13 09:15:00,22365.9,364.43768291,1353.4656093,8560.6504,70.40882229,427.248294,1583.15,103.8,148.49661421,43.400002,424.95001,234.5,185.55,,1778.55,653.03332667,1800.3,34.74280178,1799.75,7.44747124,220.45
2019-06-14 09:15:00,22462.551,368.92378263,1355.7978561,8606.7002,69.25673772,417.464315,1549.0,100.55,147.86614864,42.599998,426.39999,233.2,182.5,,1728.0,640.19999333,1800.3,34.24230276,1819.6,7.29975848,214.2
2019-06-17 09:15:00,22218.949,358.76160839,1375.7565066,8511.9502,67.74257272,411.885921,1509.15,98.949997,143.45294789,41.650002,423.70001,229.25,173.85001,,1686.4,640.30000667,1799.7,34.11718113,1810.7,7.19326789,205.60001
2019-06-18 09:15:00,22030.85,364.41662141,1381.0489128,8519.7002,66.82090506,411.646225,1525.5,98.150002,143.50145419,40.799999,421.39999,226.45,168.14999,,1686.25,627.10001333,1796.65,34.8262162,1778.85,7.17609199,210.0
2019-06-19 09:15:00,22021.449,361.35217301,1394.3696301,8461.25,65.10923656,403.997724,1493.6,97.400002,138.50630388,39.75,407.70001,211.35001,169.89999,,1685.85,615.06665333,1769.7,34.20059555,1742.65,6.91158309,206.45
2019-06-20 09:15:00,22654.65,363.1002776,1405.5823551,8419.9502,67.39694735,411.319366,1539.75,95.400002,143.98642024,40.950001,401.20001,211.25,173.85001,,1682.05,630.5,1767.15,34.07546975,1710.95,6.928759,213.7
2019-06-21 09:15:00,23529.6,371.60912401,1398.4959129,8504.1504,69.24028595,409.772233,1532.45,94.349998,142.38603228,41.25,402.0,225.14999,170.89999,,1759.35,636.36666,1725.15,34.61767598,1760.45,7.03868477,212.85001
2019-06-24 09:15:00,23779.1,379.78098641,1400.1553962,8541.8496,68.36799005,406.917664,1537.6,93.949997,143.30746778,41.150002,406.0,224.85001,167.64999,,1748.55,637.73332,1727.75,34.90963062,1715.75,7.01463851,215.0
2019-06-25 09:15:00,23183.9,378.41198884,1398.4959129,8557.75,69.99736351,408.639122,1554.55,94.550003,146.31426698,41.349998,405.64999,222.0,166.95,,1747.1,649.56665333,1749.3,35.45183685,1697.4,6.98715706,215.14999
2019-06-26 09:15:00,22927.75,376.05310072,1436.574327,8775.7998,68.97694904,419.948443,1582.95,97.849998,149.17555698,41.5,414.95001,223.35001,169.45,,1749.25,639.73332,1727.9,35.24329663,1696.9,7.45090643,219.35001
2019-06-27 09:15:00,23018.449,375.37913269,1437.7853013,8914.5996,70.09611691,418.815332,1581.0,97.050003,148.25413118,42.349998,406.5,221.2,170.0,,1749.8,637.39998667,1797.5,35.86891728,1682.5,7.40624908,218.45
2019-06-28 09:15:00,23215.801,374.4840189,1437.4264941,8887.9502,70.88612105,413.542007,1562.15,95.25,145.97478105,44.400002,410.20001,224.14999,169.75,,1793.55,637.19999333,1796.8,36.41112351,1669.0,7.32036957,212.85001
2019-07-01 09:15:00,23014.301,375.4633787,1436.4397743,8838.0498,69.94799175,414.086772,1562.7,95.099998,149.46654631,45.5,413.25,223.8,174.39999,,1839.5,640.80000667,1770.45,35.91062449,1676.25,7.34441583,212.95
2019-07-02 09:15:00,23392.9,379.37028714,1435.6324581,8782.9502,71.23173984,419.686956,1573.8,94.25,150.04849587,50.200001,414.04999,236.2,173.3,,1827.45,639.43334667,1779.95,35.70208427,1710.75,7.13143464,214.95
2019-07-03 09:15:00,23206.85,380.00952307,1442.1806895,8802.7002,70.90257282,430.800162,1564.05,94.300003,150.92144446,52.0,414.89999,232.3,172.2,,1806.35,636.5,1796.0,35.49354406,1716.85,7.17952717,214.95
2019-07-04 09:15:00,22794.699,383.96411838,1481.873736,8921.1504,69.52007462,423.783589,1576.75,94.050003,151.40641051,51.049999,414.89999,228.95,171.25,,1826.65,630.86666,1780.25,36.16087192,1726.4,7.06960139,216.10001
2019-07-05 09:15:00,22753.75,377.47424827,1383.1569051,8892.0,68.64778202,406.02425,1546.85,94.300003,142.87099833,47.599998,402.45001,225.25,168.45,,1803.55,628.96667333,1760.1,36.0774575,1737.4,6.92532381,210.2
2019-07-08 09:15:00,22108.35,375.53487139,1329.5600796,8677.0,69.20736596,392.012894,1502.0,88.0,134.72355899,44.849998,397.79999,222.75,164.95,,1797.2,614.53332667,1736.1,35.82721007,1772.0,6.8291389,205.39999
2019-07-09 09:15:00,21848.551,362.47928961,1373.8727688,8735.4004,66.91965517,397.30801,1554.3,87.050003,136.90590622,49.599998,405.0,221.8,163.55,,1775.3,610.80000667,1748.0,35.70208427,1772.95,6.67799061,211.10001
2019-07-10 09:15:00,21985.301,352.91241931,1358.2646556,8883.7998,65.57007038,390.138902,1536.05,88.25,135.16004783,49.099998,405.0,224.64999,158.95,,1759.9,607.0,1736.1,35.86891728,1776.1,6.71234242,208.85001
2019-07-11 09:15:00,21719.051,350.81052482,1352.6582931,8916.4004,66.26132113,396.741454,1550.0,87.949997,136.7604261,49.450001,412.89999,224.95,159.39999,,1769.0,605.03332667,1748.05,36.0774575,1794.2,6.7707409,211.7
2019-07-12 09:15:00,21930.199,363.67108546,1346.2894653,8897.25,68.73007378,403.518331,1575.4,86.599998,136.08147363,49.549999,415.29999,222.8,160.8,,1748.9,599.63334,1753.3,35.86891728,1800.85,6.74325939,214.2
2019-07-15 09:15:00,21753.4,362.34927552,1342.6116915,8870.0498,68.10465315,403.823399,1594.75,86.599998,133.80213319,48.5,409.10001,222.05,162.95,,1760.35,589.0,1735.5,35.9523317,1769.7,6.86005525,219.60001
2019-07-16 09:15:00,22053.801,363.15102909,1363.8710181,8779.25,66.7715333,412.038455,1612.85,84.699997,135.93597412,49.200001,417.75,222.2,161.7,,1769.7,606.93334667,1739.5,35.61866986,1776.6,6.87723129,219.89999
2019-07-17 09:15:00,22258.699,364.60285312,1335.7495038,8696.1504,66.88673846,416.352994,1594.35,82.849998,133.89912641,48.450001,417.04999,221.8,161.39999,,1766.85,619.76668,1737.35,35.82721007,1749.85,6.91501827,219.25
2019-07-18 09:15:00,21915.85,363.8661066,1304.3538738,8552.2002,66.83736341,407.506011,1567.1,82.800003,130.16488782,47.5,412.39999,214.0,160.95,,1758.2,615.30000667,1724.75,35.99404308,1758.05,6.88753683,216.95
2019-07-19 09:15:00,21884.85,355.09015536,1269.3701718,8572.7998,67.75903436,399.922882,1543.65,79.900002,127.44906824,45.799999,405.5,210.35001,159.39999,,1755.2,622.19999333,1727.65,35.45183685,1798.45,6.84287935,214.0
2019-07-22 09:15:00,21677.199,353.15077848,1259.3235702,8545.25,68.318615,400.010044,1581.3,77.0,127.69155127,46.799999,407.20001,214.95,157.45,,1759.4,609.80000667,1730.6,35.82721007,1797.9,6.70547213,215.8
2019-07-23 09:15:00,21828.4,353.50831724,1233.3548991,8629.3496,66.44236628,397.830984,1584.85,75.949997,130.01939801,48.799999,399.75,214.05,157.75,,1759.15,604.83333333,1707.55,35.70208427,1762.3,6.75012961,217.64999
2019-07-24 09:15:00,21454.199,353.13994397,1221.6936651,8629.0,67.16653043,388.853257,1569.6,76.650002,125.89718658,48.450001,380.79999,208.3,156.45,,1706.65,594.39998667,1733.8,35.99404308,1769.25,6.8463148,215.7
2019-07-25 09:15:00,21162.15,357.1162083,1258.3368504,8599.3496,67.46278075,388.700723,1585.25,79.150002,125.50920404,48.799999,380.35001,215.39999,155.64999,,1756.55,589.36666,1730.65,35.61866986,1815.15,6.88066647,214.05
2019-07-26 09:15:00,20903.4,355.02514831,1239.7237269,8571.7002,64.79653118,397.852775,1581.95,78.150002,127.88555708,49.599998,381.64999,215.39999,157.25,,1722.4,600.69999333,1726.35,36.2025833,1815.15,6.928759,213.45
2019-07-29 09:15:00,21268.801,357.70127172,1250.9364519,8441.4004,65.05985821,385.32318,1535.7,78.150002,125.55771034,48.799999,373.85001,207.8,156.64999,,1709.45,601.60001333,1740.35,35.91062449,1789.65,6.86005525,205.14999
2019-07-30 09:15:00,20989.85,353.3241306,1218.4195494,8490.7998,62.5417338,381.596987,1540.9,76.0,121.58098873,46.400002,373.45001,203.95,152.95,,1747.35,587.06665333,1724.7,35.74379148,1760.4,6.41348179,202.10001
2019-07-31 09:15:00,21107.9,361.00579656,1222.7252358,8363.5996,61.96569152,388.482817,1560.4,77.599998,124.92725448,46.799999,377.54999,207.35001,148.95,,1705.05,587.89998667,1747.6,35.66037706,1741.95,6.63333368,201.89999
2019-08-01 09:15:00,20704.1,361.14664516,1213.3513977,8447.9502,61.6365245,383.035167,1515.3,75.699997,121.67798195,45.599998,371.10001,203.5,151.05,,1721.45,637.33333333,1722.15,35.70208427,1715.6,6.5577593,196.8
2019-08-02 09:15:00,20842.65,361.18998319,1226.9412204,8499.2998,61.80110801,381.618778,1517.45,74.5,124.24831171,46.849998,375.45001,206.64999,152.8,,1709.4,637.60001333,1681.3,35.74379148,1680.35,6.50279676,199.5
2019-08-05 09:15:00,20557.35,364.27781789,1237.0775238,8377.0996,61.85047977,377.369611,1515.1,71.75,120.95053287,45.799999,367.85001,204.0,151.64999,,1675.25,641.80000667,1669.55,35.45183685,1674.8,6.39974134,197.25
2019-08-06 09:15:00,20836.75,372.880417,1241.9662719,8438.5498,65.8992374,387.829099,1549.05,68.800003,124.34529522,47.5,376.95001,207.85001,151.85001,,1620.45,638.03332667,1713.7,35.91062449,1679.55,6.34477818,201.85001
2019-08-07 09:15:00,20858.1,383.61741413,1247.3483799,8573.25,66.5411098,385.279599,1557.05,66.050003,121.82347176,47.799999,372.25,206.3,153.35001,,1650.05,644.26668,1742.4,35.53525127,1705.6,6.6642501,204.89999
2019-08-08 09:15:00,21099.801,381.36383653,1251.2952591,9001.3496,68.05528139,387.50224,1549.35,68.150002,126.96410219,47.349998,373.95001,213.64999,158.3,174.730004,1678.8,635.89998667,1753.05,35.07646362,1721.15,6.58867627,206.3
2019-08-09 09:15:00,21225.949,382.90233663,1252.8650406,9048.8496,67.90715623,396.283852,1574.6,69.150002,128.41900034,46.400002,376.60001,218.14999,155.39999,168.609998,1680.05,635.13334,1732.35,37.16186579,1762.5,6.66081471,212.95
2019-08-13 09:15:00,21212.65,373.69300508,1237.0775238,9116.7998,66.19549101,383.51456,1547.1,67.75,126.38215263,46.5,360.54999,214.45,151.05,166.569996,1649.95,628.43334667,1716.75,38.41310709,1790.45,6.49592646,208.39999
2019-08-14 09:15:00,21000.5,376.46663905,1210.0324311,9147.5,64.51673592,391.402757,1597.4,65.75,126.72161917,46.599998,358.85001,210.75,153.5,167.030004,1694.8,654.60001333,1720.55,39.99801441,1767.2,6.46157466,214.0
2019-08-16 09:15:00,20913.4,344.89488361,1218.8232075,9114.25,62.22902513,394.932834,1591.55,63.950001,128.85548918,46.849998,357.35001,211.35001,151.2,161.180004,1649.0,664.66666667,1707.25,41.91658357,1761.85,6.5337131,213.89999
2019-08-19 09:15:00,20719.65,340.17103826,1229.1837654,9215.4004,62.24548677,391.620663,1589.1,61.75,131.42579955,46.349998,357.39999,219.25,155.89999,158.840002,1649.05,650.96667333,1713.95,41.24925571,1753.8,6.44096337,212.0
2019-08-20 09:15:00,20614.4,331.10255531,1224.3847191,8986.0498,62.08090326,377.32603,1540.85,58.200001,131.57127967,45.799999,354.95001,218.60001,153.14999,160.940002,1631.85,633.76668,1702.75,41.79145777,1771.4,6.46844495,205.85001
2019-08-21 09:15:00,20315.85,319.60714264,1219.3614183,9001.0996,62.88735917,364.055554,1485.65,54.400002,127.93403429,44.099998,350.70001,223.14999,151.25,157.95,1616.4,632.16666667,1700.05,43.12611766,1745.4,6.37225976,201.10001
2019-08-22 09:15:00,20236.1,317.94946296,1210.4809401,8805.5498,62.49236204,353.792182,1464.6,50.599998,123.08438349,43.5,345.04999,216.64999,147.05,156.319996,1597.4,642.13334,1697.25,40.45680205,1753.75,6.26920435,197.55
2019-08-23 09:15:00,20538.9,323.43172386,1201.8247164,8790.8496,62.26193854,360.28578,1468.75,53.049999,127.35208473,43.849998,349.35001,223.39999,144.75,155.5,1599.5,642.56665333,1700.7,41.99999799,1772.35,6.20393612,197.3
2019-08-26 09:15:00,20563.551,326.62790363,1256.9016216,9230.6504,63.90777364,367.607422,1495.0,56.400002,131.13481992,43.650002,368.20001,229.10001,148.3,156.259998,1568.3,634.56665333,1700.6,38.950001,1789.6,6.30699154,202.64999
2019-08-27 09:15:00,20928.35,339.85683753,1236.539313,9142.9502,63.9900654,371.290033,1539.6,56.200001,133.02617782,44.950001,372.04999,236.3,149.75,167.65,1550.4,632.43334667,1701.9,37.049999,1826.9,6.35164847,205.10001
2019-08-28 09:15:00,20425.551,344.17980611,1221.2003052,9081.0996,62.7392373,369.219926,1542.35,54.5,131.862269,44.049999,365.95001,234.75,150.0,166.109998,1551.0,657.36666,1700.1,35.200001,1829.85,6.33447257,205.0
2019-08-29 09:15:00,20424.449,343.62724621,1195.0970814,9090.5,62.42652205,366.147452,1500.1,55.849998,128.37052313,43.400002,366.20001,236.10001,145.14999,164.490002,1546.2,667.26666667,1700.8,33.549999,1817.75,6.22798232,200.05
2019-08-30 09:15:00,20233.449,344.86238009,1200.6137421,9148.5996,62.39360864,371.115709,1519.85,57.549999,133.22018363,46.400002,365.70001,234.14999,147.60001,167.859998,1534.65,681.83333333,1720.7,35.200001,1817.7,6.22454686,202.35001
2019-09-03 09:15:00,20098.949,343.08552083,1192.8096855,9445.9004,61.50486098,361.527845,1451.3,55.700001,131.18331653,44.450001,361.29999,234.85001,146.8,167.119996,1514.6,679.63333333,1725.25,36.950001,1840.4,6.13179713,193.35001
2019-09-04 09:15:00,20350.15,340.06269318,1183.7049528,9508.0996,61.91631975,366.496101,1440.95,57.450001,130.89233689,43.849998,364.35001,236.05,149.10001,166.580004,1521.2,694.33333333,1706.75,38.75,1823.45,6.11118584,190.89999
2019-09-05 09:15:00,20407.801,342.82549264,1180.6102407,9489.7998,62.14673338,368.108606,1461.15,59.849998,131.66828258,45.049999,366.54999,237.75,149.25,165.690002,1512.95,692.93333333,1703.95,39.599998,1847.4,6.23485254,193.2
2019-09-06 09:15:00,20515.35,342.60880249,1183.4358474,9726.25,63.90777364,370.592734,1463.25,65.300003,133.60814678,45.099998,365.75,238.3,153.7,168.5,1507.2,688.73333333,1704.2,39.700001,1835.9,6.28981564,194.7
2019-09-09 09:15:00,20604.35,343.38888704,1191.1053513,9944.4004,62.3442303,374.950854,1472.95,74.599998,136.66342319,45.5,369.54999,235.75,162.25,169.4,1510.1,677.26666667,1704.15,39.799999,1800.0,6.35164847,195.5
2019-09-11 09:15:00,20260.551,346.4225492,1191.5987112,9800.5498,61.76818801,383.972163,1485.0,73.949997,139.62172579,48.299999,373.35001,235.39999,164.10001,169.959998,1510.25,675.23333333,1705.0,43.599998,1847.65,7.01463851,197.35001
2019-09-12 09:15:00,20142.1,343.48639761,1196.7565647,9761.5498,61.76818801,392.97168,1481.55,71.650002,138.74878691,48.900002,372.45001,230.8,165.7,171.55,1558.5,697.86666667,1699.7,45.0,1828.55,7.04555513,195.75
2019-09-13 09:15:00,20352.551,343.08552083,1209.2251149,9833.25,62.31131689,401.535386,1526.65,70.699997,141.36760358,50.25,374.20001,235.60001,163.2,179.230004,1572.15,706.2,1700.3,44.849998,1839.65,6.95967562,201.0
2019-09-16 09:15:00,18165.9,338.01497122,1206.1752537,9828.6504,62.16319502,402.298057,1530.35,68.650002,141.56159,55.549999,370.60001,231.8,164.05,188.059998,1614.0,705.93333333,1704.6,46.25,1859.8,7.02150887,201.45
2019-09-17 09:15:00,19207.1,334.91630202,1198.6403025,9746.0,60.6983952,393.69077,1491.65,66.199997,139.42773938,54.849998,365.29999,222.45,164.95,185.95,1628.85,698.0,1706.4,47.0,1838.7,6.9459349,194.35001
2019-09-18 09:15:00,19170.301,337.92829516,1189.3561662,9936.1504,62.11381667,395.172531,1490.7,66.650002,139.81570252,53.049999,366.35001,223.7,167.14999,189.719996,1649.7,706.6,1698.55,48.299999,1896.25,6.89097201,195.8
2019-09-19 09:15:00,18526.5,334.55876327,1188.9525081,9837.2998,61.76818801,384.451556,1479.0,64.699997,138.26382086,50.150002,361.89999,221.0,159.10001,188.030004,1602.85,718.63333333,1709.8,50.650002,1866.75,6.77761119,191.8
2019-09-20 09:15:00,20224.449,351.86147207,1263.9880638,10219.15,66.17902937,415.176302,1633.85,66.900002,144.61688581,51.599998,380.70001,221.55,161.5,194.590002,1649.55,706.13333333,1793.6,51.349998,1948.2,6.96998116,215.2
2019-09-23 09:15:00,20379.15,362.77182132,1393.2932085,10716.3,70.29361712,421.321251,1675.75,70.949997,147.81764234,52.200001,410.95001,232.55,170.8,199.959998,1745.7,682.33333333,1939.95,51.049999,1928.85,6.94937008,220.55
2019-09-24 09:15:00,19722.301,354.89513422,1411.3232703,10807.45,69.60236638,416.527319,1650.8,72.050003,143.59844741,52.700001,413.85001,232.5,165.64999,196.880004,1759.65,687.26666667,1905.3,51.25,1942.6,7.45777679,215.75
2019-09-25 09:15:00,20058.949,350.98387694,1381.0489128,10629.7,69.0592408,400.729134,1633.65,75.25,143.11348136,52.549999,414.79999,236.64999,161.95,216.28,1737.5,683.56666667,1916.75,51.75,1905.9,7.31006403,210.10001
2019-09-26 09:15:00,20061.9,347.33264785,1309.5565782,10922.7,68.46674016,406.525434,1646.05,75.199997,148.10863167,59.150002,419.14999,233.0,167.55,234.87,1799.85,686.6,1987.55,51.700001,1917.6,7.52304521,210.5
2019-09-27 09:15:00,20517.4,352.46820016,1386.2067663,10688.8,67.57798921,399.051258,1634.6,76.199997,144.95635234,57.349998,408.60001,233.64999,164.45,240.48,1787.35,703.33333333,1978.65,55.0,1929.4,7.61923027,207.05
2019-09-30 09:15:00,20671.051,347.00761695,1359.2962263,10596.55,69.56945297,395.085369,1608.15,74.550003,141.46460648,58.25,413.95001,228.60001,155.3,225.06,1784.05,673.73333333,1919.8,50.650002,1905.1,7.35128619,203.95
2019-10-01 09:15:00,20008.199,328.87063806,1332.520239,10861.0,67.97298963,391.816779,1575.7,74.599998,139.33073647,56.5,404.04999,224.35001,149.14999,215.93,1707.45,664.66666667,1908.9,47.5,1949.7,7.1211291,199.85001
2019-10-03 09:15:00,19988.75,324.55852133,1310.6329998,10997.85,69.25673772,387.611193,1545.75,75.050003,139.23375296,61.200001,403.89999,222.14999,149.45,215.01,1663.85,678.06666667,1892.1,46.599998,1898.3,7.44403606,196.35001
2019-10-04 09:15:00,19722.25,328.87063806,1313.2792029,10826.7,68.66424366,379.396137,1488.1,74.699997,135.790494,65.150002,394.60001,226.55,149.25,222.58,1667.5,664.06665333,1880.4,45.599998,1938.95,7.22761969,189.64999
2019-10-07 09:15:00,19841.4,326.59539144,1314.8041335,10662.0,68.2856983,375.88785,1435.1,74.699997,131.71677918,68.050003,395.25,224.64999,148.95,221.14,1676.6,656.46667333,1872.05,43.75,1938.55,6.91158309,185.95
2019-10-09 09:15:00,20219.301,329.260689,1332.968748,10998.6,68.49966015,402.821032,1467.1,74.599998,134.8205619,71.449997,400.45001,225.45,148.95,246.82,1644.35,654.60001333,1850.7,44.400002,1938.25,6.84287935,192.35001
2019-10-10 09:15:00,19852.949,331.60095133,1313.6380101,10999.35,67.34757558,384.473346,1422.9,77.449997,133.26866084,73.800003,399.89999,222.60001,148.0,239.64,1623.35,651.03332667,1822.75,45.75,1929.0,6.753565,188.0
2019-10-11 09:15:00,20021.051,333.48614701,1330.4122467,10989.25,67.62736426,393.85,1443.1,78.099998,132.83220109,78.75,409.04999,222.14999,147.60001,237.4,1677.6,647.43334667,1841.7,46.099998,1947.3,6.74669422,189.2
2019-10-14 09:15:00,19930.5,334.07120175,1326.1514112,10999.6,67.49569745,381.45,1469.35,77.699997,142.67702161,79.150002,407.45001,225.05,147.55,240.18,1716.6,639.86666,1866.1,46.200001,1941.95,6.77761119,194.05
2019-10-15 09:15:00,20267.65,328.8273087,1342.5668406,10917.9,65.833404,384.25,1498.05,78.0,150.3394755,79.949997,413.75,239.14999,146.89999,233.43,1714.55,636.53332667,1935.35,47.099998,1915.1,6.85662041,196.95
2019-10-16 09:15:00,20610.25,330.64751032,1363.018851,10949.35,65.14214997,378.7,1521.45,78.0,155.33461612,80.25,410.0,234.5,146.95,235.6,1672.4,640.5,1976.0,46.049999,1914.4,6.79822193,202.7
2019-10-17 09:15:00,22882.1,327.83053832,1362.8394474,10984.05,66.98548857,387.55,1535.1,78.449997,157.66246286,88.849998,409.14999,232.95,151.10001,230.23,1721.0,656.10001333,1946.45,46.900002,1918.85,6.83944451,206.89999
2019-10-18 09:15:00,21792.25,348.67612247,1396.0291134,10704.5,68.86174058,400.05,1553.55,80.099998,169.83512041,89.599998,421.70001,238.10001,154.14999,239.58,1749.5,674.9,2008.15,47.650002,1958.95,6.9631108,207.64999
2019-10-22 09:15:00,21822.301,356.21694849,1380.6901056,10699.85,67.72611437,443.75,1535.25,80.199997,173.27835997,86.599998,420.75,253.55,156.75,243.59,1709.65,669.63333333,2033.35,49.200001,1974.75,6.80852754,195.89999
2019-10-23 09:15:00,21634.35,364.45117435,1378.3130079,10914.25,67.57798921,456.3,1526.2,80.900002,171.14451904,86.650002,396.10001,262.29999,158.60001,279.5,1750.25,670.66666667,2013.55,49.0,1966.85,6.82570344,196.8
2019-10-24 09:15:00,21261.051,376.41246218,1357.9955502,11112.05,66.6398632,447.6,1519.1,80.0,173.6178459,86.150002,399.14999,265.35001,160.39999,272.59,1661.3,663.63334,2005.85,50.799999,1968.7,6.81883322,197.64999
2019-10-25 09:15:00,22249.15,380.31288495,1359.5204808,11897.35,68.64778202,415.2,1528.95,81.0,177.88553744,90.199997,399.79999,264.04999,164.60001,293.26,1673.9,659.83333333,2048.7,51.849998,1969.3,6.79822193,197.55
2019-10-29 09:15:00,22221.85,379.27278521,1318.3025037,11876.6,67.72611437,423.75,1531.2,81.699997,189.67022216,89.5,398.95001,263.89999,170.75,287.79,1713.75,684.3,2046.7,50.200001,1974.0,6.82570344,199.2
2019-10-30 09:15:00,22281.199,377.1925424,1299.0166167,11922.5,69.66819649,421.7,1532.25,82.150002,189.86420858,89.900002,398.10001,264.60001,185.0,285.6,1721.6,683.56666667,2104.0,50.450001,1977.0,6.88753683,200.60001
2019-10-31 09:15:00,22488.199,379.85783996,1308.3904548,11774.4,69.84924164,422.4,1568.05,82.050003,193.64693407,89.699997,395.79999,274.10001,185.95,277.51,1733.25,700.46666667,2118.05,52.150002,1997.7,7.13486982,202.3
2019-11-01 09:15:00,22202.1,380.24789091,1308.6147093,11620.15,69.45424122,410.55,1542.2,82.800003,194.42288944,89.949997,389.75,277.45001,189.45,279.43,1679.85,708.53333333,2090.1001,53.799999,2000.15,7.13486982,201.60001
2019-11-04 09:15:00,22314.85,369.28335178,1306.6861206,11987.25,70.34299217,407.1,1564.65,84.050003,194.85934919,92.650002,391.0,284.5,191.05,283.58,1677.4,669.66666667,2146.2,49.25,2015.95,7.5780081,203.35001
2019-11-05 09:15:00,22456.5,366.20636026,1299.1960203,11786.55,68.99341068,394.1,1514.65,83.800003,194.51988266,90.699997,390.0,284.25,187.10001,277.61,1718.9,668.2,2214.6499,50.200001,2048.75,7.31349921,201.55
2019-11-06 09:15:00,22517.5,354.96013693,1311.2160615,11480.45,67.24882219,399.4,1517.4,84.349998,201.30940736,90.300003,391.0,282.95001,176.95,274.6,1684.5,674.63333333,2224.3,49.799999,2058.45,7.28945294,202.25
2019-11-07 09:15:00,22463.449,355.17682709,1330.0534395,11695.25,66.65632155,397.4,1527.15,88.400002,202.86128902,88.699997,390.45001,298.54999,178.60001,271.27,1692.7,660.86666,2186.2,48.75,2006.95,7.32380475,203.2
2019-11-08 09:15:00,22392.9,351.99149049,1312.0682286,11502.95,67.34757558,391.45,1506.4,85.150002,201.79437341,86.699997,386.14999,286.85001,178.10001,279.15,1686.0,659.19999333,2152.7,49.950001,2034.25,6.99059224,202.25
2019-11-11 09:15:00,22504.199,353.59500196,1307.2691823,11698.85,66.24486278,388.8,1504.45,86.099998,204.51019298,93.849998,387.89999,279.39999,178.05,296.55,1718.0,658.13334,1969.15,51.5,1972.0,6.70203729,200.14999
2019-11-13 09:15:00,22258.199,352.96659618,1343.4190077,11794.6,69.25673772,390.45,1494.0,86.349998,192.24054222,96.0,370.79999,274.5,173.39999,330.11,1698.6,654.30000667,1914.45,58.0,2065.8,6.63676852,195.25
2019-11-14 09:15:00,22269.551,346.27086609,1317.6297402,12043.25,68.46674016,405.35,1486.9,86.150002,196.21726383,95.050003,369.10001,271.14999,166.35001,332.76,1641.8,650.36666,1930.15,54.799999,2021.25,6.49592646,200.55
2019-11-15 09:15:00,22259.051,348.95782834,1315.3423443,12365.0,70.47466227,416.05,1485.55,83.25,197.47818526,95.5,366.29999,268.95001,166.8,327.68,1647.25,647.16666667,1930.7,52.099998,2058.25,6.50966698,201.0
2019-11-18 09:15:00,22390.35,361.78587678,1305.7442517,12815.4,70.03028351,448.3,1492.1,82.050003,195.10183222,94.050003,365.64999,269.20001,165.10001,327.33,1649.8,648.5,1920.0,51.75,2099.75,6.5405834,201.2
2019-11-19 09:15:00,22310.051,364.68952918,1322.6978919,12785.15,71.64319861,443.55,1491.15,80.550003,193.69544037,96.199997,364.04999,268.10001,161.55,324.99,1649.05,648.10001333,1911.0,51.950001,2117.05,6.47875056,201.39999
2019-11-20 09:15:00,22372.85,367.39815611,1300.3621437,12578.95,71.11653467,451.25,1483.75,79.800003,199.51503297,98.75,366.70001,267.10001,178.2,326.75,1648.75,669.33333333,1936.1,52.849998,2083.55,6.41004695,201.60001
2019-11-21 09:15:00,22598.551,365.5562898,1290.9883056,12392.3,69.14153255,453.35,1473.35,79.699997,199.32104655,97.0,372.10001,263.45001,175.05,337.91,1632.3,671.8,1951.35,51.549999,2091.0,6.5577593,201.05
2019-11-22 09:15:00,22415.301,357.77710894,1264.8402309,12573.4,72.23570254,453.45,1469.9,75.849998,197.33268575,106.7,371.45001,263.35001,167.95,337.83,1635.6,667.0,1929.95,51.75,2078.8,6.4993613,200.8
2019-11-25 09:15:00,22687.1,353.9200372,1262.552835,12696.85,71.98882727,455.45,1476.95,76.300003,208.72938792,114.3,374.70001,263.75,168.85001,316.85,1669.3,679.83333333,1935.8,51.900002,2056.05,6.51310236,200.7
2019-11-26 09:15:00,22524.1,345.9025015,1268.9216628,12592.9,69.9315334,451.35,1482.3,76.25,204.26770996,115.15,370.39999,275.95001,166.45,309.57,1620.4,676.33333333,1936.5,53.150002,2069.3,6.41691724,200.3
2019-11-27 09:15:00,22383.051,354.26673711,1290.6743493,12557.15,72.58132791,454.85,1501.2,75.199997,207.12899996,125.9,372.95001,281.39999,165.5,317.58,1632.9,668.23333333,1903.4,53.950001,2000.35,6.35164847,203.7
2019-11-28 09:15:00,22352.65,367.41982079,1297.985046,12743.1,72.71299143,463.1,1516.4,76.699997,206.69254021,132.14999,372.60001,279.85001,168.39999,313.52,1647.75,666.60001333,1935.95,52.950001,2025.45,6.37569515,204.95
2019-11-29 09:15:00,22241.75,365.62130551,1298.7026604,12578.4,74.14487126,462.95,1522.15,77.800003,208.43839859,137.10001,382.04999,310.14999,165.55,304.29,1644.25,664.60001333,1935.05,52.75,2029.1,6.40661156,204.64999
2019-12-02 09:15:00,22206.301,358.51385979,1327.0484292,12621.25,74.60570179,470.65,1531.3,75.25,202.7158089,131.3,377.75,332.14999,166.39999,298.04,1643.9,659.93334667,1921.2,53.049999,2033.25,6.34134334,209.85001
2019-12-03 09:15:00,22286.4,349.67289284,1310.2741926,12780.85,72.63069967,471.95,1508.55,73.75,201.60039668,124.75,361.95001,314.29999,165.25,295.93,1655.95,655.10001333,1930.35,53.549999,2041.8,6.33103773,202.05
2019-12-04 09:15:00,21869.1,349.30452825,1300.4069946,12798.7,72.97632833,475.75,1509.1,73.150002,206.06207464,128.55,367.85001,323.75,164.35001,294.1,1646.8,653.89998667,1999.3,53.5,2060.45,6.47531517,205.45
2019-12-05 09:15:00,21862.9,346.72591108,1291.8404727,12772.45,73.20674196,472.9,1493.0,71.650002,202.13383994,129.95,368.39999,323.64999,164.2,299.55,1648.8,651.66666667,1956.0,52.549999,2091.5,6.47187979,201.2
2019-12-06 09:15:00,21672.199,338.62169499,1294.0381668,12801.3,74.27653477,488.1,1482.5,69.650002,200.29097865,126.4,366.14999,318.89999,161.8,293.81,1648.95,652.93334667,1917.2,52.150002,2079.3501,6.681426,200.89999
2019-12-09 09:15:00,21631.75,344.81905073,1300.8106527,12763.05,74.19424302,497.45,1473.85,70.449997,201.21241414,124.65,373.60001,331.70001,159.8,280.83,1615.1,659.60001333,1926.7,50.150002,2087.3999,6.72264803,199.7
2019-12-10 09:15:00,21131.25,340.05186734,1301.0349072,12508.05,74.02965951,488.65,1436.35,69.599998,198.06013482,126.9,366.89999,336.70001,155.7,268.24,1627.95,652.39998667,1944.7,49.200001,2085.8501,6.68486139,195.85001
2019-12-11 09:15:00,21143.35,338.44835587,1308.6595602,12554.4,74.17779125,489.6,1418.85,69.25,199.95149272,132.55,369.70001,341.85001,153.45,288.39,1623.45,650.76668,1924.85,53.049999,2087.8,6.64020397,191.5
2019-12-12 09:15:00,20738.85,343.69224893,1331.623221,12804.85,74.09549949,496.15,1432.6,71.050003,204.07370414,131.89999,372.5,335.95001,156.25,294.95,1616.65,653.23332,1924.95,52.200001,2084.6499,6.5749352,193.25
2019-12-13 09:15:00,20750.35,337.97162453,1334.0900205,12982.15,75.54383109,501.25,1465.1,72.300003,205.81959162,132.64999,376.95001,331.54999,157.75,298.39,1646.1,653.03332667,1961.75,51.099998,2075.6001,6.58180597,197.89999
2019-12-16 09:15:00,20765.9,334.87296833,1327.9454472,13300.9,75.65904284,494.55,1438.8,72.599998,204.17070705,134.39999,368.35001,332.25,161.8,288.69,1645.5,651.30000667,1933.4,51.25,2084.75,6.45470389,194.45
2019-12-17 09:15:00,20967.301,333.13944709,1322.5633392,13381.8,77.02508268,490.85,1462.3,73.0,204.84965952,135.55,371.25,334.04999,165.75,292.33,1634.0,651.53332667,1962.5,51.200001,2066.3,6.38600028,198.55
2019-12-18 09:15:00,20844.85,332.9660863,1301.9767761,13190.9,78.72028954,486.8,1450.4,72.199997,201.89135692,135.10001,374.5,333.64999,164.7,285.15,1620.4,646.33333333,1945.2,55.450001,2095.3999,6.39287105,196.55
2019-12-19 09:15:00,20868.4,335.41469371,1323.998568,13240.15,79.0659182,483.9,1452.1,70.599998,204.21920366,134.25,369.64999,333.35001,164.3,291.21,1617.75,644.30000667,1946.45,56.0,2051.2,6.35508386,197.0
2019-12-20 09:15:00,21320.65,331.21090039,1262.0,12984.65,77.27195795,488.4,1446.15,70.099998,212.22114348,135.10001,372.29999,341.89999,163.95,287.72,1602.6,635.76668,1946.6,55.799999,2035.1,6.45126905,194.45
2019-12-23 09:15:00,21438.801,338.86007149,1261.3,13188.75,76.38320699,491.5,1467.25,70.400002,208.09893206,141.85001,366.89999,332.39999,162.85001,283.91,1618.75,632.96667333,1972.75,54.900002,2003.3,6.53714856,197.75
2019-12-24 09:15:00,21641.1,348.43776763,1260.15,13016.05,75.05008056,488.85,1460.6,71.75,202.86128902,148.89999,368.60001,334.89999,165.45,309.53,1625.05,635.80000667,1945.55,55.700001,1996.6,6.59554649,196.55
2019-12-26 09:15:00,21496.65,360.09570658,1272.15,13080.05,76.18570678,484.5,1451.7,70.300003,202.6673123,156.3,363.64999,331.85001,163.5,318.86,1652.8,636.63334,1934.35,55.5,2037.05,6.66081471,194.10001
2019-12-27 09:15:00,21476.25,361.91588654,1278.1,13194.25,76.63008226,480.3,1451.3,71.599998,202.81281181,151.0,363.70001,330.10001,163.0,311.44,1683.55,638.89998667,1941.4,56.099998,2017.15,6.62302807,194.89999
2019-12-30 09:15:00,21479.051,363.06435303,1295.45,13196.75,74.70445519,478.5,1453.05,72.949997,202.37632297,158.55,365.95001,334.10001,162.64999,322.2,1655.0,641.60001333,1945.4,58.099998,1992.8,6.73638909,195.64999
2019-12-31 09:15:00,21304.699,360.03069087,1285.25,13075.5,76.26799853,477.35,1445.65,74.25,202.08536273,166.45,366.0,331.39999,165.5,316.27,1649.5,649.69999333,1971.15,59.599998,2013.9,6.69516652,196.25
2020-01-01 09:15:00,21721.949,363.08601771,1290.0,13140.0,77.05800267,476.05,1440.1,72.0,201.60039668,174.75,377.64999,333.89999,164.5,322.28,1622.6,652.30000667,2014.35,61.150002,2082.8501,6.67455578,197.0
2020-01-02 09:15:00,21381.15,364.1478038,1294.2,13139.9,79.29633183,491.15,1493.05,82.300003,204.84965952,183.45,383.14999,356.64999,169.3,317.53,1621.1,653.30000667,1984.95,61.900002,2085.6499,7.138305,205.35001
2020-01-03 09:15:00,21335.85,364.34282927,1322.25,13248.25,78.96716481,476.85,1476.3,83.199997,202.03685643,192.60001,382.5,346.54999,169.39999,312.49,1648.6,651.76668,1982.55,59.950001,2094.6499,6.95280526,203.39999
2020-01-06 09:15:00,21089.699,370.95187897,1287.0,12780.3,77.1567462,471.0,1435.55,79.400002,193.54995056,200.60001,380.20001,324.04999,164.89999,305.38,1628.45,650.43334667,1951.05,57.450001,2089.55,6.71234242,196.89999
2020-01-07 09:15:00,21660.4,386.68357981,1306.75,12742.9,76.48196039,475.3,1456.0,81.800003,197.91464501,210.60001,384.79999,332.04999,165.45,311.82,1649.3,671.0,1979.75,57.650002,2117.1499,6.77417574,199.0
2020-01-08 09:15:00,21238.051,381.67804159,1310.7,12727.25,77.71633671,476.7,1462.6,79.349998,195.44131815,221.10001,385.64999,332.20001,166.5,306.39,1640.65,681.36666667,1965.9,56.0,2124.05,6.681426,201.64999
2020-01-09 09:15:00,21272.199,398.90490883,1322.1,12712.05,78.95071304,488.0,1486.15,81.099998,201.7458768,232.14999,391.79999,333.85001,169.2,316.16,1654.95,688.0,1976.35,57.299999,2149.05,6.76730551,207.95
2020-01-10 09:15:00,21432.5,374.3755704,1372.4,12534.7,76.94279093,508.0,1511.2,81.0,202.81281181,220.55,392.04999,329.75,168.75,312.55,1638.3,689.5,1975.7,55.150002,2257.8501,6.84287935,211.75
2020-01-13 09:15:00,21521.85,367.18146595,1376.85,12586.65,75.72487295,521.35,1526.15,83.199997,207.17750626,209.55,390.35001,334.14999,175.39999,311.66,1655.35,695.03333333,1982.1,54.5,2339.5,7.14517536,211.5
2020-01-14 09:15:00,21931.5,370.21512811,1369.2,12635.6,76.61362391,537.2,1513.9,82.5,207.90495533,199.10001,389.20001,333.04999,178.60001,311.35,1663.65,719.13333333,1976.6,55.349998,2323.8,7.2963233,209.3
2020-01-15 09:15:00,22067.949,369.11001266,1327.05,12772.05,75.98820986,531.5,1515.75,87.050003,210.08730256,189.14999,390.79999,334.04999,176.0,308.98,1642.9,722.33333333,1975.15,56.549999,2365.7,7.29288812,212.05
2020-01-16 09:15:00,22320.449,372.05699442,1306.35,12614.1,78.27591736,530.25,1504.8,88.650002,213.385062,179.7,390.95001,339.89999,185.25,308.92,1645.3,752.4,2008.9,55.900002,2362.6499,7.28601776,209.75
2020-01-17 09:15:00,22346.9,372.5987198,1302.75,12561.45,77.58466661,530.7,1512.35,89.550003,221.53248194,188.64999,387.60001,340.75,181.7,318.21,1668.45,757.9,2045.05,56.700001,2338.2,7.20013825,210.39999
2020-01-20 09:15:00,22273.9,374.39725675,1290.6,12643.4,76.02112327,537.75,1497.55,87.75,219.73811726,198.05,380.04999,339.04999,179.05,311.24,1674.4,797.06666667,2038.5,56.849998,2359.3501,7.07303657,207.05
2020-01-21 09:15:00,22119.65,374.74395666,1310.15,12713.15,75.5109111,558.45,1496.1,88.349998,217.50727343,202.25,379.95001,332.70001,183.14999,302.74,1789.85,786.56666667,2019.05,56.549999,2356.8501,7.01463851,207.60001
2020-01-22 09:15:00,22258.949,373.01043543,1303.3,12702.2,77.25549959,566.25,1524.4,86.099998,219.10765169,197.64999,383.60001,332.60001,180.14999,300.7,1737.8,795.66666667,2011.1,55.549999,2360.8501,7.07303657,210.35001
2020-01-23 09:15:00,22409.699,376.19577203,1316.4,12707.9,76.95924928,586.35,1548.35,85.449997,222.69641986,192.2,385.85001,332.89999,179.05,304.24,1768.1,788.56666667,2006.3,56.200001,2329.7,7.14517536,213.64999
2020-01-24 09:15:00,22338.449,368.63328132,1329.05,12597.25,77.30487794,629.3,1565.9,87.050003,222.84189998,190.25,384.75,333.29999,182.55,304.53,1745.25,786.83333333,2010.0,56.200001,2346.95,7.71198014,215.95
2020-01-27 09:15:00,22306.449,371.73195919,1339.6,12666.3,77.10737444,619.25,1548.85,86.75,223.61784566,190.75,381.25,330.04999,176.60001,320.45,1733.4,784.06666667,2037.65,56.700001,2357.1001,8.12763698,215.55
2020-01-28 09:15:00,22264.65,391.06071226,1329.75,12653.55,75.28049747,615.45,1561.35,86.349998,222.98738009,187.64999,372.95001,324.64999,173.45,320.82,1728.9,775.33333333,2045.55,57.599998,2324.6001,8.04862782,216.14999
2020-01-29 09:15:00,22185.85,428.67814033,1342.25,12655.4,75.08300055,619.35,1551.7,88.199997,225.31522683,186.3,383.35001,323.89999,173.5,338.42,1808.6,766.5,2082.95,62.799999,2299.8999,8.04519265,214.05
2020-01-30 09:15:00,22132.301,422.93585124,1331.75,12516.55,75.59320285,612.7,1531.5,87.25,224.53928115,180.45,378.0,320.79999,170.05,339.18,1800.15,746.53333333,2080.45,62.450001,2295.8501,7.77724857,209.89999
2020-01-31 09:15:00,22981.25,426.92293274,1310.7,12498.8,76.90987093,644.2,1504.6,86.400002,222.55092034,189.45,369.39999,332.10001,170.05,330.33,1776.2,738.93333333,2046.5,57.549999,2397.6499,7.74289676,204.5
2020-02-01 09:15:00,22261.6,418.47201674,1281.25,12319.3,76.58070391,593.0,1426.6,80.400002,216.10087188,186.85001,362.29999,332.20001,165.05,337.25,1818.6,753.26666667,2029.25,55.450001,2354.3501,7.55052666,195.35001
2020-02-03 09:15:00,22637.051,419.96718313,1292.3,12746.25,75.7084146,562.25,1456.55,80.599998,214.25799119,196.14999,367.35001,332.04999,161.7,350.88,1769.25,783.06666667,2045.4,54.400002,2376.6001,7.54709148,200.75
2020-02-04 09:15:00,23090.0,417.45358168,1311.3,13134.35,75.59320285,583.2,1487.25,74.349998,218.67119194,198.0,372.5,333.89999,168.2,359.34,1775.65,788.36666667,2065.05,54.099998,2370.8,7.5608322,206.8
2020-02-05 09:15:00,23082.699,427.33464837,1338.5,13076.8,78.55570603,606.3,1469.8,75.75,229.14645862,193.25,366.60001,338.75,172.2,353.86,1775.45,798.06666667,2066.7,53.150002,2387.25,7.75320231,206.39999
2020-02-06 09:15:00,23427.699,416.41346027,1339.45,13103.4,83.72363483,605.65,1489.7,81.349998,229.38894165,202.89999,370.20001,338.64999,174.8,339.07,1817.55,869.23333333,2032.3,53.950001,2398.8501,7.74976713,207.5
2020-02-07 09:15:00,24064.949,428.56979525,1328.95,14103.15,85.89613716,609.15,1502.7,83.150002,232.29873795,213.0,369.54999,329.75,175.3,339.19,1922.8,912.96666667,2081.05,53.349998,2502.5,7.6673228,209.8
2020-02-10 09:15:00,24662.449,440.50941407,1341.95,14774.15,85.25425818,605.15,1451.35,81.849998,237.14839845,213.35001,368.25,331.95001,177.25,334.31,1918.8,930.26666667,2111.95,53.5,2585.2,7.72915604,207.10001
2020-02-11 09:15:00,23099.051,437.41074486,1334.2,14460.85,89.68155789,596.7,1439.5,80.0,237.92434413,211.25,374.20001,337.35001,173.64999,350.74,1887.6,920.8,2171.0,53.650002,2635.2,7.62953581,212.0
2020-02-12 09:15:00,22379.949,426.72792894,1274.45,14743.25,88.64467519,594.25,1448.85,78.699997,242.19204537,207.64999,374.10001,335.60001,169.95,388.36,1824.5,932.36666667,2158.6499,52.299999,2644.6001,7.58831364,211.39999
2020-02-13 09:15:00,22678.4,420.79061439,1268.65,14794.1,90.83364246,594.95,1439.65,79.099998,243.88942655,199.95,369.10001,338.70001,165.39999,398.09,1838.1,969.4,2261.45,50.450001,2615.05,7.5436563,208.55
2020-02-14 09:15:00,22299.949,438.92757594,1233.1,14785.05,87.39384381,583.25,1440.4,77.300003,248.44809772,206.8,366.85001,328.45001,166.05,392.26,1874.05,942.93333333,2380.8,51.0,2649.3,7.62266545,205.64999
2020-02-17 09:15:00,22233.1,429.0681696,1223.5,14650.95,87.26218029,578.6,1423.95,77.400002,244.90785525,198.35001,362.79999,314.64999,162.05,396.14,1824.6,902.7,2388.2,50.0,2582.25,7.57113774,203.8
2020-02-18 09:15:00,22095.35,431.69011613,1205.1,15452.6,86.19238748,583.4,1422.35,76.550003,241.94956234,189.25,366.60001,301.20001,159.0,408.59,1804.95,865.83333333,2334.05,49.25,2618.2,7.54022112,200.85001
2020-02-19 09:15:00,21821.0,431.51677701,1209.75,15722.4,90.25760018,610.25,1433.55,76.800003,246.3627534,197.85001,371.29999,310.45001,162.3,453.69,1817.6,876.06666667,2465.1499,51.150002,2623.8,7.72572086,205.8
2020-02-20 09:15:00,21683.4,450.95387949,1230.9,15527.65,91.59072332,601.45,1423.45,75.800003,250.87292797,194.85001,370.85001,325.29999,161.39999,440.31,1890.0,963.6,2415.75,53.099998,2658.7,7.94557241,205.39999
2020-02-24 09:15:00,21287.5,443.10969591,1191.95,15943.9,91.59072332,571.4,1407.2,73.949997,239.81571173,185.89999,362.25,302.20001,157.8,436.4,1814.8,942.06666667,2365.6499,50.75,2599.7,7.55052666,209.89999
2020-02-25 09:15:00,20881.25,442.02624514,1200.2,16202.65,87.98634115,560.95,1401.1,71.75,239.03976605,180.55,358.39999,288.89999,160.60001,423.12998,1762.45,946.5,2307.3999,50.200001,2643.6499,7.60548955,211.60001
2020-02-26 09:15:00,20771.6,433.25029824,1201.4,16237.1,86.37342276,559.15,1399.5,71.050003,235.49951388,171.55,358.39999,263.95001,160.64999,425.76,1744.65,942.66666667,2304.1499,48.849998,2632.8,7.50586931,213.60001
2020-02-27 09:15:00,20565.15,429.11152063,1198.6,16185.1,86.17592254,542.8,1383.35,70.349998,227.10959152,163.0,353.70001,253.45,158.3,416.81,1837.2,933.16666667,2309.45,49.099998,2641.6001,7.6673228,211.60001
2020-02-28 09:15:00,20575.25,423.00084529,1185.0,15718.95,82.75258554,506.75,1320.85,70.050003,212.07564397,154.95,342.20001,251.89999,152.39999,359.78,1788.65,923.43333333,2350.55,48.099998,2625.5,7.46464715,205.05
2020-03-02 09:15:00,20131.65,420.81227907,1190.2,15393.6,78.34175076,500.05,1284.2,68.099998,212.02716676,156.05,340.64999,254.39999,147.05,360.45,1737.05,929.8,2403.8501,46.5,2600.2,7.49212859,202.25
2020-03-03 09:15:00,20632.949,426.20786824,1161.0,15427.65,83.69071484,528.35,1335.25,68.199997,218.96217158,159.5,347.29999,256.39999,152.85001,363.43,1790.8,985.0,2402.0,47.950001,2642.3501,7.55052666,211.14999
2020-03-04 09:15:00,22335.75,417.64860715,1157.15,14992.3,82.34112676,501.2,1325.6,64.349998,214.45199701,152.0,345.95001,249.95,150.3,345.26,1784.8,1005.6,2412.5,48.25,2549.75,7.60205437,208.10001
2020-03-05 09:15:00,22885.449,428.82981477,1180.55,14853.55,83.0982142,509.95,1302.6,64.849998,215.08244317,152.5,349.14999,250.35001,151.14999,344.45,1783.75,985.66666667,2435.45,48.200001,2611.1001,7.61579509,204.39999
2020-03-06 09:15:00,22601.85,427.05296417,1191.9,15589.15,81.94612963,510.1,1300.95,63.200001,208.29291848,144.89999,341.39999,235.85001,145.35001,330.64,1789.1,968.96666667,2441.95,47.5,2614.0,7.35815655,205.10001
2020-03-09 09:15:00,21038.449,408.41761093,1129.85,14930.85,79.59258544,488.0,1248.35,59.450001,193.69544037,137.7,321.89999,205.3,137.3,314.11,1776.65,933.66666667,2394.95,47.400002,2566.8999,7.16578645,193.7
2020-03-11 09:15:00,20683.35,403.58541183,1109.45,14662.25,77.45299981,485.1,1215.45,59.25,189.86420858,130.85001,320.20001,204.64999,137.5,298.41,1762.9,930.66666667,2478.25,46.549999,2590.95,7.23792524,190.45
2020-03-12 09:15:00,19057.801,366.81310136,1038.6,13874.85,73.68404072,417.25,1143.3,50.799999,157.27448032,124.35,287.64999,163.85001,119.45,283.49,1678.95,855.6,2355.6001,43.900002,2386.5,6.80165732,175.5
2020-03-13 09:15:00,19682.35,378.16764809,1006.8,14973.95,74.72091354,433.95,1179.45,50.299999,144.27739988,123.4,292.75,177.39999,124.15,297.0,1777.1,844.23333333,2376.8,44.549999,2413.8501,6.38600028,187.75
2020-03-16 09:15:00,18654.551,349.49955372,963.84998,14421.55,67.18299207,386.6,1133.4,47.5,130.64985387,117.7,261.39999,171.10001,119.55,280.44,1672.7,839.4,2198.6001,42.099998,2426.8999,5.94973243,179.45
2020-03-17 09:15:00,18070.949,342.60879816,948.79999,14904.65,68.87819894,338.25,1124.7,46.900002,129.38893244,123.4,267.14999,177.39999,122.25,266.42,1544.0,841.56666667,2202.7,43.049999,2326.05,5.84667701,171.39999
2020-03-18 09:15:00,17539.25,342.58713347,905.09998,14238.8,60.79714859,286.75,1079.1,45.099998,126.28515942,129.39999,260.39999,192.14999,118.95,253.1,1454.95,820.13333333,2159.95,41.049999,2294.2,5.12872457,159.64999
2020-03-19 09:15:00,16931.15,324.36349586,895.90002,13249.3,59.79318589,276.65,1089.95,41.25,125.02423799,135.64999,258.35001,205.89999,109.6,240.45,1420.4,792.93333333,1998.85,38.849998,2177.8501,4.69932701,153.95
2020-03-20 09:15:00,17366.301,332.83607654,949.54999,14736.8,61.34027747,303.85,1127.9,42.400002,133.55965017,142.35001,256.39999,195.64999,112.85,228.43,1377.75,802.86666667,2144.3,37.799999,2348.6001,4.71306746,160.39999
2020-03-23 09:15:00,15887.25,294.48191929,863.04999,13271.0,52.81484836,244.55,998.45001,34.599998,117.26479089,135.25,207.8,185.89999,99.5,217.01,1238.8,692.8,1887.7,30.25,2269.6499,3.93328163,145.85001
2020-03-24 09:15:00,16017.5,300.52757892,830.15002,13841.5,55.9583934,227.0,947.75,37.799999,126.43065893,141.3,231.75,186.25,100.75,206.16,1315.3,708.76666667,1881.7,35.549999,2216.3,3.70655979,142.14999
2020-03-25 09:15:00,16861.35,305.61979754,834.54999,14232.65,56.27110207,254.6,918.20001,37.900002,128.32201683,148.10001,255.60001,190.39999,102.0,195.859998,1353.5,744.56666667,1980.0,37.599998,2273.6499,3.9092355,139.35001
2020-03-26 09:15:00,17939.85,320.11637317,861.29999,14392.55,55.87610165,270.05,966.04999,38.25,136.03297703,152.10001,248.2,195.8,105.25,199.269996,1298.9,784.36666667,2045.15,37.0,2307.1001,4.22183686,144.05
2020-03-27 09:15:00,17648.6,331.92598656,852.5,14146.1,55.00381233,282.4,959.15002,37.299999,124.1513088,148.75,251.3,186.64999,116.3,189.309998,1243.75,825.7,2115.3,35.650002,2344.95,4.34550329,141.55
2020-03-30 09:15:00,17436.35,315.71755438,881.40002,15210.45,52.43630629,285.6,934.45001,34.349998,124.83026127,146.95,251.64999,184.7,129.45,191.55,1306.6,871.06666667,2127.7,34.900002,2336.25,3.94702242,148.25
2020-03-31 09:15:00,18827.949,332.29435116,935.40002,15451.1,50.32963407,296.1,968.5,34.25,133.46266666,153.25,251.3,189.05,142.5,201.09,1393.25,910.86666667,2213.05,35.349998,2325.8501,4.01572603,155.7
2020-04-01 09:15:00,18469.551,344.88404477,929.65002,15613.6,49.22692784,298.4,963.45001,32.900002,129.92240479,152.89999,244.8,189.39999,138.35001,195.909998,1319.1,910.7,2180.05,36.400002,2270.05,4.08442964,156.64999
2020-04-03 09:15:00,17490.1,342.67381387,934.15002,15810.5,48.04192657,286.1,962.59998,31.6,125.16973751,151.89999,244.8,193.95,131.3,191.109998,1277.1,875.03333333,2066.6499,37.25,2267.05,4.04664272,153.0
2020-04-07 09:15:00,18755.699,360.00902619,931.34998,16699.699,49.32568124,303.6,1009.95,32.950001,133.99610992,158.95,248.10001,198.3,136.55,200.66,1249.9,893.46666667,2086.75,42.150002,2324.05,4.11534633,159.0
2020-04-08 09:15:00,18318.199,370.49683398,930.70001,17481.1,49.04588598,321.5,956.04999,33.25,133.94763271,166.45,250.85001,193.64999,139.2,210.69,1255.85,911.66666667,2047.9,45.049999,2671.1499,4.51382692,149.7
2020-04-09 09:15:00,18941.85,394.93947035,926.84998,17884.6,49.11171938,325.55,999.5,36.049999,138.16682764,174.75,251.89999,197.45,140.05,221.22,1260.75,938.73333333,2083.6001,45.450001,2709.0,4.5722254,158.8
2020-04-13 09:15:00,18766.75,390.06394188,907.20001,17232.301,47.91025976,319.7,1067.25,36.349998,141.6100866,183.35001,262.85001,203.55,137.89999,232.28,1417.15,913.56666667,2041.65,47.200001,2693.8,4.70619724,165.0
2020-04-15 09:15:00,18872.801,395.39451534,915.84998,17107.15,47.9267214,320.9,1137.95,37.900002,140.88263753,187.8,268.89999,203.8,142.14999,243.89,1425.5,939.6,2075.6499,45.900002,2686.8501,4.96040038,168.55
2020-04-16 09:15:00,19605.15,400.61676538,900.15002,17271.199,45.72129579,332.6,1148.45,44.5,138.99126993,193.85001,267.60001,200.2,165.89999,256.08,1399.15,907.83333333,2102.7,46.0,2757.8501,5.27987223,169.7
2020-04-17 09:15:00,19700.301,409.08934607,924.90002,16918.5,47.03796387,348.35,1172.8,45.75,139.57321949,198.95,268.14999,207.7,160.45,268.88,1440.05,902.43333333,2202.3999,45.75,2678.55,5.54094622,172.95
2020-04-20 09:15:00,19861.051,406.03401923,906.75,16880.85,45.98463269,328.5,1175.5,50.599998,142.28903907,200.75,270.5,205.55,156.55,282.24,1464.75,876.76666667,2087.1001,45.900002,2603.6499,5.26613179,170.3
2020-04-21 09:15:00,19409.35,397.14972292,894.5,16545.1,42.05108681,311.35,1136.75,46.599998,131.862269,191.3,265.20001,196.39999,148.5,294.14,1424.55,871.0,1995.3,45.700001,2581.7,5.0050578,167.55
2020-04-22 09:15:00,18719.5,394.6360998,908.04999,16467.0,40.14191809,285.3,1229.55,45.950001,133.46266666,197.2,271.89999,199.2,144.89999,290.65,1488.9,865.6,2045.25,45.599998,2534.5,4.91917829,176.5
2020-04-23 09:15:00,18778.75,406.33736811,901.79999,16391.1,40.80025213,296.1,1190.45,46.200001,136.27546005,200.0,277.60001,200.14999,143.89999,292.25,1476.0,885.3,2046.95,49.450001,2517.95,4.94665987,171.45
2020-04-24 09:15:00,19130.449,401.6785298,893.45001,16439.949,39.434209,284.05,1156.6,45.450001,130.60134757,195.95,270.64999,196.05,140.8,290.13,1487.45,962.66666667,1989.25,52.549999,2734.45,4.78520652,167.95
2020-04-27 09:15:00,19505.15,440.87778733,883.34998,16981.051,38.16691597,287.45,1137.9,45.349998,130.55287036,200.64999,271.14999,199.60001,140.55,284.17,1479.75,1004.06666667,2049.25,53.049999,2777.5,4.87452087,172.3
2020-04-28 09:15:00,19297.949,479.08026148,873.40002,16975.051,37.90358235,288.8,1126.5,45.650002,135.11154153,203.64999,272.95001,200.95,138.3,276.2,1490.25,996.4,2023.0,51.150002,2699.8,4.94322448,167.7
2020-04-29 09:15:00,19544.6,480.57542354,880.15002,17992.1,36.86670624,291.65,1122.2,46.599998,135.30552795,207.95,287.64999,204.7,147.85001,290.01,1572.55,1008.56666667,2016.45,51.25,2653.1001,5.07376141,169.5
2020-04-30 09:15:00,19400.199,477.75845154,900.54999,17730.75,38.05170751,292.05,1179.1,46.950001,137.14838924,210.45,290.10001,206.85001,145.89999,286.33,1608.15,991.46666667,2085.8501,50.400002,2599.3999,5.16651121,171.64999
2020-05-04 09:15:00,18828.5,474.70312037,879.5,18195.35,35.91212188,270.25,1126.8,44.650002,127.59456776,209.55,266.35001,198.85001,142.14999,276.85,1560.0,979.56666667,1990.1,49.299999,2663.55,4.92948396,162.35001
2020-05-05 09:15:00,18655.25,493.53349475,873.20001,18301.699,35.25378784,262.45,1134.6,43.849998,128.70998967,210.8,263.10001,197.95,139.0,273.91,1547.5,987.26666667,1957.85,48.799999,2674.1499,4.78177107,164.8
2020-05-06 09:15:00,18708.0,478.75522625,869.54999,18162.15,36.37295571,267.95,1182.25,41.900002,129.24345233,211.85001,270.14999,195.95,140.64999,270.83,1541.75,965.96666667,1971.75,48.599998,2614.6499,4.94665987,167.85001
2020-05-07 09:15:00,18878.199,470.30431024,858.5,17818.949,36.47170582,265.6,1152.65,41.25,130.84383059,210.55,282.39999,193.10001,139.45,269.13,1575.85,974.96666667,1942.9,49.5,2557.6001,4.82299316,168.60001
2020-05-08 09:15:00,18618.699,461.48502097,846.59998,17704.75,35.17149609,266.1,1153.8,42.900002,133.02617782,212.25,285.04999,196.3,140.05,263.96,1565.4,969.33333333,1930.05,48.75,2587.95,4.73711365,169.35001
2020-05-11 09:15:00,18179.1,444.08480161,866.90002,17907.801,34.77649566,271.35,1170.2,43.150002,135.8389906,222.60001,289.70001,197.10001,138.8,268.35,1570.95,986.96666667,1888.3,47.900002,2599.6001,4.6306234,173.95
2020-05-12 09:15:00,18107.1,448.5702878,852.0,18081.9,34.23337008,266.35,1167.6,42.400002,135.69349109,226.05,291.5,193.25,140.45,262.31,1651.9,960.43333333,1832.05,48.049999,2577.7,4.54817873,175.2
2020-05-13 09:15:00,18316.301,446.36004822,855.65002,17876.449,35.31962125,279.1,1207.95,44.599998,136.90590622,231.0,309.35001,200.2,144.0,264.85,1672.4,957.9,1858.15,48.0,2487.05,4.77490084,183.0
2020-05-14 09:15:00,17735.85,442.71965364,836.09998,17907.051,33.88774471,272.2,1189.0,43.700001,136.66342319,228.55,308.39999,197.10001,152.3,265.94,1672.15,996.3,1864.7,49.200001,2527.1001,4.83329878,182.5
2020-05-15 09:15:00,17675.5,444.66986502,822.70001,17619.551,34.26628678,274.85,1194.2,44.0,136.80892271,230.25,309.25,195.10001,156.75,263.72,1631.05,998.0,1855.45,53.799999,2473.3501,4.75772494,181.8
2020-05-18 09:15:00,17048.4,433.77035028,799.79999,17036.15,32.916702,255.8,1134.55,41.700001,131.81376269,229.25,293.29999,185.8,156.8,255.4,1578.3,935.56666667,1766.6,53.849998,2360.1499,4.64092901,172.14999
2020-05-19 09:15:00,16830.4,429.86993617,784.5,16506.15,33.95357811,258.75,1138.45,42.049999,135.49951437,233.64999,319.20001,185.0,160.10001,267.8,1609.35,929.63333333,1778.8,52.049999,2372.8501,4.50352179,174.60001
2020-05-20 09:15:00,17524.15,434.00870945,774.34998,16635.199,33.92066141,264.15,1170.85,41.950001,137.09991203,234.7,323.75,184.35001,158.10001,281.19,1644.0,959.36666667,1806.9,51.799999,2433.6499,4.53100282,179.64999
2020-05-21 09:15:00,17883.301,436.58732228,749.75,16798.35,36.89962294,262.95,1187.6,42.150002,134.14160943,235.10001,317.14999,178.8,157.45,295.24,1629.0,991.6,1795.3,51.849998,2474.95,4.59283614,181.0
2020-05-22 09:15:00,17683.15,446.23003413,730.09998,16423.9,36.58691427,271.15,1227.1,42.150002,133.94763271,239.64999,310.60001,180.85001,152.89999,310.0,1647.9,1008.16666667,1798.5,51.849998,2497.8999,4.6134475,186.95
2020-05-26 09:15:00,17520.65,437.64910403,725.95001,16802.0,35.79691343,275.75,1277.45,42.400002,135.30552795,239.89999,315.60001,178.3,153.39999,325.5,1647.25,998.86666667,1796.0,51.950001,2411.8501,4.57566024,188.55
2020-05-27 09:15:00,17896.949,427.52967384,736.65002,16631.199,35.56649651,282.15,1259.55,47.25,136.7604261,242.60001,326.64999,181.75,152.05,309.23,1613.95,965.16666667,1777.7,51.150002,2299.1499,4.6134475,187.45
2020-05-28 09:15:00,18014.35,426.22953292,739.84998,16594.199,38.94045847,284.55,1272.2,46.200001,138.36080437,246.0,331.79999,182.10001,150.2,300.03,1625.3,991.0,1808.65,50.650002,2324.3,4.68558594,191.3
2020-05-29 09:15:00,18299.15,423.04419632,744.25,16723.4,39.4671257,285.6,1270.2,45.299999,143.88943673,248.60001,323.79999,173.89999,150.0,308.04,1663.85,1015.96666667,1878.9,51.200001,2262.8999,4.70963262,191.55
2020-06-01 09:15:00,18057.0,425.90449769,821.40002,16825.6,42.9892161,294.65,1283.75,48.349998,145.97478105,260.75,329.35001,180.3,149.89999,307.66,1724.25,966.0,1911.8,53.75,2282.05,4.94322448,188.95
2020-06-02 09:15:00,17966.699,421.9390592,824.90002,16883.699,43.02212951,311.9,1287.1,47.799999,145.4413184,273.75,339.95001,187.39999,152.95,302.82,1693.15,962.8,1888.25,54.700001,2401.0,5.13215941,191.2
2020-06-03 09:15:00,17911.15,414.07321961,835.84998,16717.301,42.87400436,308.05,1261.3,47.200001,146.12026117,273.85001,339.54999,183.8,154.25,301.1,1740.4,956.83333333,1869.65,53.849998,2424.05,5.21803892,187.75
2020-06-04 09:15:00,18073.051,389.78225768,835.0,16683.15,41.1458775,306.4,1269.1,46.799999,143.5499508,274.0,339.20001,180.85001,156.5,296.87,1677.1,964.2,1865.0,54.049999,2445.0,5.12528911,186.75
2020-06-05 09:15:00,17979.25,393.8343549,877.5,17163.551,45.70484402,317.9,1297.35,49.549999,147.86614864,284.25,341.14999,182.35001,155.89999,298.29,1682.95,976.46666667,1896.4,53.950001,2394.55,5.60277954,195.10001
2020-06-08 09:15:00,18271.699,400.09670468,878.45001,16605.1,45.95171928,318.1,1274.05,49.700001,148.06012537,297.75,343.29999,179.7,160.8,296.29,1643.35,985.26666667,1915.0,56.400002,2375.45,5.70926979,191.45
2020-06-09 09:15:00,18166.801,403.13036684,852.79999,16314.55,43.54879675,312.5,1250.45,49.0,147.33267629,312.60001,346.04999,188.45,175.3,303.19,1634.6,994.63333333,1895.55,58.650002,2399.1001,5.56155696,187.8
2020-06-10 09:15:00,18260.1,404.45217244,830.34998,16325.35,42.5942091,314.6,1275.3,52.0,147.28419908,328.20001,346.54999,197.8,172.05,300.41,1740.9,998.13333333,1899.9,59.049999,2378.6499,5.3863631,192.0
2020-06-11 09:15:00,17578.551,401.35349457,810.04999,16035.5,42.74234084,293.4,1244.55,53.849998,147.23569278,332.04999,338.64999,199.8,166.25,296.83,1709.5,987.2,1890.6,56.299999,2357.8,5.43445536,189.5
2020-06-12 09:15:00,17404.4,397.84312274,807.40002,16083.6,45.86942753,299.2,1268.8,54.650002,147.72065883,336.39999,345.29999,202.75,170.64999,292.82,1646.45,972.0,1879.05,64.550003,2355.95,5.49628874,193.7
2020-06-15 09:15:00,17199.551,376.80251312,806.09998,16093.1,45.96817105,300.35,1250.9,55.200001,144.76236592,346.14999,339.75,209.75,164.75,300.73,1589.95,946.96666667,1829.2,77.25,2369.8501,5.59590877,191.5
2020-06-16 09:15:00,18479.6,400.55174967,794.95001,16010.5,44.2400442,297.0,1239.25,52.200001,141.80407302,363.45001,340.79999,211.3,166.14999,295.97,1588.35,984.4,1849.25,80.650002,2393.2,5.48254823,190.60001
2020-06-17 09:15:00,18629.6,405.23225266,784.65002,16088.7,44.05900892,293.65,1232.5,52.700001,142.72549882,381.60001,341.29999,217.10001,162.64999,292.72,1623.15,975.8,1827.85,79.900002,2336.1001,5.50315896,187.14999
2020-06-18 09:15:00,18770.949,407.29080912,787.5,15850.8,44.00963057,305.4,1253.35,57.599998,143.40447068,400.64999,343.79999,220.85001,168.35001,291.63,1646.15,972.86666667,1834.25,77.550003,2302.5,5.54438106,187.35001
2020-06-19 09:15:00,18593.301,416.56515638,813.0,15658.45,43.81213365,318.2,1272.0,58.0,148.10863167,420.64999,348.89999,221.25,167.10001,296.09,1614.65,967.66666667,1858.15,80.849998,2305.3501,5.65087186,190.8
2020-06-22 09:15:00,18514.949,423.56423536,832.29999,15755.25,43.82858542,324.35,1263.45,56.849998,149.99998957,441.64999,349.60001,231.0,167.3,297.03,1608.9,969.16666667,1898.4,79.800003,2307.3,5.53407593,191.10001
2020-06-23 09:15:00,18248.75,420.20553797,854.84998,15732.65,45.06296175,316.5,1302.2,57.700001,152.47332612,463.60001,355.64999,242.55,181.89999,297.17,1589.5,975.13333333,1864.4,78.349998,2384.25,5.73675137,193.25
2020-06-24 09:15:00,18433.35,408.0058953,867.84998,15687.0,42.87400436,305.3,1265.65,54.849998,150.14548908,440.45001,351.85001,254.64999,177.0,306.93,1619.9,971.56666667,1871.75,74.599998,2333.1001,5.55125184,188.7
2020-06-25 09:15:00,18540.449,411.99299847,880.5,16326.5,42.75879261,307.45,1251.1,57.299999,156.78951427,418.45001,344.0,267.35001,173.89999,302.24,1629.8,962.56666667,1861.75,79.599998,2350.7,5.53064055,186.25
2020-06-26 09:15:00,19103.0,413.31480407,914.34998,15956.35,42.56129569,307.85,1288.6,56.099998,157.27448032,397.54999,343.20001,276.85001,172.3,302.46,1625.2,964.5,1859.6,76.900002,2349.3501,5.47224262,188.0
2020-06-29 09:15:00,19113.85,400.68175943,922.34998,15727.0,41.93587835,298.1,1289.2,54.75,154.94665298,377.70001,342.64999,270.45001,173.5,296.09,1629.85,957.46666667,1837.65,77.449997,2353.7,5.3863631,187.55
2020-06-30 09:15:00,18795.25,403.65042754,941.15002,15736.5,41.8502,294.5,1332.25,54.450001,151.55189063,358.85001,343.89999,260.20001,170.64999,292.05,1606.95,944.76666667,1834.2,81.0,2368.3,5.44132565,193.60001
2020-07-01 09:15:00,18605.4,401.44017497,954.29999,15755.95,41.3492,302.65,1325.95,54.200001,152.90978587,340.95001,343.79999,264.0,172.5,290.16,1586.95,953.4,1808.8,79.099998,2352.1499,5.51002926,192.2
2020-07-02 09:15:00,18647.1,401.93857099,963.40002,15798.7,40.9985,299.4,1328.85,58.799999,153.44325822,357.95001,346.79999,265.54999,171.7,290.35,1640.8,952.63333333,1800.35,79.150002,2350.8,5.60964984,193.7
2020-07-03 09:15:00,18440.4,401.483526,979.5,15657.45,40.2804,306.05,1314.95,62.900002,155.189136,375.79999,360.39999,261.5,171.14999,304.86,1608.6,939.96666667,1800.35,83.400002,2350.8,5.8191955,195.8
2020-07-06 09:15:00,18962.65,402.19859051,983.40002,15723.4,42.585,318.1,1328.0,66.599998,159.26285082,394.54999,359.45001,262.64999,170.7,320.1,1607.8,938.76666667,1834.1,82.25,2333.6001,6.43752798,193.89999
2020-07-07 09:15:00,19311.801,403.02202176,961.40002,15811.7,42.2343,316.45,1313.1,63.599998,163.09407292,413.75,345.95001,254.8,173.25,336.1,1632.2,935.96666667,1863.2,80.300003,2335.3501,6.73638909,193.25
2020-07-08 09:15:00,19256.051,407.83253451,944.65002,15634.5,40.6645,309.4,1312.9,62.799999,158.0989323,393.10001,340.60001,249.75,169.75,352.9,1645.8,950.36666667,1852.2,79.25,2427.7,6.42722285,195.55
2020-07-09 09:15:00,19498.949,412.03632783,928.5,15548.7,41.3492,321.35,1322.9,63.5,157.85644928,373.60001,343.14999,244.8,167.14999,370.54,1628.75,962.5,1851.2,81.400002,2423.05,6.39974134,202.0
2020-07-10 09:15:00,19504.051,406.38071915,916.95001,15512.6,40.4641,315.5,1310.25,62.0,154.89815637,371.04999,334.95001,241.10001,163.95,356.37,1634.85,946.9,1829.55,81.949997,2422.3501,6.31042638,197.2
2020-07-13 09:15:00,19936.199,402.3719513,914.90002,15493.0,40.1468,311.55,1346.0,61.5,151.35790421,364.75,332.20001,251.14999,163.95,341.59,1649.2,925.46666667,1853.7,82.400002,2407.0,6.54401878,198.45
2020-07-14 09:15:00,20099.35,397.58310323,908.15002,15248.35,39.5623,302.3,1294.1,59.450001,145.24733198,348.10001,320.39999,247.10001,167.10001,336.66,1649.6,902.5,1853.3,82.25,2474.8999,6.39630588,190.5
2020-07-15 09:15:00,20375.9,396.02292112,905.79999,15212.25,38.6104,299.05,1287.0,58.25,143.30746778,354.54999,315.14999,246.5,163.2,333.08,1618.25,900.36666667,1865.65,87.25,2536.25,6.27607457,188.64999
2020-07-16 09:15:00,20569.699,389.04550683,905.84998,15536.55,37.7253,300.85,1299.9,59.200001,144.42287999,348.29999,311.20001,242.05,160.7,341.52,1639.0,939.43333333,1840.75,83.349998,2560.8501,6.34134334,192.5
2020-07-17 09:15:00,21041.15,392.29585914,912.15002,15262.75,38.4601,304.0,1315.85,61.799999,147.04171606,347.29999,313.0,241.7,163.14999,338.95,1679.55,973.9,1842.5,82.900002,2497.5,6.37225976,193.45
2020-07-20 09:15:00,21532.551,392.27419445,898.95001,15231.8,37.8756,307.35,1329.8,60.099998,155.86808847,349.95001,317.29999,240.64999,164.75,339.3,1701.6,968.0,1844.4,84.050003,2507.3501,6.38256544,195.7
2020-07-21 09:15:00,21503.9,389.11050087,906.84998,15014.8,37.5416,308.35,1379.25,59.5,162.26964033,347.35001,314.70001,243.55,163.7,356.26,1747.8,950.8,1831.4,82.25,2450.1499,6.60928701,204.95
2020-07-22 09:15:00,21242.85,391.84081415,925.65002,14937.45,40.1802,308.15,1372.3,58.450001,164.30648804,336.0,312.0,241.39999,162.7,352.41,1684.7,973.9,1850.35,84.449997,2453.6499,6.39630588,200.89999
2020-07-23 09:15:00,21502.9,399.4682989,934.79999,15528.85,42.2343,307.45,1360.1,59.599998,164.8399604,320.29999,313.89999,239.55,163.39999,352.44,1699.95,1008.56666667,1830.0,82.949997,2494.95,6.59898188,197.95
2020-07-24 09:15:00,21492.199,411.797973,912.59998,15136.65,42.7687,300.05,1343.8,58.650002,163.67604187,336.29999,309.39999,233.05,162.25,342.51,1695.15,1011.16666667,1847.85,81.400002,2489.5,6.53027827,200.95
2020-07-27 09:15:00,21522.65,413.81317843,893.54999,14947.8,41.75,298.2,1363.4,56.25,160.960232,342.20001,309.04999,225.10001,159.5,332.99,1692.75,989.03333333,1826.45,76.699997,2449.95,6.44439876,207.14999
2020-07-28 09:15:00,21512.199,420.70393399,894.5,14895.15,40.9651,304.65,1400.6,55.400002,168.33171596,338.04999,318.60001,235.89999,172.2,339.6,1655.9,962.13333333,1863.0,77.650002,2462.45,6.4821854,216.7
2020-07-29 09:15:00,21501.65,418.45035206,880.95001,14853.6,41.8669,306.15,1410.95,58.25,173.71484881,338.39999,315.14999,243.60001,176.75,338.29,1646.4,992.86666667,1888.05,77.5,2539.2,6.50966698,215.60001
2020-07-30 09:15:00,21197.449,418.36367166,865.15002,14905.8,41.082,300.35,1447.2,57.150002,169.78661411,341.45001,312.5,244.39999,182.45,336.47,1659.95,1008.26666667,1866.05,78.949997,2545.5,6.39287105,221.25
2020-07-31 09:15:00,21078.0,429.21986571,894.95001,15536.35,41.6498,307.95,1425.45,56.349998,169.98060053,340.64999,315.20001,235.85001,190.10001,337.71,1654.15,1086.13333333,1898.95,79.199997,2662.1001,6.43409314,220.10001
2020-08-03 09:15:00,20918.801,439.20927314,881.59998,16009.1,40.4808,305.05,1414.1,55.900002,167.07080423,339.79999,311.35001,229.45,216.60001,354.59,1637.15,1098.26666667,1858.45,84.699997,2790.7,6.40661156,221.14999
2020-08-04 09:15:00,20579.5,452.83908383,905.29999,16376.45,40.7647,304.8,1401.45,57.299999,176.62464511,343.20001,314.95001,230.8,208.60001,354.73,1637.65,1107.36666667,1856.6,88.849998,2931.3,6.65737988,221.55
2020-08-05 09:15:00,20611.301,443.84644244,900.09998,16247.2,41.2156,304.55,1411.9,58.0,174.19981486,342.95001,327.10001,230.75,208.5,358.73,1653.75,1129.0,1868.45,88.800003,2847.45,6.6642501,220.89999
2020-08-06 09:15:00,20434.4,458.1479926,889.40002,16154.5,41.3492,303.6,1406.2,57.650002,180.35887399,341.60001,323.79999,231.10001,220.85001,361.15,1711.6,1117.2,1867.05,94.349998,2866.8999,6.61615778,222.95
2020-08-07 09:15:00,21478.65,462.72015485,881.79999,16199.0,40.3973,323.7,1397.2,56.75,187.09989239,370.45001,326.64999,249.7,216.7,368.44,1666.3,1128.73333333,1915.3,89.5,2981.95,6.75699983,219.55
2020-08-10 09:15:00,22169.25,461.2466618,892.0,16973.301,39.7293,323.0,1400.25,57.849998,189.81571197,373.5,331.29999,254.75,211.35001,405.28,1660.2,1148.5,1893.7,87.25,2978.0,7.00776815,221.85001
2020-08-11 09:15:00,21752.15,444.92989321,903.40002,16618.65,39.412,315.8,1412.55,57.25,189.96121148,360.64999,335.0,249.39999,209.75,434.91,1603.25,1117.8,1993.7,86.150002,2783.1499,7.14517536,222.75
2020-08-12 09:15:00,21376.051,439.51263936,908.15002,16683.051,39.6124,314.1,1406.9,60.599998,191.75557617,362.5,341.20001,246.89999,208.8,422.8,1640.95,1086.6,1999.75,84.0,2787.8501,6.93562936,221.8
2020-08-13 09:15:00,21888.551,433.380308,932.40002,16672.85,43.36990334,316.35,1394.55,61.5,194.71386908,362.14999,347.64999,240.95,208.0,429.67998,1673.55,1077.76666667,2005.95,86.949997,2909.7,6.93906454,222.0
2020-08-14 09:15:00,20903.65,436.99903357,949.40002,16468.9,43.1695,311.65,1385.3,61.549999,190.30067802,357.60001,348.10001,238.64999,216.85001,420.62998,1705.1,1086.6,2005.35,85.099998,2925.1499,6.95624044,220.75
2020-08-17 09:15:00,20929.199,439.9893577,929.79999,16675.051,44.45540334,312.65,1387.6,63.549999,191.85256938,367.25,357.45001,233.8,238.25,418.42998,1673.3,1105.1,2018.25,83.050003,2886.45,7.07303657,219.35001
2020-08-18 09:15:00,20782.301,440.79111127,933.09998,16590.801,45.54090334,316.05,1431.95,65.0,207.27448977,373.54999,357.45001,237.35001,233.39999,420.77998,1674.2,1121.76666667,2054.2,82.75,2893.25,7.19670307,228.2
2020-08-19 09:15:00,20834.35,463.15353516,961.84998,16866.5,46.76,333.1,1429.3,70.300003,232.34723456,371.0,356.64999,245.14999,235.2,422.64,1690.25,1114.6,2051.1499,82.300003,2846.3999,7.12799946,226.95
2020-08-20 09:15:00,20527.199,488.89632545,968.79999,16867.9,47.72859666,338.55,1419.4,72.900002,226.9641114,375.39999,353.60001,269.64999,235.0,420.95,1685.85,1082.6,2071.45,82.400002,2862.55,7.26884186,225.35001
2020-08-21 09:15:00,20613.85,509.69858024,982.84998,16840.25,48.9143,340.9,1422.1,70.849998,226.33366523,376.54999,354.35001,272.10001,235.45,463.04,1751.85,1081.5,2100.3501,83.599998,2844.3,7.39937872,225.95
2020-08-24 09:15:00,20927.35,508.39843931,971.25,16974.449,49.933,335.9,1421.45,69.400002,241.22211327,414.20001,349.0,287.20001,239.75,509.34,1803.45,1074.06666667,2100.6001,82.849998,2800.1499,7.47838787,224.2
2020-08-25 09:15:00,20813.301,494.98531878,969.25,16898.65,50.46740334,331.8,1401.9,68.550003,298.30260766,424.70001,346.10001,296.20001,240.8,560.27002,1831.35,1075.0,2099.8,82.150002,2798.7,8.97269206,222.35001
2020-08-26 09:15:00,20866.15,484.95256465,959.25,16944.0,49.7827,340.15,1397.85,68.199997,276.96410146,427.64999,354.25,283.10001,233.5,588.27998,1849.6,1073.16666667,2133.55,85.650002,2822.45,8.83528484,220.85001
2020-08-27 09:15:00,20999.801,487.2711493,970.90002,17065.1,48.8475,374.8,1400.05,68.25,278.07954277,432.75,350.54999,278.04999,224.3,558.87002,1840.4,1056.1,2159.1001,86.349998,2873.45,8.48833093,221.35001
2020-08-28 09:15:00,20907.35,470.9543807,985.59998,16816.051,47.97909666,362.4,1396.4,66.800003,279.58292783,462.29999,360.04999,275.64999,217.60001,530.92998,1826.65,1046.73333333,2139.3999,84.050003,2873.45,8.39558105,222.45
2020-08-31 09:15:00,20264.449,454.05254869,950.75,16377.1,46.72659666,333.4,1321.8,61.75,271.14450886,452.75,355.75,253.3,199.0,506.34,1801.65,989.73333333,2100.1001,85.150002,2722.7,7.97992422,210.55
2020-09-01 09:15:00,19959.0,453.77085149,945.59998,16402.75,44.87290334,331.0,1338.65,61.5,272.64792301,494.64999,348.79999,263.5,214.39999,530.45,1830.65,969.86666667,2100.0,87.400002,2805.95,7.90435025,213.0
2020-09-02 09:15:00,20167.15,457.19455592,974.75,16390.0,48.5135,332.7,1357.85,62.950001,284.23859221,544.09998,359.89999,275.25,215.7,536.59,1833.55,982.73333333,2159.7,94.599998,2843.3501,8.13794252,217.25
2020-09-03 09:15:00,20002.15,459.81650679,981.34998,16444.5,46.5262,345.1,1338.1,62.5,282.49272413,571.29999,366.0,276.0,224.85001,563.41,1820.55,1031.0,2105.1499,96.050003,2875.45,8.35779407,214.60001
2020-09-04 09:15:00,19649.551,462.46012667,947.59998,16541.949,45.6912,348.25,1309.0,62.799999,276.57612862,542.75,353.0,265.39999,233.25,545.2,1812.1,992.5,2102.3501,92.800003,2804.95,8.17916468,208.5
2020-09-07 09:15:00,19353.15,452.55738663,925.04999,16486.0,45.8415,344.0,1339.85,61.700001,276.67313153,553.09998,352.04999,271.89999,233.10001,565.22002,1777.65,1017.4,2116.6499,97.449997,2819.75,7.84938736,210.55
2020-09-08 09:15:00,19130.699,444.84321715,901.15002,16723.0,46.0252,330.95,1308.5,60.75,269.35015387,564.40002,345.60001,262.60001,229.95,553.32002,1775.05,1003.36666667,2105.6499,94.050003,2841.8999,7.90778543,206.5
2020-09-09 09:15:00,18807.35,438.68921677,901.79999,16631.449,43.4033,336.3,1315.9,60.200001,274.53927121,590.04999,343.85001,261.70001,232.0,542.47998,1734.8,999.13333333,2050.3999,102.3,2861.55,7.89060952,209.45
2020-09-10 09:15:00,18726.1,450.49883017,899.25,16526.1,44.1715,337.45,1343.25,63.799999,289.33073573,579.75,341.60001,272.10001,230.0,569.6,1750.6,1006.0,2038.65,113.65,2923.6001,8.13107216,212.95
2020-09-11 09:15:00,18569.0,443.04468887,898.40002,16819.25,43.9377,338.2,1321.55,64.199997,287.0999016,608.65002,342.5,271.79999,230.05,581.59,1747.75,1003.06666667,2005.55,108.15,2900.8999,8.3337478,212.45
2020-09-14 09:15:00,18922.5,458.10465457,907.54999,16516.15,45.424,376.0,1367.35,68.800003,284.33558542,638.90002,351.64999,268.10001,235.7,610.66,1861.8,1016.6,2091.6499,112.25,2909.2,8.37153479,211.10001
2020-09-15 09:15:00,18891.699,469.13418341,915.0,16895.6,44.80609666,363.3,1386.9,68.5,279.87389776,670.79999,352.64999,269.14999,240.14999,604.64,1828.75,1007.83333333,2163.25,112.65,2851.7,8.44367358,217.45
2020-09-16 09:15:00,19231.5,487.33615635,908.54999,16525.1,45.97509666,370.5,1389.7,68.900002,288.16683661,675.54999,353.54999,267.70001,236.85001,603.02002,1809.6,1017.4,2127.45,118.05,2823.8,8.61886778,218.60001
2020-09-17 09:15:00,19002.9,478.75522625,916.29999,16441.301,45.20690334,363.1,1409.6,69.199997,284.86906747,666.75,346.10001,262.10001,246.35001,607.22998,1759.9,1029.9,2117.1499,116.15,2840.95,8.20664613,220.3
2020-09-18 09:15:00,18747.5,463.76026759,900.79999,16506.15,44.47209666,369.95,1431.8,68.400002,282.78369406,665.59998,357.85001,257.95001,251.05,607.02002,1865.65,1075.4,2164.3501,118.1,2874.8501,8.21008131,220.0
2020-09-21 09:15:00,18239.551,454.2042318,898.75,15890.15,42.2844,342.95,1377.75,66.550003,268.76819461,651.75,347.85001,245.60001,234.5,590.34,1799.4,1060.43333333,2108.6499,109.4,2863.3999,8.04175746,209.75
2020-09-22 09:15:00,18148.949,449.95710478,892.95001,15943.1,43.4033,338.9,1360.65,65.349998,271.96895114,619.20001,332.29999,246.7,222.10001,574.31,1791.8,1040.2,2087.8,105.5,2802.5,8.05549819,206.8
2020-09-23 09:15:00,18569.0,445.73164678,884.29999,15988.35,43.97109666,332.8,1354.7,66.900002,275.02423726,588.25,324.60001,241.75,227.60001,590.62998,1776.2,1043.5,2086.6499,108.5,2748.3501,8.25817384,209.25
2020-09-24 09:15:00,18367.449,430.25996545,858.59998,15982.9,43.4367,317.85,1303.65,67.449997,262.31814614,616.95001,313.75,234.8,273.10001,562.01,1691.9,1042.03333333,2028.35,104.2,2788.45,8.35092371,198.25
2020-09-25 09:15:00,18204.9,435.56887856,852.29999,16237.75,42.8188,327.95,1333.35,68.25,271.87195793,647.75,326.14999,247.55,293.14999,579.69,1738.05,1033.7,2015.15,106.45,2802.3501,8.85589455,205.5
2020-09-28 09:15:00,18361.85,442.82799871,861.25,16318.2,43.7707,333.9,1375.4,68.349998,286.80893167,680.09998,339.54999,251.2,301.45001,592.17002,1724.25,1059.73333333,2052.1499,105.95,2775.45,8.9142933,211.64999
2020-09-29 09:15:00,18399.699,439.62098444,854.95001,16402.0,44.2717,334.0,1379.15,68.050003,288.94276289,714.09998,341.0,249.14999,293.95001,590.97998,1762.7,1061.5,2082.3,104.75,2775.45,8.5982567,216.64999
2020-09-30 09:15:00,18307.15,439.8593436,859.5,16486.949,44.62240334,331.55,1393.45,67.050003,288.16683661,737.59998,341.75,241.8,330.29999,575.01,1848.55,1075.73333333,2165.2,105.0,2777.95,8.54329381,217.0
2020-10-01 09:15:00,18230.9,439.88101262,861.0,16384.9,44.28840334,334.7,1415.1,72.300003,298.88456692,747.09998,353.29999,247.2,334.64999,572.02002,1841.8,1059.03333333,2179.3,111.05,2742.1001,8.52955309,221.2
2020-10-05 09:15:00,18402.551,438.81923087,870.75,15991.6,44.1548,334.8,1419.75,74.400002,316.77983356,749.45001,350.35001,257.39999,340.20001,550.34,1803.85,1067.6,2123.1001,109.75,2755.05,8.56046972,221.35001
2020-10-06 09:15:00,18795.801,439.53430837,872.09998,15975.35,44.20490334,339.0,1437.7,74.300003,317.31327682,735.90002,362.89999,259.89999,360.35001,546.87998,1798.3,1061.8,2122.6001,110.5,2774.1001,8.57764562,225.3
2020-10-07 09:15:00,18522.25,436.4789772,876.75,16004.5,44.0713,336.05,1481.75,74.849998,320.17459591,699.29999,360.64999,272.04999,378.89999,534.02002,1818.2,1087.06666667,2120.1001,108.45,2731.55,8.30626636,234.8
2020-10-08 09:15:00,18896.699,436.95569554,864.95001,16058.8,43.05259666,331.95,1517.9,71.400002,306.74102662,696.15002,359.75,281.60001,350.10001,527.92002,1754.3,1063.33333333,2109.7,105.8,2731.55,8.19634058,238.14999
2020-10-09 09:15:00,19491.4,433.05527277,870.70001,16036.05,42.9858,330.9,1507.2,72.199997,303.5887473,683.95001,357.20001,290.0,359.5,554.31,1765.8,1049.43333333,2083.25,105.05,2723.8,8.1757295,239.35001
2020-10-12 09:15:00,19479.4,435.11382923,866.45001,16110.3,42.6184,322.0,1516.95,71.050003,305.86809743,671.54999,357.64999,293.25,347.04999,557.21,1742.35,1037.4,2054.25,101.5,2707.8,8.0348871,238.39999
2020-10-13 09:15:00,19141.6,429.13318532,861.54999,16253.2,43.87090334,316.9,1521.85,69.650002,303.78274342,705.09998,349.89999,296.70001,336.35001,544.62002,1736.2,1043.46666667,2020.6,103.0,2685.3999,7.98679458,241.75
2020-10-14 09:15:00,19034.5,420.72559867,859.20001,16004.2,44.1882,315.95,1549.5,70.150002,303.97671044,725.45001,348.95001,294.60001,348.45001,543.52998,1733.65,1043.26666667,2010.6,101.95,2675.95,8.0348871,246.60001
2020-10-15 09:15:00,18704.9,423.065861,858.54999,15957.45,44.1548,317.65,1522.4,68.849998,297.86615761,704.25,342.79999,288.10001,328.14999,534.59,1733.1,1031.23333333,1983.1,98.849998,2659.3501,8.00740566,243.35001
2020-10-16 09:15:00,18695.9,432.83858262,863.79999,16031.45,45.89159666,321.6,1561.15,68.5,297.7691547,705.34998,349.95001,290.35001,329.39999,533.89,1729.65,1027.36666667,1998.4,101.05,2650.55,8.07610927,248.0
2020-10-19 09:15:00,18972.85,422.26409443,896.45001,15808.35,48.3632,320.9,1562.65,70.650002,307.41998879,702.79999,347.54999,289.10001,330.04999,536.57998,1721.65,1028.53333333,1981.4,95.949997,2651.3999,8.08641481,247.60001
2020-10-20 09:15:00,19073.449,423.28255116,884.84998,15796.05,48.2797,319.15,1579.55,69.949997,312.22113329,688.70001,348.95001,289.64999,320.20001,540.67998,1698.7,1049.93333333,2071.1001,97.849998,2665.7,8.07954445,251.45
2020-10-21 09:15:00,18951.699,426.66291323,901.65002,15885.15,50.3672,319.5,1620.15,71.800003,302.6188152,692.34998,355.35001,294.04999,331.64999,544.56,1705.55,1068.9,2025.45,96.800003,2650.8,8.1242018,253.35001
2020-10-22 09:15:00,18836.75,431.38676725,917.20001,15799.35,51.269,319.15,1629.0,71.75,302.13384915,726.95001,358.35001,293.54999,324.89999,545.86,1797.2,1085.2,2029.75,96.5,2618.55,8.04519265,253.60001
2020-10-23 09:15:00,18898.25,431.06173202,918.0,15624.6,55.0933,323.45,1604.55,72.050003,305.96509064,720.29999,364.35001,293.35001,319.10001,559.81,1748.3,1070.63333333,2001.15,96.900002,2601.1001,8.15511842,247.39999
2020-10-26 09:15:00,18602.85,426.2511976,889.04999,15562.0,53.8408,313.8,1578.8,69.5,298.15711784,704.70001,363.70001,287.54999,308.60001,543.52002,1711.0,1053.1,1988.85,94.75,2596.0,8.19290541,245.05
2020-10-27 09:15:00,18454.0,431.01838099,929.54999,15552.4,55.1768,308.2,1683.85,69.949997,304.60716631,739.90002,364.39999,288.89999,309.04999,542.92998,1759.85,1046.4,1996.35,95.150002,2679.3,8.15168324,255.85001
2020-10-28 09:15:00,18487.801,437.54075896,907.04999,15327.05,52.63840334,305.05,1638.9,71.449997,309.26285978,776.84998,353.64999,286.04999,313.45001,516.79,1753.55,1061.1,1978.35,94.25,2685.3501,8.21695167,251.8
2020-10-29 09:15:00,18717.75,438.99258299,886.79999,15159.9,51.7533,306.95,1651.9,69.050003,319.01065799,815.65002,342.70001,288.70001,317.75,542.62002,1718.2,1091.3,1981.2,93.0,2670.8,8.23756275,254.0
2020-10-30 09:15:00,18675.35,433.61866717,893.70001,15298.15,51.2022,305.7,1649.0,71.050003,329.48594407,856.40002,359.85001,290.14999,312.79999,530.87998,1699.2,1048.76666667,1983.35,92.449997,2634.3,8.10015553,259.70001
2020-11-02 09:15:00,19214.6,437.71411108,875.65002,15512.0,50.7847,305.0,1665.85,72.550003,330.84384901,859.20001,356.89999,287.20001,303.20001,530.85,1661.05,1050.56666667,1961.45,89.5,2659.3501,8.19290541,260.5
2020-11-03 09:15:00,19511.4,440.59609013,877.40002,15811.55,50.935,305.35,1661.3,71.650002,334.43257838,830.40002,353.64999,291.10001,294.04999,528.39,1691.6,1072.7,1948.5,94.099998,2652.45,8.24786829,262.0
2020-11-04 09:15:00,19619.75,441.65787188,878.79999,15864.75,49.54890334,308.05,1676.35,71.900002,341.27061908,840.90002,361.10001,295.14999,284.39999,529.5,1694.9,1075.7,1925.05,89.75,2696.8999,8.2650442,264.39999
2020-11-05 09:15:00,20214.25,466.7289227,894.15002,15775.05,51.6698,311.15,1699.4,71.199997,342.14354828,854.59998,368.64999,299.29999,300.25,548.0,1750.1,1074.3,1932.75,91.449997,2750.6001,8.18947022,255.75
2020-11-06 09:15:00,20183.1,478.90690936,937.84998,15897.8,51.13540334,313.65,1654.2,72.800003,341.51310211,860.0,371.10001,291.85001,307.45001,563.17002,1725.15,1057.53333333,1976.6,90.349998,2752.75,8.13107216,248.0
2020-11-09 09:15:00,20427.199,484.38917025,949.29999,15530.25,50.3672,314.2,1669.7,76.349998,347.13868889,899.34998,367.04999,308.45001,312.45001,587.66,1717.0,1048.83333333,1998.45,89.849998,2769.8,8.24786829,249.3
2020-11-10 09:15:00,20347.35,468.87415523,948.75,15504.55,52.5883,310.05,1659.3,77.349998,348.69058995,854.84998,366.75,314.79999,303.0,558.27998,1732.7,1020.06666667,2000.45,88.599998,2722.2,8.23756275,249.89999
2020-11-11 09:15:00,20205.551,454.09588672,944.25,15420.75,52.271,308.35,1670.15,75.0,349.27255891,897.54999,371.60001,319.20001,307.0,568.56,1723.2,1033.9,1981.2,88.349998,2688.55,8.43680322,259.70001
2020-11-12 09:15:00,20725.85,469.69757781,967.70001,15303.7,51.9537,312.35,1674.9,74.699997,354.55866946,942.34998,368.04999,325.45001,322.5,572.85,1738.95,1019.9,1983.55,88.75,2655.6499,8.36809961,262.85001
2020-11-13 09:15:00,20681.4,476.91335994,1000.25,15367.0,52.80540334,313.85,1676.35,77.449997,357.51698176,989.34998,365.5,331.79999,330.95001,592.17998,1729.95,1032.33333333,1978.6,92.349998,2683.3501,8.4574143,257.70001
2020-11-14 18:00:00,20495.9,477.2817332,986.15002,15595.55,52.72190334,312.25,1668.05,87.300003,360.08729213,1008.6,366.10001,340.35001,330.39999,591.8,1768.0,1032.6,2000.75,95.150002,2705.6001,8.71848802,259.0
2020-11-17 09:15:00,21195.449,488.91799447,982.84998,15280.15,52.72190334,315.05,1694.8,87.25,382.44421733,1058.45,379.64999,368.64999,322.04999,600.04,1741.7,1034.76666667,2033.25,92.699997,2677.8,8.756275,268.04999
2020-11-18 09:15:00,21396.301,496.4154738,1078.9,15096.2,53.2563,337.15,1686.3,93.349998,382.63821345,1080.95,391.10001,387.04999,332.45001,603.69,1796.75,1032.6,2047.75,90.849998,2695.3,8.52955309,262.0
2020-11-19 09:15:00,21378.1,497.56393161,1044.55,15238.65,53.0392,333.3,1679.8,90.449997,374.15130758,1083.5,381.89999,375.70001,339.85001,599.24,1790.05,1023.46666667,2093.1499,91.800003,2684.6001,8.4574143,258.70001
2020-11-20 09:15:00,21784.801,486.59940982,1116.05,15344.55,53.30640334,331.15,1686.8,89.349998,376.62462473,1134.55,375.85001,384.0,335.54999,629.2,1801.3,1019.06666667,2106.05,91.800003,2679.1499,8.52268273,257.10001
2020-11-23 09:15:00,22330.199,492.12500875,1072.75,15197.6,52.40459666,332.95,1725.55,94.599998,396.75071581,1180.3,375.14999,379.64999,337.29999,660.66,1838.3,1018.16666667,2111.05,94.099998,2760.5,8.43680322,258.14999
2020-11-24 09:15:00,22793.85,496.50214986,1072.3,15297.65,51.8702,353.4,1696.6,93.449997,394.95636082,1205.15,392.25,380.25,342.14999,661.59,1870.75,1018.5,2125.45,103.3,2775.6499,8.46771984,255.14999
2020-11-25 09:15:00,21720.75,485.10424776,1025.5,15395.0,52.0205,339.55,1664.75,92.400002,387.24539093,1144.9,398.95001,367.14999,330.60001,631.55,1926.1,1015.73333333,2117.1499,101.15,2798.1001,8.57077526,256.20001
2020-11-26 09:15:00,20920.9,480.6620996,1076.95,15354.15,52.4547,348.0,1692.5,100.65,389.86421729,1104.45,410.14999,364.25,324.75,651.17998,1914.25,1016.0,2082.5,103.9,2818.8501,8.71161765,260.75
2020-11-27 09:15:00,21866.9,500.68426983,1073.75,15399.05,54.32509666,351.85,1705.05,113.3,386.42093894,1136.4,411.54999,376.29999,352.89999,683.7,1856.35,1024.06666667,2153.0,106.15,2841.6499,8.68070103,261.04999
2020-12-01 09:15:00,21945.449,501.39934734,1138.05,15398.6,53.89090334,354.8,1747.9,126.95,409.21434329,1134.7,423.79999,378.95001,360.35001,717.87998,1883.8,1023.16666667,2130.8999,105.3,2789.05,8.6326085,262.0
2020-12-02 09:15:00,22420.1,510.78203101,1190.8,15215.2,54.7927,373.1,1729.25,123.05,440.10669038,1146.0,438.20001,419.20001,352.35001,753.77002,2113.0,1030.06666667,2169.3501,103.05,2795.0,8.68070103,262.5
2020-12-03 09:15:00,22713.4,518.10615821,1172.0,15291.1,54.6758,399.05,1718.1,124.35,434.09310166,1145.0,435.79999,427.79999,347.0,771.02998,2074.7,1038.53333333,2176.2,105.3,2847.8501,8.73566392,261.10001
2020-12-04 09:15:00,22422.949,522.63498243,1154.45,15247.05,53.3565,391.55,1665.95,124.5,432.54122969,1129.75,453.70001,436.54999,350.10001,771.67998,2028.0,1063.53333333,2252.25,104.25,2863.3999,8.85246074,252.55
2020-12-07 09:15:00,22869.1,540.27356097,1154.95,15293.05,53.82409666,406.4,1660.55,123.55,443.79242266,1106.25,471.5,440.04999,348.60001,748.81,2071.45,1119.83333333,2234.5,105.75,2921.1001,8.93490438,253.10001
2020-12-08 09:15:00,22776.949,549.00617417,1154.8,15389.85,53.32309666,392.9,1684.5,122.95,438.31230629,1098.65,463.35001,431.89999,342.20001,737.01,2039.25,1122.03333333,2234.7,103.95,2910.3999,8.84558969,257.10001
2020-12-09 09:15:00,22550.5,543.50224426,1155.15,15399.35,53.8575,390.45,1656.6,120.9,435.59651581,1070.1,463.89999,426.54999,346.04999,739.9,2044.25,1120.3,2224.3,103.35,2906.55,8.98299691,252.85001
2020-12-10 09:15:00,22523.051,525.21359527,1158.8,15568.3,53.2062,386.25,1632.65,122.1,433.80213173,1036.7,471.0,430.25,342.5,732.72002,1977.55,1122.33333333,2204.5,101.85,2918.3,9.55667274,248.3
2020-12-11 09:15:00,22621.9,528.61563068,1176.2,16087.55,53.1895,372.4,1608.75,121.7,436.27544888,1041.5,466.29999,425.04999,337.70001,731.82002,1978.3,1121.76666667,2206.8,100.05,2896.1499,9.68033786,245.8
2020-12-14 09:15:00,22874.75,531.51927875,1161.4,16504.9,53.4233,376.25,1615.05,130.45,441.46458562,1010.8,467.0,425.25,340.35001,738.77998,1945.95,1120.56666667,2223.8999,102.6,2929.25,9.47422703,246.45
2020-12-15 09:15:00,22982.75,527.70553204,1154.35,16379.2,53.5068,378.1,1634.45,132.14999,448.54510934,1013.65,475.75,431.10001,348.70001,775.71,1946.2,1124.66666667,2256.95,103.05,2898.5,9.34712604,247.60001
2020-12-16 09:15:00,22849.1,527.29382074,1194.9,16276.6,54.64240334,396.65,1633.1,131.55,449.32104533,1019.4,475.54999,431.64999,343.75,805.16,1983.35,1126.2,2287.55,103.35,2896.1001,9.35056191,247.25
2020-12-17 09:15:00,22664.801,527.70553204,1232.7,16096.25,54.7593,396.5,1639.3,124.85,445.48980383,1041.55,467.75,429.35001,344.39999,790.32998,2022.2,1102.0,2261.75,103.75,2937.0,9.20971882,246.75
2020-12-18 09:15:00,21980.4,527.94389121,1246.95,16178.1,53.5235,395.5,1648.3,134.0,441.46458562,1016.15,463.29999,424.85001,341.20001,755.82998,2020.05,1099.2,2265.6001,101.35,2953.8,9.65972815,251.05
2020-12-21 09:15:00,21243.051,510.82536904,1215.3,15848.25,50.56759666,366.4,1570.35,127.0,416.29486702,1020.3,444.25,395.75,312.45001,753.66,2009.9,1062.33333333,2160.8501,95.25,2876.1499,9.00704386,235.39999
2020-12-22 09:15:00,21033.75,508.81015061,1185.65,15510.1,50.31709666,359.65,1564.95,131.10001,445.00483778,1029.9,468.64999,408.29999,314.45001,768.34,1988.5,1097.73333333,2204.8501,96.0,2853.6001,8.94177406,237.60001
2020-12-23 09:15:00,21077.15,521.1831584,1201.0,15777.35,52.0038,391.5,1578.85,138.7,449.66053126,1044.95,470.75,427.95001,323.89999,773.42002,1990.8,1084.63333333,2211.8,99.599998,2871.1499,9.0894875,237.2
2020-12-24 09:15:00,21153.199,522.35328523,1206.55,15727.4,54.80940334,392.5,1614.65,135.45,459.40832947,1036.2,478.54999,428.10001,325.25,765.54,1996.4,1114.7,2234.1499,99.650002,2916.0,9.08261714,246.7
2020-12-28 09:15:00,21356.301,525.34360936,1217.55,15697.7,54.7092,407.05,1622.45,139.05,476.09118098,1038.0,483.54999,433.64999,328.85001,767.57002,2060.95,1126.06666667,2327.3,106.35,2916.8999,9.22689472,247.2
2020-12-29 09:15:00,21170.25,531.95265905,1203.05,15701.9,55.16009666,396.25,1616.75,137.7,474.49079302,1038.7,483.39999,429.14999,325.60001,757.85,2005.4,1115.53333333,2311.1499,105.3,2925.3,9.10666341,244.39999
2020-12-30 09:15:00,20865.6,528.46394758,1208.9,15628.4,55.2102,395.75,1648.25,136.0,469.59261652,1052.95,485.39999,436.20001,321.85001,754.29,1995.0,1112.9,2401.55,107.5,2928.45,9.18223669,252.39999
2020-12-31 09:15:00,20830.551,535.13800432,1212.05,15769.1,55.31040334,410.9,1617.65,135.95,465.13092886,1052.6,483.75,437.5,334.75,756.4,1974.35,1088.8,2399.5,107.15,2926.2,9.18910774,248.85001
2021-01-01 09:15:00,21127.6,546.27587823,1232.7,15746.0,55.611,408.55,1626.1,142.75,476.38214122,1065.95,503.85001,434.25,336.70001,773.42998,1968.1,1100.7,2397.95,105.3,2950.75,9.36773781,250.85001
2021-01-04 09:15:00,21154.65,555.61522387,1262.9,15668.05,55.7112,417.1,1641.4,142.95,479.63142345,1082.25,498.89999,441.20001,332.25,791.71,2036.85,1099.86666667,2471.5,105.2,2967.2,9.2337644,252.89999
2021-01-05 09:15:00,21594.199,579.51614786,1293.6,15605.7,55.7613,426.4,1645.3,146.64999,479.53442054,1096.45,499.45001,437.95001,326.0,801.17998,2011.6,1113.96666667,2469.25,109.45,2984.05,9.17193184,254.2
2021-01-06 09:15:00,21458.4,559.29895649,1297.65,15550.95,55.6778,417.95,1674.45,142.75,476.13965819,1107.25,496.79999,454.25,327.79999,788.91,1987.7,1135.03333333,2439.0,106.35,2984.5,9.14101521,261.10001
2021-01-07 09:15:00,21626.0,554.64011818,1302.65,15435.95,56.22890334,416.95,1704.35,143.75,502.52180161,1063.1,513.84998,454.64999,329.04999,789.26,1967.2,1178.13333333,2418.0,105.5,3007.55,9.53606097,263.0
2021-01-08 09:15:00,21735.4,554.90014636,1315.0,15496.05,55.5943,416.2,1761.25,141.95,502.4248278,1014.9,517.0,454.75,328.10001,793.1,2000.8,1193.63333333,2401.6001,105.75,3041.25,9.36773781,269.95001
2021-01-11 09:15:00,21727.25,562.72266092,1296.9,15483.15,56.3625,428.9,1787.05,139.05,503.54026911,968.29999,508.35001,448.29999,327.35001,788.51,2021.05,1206.96666667,2393.45,106.75,3094.3501,9.24063545,270.35001
2021-01-12 09:15:00,21588.4,556.04860418,1269.3,15405.4,58.2997,430.1,1795.1,139.25,509.60234474,924.15002,511.25,450.0,329.60001,773.02998,2007.15,1213.53333333,2359.95,105.6,3062.3501,9.24407063,268.10001
2021-01-13 09:15:00,21267.551,555.22518159,1280.5,15001.55,60.3037,424.6,1792.4,139.0,519.93209251,922.15002,536.65002,446.85001,324.45001,758.27998,2065.8,1184.96666667,2366.3,105.05,3091.5,9.16849666,264.89999
2021-01-14 09:15:00,21100.199,548.29109667,1274.4,15003.5,60.25359666,419.1,1785.5,135.3,516.10085101,968.25,536.95001,443.45001,325.45001,748.57998,2098.8,1176.66666667,2351.55,104.25,3108.5,9.17536702,267.04999
2021-01-15 09:15:00,20766.85,544.542357,1284.65,14996.05,58.8675,412.6,1740.1,131.85001,511.44518663,947.75,527.95001,432.85001,317.54999,730.95,2099.8999,1165.56666667,2312.75,102.8,3104.7,9.17880289,264.10001
2021-01-18 09:15:00,21238.699,531.43260269,1344.5,14748.65,56.83009666,406.15,1701.5,128.14999,492.58002668,949.75,515.5,406.10001,315.10001,712.76,2061.2,1161.93333333,2272.95,99.900002,3047.55,9.16849666,256.04999
2021-01-19 09:15:00,21464.199,535.31135644,1391.25,14601.7,58.1327,415.2,1712.4,129.8,514.16098681,992.84998,532.79999,418.10001,320.85001,718.41,2071.8501,1197.53333333,2342.3999,102.9,3052.8501,9.21315469,261.95001
2021-01-20 09:15:00,21259.65,525.23526428,1393.1,14397.2,57.9657,414.6,1710.05,137.95,530.31037567,1020.15,558.59998,455.20001,324.29999,754.32998,2182.6499,1185.83333333,2450.05,102.05,3083.25,9.20971882,262.10001
2021-01-21 09:15:00,20791.051,513.07894664,1377.3,14487.8,58.06590334,409.85,1665.75,132.8,520.75656389,1048.8,547.65002,471.64999,314.20001,746.99,2193.5,1162.36666667,2427.45,99.900002,3075.55,9.19941259,252.55
2021-01-22 09:15:00,20473.699,495.46203712,1377.85,14399.9,57.2977,408.15,1694.85,130.3,510.96022058,1047.85,535.79999,477.20001,308.89999,755.59,2077.6001,1147.43333333,2480.6001,97.75,3034.8999,9.11353308,257.70001
2021-01-25 09:15:00,20005.199,496.35046675,1354.8,14546.65,54.6925,393.5,1663.15,127.95,498.44812559,1031.1,523.65002,471.60001,308.04999,749.72998,1984.1,1172.63333333,2401.5,95.650002,3110.3,9.03108944,257.0
2021-01-27 09:15:00,19845.85,490.19646638,1388.8,14527.0,54.14140334,402.9,1637.85,132.55,497.38117118,1028.55,518.84998,464.04999,321.54999,744.67998,1982.65,1154.6,2297.8,94.0,3049.6001,8.96238583,252.5
2021-01-28 09:15:00,19399.551,493.72851589,1354.8,14576.05,50.96840334,418.3,1633.1,131.64999,496.45975508,1032.9,519.09998,459.29999,318.25,738.99,1921.3,1171.9,2310.55,94.099998,3051.8,8.95551616,248.0
2021-01-29 09:15:00,19161.5,502.39612205,1388.3,14222.05,50.13340334,418.9,1603.85,128.45,491.41608877,1004.9,509.70001,460.14999,316.60001,729.2,1954.15,1177.33333333,2228.0,93.800003,3006.95,8.97269206,243.35001
2021-02-01 09:15:00,19074.551,504.5846926,1382.95,14299.5,50.7847,433.75,1685.45,141.25,521.04753382,1024.25,542.75,481.5,315.60001,763.02998,1927.25,1169.36666667,2191.3999,95.75,2944.0,8.97956173,260.79999
2021-02-02 09:15:00,20617.0,512.06050292,1445.4,14093.85,50.4173,471.35,1762.85,155.35001,547.23570052,1031.95,550.79999,491.35001,327.39999,760.32998,1939.3,1164.76666667,2272.3,96.150002,2902.75,8.92116435,276.25
2021-02-03 09:15:00,21019.9,514.89914393,1447.45,14432.1,50.3672,466.3,1727.65,158.64999,549.56350846,1026.7,560.09998,504.70001,337.0,757.44,1965.3,1201.1,2300.3,103.9,2941.7,8.8971174,268.95001
2021-02-04 09:15:00,21183.449,517.5210948,1518.05,14488.2,53.05590334,455.6,1748.95,153.5,571.96896907,1078.0,568.40002,516.20001,334.70001,759.01,2041.3,1208.8,2288.05,101.7,2977.1001,8.94177406,272.75
2021-02-05 09:15:00,20907.75,515.91758766,1495.3,14477.75,55.6945,457.15,1723.0,150.25,577.44905634,1077.15,566.95001,529.25,334.29999,834.90996,1999.75,1209.6,2275.1001,98.900002,2943.95,8.95551616,271.29999
2021-02-08 09:15:00,21485.051,516.45931304,1481.95,14500.6,54.90959666,470.7,1763.9,159.25,609.40832873,1063.45,582.04999,571.54999,364.35001,857.20996,1978.7,1207.33333333,2269.8,106.8,2901.95,9.18910774,274.35001
2021-02-09 09:15:00,21167.25,535.07299727,1458.65,14634.8,55.3438,458.8,1761.65,161.3,610.91171379,1086.05,581.95001,567.20001,370.29999,841.75,1993.45,1204.86666667,2264.1499,103.65,2875.5,9.01734872,270.54999
2021-02-10 09:15:00,21577.551,521.4648556,1445.0,14371.5,55.11,455.7,1761.75,166.45,631.13482717,1080.45,576.84998,564.45001,369.14999,925.92002,1962.6,1193.9,2207.8,101.95,2886.3,9.10322823,271.89999
2021-02-11 09:15:00,20963.25,524.04346843,1423.35,14434.55,56.06190334,456.0,1775.95,162.2,638.79726166,1074.6,591.84998,589.04999,372.89999,1018.50996,1951.0,1211.06666667,2202.05,101.05,2891.1001,9.10322823,276.89999
2021-02-12 09:15:00,20710.9,526.18870096,1466.85,14439.1,55.5943,459.3,1765.75,164.39999,697.33269299,1068.95,616.59998,627.54999,375.64999,1069.42998,1967.15,1203.06666667,2193.2,101.35,2869.25,8.95208029,277.45001
2021-02-15 09:15:00,21010.051,526.96878551,1474.15,14448.95,55.74459666,462.1,1788.05,161.39999,740.49467144,1062.85,627.75,682.84998,360.04999,1030.29004,1970.3,1205.26666667,2192.6499,100.9,2885.95,8.81810894,283.39999
2021-02-16 09:15:00,21298.051,532.14768019,1500.5,14700.7,55.05990334,457.35,1819.3,155.85001,756.74103412,1078.3,636.54999,763.54999,373.10001,1037.87998,1949.9,1202.06666667,2190.75,102.4,2876.2,8.95551616,284.04999
2021-02-17 09:15:00,21792.6,534.03288453,1498.95,14651.55,54.1915,479.3,1819.75,158.45,761.83317764,1104.25,655.75,756.25,368.04999,1074.1,1925.25,1190.13333333,2171.0,100.35,2816.3,8.95894996,286.64999
2021-02-18 09:15:00,21802.699,532.71107459,1532.85,14918.8,54.6758,484.8,1787.9,157.85001,783.89913292,1109.5,664.04999,786.20001,392.20001,1072.87002,1931.35,1185.43333333,2142.3,100.5,2841.0,8.90055258,282.79999
2021-02-19 09:15:00,21707.35,514.81246787,1521.6,14716.3,55.444,485.35,1747.35,159.45,758.38992839,1117.7,653.5,770.15002,394.54999,1055.97002,1868.15,1158.93333333,2146.55,102.6,2875.5,8.90055258,275.29999
2021-02-22 09:15:00,21024.449,529.74241948,1456.4,14637.2,55.611,479.45,1700.35,152.5,781.66829879,1141.45,673.79999,759.5,371.29999,1086.02998,1857.05,1183.4,2188.95,100.25,2758.3999,8.76658054,266.95001
2021-02-23 09:15:00,21015.801,538.04165238,1480.0,14471.3,56.24559666,487.35,1697.05,154.64999,775.60622316,1196.2,662.0,734.5,355.95001,1065.54004,1842.45,1162.83333333,2176.3,102.45,2724.7,8.96925619,264.70001
2021-02-24 09:15:00,21779.949,531.32425761,1570.8,14591.6,59.48540334,483.95,1730.65,154.55,780.98933662,1169.35,665.20001,743.75,369.35001,1051.47002,1799.95,1167.9,2149.8501,103.5,2761.8,8.99673763,268.39999
2021-02-25 09:15:00,22361.051,535.50637758,1537.9,14352.55,60.90490334,494.3,1801.25,155.60001,818.13772635,1128.55,704.29999,739.59998,360.29999,1039.24004,1818.75,1166.7,2154.6499,102.65,2733.5,8.99330177,279.70001
2021-02-26 09:15:00,22832.75,535.22468038,1528.15,14389.45,61.32240334,481.4,1733.2,156.35001,808.58391456,1159.85,675.90002,750.0,357.25,1039.87998,1819.25,1165.13333333,2158.1001,101.75,2722.05,8.84902487,273.5
2021-03-01 09:15:00,24148.65,550.0246179,1525.2,14497.75,64.41190334,487.75,1774.4,155.25,825.89718315,1141.0,692.90002,758.04999,348.0,1070.1,1808.0,1172.2,2146.25,101.6,2827.3,8.84558969,277.89999
2021-03-02 09:15:00,25068.65,560.38240726,1521.0,14531.6,68.85409666,519.7,1771.8,155.8,846.31424416,1164.85,720.5,781.04999,354.04999,1123.6,1819.25,1169.76666667,2208.3999,101.95,2914.6499,8.81467307,278.79999
2021-03-03 09:15:00,25962.199,563.71943563,1532.7,14613.9,69.806,536.6,1796.4,155.05,887.82732834,1176.3,729.84998,828.0,361.89999,1143.63,1834.65,1164.36666667,2234.8501,102.45,2842.1001,9.32995014,282.10001
2021-03-04 09:15:00,26190.9,559.90568892,1512.8,14689.35,72.76190334,521.35,1853.7,155.64999,890.78566004,1184.65,752.45001,834.25,357.29999,1200.81,1898.9,1161.6,2258.3999,101.75,2829.6499,9.2646824,292.0
2021-03-05 09:15:00,25701.199,545.06241337,1488.85,14754.8,72.4613,513.3,1824.45,158.35001,882.54123719,1172.75,748.95001,813.65002,348.60001,1175.14,1898.45,1168.46666667,2195.8999,100.6,2783.3501,9.33338601,284.79999
2021-03-08 09:15:00,26553.65,545.56080073,1495.5,14759.7,73.76390334,508.7,1822.8,168.60001,882.83220712,1171.6,748.40002,793.90002,348.85001,1170.88,1917.3,1167.9,2201.75,101.15,2785.6499,9.17193184,285.75
2021-03-09 09:15:00,26325.6,546.86094165,1476.45,14687.55,72.6283,488.5,1827.85,164.75,877.98254662,1166.2,750.75,757.65002,350.0,1155.95,1939.7,1188.26666667,2226.95,101.1,2772.3999,9.19254292,291.04999
2021-03-10 09:15:00,25897.35,553.10161809,1466.25,14668.15,72.76190334,512.25,1835.05,164.05,871.14453501,1185.65,745.34998,733.04999,352.0,1167.5,1918.35,1204.76666667,2280.8501,100.4,2739.75,9.30590388,292.0
2021-03-12 09:15:00,27335.35,556.24362532,1471.1,14616.25,73.02909666,499.75,1787.65,166.89999,867.21627121,1160.6,728.15002,773.70001,354.20001,1162.92,1930.3,1222.13333333,2297.05,100.05,2773.5,9.13070899,289.5
2021-03-15 09:15:00,27450.699,550.45799821,1447.65,14535.8,72.4112,493.8,1767.1,172.3,869.25315772,1193.1,719.04999,778.40002,366.29999,1175.69,1900.95,1215.43333333,2317.3501,98.400002,2685.8999,9.14445108,283.64999
2021-03-16 09:15:00,28029.301,558.3238508,1442.05,14771.8,71.09190334,498.9,1766.15,170.55,870.80502968,1219.8,717.34998,780.29999,364.5,1189.95,1900.75,1195.83333333,2402.6001,99.650002,2657.5,9.10322823,285.54999
2021-03-17 09:15:00,27961.85,558.58387898,1439.75,14731.4,68.4032,488.8,1727.65,165.35001,847.62368159,1164.3,688.25,742.79999,369.79999,1163.04,1888.9,1196.2,2307.0,100.95,2631.6001,9.04482947,280.85001
2021-03-18 09:15:00,27556.449,537.71661715,1427.3,14484.8,67.7185,476.8,1731.75,154.3,844.85934601,1135.85,679.65002,771.20001,366.54999,1118.16,1838.9,1189.06666667,2266.8,101.5,2629.55,9.003608,281.04999
2021-03-19 09:15:00,27585.1,544.65070208,1413.85,14794.95,68.85409666,469.8,1755.0,156.14999,862.90011216,1192.6,686.25,767.79999,355.5,1069.5,1869.35,1206.5,2199.6001,100.65,2624.8501,8.98986796,283.45001
2021-03-22 09:15:00,27435.85,555.91859009,1388.6,14646.5,68.77059666,483.65,1860.0,160.3,961.25119801,1252.2,721.90002,792.15002,355.14999,1059.81,1913.2,1185.86666667,2213.6001,101.1,2620.55,8.98299691,295.60001
2021-03-23 09:15:00,28011.75,558.51887194,1397.35,14811.55,67.5348,488.2,1913.75,163.05,1026.57613464,1313.65,738.54999,847.5,350.54999,1112.8,1901.75,1201.33333333,2192.8999,113.4,2597.5,8.95208029,304.45001
2021-03-24 09:15:00,28402.6,571.23858397,1375.6,14852.8,64.92959666,484.65,1892.25,154.64999,994.61687195,1291.35,706.84998,864.54999,343.0,1073.44,1876.7,1207.3,2191.2,107.95,2574.8,8.88337668,303.79999
2021-03-25 09:15:00,28259.449,570.1551332,1391.65,14893.35,64.8795,469.15,1850.0,146.25,952.03684306,1226.8,688.25,834.70001,340.25,1029.03,1888.85,1199.73333333,2190.7,102.15,2640.3501,8.61886778,294.10001
2021-03-26 09:15:00,28734.9,572.8204221,1453.55,15029.5,68.1527,467.8,1861.95,155.25,958.58388473,1212.35,703.04999,870.59998,342.14999,1036.77,1918.25,1192.06666667,2224.1001,103.3,2650.05,8.56046972,294.89999
2021-03-30 09:15:00,29723.699,580.16621832,1439.35,15086.55,68.00240334,459.4,1874.05,154.8,1000.53345776,1157.65,710.54999,877.54999,351.95001,1057.47,1974.6,1241.76666667,2282.7,101.55,2739.6499,8.46428466,299.85001
2021-03-31 09:15:00,30436.65,570.95688677,1410.05,14983.3,67.2175,465.05,1903.25,154.35001,1000.14548492,1104.85,702.40002,908.40002,344.95001,1091.56,2052.7,1194.6,2296.05,102.95,2769.8,8.47802538,308.85001
2021-04-01 09:15:00,29602.949,591.04406405,1397.5,14980.05,66.4493,458.9,1913.35,161.05,1073.90882112,1160.05,736.25,999.20001,353.10001,1120.46,2053.3501,1165.63333333,2371.05,105.3,2775.45,8.70818248,311.0
2021-04-05 09:15:00,28178.551,576.07077441,1382.2,15160.15,62.5415,445.25,1894.4,158.89999,1104.02521283,1164.2,742.25,1095.15,363.89999,1085.96,1980.6,1161.53333333,2371.75,105.9,2707.45,8.72535838,306.04999
2021-04-06 09:15:00,27599.15,587.53368356,1374.45,15216.0,63.3932,438.3,1908.45,158.39999,1188.55479534,1194.45,835.54999,1110.65,368.20001,1092.79,1974.8,1150.43333333,2427.95,105.8,2722.8501,8.85589455,305.5
2021-04-07 09:15:00,27149.4,608.66097357,1375.0,15314.55,63.99440334,447.85,1918.45,160.0,1130.50435916,1196.2,814.75,1055.15,382.10001,1137.16,1961.9,1146.76666667,2383.3501,106.95,2727.05,8.82497861,308.64999
2021-04-08 09:15:00,28019.5,616.05010782,1396.3,14963.35,63.3598,481.15,1981.65,158.7,1127.54606625,1165.5,823.0,1002.4,375.25,1116.35,1957.2,1146.56666667,2401.3501,105.2,2706.45,8.82497861,320.79999
2021-04-09 09:15:00,27624.1,608.50929046,1380.4,15233.55,63.3598,484.9,1960.75,164.89999,1165.27642494,1142.75,823.59998,973.54999,370.75,1107.86,1966.85,1152.63333333,2344.45,105.9,2832.3,8.81810894,316.35001
2021-04-12 09:15:00,25556.449,584.02330306,1309.45,15049.7,57.74859666,455.35,1885.7,150.2,1042.09504824,1085.65,744.65002,924.90002,358.20001,1047.67,1902.0,1139.26666667,2259.55,101.4,2745.55,8.4574143,304.29999
2021-04-13 09:15:00,26179.9,593.86103605,1319.6,14959.9,58.951,459.2,1882.15,152.85001,1073.08437883,1116.05,731.04999,899.25,359.35001,1090.02,1889.6,1150.3,2290.0,102.55,2751.75,8.50894201,302.29999
2021-04-15 09:15:00,25532.5,593.29764165,1349.45,14919.75,57.31440334,461.3,1836.65,152.45,1095.97477639,1122.7,750.34998,944.15002,357.0,1080.06,1856.8,1139.73333333,2266.05,102.6,2750.45,8.50894201,295.20001
2021-04-16 09:15:00,27032.25,617.67528398,1371.35,14964.85,58.0325,472.2,1881.75,153.05,1124.1513039,1108.6,755.5,991.34998,357.10001,1080.86,1901.1,1153.93333333,2267.6001,103.6,2790.8,8.4745902,300.70001
2021-04-19 09:15:00,27473.1,606.86244529,1395.15,14724.8,54.9597,448.85,1876.75,148.55,1102.18234183,1056.35,720.95001,1012.6,360.89999,1060.16,1861.1,1159.13333333,2198.55,100.7,2749.1001,8.39558105,300.95001
2021-04-20 09:15:00,26511.65,621.77072789,1395.4,14839.9,58.06590334,445.1,1825.8,148.05,1108.38990728,1043.95,720.45001,1020.7,375.39999,1068.75,1856.75,1198.26666667,2208.8501,105.05,2740.6499,8.47115502,295.70001
2021-04-22 09:15:00,27004.051,614.59828379,1391.65,15108.7,58.9343,448.0,1831.65,146.45,1122.98738538,1030.45,737.79999,1050.7,382.14999,1065.05,1870.45,1220.2,2213.1499,110.45,2797.3501,8.4745902,295.60001
2021-04-23 09:15:00,26378.0,633.94871454,1380.7,15076.35,57.949,460.55,1812.9,148.75,1122.79339896,1052.4,725.34998,1065.45,385.20001,1075.56,1872.45,1189.4,2219.6499,109.0,2778.45,8.41962732,295.20001
2021-04-26 09:15:00,26181.15,646.62508855,1369.1,15052.85,57.98240334,470.15,1844.75,147.7,1138.06982953,1049.25,730.75,1055.2,380.35001,1126.01,1900.4,1201.66666667,2214.3501,112.25,2797.8999,8.42993286,303.35001
2021-04-27 09:15:00,25505.301,677.33008337,1384.35,15202.6,60.4373,483.25,1859.75,148.10001,1155.33462092,1054.6,749.15002,1044.1,385.89999,1132.28,1905.65,1218.9,2229.1001,111.4,2769.6001,8.4745902,306.54999
2021-04-28 09:15:00,25674.301,667.05897007,1387.9,15172.9,60.0365,491.95,1872.15,150.10001,1149.56352492,1054.7,746.25,1056.55,405.45001,1106.35,1920.15,1216.13333333,2240.6001,109.05,2774.75,8.4574143,308.85001
2021-04-29 09:15:00,25494.35,674.75147054,1381.3,14997.25,59.3685,491.6,1877.05,148.3,1146.75072183,1055.75,746.75,1050.15,405.14999,1109.57,1880.15,1261.13333333,2224.95,106.95,2761.7,8.49863646,314.04999
2021-04-30 09:15:00,25537.949,695.51038729,1381.25,15151.75,58.45,481.6,1882.75,145.35001,1123.86032427,1018.95,730.04999,1049.9,400.70001,1104.59,1862.75,1226.73333333,2243.1499,110.05,2759.05,8.5810808,309.04999
2021-05-03 09:15:00,26030.051,712.15219112,1392.0,15169.2,59.90290334,485.45,1898.0,145.85001,1217.79824816,1036.5,761.40002,1066.0,446.54999,1105.0,1825.45,1224.7,2248.3999,124.05,2762.0,8.65321959,311.64999
2021-05-04 09:15:00,25360.449,708.81516275,1377.45,15314.8,59.0345,474.6,1869.0,144.2,1224.53927625,1045.1,768.75,1065.35,449.14999,1095.13,1871.7,1243.0,2214.7,129.95,2798.6001,8.55016417,306.95001
2021-05-05 09:15:00,24965.301,743.55059444,1370.65,15403.45,57.7653,472.25,1888.55,145.14999,1229.38893675,1064.55,738.09998,1088.2,456.5,1100.0,1879.05,1298.53333333,2198.8999,130.05,2894.45,8.50207165,311.45001
2021-05-06 09:15:00,24741.801,774.01723009,1380.6,15422.75,58.41659666,478.0,1896.25,140.89999,1248.06012967,1099.6,740.79999,1126.5,447.29999,1055.13,1843.15,1334.06666667,2191.6499,134.39999,2861.95,8.48489574,314.39999
2021-05-07 09:15:00,24730.949,735.01300237,1371.95,15850.4,58.8007,468.75,1904.75,141.75,1259.84480469,1102.9,767.75,1176.4,445.0,1058.23,1829.0,1345.03333333,2205.55,131.25,2907.45,8.4745902,312.25
2021-05-10 09:15:00,24438.051,752.80326401,1375.35,16108.95,58.81740334,473.35,1885.7,144.75,1264.88845161,1102.85,765.45001,1163.55,460.79999,1052.04,1819.3,1340.03333333,2219.95,133.39999,3031.25,8.62573814,311.35001
2021-05-11 09:15:00,24869.5,749.05452435,1368.85,16205.0,60.40390334,469.5,1909.95,147.85001,1264.30649235,1077.95,762.65002,1197.3,457.20001,1056.78,1843.4,1295.3,2206.2,132.85001,3039.55,8.96582101,314.89999
2021-05-12 09:15:00,25293.801,754.32009509,1401.9,16158.4,61.79,481.4,1882.7,145.2,1247.13869418,1049.8,751.59998,1203.55,462.10001,1043.73,1920.75,1336.66666667,2179.5,125.9,3003.6001,8.74253428,309.04999
2021-05-14 09:15:00,25054.1,741.08032668,1391.8,16110.0,60.75459666,479.85,1876.8,142.10001,1183.65663824,1088.05,733.54999,1143.4,456.54999,1031.59,1875.95,1307.5,2180.45,124.2,2993.1001,8.66696031,307.10001
2021-05-17 09:15:00,25100.6,755.8802642,1420.75,16217.05,63.2095,481.2,1903.6,142.85001,1250.33947011,1142.45,754.20001,1200.35,456.75,1035.92,1924.4,1304.96666667,2198.3999,121.75,2979.75,8.77688608,310.20001
2021-05-18 09:15:00,26104.801,757.54877838,1449.85,16053.85,63.5435,490.25,1939.95,153.25,1286.80891707,1198.75,775.90002,1260.35,473.14999,1039.57,1930.8,1272.7,2225.5,121.3,2949.45,9.36773781,315.64999
2021-05-19 09:15:00,25884.1,721.92491707,1450.2,16024.1,61.8067,492.4,1927.25,157.14999,1255.77108987,1243.65,772.40002,1323.35,484.54999,1025.78,1943.55,1305.3,2202.6001,130.25,2973.45,9.28529211,317.64999
2021-05-20 09:15:00,25538.301,737.43993209,1429.25,16019.9,61.50609666,496.1,1958.15,156.75,1262.8515942,1268.85,765.70001,1385.75,487.04999,1019.99,1966.65,1293.8,2219.1001,132.10001,2990.3501,9.31964391,320.0
2021-05-21 09:15:00,26092.699,721.42652971,1433.1,16036.7,62.959,501.35,1965.25,159.14999,1275.55770471,1299.2,769.20001,1453.85,479.95001,1019.46,1985.0,1290.06666667,2267.3501,132.35001,3003.5,9.17536702,321.45001
2021-05-24 09:15:00,26111.801,725.60864968,1475.7,16165.65,63.9777,505.4,1984.45,169.10001,1267.50726828,1360.95,766.54999,1526.5,473.04999,1043.32,1957.6,1303.76666667,2253.8,134.10001,2996.1499,9.12727518,326.20001
2021-05-25 09:15:00,26391.4,716.70268436,1495.65,16131.4,61.73990334,511.05,1961.2,172.35001,1244.18040128,1314.25,764.0,1450.2,483.35001,1029.44,1943.15,1312.7,2250.3999,131.0,2905.0,8.91085812,322.29999
2021-05-26 09:15:00,26338.949,721.25317759,1501.35,16049.45,61.75659666,512.7,1977.45,168.64999,1283.02618188,1264.6,758.29999,1392.55,478.10001,1049.81,1899.7,1286.7,2314.3501,134.89999,2935.6001,8.97269206,323.10001
2021-05-27 09:15:00,26580.25,718.93459294,1579.25,15993.85,61.957,510.45,2000.15,163.2,1285.93597818,1266.6,751.40002,1439.8,473.64999,1052.97,1934.0,1330.2,2278.25,133.25,2934.3999,8.94177406,330.10001
2021-05-28 09:15:00,25313.35,719.77968454,1588.75,16102.3,63.8107,501.5,1985.45,168.3,1263.43355346,1238.95,776.15002,1444.9,457.20001,1044.95,1952.65,1312.86666667,2278.95,129.25,2957.3,8.94177406,325.64999
2021-05-31 09:15:00,25536.15,726.95212864,1668.85,16029.05,65.18009666,503.05,1986.05,169.5,1276.72162323,1268.2,769.54999,1473.6,427.85001,1062.5,1926.65,1280.5,2277.6001,128.45,2989.2,9.31964391,326.79999
2021-06-01 09:15:00,25484.0,741.42703093,1693.25,15958.15,65.9817,497.5,1973.45,166.25,1373.66633663,1271.05,798.20001,1499.45,412.95001,1056.07,1907.1,1289.1,2253.45,125.25,3101.75,9.18223669,324.20001
2021-06-02 09:15:00,25967.199,723.57176224,1700.55,15988.3,66.3825,503.5,1997.1,166.85001,1500.24247568,1299.8,811.5,1558.25,414.75,1053.3,1934.7,1306.23333333,2283.7,124.7,3155.8,9.12040413,331.10001
2021-06-03 09:15:00,26261.801,725.43529756,1691.95,15964.7,65.84809666,504.5,2027.35,164.85001,1535.49950751,1286.9,825.29999,1577.9,416.0,1075.58,1949.1,1286.53333333,2269.3999,126.3,3178.45,9.19254292,333.95001
2021-06-04 09:15:00,26110.449,732.73775575,1650.5,15940.4,68.136,508.9,2009.9,164.95,1649.8060055,1277.25,833.84998,1602.05,414.95001,1071.16,1929.15,1303.53333333,2264.3501,125.3,3164.95,9.24750649,332.04999
2021-06-07 09:15:00,26339.65,741.3836929,1685.65,15897.95,68.47,518.75,2045.95,178.64999,1575.46071003,1264.85,878.59998,1589.45,415.45001,1055.23,1938.65,1300.96666667,2277.2,125.8,3140.45,9.34025568,339.04999
2021-06-08 09:15:00,26305.449,767.79822267,1680.25,15954.35,68.7038,562.55,2042.65,190.05,1587.24538505,1267.55,874.20001,1592.6,419.95001,1074.59,1973.2,1312.7,2279.75,131.5,3175.8501,9.36773781,340.35001
2021-06-09 09:15:00,25780.75,785.91351954,1674.85,16076.95,67.9857,552.9,2004.4,183.5,1546.70222327,1239.15,852.59998,1571.5,410.25,1045.43,1946.25,1280.96666667,2270.5,126.9,3101.05,9.41582965,334.35001
2021-06-10 09:15:00,26023.65,792.13252696,1671.35,16106.15,69.5388,573.6,2030.3,187.85001,1563.5305452,1233.5,846.75,1589.9,412.75,1047.52,1957.4,1301.33333333,2284.45,130.75,3131.25,9.78682914,341.54999
2021-06-11 09:15:00,26153.1,786.82361819,1648.55,16327.3,69.43859666,575.45,2024.5,195.75,1553.44325136,1217.7,839.75,1602.6,413.79999,1046.33,1963.4,1307.26666667,2293.8999,132.2,3197.25,9.81431127,337.70001
2021-06-14 09:15:00,25883.35,798.28652734,1660.6,16290.7,68.75390334,569.65,2040.55,206.45,1456.30455155,1212.9,768.45001,1522.5,411.45001,1040.12,1963.85,1292.63333333,2303.55,129.39999,3223.5,9.68377373,340.35001
2021-06-15 09:15:00,25684.301,791.61247059,1693.95,16461.199,68.303,583.35,2042.95,242.45,1492.58001209,1212.2,761.84998,1446.4,411.75,1031.09,1965.7,1332.43333333,2320.75,130.05,3185.8999,9.59102454,341.45001
2021-06-16 09:15:00,25473.801,792.17586499,1720.3,16446.199,67.9022,581.35,2020.5,233.05,1404.75266043,1182.75,706.70001,1374.1,414.45001,1024.85,1987.9,1327.43333333,2298.55,131.85001,3183.8,9.69751376,338.89999
2021-06-17 09:15:00,25260.9,785.19844203,1716.5,16526.449,67.301,567.95,2042.2,231.05,1326.57613317,1123.65,646.90002,1305.4,431.95001,995.88,1980.85,1309.26666667,2267.8999,134.25,3167.3,9.86927279,346.25
2021-06-18 09:15:00,25445.4,767.23482827,1743.45,16536.699,67.33440334,566.15,2027.9,223.14999,1442.77399875,1067.55,694.34998,1240.15,416.10001,946.09,1983.2,1298.6,2232.05,134.0,3142.2,9.69064409,341.29999
2021-06-21 09:15:00,25411.9,767.90656775,1719.4,16573.65,66.967,574.8,2028.1,225.25,1493.695434,1120.9,731.04999,1302.15,417.04999,918.96,2016.95,1328.6,2245.05,130.75,3126.75,9.73530143,344.75
2021-06-22 09:15:00,25572.35,760.23571896,1739.25,16670.85,70.92490334,592.8,2049.3501,228.05,1495.24732536,1167.4,742.90002,1367.25,419.75,919.21,2028.35,1304.13333333,2287.0,130.75,3149.8501,10.16813417,346.25
2021-06-23 09:15:00,25495.551,749.22789381,1806.55,16427.6,70.8748,603.25,2030.55,223.0,1459.50532748,1166.15,718.70001,1321.45,411.95001,919.52,2030.0,1293.2,2325.55,128.5,3109.95,10.20592116,345.14999
2021-06-24 09:15:00,25258.9,754.73180638,1809.45,16397.449,70.25690334,602.15,2027.45,219.60001,1463.14257285,1139.7,709.90002,1255.65,409.29999,917.71,2070.6499,1312.63333333,2342.3,126.75,3094.05,9.85896793,346.5
2021-06-25 09:15:00,25060.449,744.59069851,1824.05,16471.4,73.981,598.7,2041.15,222.60001,1473.76332935,1167.25,712.20001,1192.9,409.20001,917.2,2116.5,1302.83333333,2310.6499,127.45,3142.05,11.03723414,348.04999
2021-06-28 09:15:00,24756.85,752.34821469,1809.8,16828.301,73.3297,598.4,2050.95,234.75,1479.87390158,1119.85,716.25,1159.0,411.14999,918.11,2141.1499,1338.46666667,2289.6499,128.39999,3130.1001,10.90669797,344.35001
2021-06-29 09:15:00,24501.801,748.83784286,1788.85,16537.35,71.34240334,607.1,2053.05,229.5,1477.74005095,1126.3,711.0,1115.2,414.5,905.96,2149.8501,1390.56666667,2321.1499,127.35,3195.75,11.07502181,344.39999
2021-06-30 09:15:00,24331.551,755.598567,1808.2,16808.9,72.0605,615.2,2014.8,225.60001,1462.22113736,1124.9,703.70001,1059.45,414.5,860.67,2140.1499,1432.46666667,2354.6001,126.25,3199.3501,10.98227263,340.64999
2021-07-01 09:15:00,24315.35,741.42704826,1793.7,16736.35,71.476,617.65,1996.0,223.0,1445.44131203,1068.7,703.09998,1006.5,409.25,841.65,2114.0,1399.1,2326.55,125.8,3219.5,10.5666151,340.29999
2021-07-02 09:15:00,24198.25,757.8087979,1787.15,16764.65,71.75990334,613.25,1987.25,232.89999,1379.29194281,1015.3,710.40002,956.20001,407.60001,883.73,2151.05,1415.46666667,2348.55,125.85,3194.5,10.80364256,339.25
2021-07-05 09:15:00,23949.65,746.45425117,1773.75,16809.75,73.1627,650.2,1982.75,240.60001,1352.42482364,964.54999,710.04999,908.40002,409.25,908.52,2150.05,1435.46666667,2354.3,128.10001,3247.8,10.68684642,340.29999
2021-07-06 09:15:00,24669.199,736.18311186,1757.75,17227.25,71.7933,695.05,2022.85,230.89999,1372.25993508,1012.75,712.70001,953.79999,407.85001,900.99,2166.0,1443.73333333,2327.7,129.7,3315.2,10.68684642,351.85001
2021-07-07 09:15:00,24327.25,748.1877724,1742.1,17260.6,71.309,687.5,2036.55,233.55,1382.78369837,1017.05,720.09998,939.70001,401.89999,898.18,2169.8999,1446.03333333,2330.6499,129.8,3313.0,10.69715196,357.45001
2021-07-08 09:15:00,24459.301,735.35972395,1703.25,17257.1,71.5595,669.5,2029.5,227.05,1383.02618139,1028.65,711.70001,986.65002,398.10001,880.0,2142.25,1453.36666667,2309.8,127.5,3324.8501,10.55974474,360.75
2021-07-09 09:15:00,24473.199,739.47683688,1713.45,17250.199,71.142,676.5,2037.25,225.35001,1388.31231133,1019.4,728.5,1000.5,403.85001,874.32,2073.6001,1443.56666667,2295.5,127.9,3350.7,10.4979115,363.60001
2021-07-12 09:15:00,24250.551,738.39338611,1725.95,17318.551,71.19209666,714.55,2072.3,225.89999,1377.98253447,1004.2,718.04999,1000.4,404.25,875.43,2069.55,1438.43333333,2279.8501,127.9,3353.6499,10.83112331,371.75
2021-07-13 09:15:00,24242.051,742.9872087,1787.05,17400.449,76.6363,707.45,2084.8,233.55,1375.07273817,989.20001,704.0,986.90002,414.70001,886.11,2118.8501,1437.9,2287.7,126.55,3352.75,10.80364256,368.95001
2021-07-14 09:15:00,24165.449,744.72072993,1805.5,17388.65,76.03509666,710.2,2081.55,230.95,1359.8933008,979.70001,697.25,974.15002,415.75,879.98,2066.5,1427.23333333,2296.5,129.05,3318.1001,10.87921721,373.0
2021-07-15 09:15:00,24310.9,740.60361701,1779.05,17336.449,74.7993,712.9,2112.45,228.64999,1365.6159002,995.79999,699.09998,980.20001,412.64999,877.77,2024.85,1448.66666667,2289.8501,131.3,3331.6499,10.76929075,386.20001
2021-07-16 09:15:00,24733.65,742.77051855,1763.2,17484.449,74.6657,719.5,2129.3501,231.45,1353.54024555,1008.65,687.59998,1016.55,414.0,875.32,2046.7,1436.83333333,2281.55,134.5,3351.1499,11.04067001,383.04999
2021-07-19 09:15:00,24455.5,738.9567545,1738.8,17344.25,73.0458,719.55,2151.8999,234.35001,1339.08825726,979.15002,673.70001,968.04999,407.54999,874.17,2062.6001,1424.6,2264.3999,135.64999,3448.7,11.15746546,386.54999
2021-07-20 09:15:00,24258.699,747.27768242,1719.0,17469.4,69.6557,694.55,2308.8501,228.35001,1324.63626897,945.09998,672.59998,919.65002,399.35001,868.59,2041.55,1427.96666667,2272.05,130.35001,3395.7,10.82081846,404.45001
2021-07-22 09:15:00,24108.0,763.48607127,1711.1,17529.65,73.48,701.35,2290.25,229.85001,1374.15130268,988.25,691.79999,964.54999,399.64999,873.51,2038.95,1410.73333333,2270.3,130.25,3368.1499,11.51815941,400.20001
2021-07-23 09:15:00,24216.949,772.19705013,1695.8,17815.85,72.94559666,703.8,2337.55,246.10001,1359.50532797,980.25,680.04999,963.59998,398.85001,871.49,2023.55,1444.2,2288.8501,129.89999,3394.7,12.28077016,402.29999
2021-07-26 09:15:00,24762.1,776.44415115,1712.3,17859.85,72.52809666,703.45,2369.2,263.70001,1361.68767519,942.20001,682.79999,939.70001,408.20001,866.38,2001.65,1477.7,2265.45,129.2,3427.3999,12.92314959,408.10001
2021-07-27 09:15:00,24973.9,778.56772332,1669.15,17992.4,74.4987,682.3,2371.7,261.60001,1354.75266068,914.45001,663.20001,901.09998,403.25,853.06,2006.95,1499.13333333,2265.0,124.3,3384.05,13.20139783,408.79999
2021-07-28 09:15:00,24742.301,763.35608318,1699.05,17935.15,75.5007,796.05,2393.8999,253.45,1357.80794679,945.65002,665.40002,940.75,399.54999,826.38,1984.75,1554.6,2255.1499,125.85,3370.7,13.0090291,409.39999
2021-07-29 09:15:00,24842.0,775.23071229,1686.5,18193.949,75.8848,770.2,2364.0,258.20001,1358.14742302,924.29999,659.65002,937.90002,399.5,829.3,1998.7,1596.46666667,2254.8999,122.7,3331.6499,13.01933396,408.75
2021-07-30 09:15:00,24660.9,810.24781517,1699.15,19012.75,74.8995,795.75,2394.1001,258.04999,1377.54606503,882.29999,674.5,893.45001,399.25,837.05,2000.7,1528.06666667,2271.75,120.65,3453.6001,13.57583388,411.14999
2021-08-02 09:15:00,24672.551,821.8190954,1683.45,19750.699,74.983,822.6,2424.0,255.5,1394.95634622,876.15002,692.0,908.79999,425.29999,851.88,1964.75,1502.36666667,2280.3999,122.65,3482.3999,14.58921211,418.10001
2021-08-03 09:15:00,24665.65,845.30829075,1670.7,19266.75,74.0478,810.1,2433.1001,253.0,1399.41803388,890.90002,705.04999,911.5,422.75,846.5,1995.05,1508.26666667,2271.3,121.7,3507.05,14.07736885,422.20001
2021-08-04 09:15:00,24382.0,817.39859025,1636.45,18029.65,72.2108,780.8,2398.6001,243.75,1386.56643356,898.15002,694.70001,932.20001,416.29999,835.59,1985.9,1525.86666667,2236.8,121.3,3398.55,13.88500012,419.04999
2021-08-05 09:15:00,24416.65,799.02325652,1666.35,17925.15,71.1253,763.8,2392.2,233.3,1389.28224343,889.65002,693.54999,947.04999,410.45001,829.41,1948.7,1512.8,2219.8,117.7,3399.7,13.39376863,418.89999
2021-08-06 09:15:00,24446.801,828.83983905,1663.85,17506.051,70.8915,792.45,2341.3501,234.85001,1490.44616147,910.54999,710.70001,964.34998,411.89999,832.25,1948.65,1530.53333333,2225.55,118.4,3472.05,13.09147274,403.89999
2021-08-09 09:15:00,24319.6,824.85275755,1644.25,17507.35,70.08990334,776.05,2312.6001,235.75,1448.49659814,906.54999,699.90002,958.79999,412.14999,832.58,1963.75,1525.2,2229.6499,114.35,3514.6499,13.13613009,405.45001
2021-08-10 09:15:00,23922.699,800.45342888,1650.9,18328.699,68.92090334,759.65,2296.95,223.39999,1403.00678265,908.40002,693.0,948.40002,395.64999,832.69,1969.4,1532.16666667,2178.95,111.6,3557.1499,12.59680745,400.70001
2021-08-11 09:15:00,23692.6,796.98638641,1674.55,18290.801,69.43859666,765.15,2276.05,215.0,1393.8409243,901.5,699.15002,946.70001,382.25,820.43,1949.0,1501.0,2131.6001,108.3,3684.25,13.79912061,398.25
2021-08-12 09:15:00,24596.85,803.14036945,1718.35,18596.801,70.0398,765.4,2292.0,229.35001,1399.51502709,913.70001,704.04999,955.04999,390.0,828.2,1949.1,1502.16666667,2146.45,113.0,3645.6001,14.06362882,399.79999
2021-08-13 09:15:00,24076.199,813.02145781,1747.95,19010.551,69.00440334,788.75,2308.6001,226.35001,1393.7924277,919.09998,704.15002,971.15002,388.45001,839.32,1928.1,1498.96666667,2218.8999,111.85,3657.3,14.6819613,402.45001
2021-08-16 09:15:00,23842.25,811.93800704,1758.4,18955.801,68.9543,815.55,2296.25,216.89999,1387.09989621,925.25,706.90002,977.75,384.04999,835.92,2007.6,1519.13333333,2224.95,107.35,3713.5,15.38960848,396.25
2021-08-17 09:15:00,23780.301,825.76284753,1745.45,19045.301,68.92090334,810.6,2308.75,217.95,1398.30261197,936.84998,692.65002,1024.0,370.10001,831.05,1991.15,1546.06666667,2232.55,106.3,3703.25,15.76747833,401.5
2021-08-18 09:15:00,23477.0,829.6632703,1761.3,18886.699,68.77059666,789.45,2356.3,214.35001,1416.100866,942.5,705.40002,1075.2,377.5,818.81,1990.25,1531.83333333,2225.1499,105.05,3802.2,15.1422748,409.39999
2021-08-20 09:15:00,22839.65,806.13070224,1714.65,19074.4,66.8167,766.95,2290.55,208.14999,1387.09989621,935.84998,687.20001,1123.45,375.25,801.11,1960.1,1493.6,2214.3999,102.4,3804.45,14.08767508,391.79999
2021-08-23 09:15:00,22799.9,789.53226245,1674.95,18945.449,64.796,743.6,2261.45,194.55,1354.70416407,933.65002,668.29999,1179.6,368.60001,767.23,1928.55,1490.5,2188.1001,99.050003,3796.55,13.67888929,390.64999
2021-08-24 09:15:00,23193.25,798.28652734,1696.9,18925.301,66.18209666,765.15,2280.95,199.95,1394.56837338,949.70001,695.40002,1238.55,369.5,803.15,1925.05,1470.1,2184.8999,102.25,3837.45,14.98425787,395.35001
2021-08-25 09:15:00,22791.5,795.38289661,1731.1,18898.9,66.08190334,753.85,2267.3501,219.85001,1430.98932374,997.15002,720.75,1300.45,369.5,791.55,1937.9,1500.26666667,2206.1499,104.8,3817.05,15.26937716,397.04999
2021-08-26 09:15:00,22828.1,786.02184728,1736.35,18906.65,66.91690334,756.6,2275.55,217.55,1431.32879997,1046.45,721.70001,1365.45,366.04999,831.12,1938.9,1489.5,2200.55,103.5,3862.8,15.52014465,398.35001
2021-08-27 09:15:00,22643.35,803.05371072,1850.05,19028.801,67.58490334,747.1,2348.1001,217.85001,1460.76623921,1049.1,727.0,1433.7,370.95001,872.67,1932.9,1478.86666667,2201.2,103.15,3887.6499,15.22815431,410.04999
2021-08-30 09:15:00,22979.1,808.81768616,1921.7,19137.801,69.52209666,763.0,2386.5,218.55,1470.95052626,1060.35,730.0,1505.35,375.14999,916.3,1962.85,1487.8,2208.2,104.45,3901.8,15.437701,417.70001
2021-08-31 09:15:00,24391.449,813.10811653,1895.75,19272.1,69.50540334,777.5,2413.2,238.35001,1539.86420196,1068.35,748.29999,1580.6,381.35001,951.88,2021.5,1485.2,2211.45,104.55,3878.6001,14.93616397,421.04999
2021-09-01 09:15:00,25060.1,798.54654685,1883.2,20028.801,69.472,827.1,2424.05,240.35001,1518.13772292,1079.8,744.75,1659.6,384.45001,933.79,1984.05,1492.8,2276.75,103.25,3855.8999,14.91555426,421.5
2021-09-02 09:15:00,24543.051,798.02650782,1894.35,19832.801,73.0458,821.35,2474.2,246.75,1523.32685966,1085.35,753.84998,1672.15,379.75,922.69,2001.3,1475.26666667,2269.6499,121.1,3909.05,15.83274676,428.70001
2021-09-03 09:15:00,24537.051,791.61246193,1848.7,19850.801,73.27959666,849.35,2469.0,237.60001,1518.47719916,1081.35,754.90002,1750.5,378.70001,920.89,2097.05,1475.76666667,2254.6001,115.6,3834.8999,15.5785434,437.10001
2021-09-06 09:15:00,24496.25,790.96239146,1851.85,19617.9,72.4112,867.95,2472.75,239.35001,1534.4325822,1112.75,751.20001,1724.55,376.20001,940.29,2077.8501,1473.83333333,2237.1499,112.9,3825.1001,15.98732988,438.29999
2021-09-07 09:15:00,24339.949,784.1150086,1870.3,19711.551,72.11059666,878.65,2483.5,234.10001,1511.25120501,1110.05,745.5,1694.25,368.75,934.64,2064.8,1454.13333333,2244.3999,110.45,3787.3999,15.90488554,441.5
2021-09-08 09:15:00,24341.75,789.01218008,1876.75,19994.949,71.643,869.7,2448.95,232.89999,1509.165851,1158.3,746.84998,1733.5,366.29999,981.37,2040.25,1441.63333333,2225.05,117.0,3751.5,16.76024548,435.95001
2021-09-09 09:15:00,24218.35,788.40543898,1869.45,20706.9,71.60959666,854.95,2458.75,237.05,1498.5450945,1215.95,749.70001,1806.75,366.54999,1011.95,2092.6001,1429.0,2195.8501,114.4,3795.55,16.40298671,438.35001
2021-09-13 09:15:00,25150.9,805.1772829,1861.0,21378.551,72.11059666,848.6,2471.3999,278.20001,1486.37244665,1185.2,745.09998,1871.4,412.29999,981.79,2095.8501,1424.7,2204.5,114.8,3823.8501,16.24496841,436.25
2021-09-14 09:15:00,25705.25,803.44376167,1907.3,21454.051,72.1607,846.45,2442.95,277.10001,1467.70125372,1149.4,755.40002,1942.7,407.29999,981.2,2105.0,1478.26666667,2199.6499,114.7,3806.3,15.86709856,432.45001
2021-09-15 09:15:00,25337.85,812.19802656,1905.9,21124.301,73.36309666,842.75,2467.3999,269.10001,1471.19300928,1126.95,765.95001,1944.05,393.75,983.13,2141.3,1482.96666667,2211.95,115.6,3852.1499,16.48199518,437.04999
2021-09-16 09:15:00,25156.85,826.67293751,1908.05,21004.1,72.7118,835.25,2429.7,274.39999,1458.00193272,1169.65,769.65002,1916.15,390.20001,974.85,2097.1001,1468.1,2198.1499,114.85,3873.95,16.88391198,430.20001
2021-09-17 09:15:00,25235.9,802.66365978,1843.2,20480.6,70.84140334,850.0,2394.8501,267.75,1435.74199102,1153.25,767.09998,1820.35,398.95001,986.92,2097.75,1456.76666667,2211.1499,116.25,3824.95,16.45451442,419.79999
2021-09-20 09:15:00,25128.0,780.95131502,1875.15,20559.301,67.2843,844.9,2325.95,248.0,1376.18816009,1131.15,748.90002,1729.35,390.89999,943.01,2061.7,1479.96666667,2200.7,116.5,3787.7,16.78429174,409.79999
2021-09-21 09:15:00,25088.35,785.24178873,1875.0,20786.449,67.3177,842.9,2332.3,252.2,1398.10862555,1120.7,749.59998,1642.9,384.79999,990.16,2049.1499,1452.53333333,2218.6001,114.65,3858.8,17.53316109,413.20001
2021-09-22 09:15:00,24724.35,793.34598316,1869.15,21464.949,71.67640334,911.55,2365.55,267.14999,1394.51987678,1141.55,745.29999,1560.8,390.60001,1009.7,2025.8,1451.7,2201.8501,115.95,3894.6001,18.05874438,419.5
2021-09-23 09:15:00,25019.9,795.72957485,1898.1,21604.4,73.01240334,939.35,2351.05,270.29999,1430.01939164,1149.2,754.5,1547.6,387.35001,1034.74,2006.85,1455.9,2199.3501,120.5,3963.2,17.69805043,419.54999
2021-09-24 09:15:00,24801.15,793.86606553,1878.7,21204.949,74.76590334,954.75,2298.75,261.04999,1417.74975057,1151.8,744.79999,1542.15,380.20001,1064.75,1943.4,1449.83333333,2207.05,116.5,4003.1001,17.46102161,410.70001
2021-09-27 09:15:00,25131.699,809.72777613,1855.0,21183.4,75.43390334,946.15,2331.8501,254.75,1485.20852813,1153.45,750.25,1578.4,385.45001,1068.7,1980.05,1453.8,2218.8999,115.5,4000.0,17.80797621,418.0
2021-09-28 09:15:00,24747.6,808.25427442,1800.65,21010.801,74.649,924.65,2300.25,254.64999,1442.58001233,1144.5,738.70001,1549.9,384.79999,1057.95,1921.95,1464.83333333,2193.95,114.6,3936.3,17.88698536,413.10001
2021-09-29 09:15:00,24685.65,812.71810893,1820.55,19555.801,77.37109666,924.15,2271.1001,254.39999,1440.97962437,1138.65,742.0,1530.6,390.89999,1058.35,1921.0,1534.13333333,2258.3,115.65,3936.05,18.28546492,406.45001
2021-09-30 09:15:00,24832.5,805.95734145,1870.6,20517.801,82.28090334,936.8,2254.5,258.14999,1423.95731601,1146.6,737.90002,1558.5,388.54999,1068.89,1955.3,1518.73333333,2284.3501,115.2,3980.75,18.48470539,400.20001
2021-10-01 09:15:00,24863.199,816.48850027,1858.9,22031.25,81.5795,916.3,2237.5,258.95001,1414.83995427,1151.05,734.95001,1577.85,384.04999,1082.88,1928.9,1506.93333333,2249.6499,115.25,3990.05,19.61144595,402.25
2021-10-04 09:15:00,25435.9,885.26595515,1873.2,23108.85,80.4272,920.85,2265.6499,265.70001,1480.74684047,1176.1,744.20001,1636.0,387.79999,1122.53,1940.7,1534.23333333,2252.6001,114.95,3969.8999,20.17138037,406.5
2021-10-05 09:15:00,25254.551,924.14016878,1877.95,23184.5,85.37040334,932.35,2263.7,271.35001,1481.71677257,1222.2,743.95001,1717.8,389.0,1148.67,1935.95,1509.7,2266.2,115.1,3970.3999,20.48054661,403.64999
2021-10-06 09:15:00,25289.551,919.19963327,1873.35,22100.1,80.4105,924.2,2203.25,263.79999,1435.06303855,1214.6,724.0,1764.5,400.35001,1099.34,1883.95,1509.7,2246.5,113.4,3935.75,19.51869608,394.89999
2021-10-07 09:15:00,25231.65,936.70819771,1871.5,21741.199,86.47259666,932.65,2265.8501,266.5,1475.02424108,1205.65,736.15002,1764.3,402.29999,1154.3,1883.1,1534.26666667,2237.25,114.05,3909.8501,19.68014956,402.89999
2021-10-08 09:15:00,25653.801,961.49755133,1839.75,21796.9,85.72109666,936.65,2240.8999,266.75,1501.35789759,1176.55,739.90002,1678.7,405.29999,1212.0,1875.7,1531.26666667,2239.05,113.9,3934.8,19.31945561,403.04999
2021-10-11 09:15:00,25720.0,963.36108665,1830.6,22024.6,87.70840334,943.9,2249.8501,268.39999,1493.45295098,1162.1,737.45001,1696.7,412.89999,1219.25,1890.0,1534.26666667,2227.95,114.45,3933.55,19.18548289,402.95001
2021-10-12 09:15:00,25929.5,961.4542133,1827.65,21705.85,90.83130334,933.3,2245.6499,265.79999,1507.71095285,1208.35,736.90002,1688.8,402.35001,1192.75,1852.85,1513.56666667,2233.7,114.85,3939.95,18.65990097,403.60001
2021-10-13 09:15:00,26158.949,960.37076253,1806.85,21589.051,90.18,936.15,2259.7,258.14999,1522.50241737,1193.5,759.0,1702.75,393.5,1171.8,1850.9,1506.26666667,2245.0,114.2,3937.95,19.30571421,404.0
2021-10-14 09:15:00,26013.1,959.89404419,1819.0,21551.551,88.2595,962.65,2309.8501,260.20001,1596.84771283,1206.55,812.79999,1687.3,393.25,1176.6,1887.2,1476.96666667,2221.1499,113.4,3892.7,19.80381537,408.75
2021-10-18 09:15:00,26355.9,1002.45199043,1829.5,21432.199,89.0945,936.2,2304.3999,261.20001,1566.92530755,1203.65,810.54999,1748.2,395.45001,1149.6,1915.85,1474.13333333,2217.8501,113.1,3861.3,19.22326919,410.60001
2021-10-19 09:15:00,25981.199,955.38688899,1846.25,20573.75,85.05309666,904.95,2242.75,251.10001,1522.25993435,1181.35,792.25,1745.05,387.25,1116.0,1910.6,1441.3,2206.0,110.5,3842.1499,18.27172557,389.35001
2021-10-20 09:15:00,26016.699,878.24519416,1830.25,20686.1,84.335,867.15,2263.6001,246.7,1541.90105937,1179.15,794.90002,1710.2,382.20001,1077.25,1911.85,1477.5,2197.8501,108.3,3824.1001,17.70835529,392.75
2021-10-21 09:15:00,25740.0,885.65599743,1875.0,20992.0,83.53340334,861.4,2236.3501,246.35001,1547.09019611,1198.95,779.34998,1789.6,383.0,1066.7,1887.15,1433.8,2174.95,108.2,3791.05,18.73890943,379.89999
2021-10-22 09:15:00,26187.949,875.51489822,1909.3,20239.551,84.4185,847.9,2212.05,244.35001,1496.6052303,1202.15,761.79999,1809.0,372.29999,1098.2,1937.55,1439.56666667,2161.25,107.5,3747.25,18.70455762,376.10001
2021-10-25 09:15:00,26146.9,867.3240104,1850.2,20049.801,82.9823,788.6,2208.45,227.7,1486.12996362,1202.4,752.04999,1869.9,378.5,1042.8,1911.9,1443.16666667,2107.7,104.7,3707.75,18.59463116,375.89999
2021-10-26 09:15:00,26146.75,879.2853069,1845.6,20205.199,86.9235,810.6,2236.3,244.7,1497.42967259,1179.95,749.90002,1854.85,380.64999,1071.4,1906.85,1411.9,2093.6001,105.6,3695.8501,18.82135445,380.35001
2021-10-27 09:15:00,25962.75,878.37520825,1879.7,20607.699,85.03640334,803.15,2249.3999,246.85001,1519.44713126,1206.1,745.84998,1874.25,382.04999,1065.7,1931.2,1396.43333333,2119.0,106.25,3730.8,19.43968693,381.85001
2021-10-28 09:15:00,25907.449,849.46873304,1983.65,20017.15,85.3537,790.9,2287.8501,239.85001,1356.49853846,1147.15,688.09998,1793.0,379.10001,1039.95,1949.2,1423.5,2130.1001,104.7,3693.75,18.18584606,390.04999
2021-10-29 09:15:00,25400.699,835.64389255,2119.8999,20049.4,87.842,781.55,2333.3999,233.35001,1380.79533756,1152.85,693.0,1767.4,376.79999,1050.0,1917.65,1413.06666667,2100.8999,103.85,3610.6499,18.4984468,404.79999
2021-11-01 09:15:00,25560.5,856.48952004,2079.7,19956.949,90.58080334,822.55,2374.3,251.3,1401.84286413,1172.35,704.40002,1760.55,384.5,1068.7,1937.6,1472.23333333,2078.45,105.4,3761.05,18.82135445,409.79999
2021-11-02 09:15:00,26355.15,830.53003092,2062.45,20308.35,96.22540334,861.85,2392.0,247.35001,1428.51599688,1174.25,702.34998,1758.3,369.10001,1066.9,1938.6,1469.13333333,2115.3999,104.8,3700.1499,22.58287705,407.25
2021-11-03 09:15:00,26758.15,821.38571509,2068.95,20296.0,95.24009666,845.2,2420.5,253.5,1441.22210739,1204.5,709.20001,1843.35,366.39999,1059.4,1879.8,1457.0,2089.6001,106.4,3650.95,23.23899583,412.89999
2021-11-04 18:00:00,26669.0,830.8333798,2105.6499,20295.051,96.79319666,856.45,2431.45,256.70001,1444.66536635,1200.4,713.70001,1817.5,364.14999,1082.65,1905.9,1458.86666667,2125.8,107.15,3648.1001,23.89168012,413.20001
2021-11-08 09:15:00,27396.65,826.28288657,2086.8999,20025.65,96.42580334,867.35,2518.3501,258.14999,1521.09601583,1226.0,730.45001,1844.5,358.20001,1082.7,1894.35,1456.43333333,2102.55,108.15,3599.8,25.76385347,429.75
2021-11-09 09:15:00,27218.0,826.75959624,2185.05,20071.699,102.1205,864.05,2538.3,262.45001,1586.27545295,1230.8,737.34998,1859.8,361.60001,1101.7,1906.25,1435.5,2112.7,109.65,3583.3999,25.73293616,431.25
2021-11-10 09:15:00,26876.4,830.18330934,2170.7,20057.65,100.83459666,883.15,2554.1499,256.35001,1606.06206779,1228.85,737.90002,1872.85,359.89999,1084.95,1886.2,1429.26666667,2128.8501,111.1,3554.1499,25.35506631,428.35001
2021-11-11 09:15:00,26992.25,814.66832031,2172.3,19990.449,100.35030334,867.25,2558.2,251.60001,1614.83995329,1230.8,735.09998,1893.7,356.89999,1145.25,1897.75,1433.63333333,2126.05,112.8,3530.2,25.07681738,421.20001
2021-11-12 09:15:00,26715.801,821.94908349,2211.3,19754.65,99.59880334,869.55,2571.95,255.14999,1653.92821692,1292.3,750.29999,1988.35,352.85001,1168.65,1896.7,1456.26666667,2116.0,109.85,3550.2,25.62301176,422.85001
2021-11-15 09:15:00,26077.75,835.4272024,2148.1001,19950.5,96.96019666,856.9,2563.1001,252.8,1696.94470556,1305.05,749.79999,1935.85,354.25,1198.9,1878.55,1447.1,2108.55,110.75,3589.25,24.78139255,421.25
2021-11-16 09:15:00,25856.0,832.35021088,2176.95,19784.949,96.84330334,846.3,2492.75,249.45,1660.13578236,1314.35,746.45001,1877.9,352.0,1189.3,1872.7,1438.03333333,2112.95,108.55,3550.3501,25.48216799,409.79999
2021-11-17 09:15:00,25457.0,855.66608878,2191.7,19664.9,94.05440334,818.05,2471.55,242.5,1655.14063205,1313.5,735.54999,1857.5,344.39999,1197.2,1884.0,1442.4,2186.8999,107.4,3476.8999,25.24170536,409.14999
2021-11-18 09:15:00,25194.15,843.09805985,2149.55,19602.5,95.07309666,803.45,2440.5,232.3,1637.97283388,1345.75,726.04999,1913.3,336.5,1156.85,1889.75,1413.03333333,2203.5,105.35,3481.8501,24.34855844,400.85001
2021-11-22 09:15:00,25250.9,790.87573274,2099.8,19512.1,90.02969666,806.15,2373.55,219.2,1625.36371658,1340.95,715.0,1913.45,325.95001,1105.75,1878.15,1396.13333333,2184.8,98.5,3283.3,23.20120954,388.70001
2021-11-23 09:15:00,25540.85,806.60741191,2103.2,19736.85,92.40109666,809.65,2403.8999,220.25,1656.5955302,1407.05,729.25,1954.55,338.75,1117.55,1857.35,1377.6,2170.8,98.800003,3349.2,24.52718851,395.79999
2021-11-24 09:15:00,25885.0,815.49170823,2085.8,19167.4,91.16530334,825.35,2404.75,222.89999,1702.37632532,1391.35,763.04999,1937.0,337.0,1153.4,1867.55,1359.33333333,2187.3501,101.35,3332.55,24.75390973,393.5
2021-11-25 09:15:00,25831.65,822.12244428,2046.95,19317.949,92.36769666,873.25,2385.45,227.10001,1710.0387889,1405.05,762.45001,2029.6,334.95001,1196.85,1858.9,1392.0,2187.1499,101.5,3334.8999,25.234835,390.60001
2021-11-26 09:15:00,25185.0,805.48063178,1995.0,19581.199,86.68969666,806.3,2311.5,216.0,1619.35013756,1372.55,717.15002,1993.85,336.64999,1181.6,1859.35,1394.53333333,2091.05,102.65,3562.8999,23.50350542,372.35001
2021-11-29 09:15:00,24900.25,802.66365978,2083.3501,19157.949,84.9195,783.25,2289.6001,203.85001,1614.9854431,1352.75,702.59998,1894.2,328.60001,1116.25,1848.1,1383.8,2049.0,100.0,3506.7,21.85461879,369.14999
2021-11-30 09:15:00,25034.4,812.41471671,2061.8501,19087.25,85.20340334,766.3,2286.3999,207.89999,1612.85159248,1295.4,683.84998,1799.5,327.45001,1148.9,1897.65,1386.83333333,2058.7,101.05,3593.45,22.943571,374.60001
2021-12-01 09:15:00,24745.301,823.20589505,2017.9,18947.6,87.15730334,767.25,2253.45,209.5,1642.38602493,1328.6,707.95001,1797.15,322.60001,1115.8,1880.6,1386.23333333,2093.95,100.3,3440.8999,23.23899583,371.39999
2021-12-02 09:15:00,24985.551,846.99848262,2112.8501,19004.9,87.57480334,831.5,2264.6499,218.2,1680.16488023,1341.6,739.09998,1885.2,325.85001,1114.0,1862.3,1411.8,2080.8999,101.45,3473.2,23.34548574,377.35001
2021-12-03 09:15:00,25809.9,831.22343074,2078.3999,18997.699,88.343,832.05,2262.2,221.35001,1656.74102001,1389.65,737.45001,1868.3,333.39999,1097.1,1840.55,1411.33333333,2059.1499,99.699997,3438.8,24.02908734,376.60001
2021-12-06 09:15:00,26080.1,829.44658015,2054.55,18711.699,85.70440334,805.4,2217.3,214.64999,1596.12026376,1378.7,723.45001,1874.15,330.5,1066.55,1815.7,1372.56666667,2079.25,99.650002,3409.8,23.44167217,370.14999
2021-12-07 09:15:00,26204.25,831.09339932,2065.7,18760.051,88.05909666,821.0,2245.05,217.7,1627.98253325,1389.7,744.70001,1892.45,334.70001,1080.05,1851.05,1391.83333333,2072.5,100.2,3428.8501,23.57907939,372.75
2021-12-08 09:15:00,25778.35,851.11559555,2092.75,18932.449,91.0985,825.8,2292.25,225.10001,1663.91851755,1390.5,761.40002,1882.7,338.85001,1084.75,1861.05,1396.83333333,2074.8,101.0,3449.1001,24.69551304,376.95001
2021-12-09 09:15:00,25323.35,849.51206241,2300.3999,18859.5,90.5975,833.65,2320.0,224.7,1670.46555923,1390.1,769.75,1880.55,351.70001,1066.9,1884.85,1415.93333333,2085.75,104.45,3457.55,24.23176368,377.54999
2021-12-10 09:15:00,25257.65,845.87170249,2264.3999,18660.199,90.73109666,847.15,2315.55,225.89999,1688.06982684,1388.9,767.70001,1874.2,355.20001,1083.95,1863.85,1408.06666667,2059.7,103.85,3414.2,24.01534593,377.64999
2021-12-13 09:15:00,25104.051,873.69470093,2307.6001,18343.949,88.89409666,835.45,2296.05,225.60001,1667.84674256,1385.95,758.45001,1812.6,350.45001,1078.25,1864.0,1433.0,2052.95,102.5,3440.0,24.71612343,379.85001
2021-12-14 09:15:00,24777.5,856.74953955,2272.55,18273.75,94.63890334,843.15,2320.1499,228.5,1668.38020521,1436.35,763.70001,1872.7,343.85001,1100.85,1831.0,1424.36666667,2039.75,102.05,3466.45,25.05620699,378.54999
2021-12-15 09:15:00,24668.75,859.00309982,2232.05,18527.1,94.33830334,863.85,2285.5,231.8,1644.32588913,1439.25,745.5,1859.85,348.5,1094.05,1820.9,1411.76666667,2053.8501,101.35,3430.6499,24.777956,378.89999
2021-12-16 09:15:00,24926.6,852.19904632,2234.8999,18439.949,91.5995,874.6,2266.45,227.14999,1650.87293081,1402.25,745.15002,1839.85,350.5,1085.95,1816.1,1388.13333333,2039.65,100.75,3419.45,24.68177163,375.70001
2021-12-17 09:15:00,24536.1,840.71446816,2199.75,18104.9,89.97959666,828.9,2215.05,213.95,1595.82928413,1413.25,723.95001,1777.2,338.85001,1080.85,1826.25,1401.56666667,1990.9,98.550003,3407.3501,23.90198498,368.60001
2021-12-20 09:15:00,23812.949,788.57879977,2121.6499,17917.25,86.2555,790.75,2115.8999,206.7,1542.1435424,1369.5,701.70001,1695.2,321.39999,1056.9,1800.8,1409.4,1965.9,95.849998,3373.25,22.93326409,350.29999
2021-12-21 09:15:00,24181.25,803.74711055,2201.0,17907.0,90.41380334,803.3,2138.55,210.39999,1571.77496805,1383.15,725.59998,1769.6,324.29999,1064.75,1784.3,1395.86666667,1978.4,96.099998,3424.5,24.25924512,361.45001
2021-12-22 09:15:00,25007.301,828.57981953,2284.45,18219.75,92.56809666,883.45,2149.8999,215.10001,1608.24441501,1403.1,722.84998,1807.35,331.70001,1079.65,1815.6,1393.1,2002.95,99.050003,3443.2,24.88444796,363.75
2021-12-23 09:15:00,24812.25,836.29396301,2263.8,18714.801,93.1025,889.9,2150.8,213.5,1625.80018602,1422.05,731.29999,1822.45,334.25,1072.2,1835.15,1371.8,2020.9,100.55,3449.2,25.70889127,369.39999
2021-12-24 09:15:00,25237.85,829.14318793,2244.55,18423.449,91.08180334,913.65,2126.05,210.60001,1647.13869222,1385.4,722.40002,1768.4,329.25,1084.35,1803.1,1415.13333333,1974.1,101.05,3460.95,25.82568604,367.89999
2021-12-27 09:15:00,24963.4,839.15430772,2195.5,18794.25,91.53269666,921.85,2136.7,223.14999,1678.17651942,1375.5,723.20001,1746.55,326.60001,1082.7,1785.3,1452.36666667,1990.1,103.35,3475.45,25.1420865,369.95001
2021-12-28 09:15:00,24969.4,857.91964905,2207.1001,19050.65,90.14659666,909.7,2151.25,218.64999,1698.3511071,1398.8,729.25,1736.7,323.64999,1075.05,1811.1,1509.76666667,2003.8,106.1,3485.05,25.77415833,380.20001
2021-12-29 09:15:00,24950.051,861.69008373,2226.6001,19316.65,88.79390334,889.35,2162.6499,221.39999,1666.3918444,1392.65,722.75,1727.8,321.89999,1103.6,1804.25,1509.8,1995.3,105.0,3517.75,26.39592737,375.79999
2021-12-30 09:15:00,25047.0,852.11234425,2235.3999,19381.949,87.29090334,877.8,2163.25,222.05,1645.39281444,1311.05,724.25,1683.4,321.64999,1105.75,1823.1,1508.63333333,2024.9,103.0,3624.0,26.11080601,370.95001
2021-12-31 09:15:00,25360.801,870.74771483,2233.6001,19485.65,90.9315,917.55,2215.75,222.3,1658.05042835,1330.25,730.29999,1740.85,326.10001,1127.45,1872.45,1490.36666667,2045.45,106.5,3624.05,26.79440762,377.5
2022-01-03 09:15:00,25797.199,881.79891269,2205.45,19285.1,91.38240334,918.05,2251.3501,223.60001,1665.51890552,1346.9,736.59998,1731.1,332.95001,1194.25,1855.75,1476.16666667,2037.4,107.75,3641.1001,27.98984973,387.0
2022-01-04 09:15:00,25612.449,859.82653107,2219.75,18986.199,95.64090334,915.4,2224.3,225.0,1667.3132799,1366.7,739.25,1754.95,333.04999,1317.4,1846.6,1468.43333333,2019.8,110.05,3613.8,27.47113885,390.45001
2022-01-05 09:15:00,25555.65,866.06721617,2226.2,18866.35,95.90809666,912.65,2241.3,220.14999,1663.87002095,1399.65,754.90002,1761.05,334.79999,1327.2,1835.7,1488.76666667,2020.75,111.45,3602.8,26.85280637,393.70001
2022-01-06 09:15:00,25590.9,861.86340118,2225.25,18725.699,98.09580334,911.7,2227.3,223.60001,1661.59068051,1409.8,739.79999,1760.05,334.25,1334.25,1833.2,1485.7,2010.35,109.15,3683.8999,26.38562045,387.04999
2022-01-07 09:15:00,25550.35,893.58685707,2227.1001,18372.9,97.54469666,947.0,2284.6001,230.75,1648.01163111,1423.1,736.09998,1776.0,335.95001,1302.6,1840.0,1520.23333333,1999.75,109.3,3683.5,25.72606718,397.25
2022-01-10 09:15:00,25564.551,940.56528245,2280.8999,18314.051,97.89540334,960.55,2320.1499,232.8,1699.90299846,1438.9,738.84998,1819.7,334.10001,1308.9,1838.25,1543.2,1985.15,109.45,3736.55,25.84973299,399.35001
2022-01-11 09:15:00,25282.6,953.52335366,2339.45,18169.4,98.2795,996.1,2297.6001,226.89999,1788.45779919,1567.95,765.09998,1867.45,327.95001,1388.4,1826.2,1519.53333333,1980.0,107.95,3705.8,25.83599158,397.64999
2022-01-12 09:15:00,25189.301,957.98717083,2316.45,17888.199,100.55069666,989.9,2314.8,233.95,1775.07273621,1647.55,763.54999,1928.25,324.85001,1428.7,1853.3,1534.8,1975.05,107.1,3695.75,25.83599158,397.89999
2022-01-13 09:15:00,25267.6,959.0706216,2306.5,17809.9,103.02230334,992.95,2314.1499,230.8,1797.62365754,1661.8,772.20001,2019.7,327.35001,1436.5,1869.7,1532.96666667,1979.8,107.0,3697.45,25.01498482,396.39999
2022-01-14 09:15:00,25093.699,951.83317046,2341.55,17690.449,102.872,991.85,2358.1001,232.05,1814.01551003,1697.95,780.09998,2020.6,332.45001,1480.3,1870.4,1538.06666667,1979.75,107.15,3625.1001,25.04933663,402.70001
2022-01-17 09:15:00,25012.301,959.33064979,2320.3999,17515.4,103.99090334,1009.85,2378.6499,240.64999,1821.33849738,1835.3,779.04999,2002.7,339.60001,1486.45,1922.6,1537.06666667,1977.3,106.1,3577.5,24.8775776,407.79999
2022-01-18 09:15:00,25215.949,939.35181759,2368.55,17181.1,103.57340334,991.75,2253.25,234.25,1785.5964995,1900.1,762.95001,2026.75,335.35001,1449.5,1898.3,1523.06666667,1975.2,104.3,3487.95,24.56497481,380.64999
2022-01-19 09:15:00,25083.551,929.42740854,2344.1001,17018.301,104.97619666,964.3,2231.8,229.45,1793.69543253,1938.45,744.20001,2043.25,329.35001,1388.35,1889.8,1451.33333333,1973.95,103.95,3496.05,24.8604017,374.85001
2022-01-20 09:15:00,24997.5,918.28953462,2389.25,16819.85,103.67359666,970.85,2254.0,228.35001,1809.74780878,1966.7,738.0,2039.75,326.79999,1391.65,1891.05,1434.73333333,1979.55,104.35,3526.6499,24.7951319,375.10001
2022-01-21 09:15:00,24703.25,884.05249029,2356.75,16980.85,101.16859666,950.15,2215.75,223.35001,1773.37535503,1934.55,723.90002,2066.8,319.60001,1379.1,1899.0,1475.96666667,1970.3,103.05,3550.7,23.92946642,368.64999
2022-01-24 09:15:00,24344.051,851.50564649,2408.3999,16335.65,95.03969666,880.5,2167.45,209.35001,1664.20949718,1837.85,702.45001,2035.9,308.54999,1243.75,1890.65,1420.36666667,1945.1,98.75,3500.8,21.83400634,352.85001
2022-01-25 09:15:00,24995.35,850.98556412,2400.1499,16718.9,96.67630334,856.4,2179.95,221.5,1689.03975894,1929.0,711.09998,1992.45,318.75,1283.85,1890.15,1454.2,1958.1,100.6,3454.0,23.30769945,351.5
2022-01-27 09:15:00,24060.65,843.18471858,2224.45,16219.2,94.95619666,859.3,2167.7,216.55,1635.3055206,1910.25,709.09998,2009.3,314.14999,1208.75,1868.95,1472.4,1937.75,99.849998,3380.7,23.24243033,351.64999
2022-01-28 09:15:00,24407.4,859.60984092,2270.5,16083.2,96.1085,855.5,2215.95,222.10001,1642.77399777,1938.4,710.15002,1986.8,311.29999,1212.8,1877.95,1451.9,1934.25,99.050003,3416.8999,22.82333969,360.70001
2022-01-31 09:15:00,24989.9,855.40606927,2301.05,16079.75,98.04569666,866.05,2285.75,222.25,1663.3850549,1877.85,716.29999,1970.9,315.20001,1310.35,1889.0,1467.23333333,1930.8,99.099998,3539.1499,22.68593247,365.14999
2022-02-01 09:15:00,25019.9,877.85515188,2287.1001,16140.15,101.87,872.7,2332.55,226.39999,1694.37438549,1904.0,738.75,1986.9,317.85001,1312.85,1953.9,1451.16666667,1928.1,100.1,3527.25,23.53785722,380.39999
2022-02-02 09:15:00,24982.75,875.9049405,2296.7,16201.3,102.6215,883.45,2306.55,243.55,1725.84868213,1916.3,745.20001,2016.0,336.10001,1309.25,1917.9,1440.23333333,1940.75,101.4,3550.2,23.50350542,380.0
2022-02-03 09:15:00,24868.65,861.69008373,2305.8,16083.35,101.58609666,868.5,2293.6001,241.45,1699.17554938,1912.55,732.5,2006.2,348.45001,1290.65,1863.15,1412.06666667,1912.4,100.35,3537.95,23.25273725,381.89999
2022-02-04 09:15:00,24744.301,869.27422179,2335.3999,15864.05,98.697,881.45,2274.75,237.05,1704.46167933,1950.35,726.95001,2033.1,340.45001,1259.2,1852.2,1412.1,1902.45,99.400002,3514.0,24.24893958,380.39999
2022-02-07 09:15:00,24794.0,866.63058457,2258.0,15775.35,97.1105,861.5,2282.2,221.10001,1679.72841078,2024.65,715.15002,2028.5,321.25,1292.3,1873.35,1414.9,1925.5,98.349998,3486.1499,24.18367046,382.64999
2022-02-08 09:15:00,24669.9,848.81866258,2221.25,15562.6,96.55940334,837.45,2304.75,219.3,1664.4034836,1928.0,717.79999,1968.3,316.45001,1288.9,1897.5,1409.73333333,1899.7,96.849998,3490.6001,24.68177163,376.29999
2022-02-09 09:15:00,24083.15,875.21153201,2241.0,16672.4,99.71569666,858.3,2310.3,219.39999,1729.53442412,1919.8,733.45001,1955.2,310.45001,1286.5,1905.2,1383.8,1898.8,96.849998,3519.3501,24.45505041,382.79999
2022-02-10 09:15:00,23767.949,886.00270168,2238.0,16615.0,98.73040334,867.45,2303.55,215.5,1732.39572381,1907.95,731.04999,2036.4,311.85001,1262.2,1883.5,1372.56666667,1885.75,98.050003,3500.55,24.4756608,374.85001
2022-02-11 09:15:00,23061.801,856.05613973,2179.25,16537.051,95.89140334,838.2,2249.3501,211.45,1711.25120403,1907.6,723.70001,2016.05,311.95001,1222.7,1865.35,1376.6,1890.45,96.599998,3431.45,24.59245762,367.89999
2022-02-14 09:15:00,22585.801,835.21051224,2091.0,16137.5,89.22809666,792.75,2153.8999,214.39999,1613.9185178,1862.15,695.75,1915.25,303.64999,1165.0,1813.45,1354.26666667,1912.5,93.099998,3365.05,23.69587415,355.10001
2022-02-15 09:15:00,22438.85,853.36915582,2045.85,16464.801,93.20269666,812.05,2234.3,219.75,1691.80406542,1889.5,720.59998,1926.95,307.54999,1185.75,1833.1,1354.73333333,1927.75,93.550003,3385.1001,23.23556134,363.54999
2022-02-16 09:15:00,21966.1,852.84911678,2033.3,16992.199,92.38440334,820.85,2239.3999,224.75,1685.83898301,1931.75,740.75,1932.55,307.35001,1190.2,1806.95,1354.43333333,1946.3,95.0,3364.2,24.55123546,360.70001
2022-02-17 09:15:00,22004.5,844.96156917,2055.8999,16762.301,91.61619666,802.25,2226.8501,225.05,1678.9039685,2047.6,734.20001,2020.85,300.45001,1228.55,1796.75,1341.83333333,1943.0,93.75,3380.1499,24.57871622,359.79999
2022-02-18 09:15:00,21640.449,830.31334076,2065.6499,16379.15,90.96490334,796.75,2181.1499,225.14999,1684.09310523,2041.85,727.5,1958.1,297.10001,1200.15,1784.35,1315.53333333,1938.9,91.800003,3325.3501,24.09779095,338.35001
2022-02-21 09:15:00,22156.301,810.68119548,2101.1001,16292.3,89.61219666,785.55,2184.8999,225.10001,1634.52957492,1955.9,711.09998,1895.9,288.75,1227.55,1772.65,1279.36666667,1928.25,88.300003,3320.7,23.70961625,338.54999
2022-02-22 09:15:00,21320.449,796.81302562,2067.3,16714.75,87.842,751.95,2165.3999,224.0,1617.55576317,1971.95,705.54999,1969.1,276.35001,1206.75,1766.15,1240.06666667,1917.75,82.699997,3271.0,22.65844965,337.35001
2022-02-23 09:15:00,21213.4,794.73282615,2097.2,17021.25,89.87940334,775.4,2151.3,220.39999,1637.92433727,1987.35,706.70001,2060.1499,278.45001,1200.1,1721.9,1258.76666667,1902.85,82.650002,3265.0,23.04662642,330.95001
2022-02-24 09:15:00,20568.199,750.48466203,2045.55,16777.6,83.7672,736.15,2014.0,211.35001,1497.5266658,1849.75,654.84998,1957.3,262.39999,1114.5,1639.2,1164.43333333,1850.95,77.400002,3171.45,21.53171046,306.95001
2022-02-25 09:15:00,21415.1,808.99100361,2131.8999,17379.801,88.57680334,757.9,2059.55,215.10001,1570.02909027,1923.5,695.15002,2032.85,309.79999,1194.05,1639.45,1158.23333333,1870.6,83.699997,3299.3999,22.51073689,308.70001
2022-02-28 09:15:00,21208.4,802.75036184,2159.45,17556.5,89.64559666,764.65,2089.1499,217.55,1595.00484184,1843.4,707.5,2134.3999,319.85001,1218.25,1624.2,1148.06666667,1886.1,89.099998,3277.95,22.1878313,314.25
2022-03-02 09:15:00,20923.1,783.07488719,2179.2,17200.25,91.11519666,755.35,2067.75,213.75,1592.43452178,1882.55,710.29999,2241.05,321.85001,1183.3,1604.6,1162.43333333,1844.05,86.75,3259.0,22.46608023,304.14999
2022-03-03 09:15:00,21081.301,763.6161027,2159.45,17432.301,89.27819666,748.0,1956.0,216.05,1594.37438598,1950.9,706.70001,2353.1001,316.75,1194.75,1597.5,1157.16666667,1854.05,87.0,3249.6499,22.35271996,290.20001
2022-03-04 09:15:00,20379.35,719.02126034,2155.3999,17459.4,88.29290334,734.45,2010.55,214.89999,1566.4403415,1894.3,700.15002,2323.2,306.0,1157.95,1548.7,1138.8,1836.75,83.5,3176.6001,21.65881282,292.60001
2022-03-07 09:15:00,19925.949,697.61226445,2108.95,17415.301,87.29090334,707.3,1950.15,208.7,1517.02230101,1803.75,677.79999,2207.3501,300.5,1148.0,1586.45,1136.93333333,1826.7,81.199997,3261.3,20.64200009,281.20001
2022-03-08 09:15:00,19902.051,708.49014485,2135.05,17705.85,88.94419666,729.35,1962.1,209.05,1553.44325136,1783.95,688.84998,2217.0,300.0,1158.05,1635.75,1147.13333333,1824.4,80.949997,3265.3999,20.74505551,282.89999
2022-03-09 09:15:00,19953.15,719.36798192,2142.75,17833.699,92.96890334,743.75,2000.85,215.8,1606.74102026,1828.75,714.09998,2164.6499,302.54999,1217.5,1672.6,1162.33333333,1865.9,81.349998,3276.6001,20.59734137,291.64999
2022-03-10 09:15:00,20008.5,717.67779005,2157.95,17496.699,92.184,790.7,2047.6,217.39999,1690.44616048,1881.85,730.40002,2272.75,305.79999,1258.6,1702.45,1172.36666667,1918.15,83.650002,3300.3,20.82749846,293.20001
2022-03-11 09:15:00,19897.4,732.58608131,2119.95,17268.65,93.30290334,771.2,2041.9,218.05,1681.95925461,1860.05,729.45001,2307.25,303.29999,1251.0,1684.15,1154.26666667,1952.15,84.050003,3381.0,21.83744289,293.45001
2022-03-14 09:15:00,19704.949,754.60177495,2078.5,17041.449,92.46790334,763.55,2058.05,214.3,1683.89911881,1822.4,730.54999,2268.3,300.10001,1213.0,1690.0,1179.5,1935.8,82.150002,3380.8,22.12599668,291.20001
2022-03-15 09:15:00,19562.5,744.89409073,2091.7,17203.949,91.23209666,754.85,2060.3501,213.75,1650.24247494,1798.75,721.29999,2217.55,299.64999,1192.7,1705.1,1185.33333333,1927.85,80.800003,3374.6001,21.8408767,295.10001
2022-03-16 09:15:00,19679.15,744.93742009,2190.95,17322.4,92.95219666,804.4,2129.1499,215.3,1705.1406318,1833.65,723.79999,2305.3999,302.70001,1198.55,1744.15,1230.36666667,1965.15,81.199997,3414.8999,21.44239714,309.35001
2022-03-17 09:15:00,20026.75,772.80374789,2101.3501,17257.9,95.2735,821.45,2122.6499,221.35001,1764.93694577,1901.2,740.09998,2389.8,300.54999,1210.7,1749.05,1293.66666667,1940.95,82.050003,3438.95,22.43516292,306.20001
2022-03-21 09:15:00,19802.9,789.92227006,2091.45,17251.9,95.691,811.8,2055.75,214.10001,1748.73907969,1876.05,735.15002,2289.05,304.54999,1231.3,1744.6,1285.43333333,1960.4,82.050003,3496.8501,22.246228,300.35001
2022-03-22 09:15:00,20040.9,787.32198821,2077.1499,16685.6,96.42580334,834.05,2058.3,214.7,1776.47913775,1877.45,739.15002,2338.05,305.95001,1224.55,1715.95,1291.6,1947.0,81.199997,3550.55,22.31149711,300.89999
2022-03-23 09:15:00,20250.35,790.96239146,2050.8,16642.051,96.70969666,835.05,2069.75,220.35001,1756.5470331,1921.4,733.75,2406.7,302.04999,1220.7,1708.05,1302.53333333,1947.0,80.050003,3649.25,22.79242237,297.85001
2022-03-24 09:15:00,19976.801,796.89972769,2038.65,16469.25,98.9475,864.5,2080.3999,221.64999,1777.69155288,1911.4,733.45001,2414.3999,295.79999,1219.5,1708.3,1319.93333333,1930.15,79.949997,3609.5,22.78898788,297.04999
2022-03-25 09:15:00,19845.301,800.15008,1989.3,16021.85,98.14590334,845.85,2064.2,217.55,1810.8632307,1921.25,743.25,2448.75,293.79999,1208.75,1684.4,1262.9,1944.9,78.800003,3620.3999,22.36302482,297.79999
2022-03-28 09:15:00,19521.4,786.62858838,2002.9,16238.75,99.96619666,831.25,2059.6499,213.0,1852.27933137,1930.85,737.0,2439.0,284.20001,1206.0,1660.45,1273.2,1910.15,76.75,3604.55,23.71305005,291.79999
2022-03-29 09:15:00,19680.35,799.45663683,2038.8,16909.949,101.31890334,859.45,2128.55,214.10001,1859.60231873,1923.3,761.95001,2461.55,278.60001,1229.3,1638.35,1260.13333333,1898.2,75.150002,3660.5,24.25580857,302.45001
2022-03-30 09:15:00,19528.65,816.44517091,2083.5,17276.301,99.89940334,861.6,2150.8999,223.05,1935.25702253,1857.15,767.40002,2377.3999,290.75,1247.95,1604.0,1233.7,1947.15,74.099998,3667.8999,24.68520612,303.04999
2022-03-31 09:15:00,19697.301,829.18656063,2157.95,17702.85,100.90140334,854.6,2151.3501,240.5,1954.17069848,1914.7,774.20001,2368.1499,282.10001,1260.05,1622.7,1207.16666667,1908.55,72.449997,3620.7,24.62337288,299.25
2022-04-01 09:15:00,19972.85,828.96987048,2114.3,17512.4,100.2,859.75,2151.0,235.64999,1982.20173617,1945.1,785.75,2421.45,288.45001,1268.55,1637.2,1183.96666667,1922.7,73.949997,3493.2,24.37603988,304.95001
2022-04-04 09:15:00,20418.25,842.79466763,2130.55,17549.6,99.7825,872.0,2119.45,229.60001,2003.73432578,2110.45,818.54999,2453.5,297.79999,1270.15,1673.75,1170.13333333,1921.9,77.650002,3474.7,24.24206922,311.64999
2022-04-05 09:15:00,21284.75,855.53605736,2207.55,17628.25,103.38969666,870.7,2149.6499,231.5,2075.50930118,2189.8,848.04999,2443.8501,301.75,1272.2,1701.8,1175.56666667,1918.95,79.300003,3494.3999,24.65772468,316.79999
2022-04-06 09:15:00,21522.0,843.8781184,2209.45,17676.15,105.39369666,860.35,2145.5,235.8,2095.053336,2197.3999,849.84998,2484.05,299.64999,1254.05,1709.6,1164.36666667,1920.9,78.449997,3493.8501,24.99780892,320.70001
2022-04-07 09:15:00,21104.4,834.73380257,2192.1499,18164.25,103.90740334,924.05,2136.7,229.35001,2035.93597451,2166.0,817.40002,2449.6499,298.5,1245.8,1706.1,1157.66666667,1892.8,80.5,3503.1001,24.47222631,325.60001
2022-04-08 09:15:00,21440.699,840.45444864,2238.95,17999.0,103.00559666,921.1,2170.55,231.05,2105.6740925,2321.8501,839.29999,2540.25,301.35001,1275.95,1703.7,1152.4,1914.8,85.199997,3472.6499,24.68864268,337.35001
2022-04-11 09:15:00,21493.949,831.78684248,2214.8,18067.801,102.23740334,938.0,2232.8999,228.75,2114.64596442,2665.1499,854.54999,2756.5,316.54999,1287.85,1751.65,1173.76666667,1912.55,86.550003,3477.1499,25.41003058,360.20001
2022-04-12 09:15:00,21378.4,828.83983905,2206.5,17819.15,98.9475,921.35,2181.3999,225.55,2130.8923271,2792.3999,844.90002,2680.55,315.25,1257.0,1719.45,1168.16666667,1914.15,84.300003,3451.75,26.06958522,359.64999
2022-04-13 09:15:00,21339.949,825.84950626,2226.7,17805.051,98.26280334,899.85,2208.6499,220.0,2133.31715735,2864.3,840.5,2690.75,314.5,1270.1,1749.25,1149.53333333,1895.3,84.699997,3420.25,25.78446387,369.20001
2022-04-18 09:15:00,21598.75,814.27826937,2183.5,17341.15,97.92880334,889.3,2155.2,219.3,2166.68291858,2970.5,842.70001,2728.3,317.0,1229.25,1756.3,1156.26666667,1887.3,81.849998,3444.3501,25.01154827,363.39999
2022-04-19 09:15:00,21257.9,814.06157921,2152.2,16944.801,97.81190334,857.2,2056.5,219.2,2103.10377243,2911.95,819.29999,2598.05,316.29999,1207.55,1809.25,1175.33333333,1876.75,80.349998,3374.8501,25.234835,354.25
2022-04-20 09:15:00,20813.6,815.31839078,2137.45,16843.199,96.70969666,868.8,2208.25,228.60001,2118.2832098,2810.8501,827.65002,2687.55,314.5,1207.75,1806.5,1175.3,1872.75,80.75,3406.3,24.97032747,371.29999
2022-04-21 09:15:00,21209.6,815.44837887,2143.5,17428.85,97.79519666,880.2,2270.1001,235.89999,2217.60435383,2811.5,850.5,2699.6001,309.60001,1225.85,1890.85,1178.0,1900.65,81.949997,3404.1499,25.13521614,377.35001
2022-04-22 09:15:00,20481.35,799.36997811,2161.1001,17573.699,95.20669666,878.95,2263.25,239.2,2204.94664293,2882.8,874.15002,2658.55,306.79999,1218.85,1883.35,1179.93333333,1888.5,82.199997,3370.7,25.5165198,374.20001
2022-04-25 09:15:00,20165.0,768.25325466,2100.0,17603.551,92.65159666,886.4,2262.05,244.89999,2215.51890282,2824.0,859.54999,2615.8999,303.10001,1196.75,1870.6,1155.2,1871.9,79.349998,3310.95,24.54436441,376.35001
2022-04-26 09:15:00,20008.6,776.31416306,2087.8501,17542.301,94.47190334,881.3,2311.3501,243.95,2323.27835913,2952.45,909.5,2812.55,304.29999,1194.6,1870.6,1156.2,1891.2,80.449997,3305.75,24.5134471,385.14999
2022-04-27 09:15:00,19968.6,759.54231913,2084.6499,17413.65,94.12119666,875.7,2349.8999,243.60001,2263.9186116,2841.6499,887.29999,2712.2,304.35001,1201.4,1899.3,1142.13333333,1879.05,79.849998,3300.6001,24.40008614,384.54999
2022-04-28 09:15:00,20016.949,767.42986674,2097.8501,17257.9,94.53869666,858.0,2376.75,240.85001,2307.03199646,2912.2,887.09998,2796.6499,304.5,1225.15,1909.7,1159.43333333,1883.05,78.900002,3299.8501,24.83635475,383.35001
2022-04-29 09:15:00,19964.551,769.64009764,2096.55,17079.75,95.357,835.8,2328.8999,239.85001,2261.8816572,2882.8,856.40002,2789.5,302.25,1221.75,1937.4,1147.4,1878.45,77.300003,3250.3999,23.99817003,372.20001
2022-05-02 09:15:00,19831.1,734.70965349,2051.3501,17081.551,94.33830334,832.65,2347.2,233.0,2269.15614795,2830.3501,856.54999,2804.45,295.14999,1219.65,1941.0,1202.1,1869.2,77.599998,3272.8,23.44167217,378.14999
2022-05-04 09:15:00,19150.301,724.65520434,2014.45,16665.5,93.05240334,805.15,2300.1001,226.3,2186.03296698,2671.3501,812.79999,2783.3,288.04999,1183.45,1902.3,1172.63333333,1836.65,75.5,3190.8999,22.54508869,368.10001
2022-05-05 09:15:00,18545.9,719.15129176,2221.1001,16615.1,92.685,798.25,2277.8501,218.14999,2187.58476135,2845.8999,811.34998,2801.6499,292.54999,1152.25,1909.5,1169.8,1847.55,75.300003,3169.8,22.62409785,366.35001
2022-05-06 09:15:00,18449.949,687.73121943,2254.2,16984.301,90.29690334,769.35,2245.45,215.55,2180.11638117,2874.8,811.40002,2816.5,286.29999,1110.4,1912.2,1150.26666667,1830.7,74.050003,3091.55,23.26991315,365.39999
2022-05-09 09:15:00,18735.75,675.98662175,2305.7,16701.551,87.70840334,743.85,2232.8999,210.45,2131.57118257,2706.3999,792.59998,2703.45,282.5,1119.0,1843.35,1148.03333333,1825.3,71.949997,3084.8,22.74432916,366.75
2022-05-10 09:15:00,18106.35,666.5389137,2230.55,16656.051,86.0885,725.95,2198.55,207.3,2046.07176495,2486.7,769.09998,2482.55,277.39999,1079.0,1857.25,1105.4,1812.6,70.599998,2971.55,22.11225733,358.20001
2022-05-11 09:15:00,17778.6,646.77678033,2270.0,16572.15,86.23880334,722.95,2167.6499,188.89999,2055.57709953,2648.05,759.90002,2296.0,275.89999,1035.3,1820.55,1123.13333333,1785.75,68.849998,2942.3999,22.69280145,359.04999
2022-05-12 09:15:00,17980.25,642.00959694,2233.45,16780.65,84.2348,695.35,2177.3999,177.3,1983.70513092,2436.8,713.29999,2187.05,275.14999,1002.45,1801.0,1139.4,1758.55,66.099998,2955.3999,21.79278555,373.54999
2022-05-13 09:15:00,17988.85,651.76065387,2290.6001,16544.65,88.24280334,695.75,2113.3,183.39999,1992.38592622,2171.55,705.90002,2190.6001,273.29999,1034.3,1813.55,1142.03333333,1764.5,68.300003,2905.75,22.41798702,359.10001
2022-05-16 09:15:00,17975.1,657.35126851,2251.8,16500.25,90.74780334,703.2,2196.2,182.60001,2042.5799124,2281.7,712.5,2249.8999,273.14999,966.90002,1769.9,1122.26666667,1759.0,68.300003,2906.3999,21.92675621,368.0
2022-05-17 09:15:00,18641.449,669.78926601,2294.3501,17636.1,93.53669666,731.3,2225.8501,192.64999,2119.15624568,2285.8,744.75,2333.3999,283.04999,1108.8,1800.15,1137.7,1773.45,70.25,2902.75,22.12256218,368.79999
2022-05-18 09:15:00,18520.949,680.84046387,2279.0,17875.551,93.67030334,724.55,2236.6499,191.85001,2115.5190003,2396.1001,759.79999,2316.0,282.14999,1107.9,1774.75,1135.13333333,1781.05,70.800003,2945.1001,21.8717947,361.10001
2022-05-19 09:15:00,18000.449,645.73665892,2275.05,18129.301,89.62890334,703.75,2231.0,184.10001,2051.16390848,2317.5,732.79999,2265.0,285.39999,1061.5,1790.9,1137.66666667,1769.35,70.050003,2917.1001,21.18475861,364.0
2022-05-20 09:15:00,17995.949,664.84872184,2289.1499,17950.449,90.5975,713.55,2239.3999,188.35001,2152.81279256,2273.6499,767.54999,2310.95,277.85001,1052.4,1791.05,1156.36666667,1784.85,69.75,3002.7,21.66911768,363.0
2022-05-23 09:15:00,17988.4,662.16178126,2297.05,17737.699,91.349,717.15,2213.3999,195.2,2105.38301587,2248.3501,753.54999,2199.2,271.04999,1039.15,1892.95,1150.16666667,1775.5,70.699997,2986.3,22.17408989,363.45001
2022-05-24 09:15:00,17983.449,656.39780583,2283.1001,18197.449,89.07780334,744.0,2210.95,190.39999,2095.24732242,2136.3,752.15002,2196.5,279.95001,1015.65,1882.3,1133.6,1777.0,69.849998,2931.1499,21.57293331,361.45001
2022-05-25 09:15:00,17926.6,642.57296534,2214.5,18056.25,86.07180334,720.35,2186.1001,187.45,2011.78456822,2187.3501,707.90002,2087.95,282.0,944.75,1875.45,1134.06666667,1729.0,68.650002,2968.1499,20.80688875,361.70001
2022-05-26 09:15:00,17457.699,650.070462,2191.2,17710.551,85.97159666,725.25,2208.0,189.7,1984.86904944,2164.0,701.5,2148.1001,282.70001,909.40002,2056.1001,1153.13333333,1730.2,67.650002,3024.0,20.30878759,365.39999
2022-05-27 09:15:00,17563.449,663.85197313,2284.1499,17938.551,86.73980334,731.65,2198.05,191.10001,2017.60416082,2166.45,703.09998,2186.25,286.95001,937.40002,2071.3501,1148.23333333,1738.2,69.5,3043.3999,20.34313939,366.29999
2022-05-30 09:15:00,19475.051,703.072891,2385.75,17899.449,90.66430334,742.5,2208.3501,197.25,2100.53335537,2151.6499,734.70001,2162.0,289.75,1033.45,2101.7,1140.76666667,1763.55,69.25,3077.25,21.86492365,371.54999
2022-05-31 09:15:00,20193.801,659.38813862,2427.25,17725.301,90.61419666,797.85,2198.3999,198.5,2102.37632336,1888.95,739.84998,2055.0,286.29999,1052.05,2277.75,1142.0,1843.15,69.150002,3149.05,21.96797906,369.39999
2022-06-01 09:15:00,21213.801,649.89710121,2456.3501,17775.4,91.66630334,805.7,2195.8501,206.8,2086.2268569,1848.4,736.90002,1957.9,287.70001,1046.65,2276.95,1183.73333333,1833.95,69.0,3113.0,23.00883806,371.64999
2022-06-02 09:15:00,21357.949,641.31619711,2418.3999,18376.15,91.516,875.7,2198.75,206.89999,2142.96788475,1925.8,748.45001,2025.7,287.45001,1029.55,2241.05,1199.16666667,1800.0,69.5,3089.95,23.63404159,373.5
2022-06-03 09:15:00,21290.4,624.50102383,2315.75,17828.6,90.514,889.1,2133.1001,216.39999,2124.151299,1855.9,739.90002,1956.05,297.25,1015.85,2247.05,1167.4,1795.7,68.900002,3100.45,23.27334764,366.89999
2022-06-06 09:15:00,20811.949,618.86707982,2363.45,17691.051,89.7625,851.95,2138.25,215.55,2158.14741911,1802.35,741.25,2017.1,297.20001,999.84998,2208.5,1153.56666667,1785.0,68.349998,3113.8,22.36302482,364.89999
2022-06-07 09:15:00,21187.35,610.54619525,2351.6001,17748.15,88.29290334,828.35,2138.3501,216.89999,2160.57224936,1829.25,734.54999,2046.0,294.0,996.84998,2157.25,1148.1,1777.55,68.150002,3140.95,21.93706175,363.35001
2022-06-08 09:15:00,20801.699,606.1256901,2305.3,17971.65,85.82130334,822.95,2135.5,221.85001,2111.73616812,1801.9,728.59998,2091.8999,293.39999,998.59998,2169.6001,1155.2,1783.95,68.699997,3158.8999,21.56606226,363.04999
2022-06-09 09:15:00,20672.5,615.27000593,2352.3999,18057.35,86.506,813.8,2138.1001,216.89999,2152.47331632,1812.65,735.5,2116.5,301.54999,1014.75,2133.45,1181.76666667,1782.75,68.199997,3139.8,21.47331239,365.29999
2022-06-10 09:15:00,20484.75,618.26033873,2333.3501,18191.449,86.52269666,794.0,2135.3999,210.45,2136.8575065,1757.6,726.40002,2051.8999,298.14999,1002.75,2095.75,1196.5,1785.8,67.400002,3135.05,21.27407192,365.14999
2022-06-13 09:15:00,20337.25,608.29259164,2337.45,17904.85,82.29759666,753.9,2121.25,201.55,2017.21628498,1798.7,695.25,2051.8999,291.0,981.45001,2059.75,1181.0,1785.75,66.199997,3094.3999,21.14697025,362.70001
2022-06-14 09:15:00,19899.051,614.22992786,2321.3501,17737.051,81.5962,761.2,2116.1001,206.14999,2130.40736104,1788.75,704.70001,2057.5,291.04999,969.59998,2045.05,1190.13333333,1769.4,66.0,3072.6499,20.77253695,359.54999
2022-06-15 09:15:00,20278.551,618.60706031,2304.7,17909.9,80.02640334,777.85,2122.6499,209.2,2118.91376265,1757.85,703.75,2057.3,287.39999,1019.7,2114.1001,1185.93333333,1761.8,65.800003,3101.0,20.7862763,361.95001
2022-06-16 09:15:00,19875.35,599.66831484,2243.95,17955.15,76.53609666,752.2,2084.25,208.89999,2020.3685643,1711.1,681.70001,2124.6499,279.64999,991.65002,2087.1499,1204.2,1745.0,60.099998,3051.3501,19.98931581,359.39999
2022-06-17 09:15:00,19644.699,597.02470363,2173.1499,17910.15,76.87009666,744.85,2055.1001,210.25,2032.78369518,1711.25,668.95001,2032.6,272.39999,957.75,2087.3999,1203.16666667,1701.6,59.75,3098.3501,19.16487249,357.35001
2022-06-20 09:15:00,19594.199,596.67802539,2187.95,17828.4,75.7178,730.05,2060.3999,200.89999,2017.31337518,1743.65,663.15002,2060.25,266.70001,928.75,2097.55,1200.5,1744.7,57.950001,3118.2,17.54003145,357.29999
2022-06-21 09:15:00,19987.4,607.81588197,2227.8501,18123.199,78.35640334,751.85,2086.25,204.2,2096.79921378,1809.1,689.09998,2215.05,273.20001,956.0,2140.25,1227.2,1723.3,60.799999,3075.7,18.31981672,358.89999
2022-06-22 09:15:00,19764.85,598.7148955,2215.95,17958.801,77.5548,737.25,2062.3,211.95,2026.38214332,1736.1,668.29999,2122.3501,267.95001,980.70001,2096.1499,1214.8,1785.7,59.049999,2980.0,19.47747323,357.95001
2022-06-23 09:15:00,20300.301,609.98278351,2290.75,18039.6,78.991,749.8,2090.3999,213.2,2046.89630423,1796.75,675.29999,2105.0,267.35001,1016.25,2126.0,1219.1,1775.05,59.549999,3034.45,19.12708413,358.95001
2022-06-24 09:15:00,20456.449,617.52360954,2290.3501,18058.449,80.0765,778.85,2098.2,214.7,2096.45973754,1857.6,686.40002,2152.1001,268.39999,1025.75,2179.6001,1247.35,1780.9,60.599998,3005.3501,18.71829903,360.60001
2022-06-27 09:15:00,20838.75,627.49135662,2292.55,18000.35,80.8447,807.65,2115.8501,214.55,2116.00396635,1917.65,687.75,2140.55,275.70001,1041.05,2229.45,1262.75,1787.8,61.700001,3032.2,19.38472267,365.14999
2022-06-28 09:15:00,22013.051,619.90720123,2284.8,18137.051,80.0932,802.55,2128.0,214.05,2138.31240465,1909.85,678.04999,2163.3999,272.04999,1026.95,2197.95,1240.05,1777.2,61.349998,2982.3,19.08586197,366.45001
2022-06-29 09:15:00,22438.449,608.9426621,2310.2,18992.801,80.5107,807.5,2155.25,212.5,2153.3463522,1901.7,677.79999,2347.8999,269.75,1043.05,2175.45,1221.95,1799.95,60.849998,2966.25,18.59463116,365.5
2022-06-30 09:15:00,21854.051,605.60565107,2300.8999,18760.4,79.1747,805.7,2121.95,208.0,2125.0241409,1929.6,672.04999,2473.6499,266.20001,1060.3,2223.8,1235.6,1885.15,62.349998,2998.55,18.06561474,363.0
2022-07-01 09:15:00,21905.551,609.5494032,2275.45,19100.4,81.0117,806.7,2167.1001,208.5,2165.08243362,1963.65,677.90002,2400.6499,263.64999,1009.45,2212.1499,1260.95,1877.3,62.599998,3020.3,18.45722394,367.54999
2022-07-04 09:15:00,22222.15,606.29905089,2361.5,18945.25,82.9322,808.65,2164.6001,211.55,2193.84101738,1883.6,682.0,2423.1001,262.75,1025.0,2369.1499,1236.1,1873.65,69.050003,3040.5,17.84232801,368.54999
2022-07-05 09:15:00,22397.4,593.42767308,2364.75,18635.35,80.661,794.5,2148.05,215.14999,2178.90396604,1876.4,678.75,2476.3,265.45001,1015.8,2271.5,1219.8,1872.8,69.5,3050.25,17.99347458,366.64999
2022-07-06 09:15:00,22723.0,608.20593291,2517.0,19191.551,81.29559666,808.1,2174.3501,217.64999,2204.51027048,1903.7,694.34998,2511.6499,270.79999,1011.8,2350.1499,1193.75,1850.5,68.099998,3078.05,17.85950392,368.25
2022-07-07 09:15:00,22711.301,610.84954413,2562.45,19287.699,83.667,808.8,2168.3501,227.39999,2205.91657503,1909.7,703.59998,2466.1001,273.0,1009.5,2309.8999,1183.55,1888.2,75.099998,3107.3501,18.22363236,366.95001
2022-07-08 09:15:00,22871.051,626.624596,2589.1001,19474.699,84.63559666,807.8,2169.3501,222.35001,2224.10280191,1921.0,715.70001,2545.8999,268.45001,1039.85,2294.1499,1201.1,1896.3,73.300003,3124.8999,19.27479689,368.45001
2022-07-11 09:15:00,22869.75,645.04325909,2610.8501,19344.4,87.45790334,809.9,2184.3,219.75,2301.89135633,2207.3501,729.20001,2690.95,279.39999,1039.85,2303.7,1187.7,1886.65,73.75,3172.7,19.81755678,369.20001
2022-07-12 09:15:00,22938.051,631.73845764,2540.8,19463.199,86.03840334,811.65,2167.25,218.45,2294.51977537,2294.75,731.90002,2749.8,275.45001,1025.6,2332.3501,1191.5,1880.55,72.400002,3090.3,19.50839054,370.89999
2022-07-13 09:15:00,22887.4,636.54901373,2544.7,19557.5,85.1533,801.95,2173.55,218.45,2282.73519735,2104.75,726.75,2730.8,275.54999,1026.4,2264.8999,1182.75,1915.6,72.0,3140.55,19.31945561,371.20001
2022-07-14 09:15:00,22700.25,629.48489737,2548.3501,19478.199,85.28690334,798.65,2160.3,218.45,2311.4452845,2087.0,724.45001,2889.1499,271.04999,1035.65,2316.75,1190.75,1919.4,72.949997,3188.6499,19.15456558,369.89999
2022-07-15 09:15:00,21928.35,631.34845003,2559.45,19746.949,85.05309666,790.45,2140.3501,220.45,2332.92918353,2072.6499,730.90002,2889.3501,274.04999,1018.15,2301.3,1206.7,1920.15,72.800003,3211.95,19.66297366,369.14999
2022-07-18 09:15:00,22778.85,637.58909179,2586.55,19867.35,87.35769666,796.4,2174.0,220.8,2350.72753455,2093.25,739.75,2980.5,275.5,1069.25,2361.8501,1237.6,1940.3,71.800003,3250.1001,19.75915871,370.70001
2022-07-19 09:15:00,22918.5,637.54576243,2590.8999,19825.551,88.35969666,790.45,2168.8,221.25,2377.59455673,2109.0,749.0,3029.75,294.89999,1061.1,2433.6001,1297.1,1921.9,72.449997,3246.7,19.6732792,370.95001
2022-07-20 09:15:00,22622.551,640.70945601,2598.55,20014.25,87.77519666,782.5,2158.8999,225.75,2377.4006673,2084.3,743.54999,3018.75,296.10001,1055.8,2405.8,1293.45,1925.3,72.25,3196.05,19.78663947,367.85001
2022-07-21 09:15:00,23031.949,673.90637894,2772.75,20117.65,89.846,783.85,2174.55,227.10001,2420.46555555,2109.75,754.25,3043.75,296.64999,1039.05,2420.25,1294.95,1930.1,71.949997,3214.95,19.48434427,370.75
2022-07-22 09:15:00,22990.75,658.60803673,2696.3999,19949.9,90.18,813.7,2191.95,227.55,2424.24819375,2120.45,754.25,2977.45,293.35001,1043.6,2399.6499,1302.3,1924.75,71.150002,3173.95,19.25075201,372.54999
2022-07-25 09:15:00,22872.199,666.97229401,2662.8999,19737.449,89.345,801.35,2204.45,231.75,2473.90891125,2137.6001,749.95001,2969.75,287.10001,1029.1,2360.05,1277.55,1943.95,71.800003,3109.1001,19.99962134,371.14999
2022-07-26 09:15:00,22907.9,646.73345096,2713.3999,19426.35,88.61019666,806.85,2179.7,221.89999,2482.73519637,2103.6499,749.09998,2993.75,284.60001,1031.45,2320.7,1279.7,1943.05,70.300003,3076.75,19.81755678,369.95001
2022-07-27 09:15:00,23218.801,655.74773537,2728.1499,19861.0,89.39509666,802.5,2190.25,220.60001,2472.06594327,2099.2,760.65002,2996.1001,281.89999,1039.85,2374.3501,1274.2,1976.55,70.099998,3135.75,19.91374183,370.85001
2022-07-28 09:15:00,23120.25,661.77173032,2722.25,19762.301,89.22809666,811.0,2180.75,221.14999,2473.71473085,2143.95,764.5,3012.6499,287.70001,1042.55,2374.8501,1272.35,1983.75,69.599998,3227.7,20.87215581,370.85001
2022-07-29 09:15:00,22742.801,676.15993921,2736.1499,20015.1,89.72909666,839.55,2227.3999,224.25,2491.94955132,2174.7,763.70001,3109.6001,287.04999,1061.4,2398.6001,1278.6,1945.0,70.199997,3225.1499,21.14010126,374.79999
2022-08-01 09:15:00,22922.1,695.35870419,2745.6499,20543.35,90.83130334,843.4,2226.55,225.95,2580.16477882,2273.7,801.25,3261.75,289.04999,1098.65,2474.6499,1281.5,1946.75,70.300003,3214.3501,21.07483214,375.39999
2022-08-02 09:15:00,22771.449,704.19967114,2759.55,20508.85,93.50330334,853.25,2227.6499,225.95,2602.95818317,2296.1499,802.29999,3421.45,292.0,1109.5,2495.3501,1277.9,1950.7,70.400002,3191.3999,21.25689602,378.64999
2022-08-03 09:15:00,22790.1,702.68284006,2671.6001,20621.449,93.23609666,845.85,2236.3999,223.85001,2629.87379895,2204.6001,807.20001,3505.3501,293.0,1088.25,2489.75,1278.7,1949.4,70.599998,3105.8999,20.86872132,381.75
2022-08-04 09:15:00,23464.85,701.51268722,2668.3501,20413.4,91.88340334,847.55,2222.3,221.3,2641.70716455,2190.95,807.25,3530.45,289.39999,1104.8,2443.05,1278.65,1905.0,70.150002,3151.7,20.45649966,381.25
2022-08-05 09:15:00,23702.25,705.80316094,2688.2,20426.25,92.81859666,844.35,2254.8,219.95,2617.26468165,2106.2,810.25,3313.55,292.70001,1099.25,2378.8999,1279.8,1906.8,70.050003,3112.8,20.61795383,382.64999
2022-08-08 09:15:00,23726.051,696.44215496,2721.1001,20300.0,92.23409666,851.15,2224.6001,219.95,2707.953333,2165.2,801.65002,3447.3501,278.79999,1106.35,2395.25,1275.0,1926.5,70.099998,2984.45,20.57329648,380.20001
2022-08-10 09:15:00,22750.301,710.57034433,2770.3999,19604.199,92.58480334,852.4,2227.0,226.95,2742.19203312,2164.95,790.54999,3436.1499,269.89999,1101.45,2582.0,1271.55,1936.5,70.25,2958.6001,20.7828418,380.04999
2022-08-11 09:15:00,22726.801,706.71325092,2798.3,18917.551,97.29419666,847.85,2228.8999,229.45,2748.83606801,2164.8999,792.75,3493.95,264.75,1185.55,2640.6499,1269.9,1940.95,70.099998,2974.8999,20.76223141,380.20001
2022-08-12 09:15:00,22470.051,709.31353277,2797.25,18793.35,96.82659666,843.85,2227.6001,228.25,2778.41899706,2176.0,788.34998,3535.6001,263.95001,1168.7,2556.5,1278.4,1917.55,71.550003,2956.95,20.58016547,384.79999
2022-08-16 09:15:00,22401.85,721.36152267,2898.0,19069.75,96.91009666,834.5,2271.3501,241.8,2886.37253678,2218.2,824.15002,3581.6001,264.89999,1214.85,2552.7,1276.55,1943.4,72.800003,2947.3501,20.95803532,396.10001
2022-08-17 09:15:00,22380.949,720.88481299,2891.75,19216.1,97.96219666,868.0,2283.1499,246.35001,2918.18611567,2227.05,824.75,3597.6499,264.95001,1205.8,2504.05,1274.5,1939.9,76.400002,2937.8999,21.20880487,398.29999
2022-08-18 09:15:00,23257.4,720.32140126,2890.5,19008.15,96.62619666,868.35,2322.8501,245.75,3058.82627017,2296.3501,833.04999,3599.55,266.14999,1208.55,2540.6001,1260.75,1944.8,77.099998,2923.95,21.29124783,409.60001
2022-08-19 09:15:00,22856.449,706.40990204,2888.3501,18820.801,94.856,845.95,2350.8501,235.5,3036.08145942,2411.3501,871.79999,3635.25,266.85001,1232.2,2512.3999,1297.15,1898.1,77.050003,2935.95,20.89963863,420.45001
2022-08-22 09:15:00,22361.5,681.83725591,2869.55,18589.6,93.15259666,846.9,2282.95,230.8,2959.84489335,2519.75,840.25,3486.3999,263.79999,1300.15,2500.05,1297.15,1897.4,72.75,2933.7,20.19542663,408.0
2022-08-23 09:15:00,22374.35,685.47761583,2868.1001,18650.551,96.693,849.2,2296.05,247.85001,2939.52462187,2412.8999,832.5,3601.8999,266.0,1255.55,2509.75,1296.15,1928.65,72.800003,2934.0,20.72100924,405.45001
2022-08-24 09:15:00,22369.6,681.62056576,3060.45,19080.1,97.9455,849.55,2301.6499,255.39999,3040.39756027,2358.8501,836.29999,3700.3999,264.79999,1286.1,2561.6001,1324.65,1927.5,73.0,2937.2,22.01950677,404.14999
2022-08-25 09:15:00,22855.75,686.04102756,3144.3999,18824.5,99.71569666,852.65,2284.2,250.3,2974.15139183,2368.3,816.0,3715.8,263.14999,1328.25,2593.3501,1345.75,1932.7,75.150002,2920.55,22.04011717,397.14999
2022-08-26 09:15:00,23086.5,701.33936977,3170.6499,18577.051,101.93680334,854.9,2285.5,250.89999,3045.15032456,2392.75,837.70001,3751.2,263.75,1333.6,2545.6499,1333.25,1939.0,74.150002,2910.05,23.20464403,402.85001
2022-08-29 09:15:00,23221.699,702.11942832,3196.45,18766.0,100.81790334,843.05,2288.6001,253.39999,3048.10871445,2337.8501,836.40002,3855.55,263.0,1323.7,2523.8501,1353.4,1940.3,73.199997,2911.75,23.17029222,403.45001
2022-08-30 09:15:00,23314.35,720.01805238,3262.75,18739.75,102.18730334,862.95,2299.7,252.95,3098.30270063,2436.2,842.15002,3960.7,268.89999,1309.45,2607.55,1369.95,1940.65,73.449997,2974.6499,24.58215071,411.25
2022-09-01 09:15:00,22907.4,723.78844372,3403.7,18447.85,102.15390334,858.75,2296.3501,264.79999,3136.03296233,2393.1001,837.79999,3880.45,268.29999,1312.55,2625.05,1376.4,1954.65,73.199997,2959.8501,25.1764383,409.79999
2022-09-02 09:15:00,23076.75,726.25873748,3368.8999,18442.25,102.68830334,851.05,2290.05,287.89999,3254.89814118,2383.1001,851.95001,3866.55,268.64999,1294.9,2596.6499,1354.1,1940.35,73.199997,2977.8501,24.02221629,415.60001
2022-09-05 09:15:00,23244.85,732.49937925,3289.2,18209.0,104.72569666,884.1,2288.1499,298.64999,3245.92626926,2353.8,850.90002,3881.25,268.89999,1279.2,2585.75,1346.3,1944.85,72.900002,3034.8501,23.22869098,417.95001
2022-09-06 09:15:00,22985.199,736.22648457,3362.05,18256.5,103.97419666,881.3,2329.95,290.20001,3332.49270918,2374.8999,850.34998,3964.05,271.25,1259.85,2520.3999,1346.9,1941.85,76.199997,3048.2,22.76837542,436.5
2022-09-07 09:15:00,22780.6,735.44638268,3310.3,18272.301,107.548,882.45,2405.3501,287.39999,3369.30163238,2346.95,874.90002,3893.1001,277.5,1259.6,2507.05,1381.85,2021.9,76.650002,3102.2,23.22525442,448.89999
2022-09-08 09:15:00,22739.5,740.95029525,3318.25,18138.0,107.69830334,925.35,2421.1499,307.79999,3358.68087588,2334.05,885.04999,3925.95,275.45001,1320.2,2538.8501,1416.95,2015.95,76.449997,3170.1001,23.58938493,461.89999
2022-09-09 09:15:00,22839.949,745.24076897,3314.6499,18276.4,108.53330334,906.55,2365.6001,307.85001,3347.42966352,2315.8999,906.84998,3931.1001,276.5,1309.1,2548.75,1393.8,2019.35,76.199997,3198.6499,26.21386143,454.70001
2022-09-12 09:15:00,22806.15,770.24683874,3329.6001,18139.949,108.23269666,937.55,2500.8501,316.54999,3359.65080798,2355.95,938.5,4006.0,276.85001,1325.65,2612.6001,1384.9,1996.65,73.650002,3205.95,26.02149201,475.64999
2022-09-13 09:15:00,22802.15,775.31737101,3358.8501,17920.551,110.22,930.05,2572.8,308.75,3448.88456118,2335.6499,948.79999,4037.05,277.60001,1355.15,2568.05,1397.15,2047.3,72.800003,3212.3,28.51199785,486.5
2022-09-14 09:15:00,22811.15,787.36536091,3288.6499,17981.25,111.73969666,915.25,2743.2,307.95001,3464.6945514,2293.6001,947.84998,3978.1499,273.29999,1326.5,2578.6001,1357.35,2116.6001,73.650002,3210.8501,30.09218086,524.59998
2022-09-15 09:15:00,22873.449,786.36856887,3296.95,17887.65,113.56,894.1,2747.7,304.14999,3635.98446327,2343.8999,968.54999,4105.3999,274.35001,1317.45,2523.6499,1307.8,2137.5,72.099998,3190.75,29.16124764,538.75
2022-09-16 09:15:00,23938.1,766.90978437,3180.1499,17547.949,109.11780334,880.55,2611.5,289.45001,3590.88262062,2316.6001,938.20001,4094.75,273.20001,1269.5,2506.7,1279.95,2132.5,66.800003,3180.7,27.41961115,516.70001
2022-09-19 09:15:00,23441.9,750.57136409,3157.8,17378.449,110.4705,881.8,2641.1001,294.54999,3665.03383267,2346.3501,959.59998,4029.3999,266.79999,1274.1,2571.55,1267.2,2142.3,68.75,3249.1499,27.53984246,564.90002
2022-09-20 09:15:00,23919.551,758.67555852,3150.55,18113.1,112.74169666,890.85,2725.6001,297.35001,3719.25313406,2399.95,970.25,4021.55,292.70001,1275.85,2679.3501,1282.95,2136.75,67.5,3319.75,27.51579551,574.34998
2022-09-21 09:15:00,22986.65,747.14765099,3129.6499,17912.1,114.17790334,884.1,2531.2,292.64999,3530.6499342,2362.8,932.90002,3865.75,297.64999,1262.95,2623.3999,1265.6,2214.0,68.050003,3245.6499,26.76005581,541.34998
2022-09-22 09:15:00,23828.25,759.6290212,3144.1001,17908.0,115.1465,880.2,2555.7,294.54999,3604.55866323,2363.6001,946.65002,3997.8999,308.54999,1267.95,2602.0,1272.2,2205.45,68.75,3279.2,26.62608309,534.04999
2022-09-23 09:15:00,23713.0,741.03699732,3124.6499,17853.75,111.94009666,864.7,2488.8999,286.45001,3563.82151503,2323.8501,913.79999,3872.55,290.89999,1271.6,2615.75,1269.35,2156.6499,67.050003,3257.8501,26.90776788,539.34998
2022-09-26 09:15:00,23743.449,704.19967114,3002.2,17586.199,106.212,813.3,2378.25,268.0,3478.37049702,2210.3501,863.40002,3713.0,283.64999,1202.65,2561.8999,1282.2,2153.95,64.650002,3290.6001,25.20391975,511.20001
2022-09-27 09:15:00,23687.699,697.26558621,3032.75,18080.85,107.11380334,809.25,2373.45,268.04999,3452.0854341,2146.3,844.20001,3606.5,284.14999,1207.7,2507.3501,1257.4,2175.6001,63.25,3297.25,26.76005581,504.35001
2022-09-28 09:15:00,23876.65,677.11340189,3009.7,18140.199,110.1365,825.4,2350.3,269.64999,3442.04653988,2051.05,827.09998,3602.1001,273.10001,1205.15,2473.6001,1246.85,2188.55,61.5,3297.1001,27.75625814,500.04999
2022-09-29 09:15:00,24086.551,636.07226072,2996.2,19181.1,112.94209666,823.0,2374.05,273.75,3366.34333947,2004.05,816.40002,3406.3999,271.89999,1209.6,2505.7,1272.95,2190.1001,61.700001,3259.8501,29.00322797,506.35001
2022-09-30 09:15:00,24606.301,645.77998828,3088.3999,19139.15,116.59940334,810.7,2415.6499,275.14999,3351.84285458,2260.8,820.65002,3289.8,269.35001,1261.15,2509.2,1272.45,2205.6499,67.300003,3277.2,28.30588702,515.59998
2022-10-03 09:15:00,24295.301,640.18937364,2994.8,18833.301,111.00490334,800.1,2301.3,280.54999,3062.36661933,2074.05,784.40002,3123.6499,268.0,1246.1,2466.3999,1286.9,2211.1001,65.900002,3270.8999,27.62915578,488.64999
2022-10-04 09:15:00,24792.5,668.70581524,3080.8,18978.5,111.389,806.15,2359.6499,286.14999,3140.34916017,2134.2,823.04999,3318.6001,276.54999,1245.6,2442.95,1283.45,2192.8501,67.400002,3301.05,28.33336777,492.20001
2022-10-06 09:15:00,25130.699,682.22726352,3188.8501,19134.949,112.1405,825.6,2381.75,293.0,3186.2269485,2201.7,824.09998,3358.75,280.45001,1277.85,2516.1001,1267.35,2209.6499,68.0,3279.3501,28.75933153,506.89999
2022-10-07 09:15:00,24464.949,670.65602663,3296.1001,19056.0,113.62680334,830.8,2384.75,289.60001,3179.04954795,2204.1499,816.90002,3278.6001,281.70001,1271.3,2525.8,1260.35,2224.3501,67.300003,3200.3,28.35398023,521.79999
2022-10-10 09:15:00,24517.65,666.97229401,3230.55,18821.0,113.1425,830.3,2369.25,300.14999,3148.64207963,2155.8999,808.09998,3191.45,276.39999,1239.3,2542.5,1268.8,2211.7,66.550003,3174.6499,27.74595329,522.65002
2022-10-11 09:15:00,23748.1,661.5117108,3197.05,18563.65,110.85459666,816.4,2311.6499,287.5,3175.50919879,2128.8,797.34998,3154.3501,268.45001,1215.05,2553.8999,1272.2,2223.8,66.0,3198.6499,27.3749538,500.20001
2022-10-12 09:15:00,23684.0,669.57257586,3247.5,18391.9,110.95480334,834.8,2316.8,292.10001,3126.72151717,2099.1001,803.90002,3187.95,271.64999,1210.05,2556.55,1253.65,2172.8,66.150002,3154.1001,27.48144371,505.45001
2022-10-13 09:15:00,23384.1,677.67677028,3265.8501,18175.199,109.75240334,816.2,2253.8999,280.60001,3136.42083817,2083.3501,784.75,3121.1001,268.75,1180.65,2598.05,1255.3,2113.25,66.050003,3125.55,27.10700835,496.85001
2022-10-14 09:15:00,23003.449,676.50666079,3194.3,18081.9,109.45180334,821.9,2243.6499,277.5,3112.99707495,2033.15,780.09998,3035.3,268.79999,1174.75,2598.3501,1275.95,2046.1,66.400002,3105.2,26.63982449,501.85001
2022-10-17 09:15:00,23414.1,683.05069477,3196.55,18085.4,110.83790334,819.75,2270.1001,275.25,3116.00396145,2154.45,786.20001,3074.3501,266.85001,1157.75,2592.1499,1257.45,2157.1499,66.75,3122.3999,26.96273214,520.54999
2022-10-18 09:15:00,23683.6,645.65000019,3211.6001,18131.301,112.19059666,817.55,2219.25,289.89999,3185.54799603,2153.75,809.95001,3243.0,279.64999,1179.1,2603.1001,1264.75,2156.1001,66.900002,3106.3,28.17191429,507.85001
2022-10-19 09:15:00,23469.699,683.34998,3238.3,18220.699,111.73969666,815.9,2246.45,286.54999,3178.70997473,2119.8,805.04999,3141.7,282.85001,1190.85,2604.3501,1241.4,2137.05,66.25,3079.8999,29.29865486,510.70001
2022-10-20 09:15:00,23227.15,686.59998,3132.8,18167.949,111.08840334,849.8,2287.6001,287.89999,3256.1591499,2138.8999,820.04999,3270.05,284.04999,1175.1,2584.6001,1238.95,2151.55,66.400002,3099.6001,30.14370857,517.70001
2022-10-21 09:15:00,22954.699,677.90002,3041.25,18527.801,110.58740334,836.65,2256.55,283.39999,3212.318025,2105.3,801.65002,3273.7,282.04999,1180.1,2606.3501,1232.35,2138.45,67.150002,3096.3501,28.470775,512.59998
2022-10-24 18:15:00,23168.199,687.04999,3052.8,18355.75,112.24069666,836.1,2257.1001,293.39999,3210.28126458,2121.25,805.5,3283.95,286.39999,1190.4,2605.1001,1241.8,2130.25,67.800003,3104.7,28.89330219,516.90002
2022-10-25 09:15:00,22922.1,687.15002,3055.25,18478.6,113.04230334,814.05,2247.5,287.14999,3201.26089605,2079.8999,800.34998,3188.45,282.29999,1181.65,2648.3501,1261.8,2140.1499,66.75,3121.1001,29.28834794,513.09998
2022-10-27 09:15:00,22610.301,691.65002,3039.3999,18878.051,114.69559666,877.35,2313.0,286.95001,3225.0242325,2117.6001,821.25,3282.45,286.64999,1163.2,2672.3999,1295.9,2121.55,70.599998,3113.8999,28.51543234,527.59998
2022-10-28 09:15:00,23040.449,691.90002,2962.1001,18910.801,114.66219666,869.7,2324.45,296.75,3223.37534793,2098.55,820.29999,3277.95,284.10001,1155.6,2638.8501,1310.5,2130.8,71.099998,3112.7,29.21620984,520.09998
2022-10-31 09:15:00,23288.301,699.09998,3049.75,19246.949,118.20259666,856.2,2390.3,308.54999,3246.79920814,2102.8999,823.54999,3348.7,284.20001,1154.5,2681.75,1294.95,2132.3,70.900002,3155.2,29.73148691,532.95001
2022-11-01 09:15:00,23118.551,718.5,3152.1499,19685.949,119.62209666,848.85,2428.05,306.39999,3468.18620997,2121.25,841.79999,3342.45,284.0,1160.2,2699.6499,1323.3,2145.25,70.25,3226.6499,29.28491345,544.04999
2022-11-02 09:15:00,23408.75,724.5,3170.8501,19609.301,117.43440334,841.0,2440.0,299.45001,3473.03587047,2137.05,833.40002,3308.6001,287.14999,1166.15,2773.7,1347.75,2148.3999,71.75,3311.0,29.00322797,545.0
2022-11-03 09:15:00,23071.5,730.70001,3225.25,19950.65,117.70159666,829.9,2455.3501,298.64999,3482.44411485,2106.7,833.84998,3292.1499,282.45001,1163.0,2765.8999,1347.7,2151.45,73.949997,3296.3999,28.68719136,539.5
2022-11-04 09:15:00,22871.949,733.65002,3219.8999,19481.801,109.93609666,821.25,2480.7,327.75,3717.99222233,2121.25,862.90002,3319.45,281.60001,1161.8,2739.8501,1256.2,2105.2,77.75,3254.3501,28.48108053,558.59998
2022-11-07 09:15:00,22400.699,736.5,3262.3501,19330.199,107.01359666,820.7,2484.95,334.25,3841.51317225,2165.7,853.0,3332.45,285.70001,1153.25,2716.45,1246.35,2106.3501,75.800003,3227.05,28.25092482,568.09998
2022-11-09 09:15:00,23483.949,733.04999,3103.8999,19222.25,104.2915,815.85,2438.3501,324.39999,3877.01259012,2215.5,890.79999,3290.0,294.5,1190.95,2638.45,1251.0,2190.7,76.550003,3187.5,28.58413595,564.5
2022-11-10 09:15:00,23564.0,708.20001,3166.8999,19238.85,104.77580334,812.6,2392.25,315.85001,3872.21142622,2176.0,893.45001,3295.1499,292.35001,1182.4,2629.45,1254.0,2230.45,73.599998,3175.8999,28.79711714,558.15002
2022-11-11 09:15:00,23680.85,715.79999,3155.8501,19315.801,106.51259666,800.55,2390.6499,324.35001,3888.31239608,2196.7,894.5,3292.05,284.60001,1262.95,2593.55,1257.75,2271.25,72.449997,3173.45,31.16395785,557.54999
2022-11-14 09:15:00,24483.699,705.5,3025.2,19939.301,105.07640334,793.95,2435.45,345.10001,3901.60036886,2178.55,895.04999,3287.6499,279.70001,1260.0,2731.75,1262.4,2342.5,73.050003,3146.3,32.55863974,580.29999
2022-11-15 09:15:00,24134.4,705.90002,3027.8501,19651.449,104.40840334,790.55,2478.6499,332.70001,3935.79047538,2196.95,906.90002,3290.3,277.20001,1251.7,2674.3,1280.25,2299.8,74.650002,3130.2,32.16016019,586.45001
2022-11-16 09:15:00,24014.6,676.70001,3035.6499,19532.25,105.59409666,787.15,2465.6001,322.64999,3837.63344385,2110.1499,887.34998,3271.1499,274.0,1260.35,2604.2,1299.05,2302.8,75.5,3104.1001,32.72696496,577.20001
2022-11-17 09:15:00,24004.75,655.59998,3122.2,19493.949,103.373,776.95,2448.1499,323.85001,3897.33257062,2102.6001,890.84998,3117.55,276.20001,1228.1,2575.05,1268.65,2333.8501,74.150002,3130.8501,32.38344692,574.20001
2022-11-18 09:15:00,24316.051,653.40002,3092.6499,19741.25,102.037,775.1,2460.7,324.20001,3898.93305558,2085.3999,888.90002,3116.25,279.14999,1286.95,2659.05,1246.95,2339.95,75.349998,3118.95,31.77541929,574.09998
2022-11-21 09:15:00,23738.551,669.34998,3082.95,19592.5,103.90740334,777.15,2456.75,311.0,3881.52287138,2003.3,871.59998,3018.7,272.79999,1260.35,2703.8,1229.25,2351.75,74.099998,3084.3501,32.26664941,564.04999
2022-11-22 09:15:00,23168.15,672.45001,3059.45,19730.801,103.32290334,771.0,2460.8501,315.54999,3912.7060914,1986.1,882.45001,2875.1499,273.04999,1234.9,2723.8999,1221.95,2351.75,72.949997,3088.6001,32.28382531,565.84998
2022-11-23 09:15:00,22974.449,662.0,3099.3,20037.15,102.18730334,783.15,2458.8999,320.64999,3785.93596593,2036.5,873.59998,2856.8501,271.10001,1228.9,2702.95,1224.75,2350.25,72.800003,3125.3,32.52085414,562.90002
2022-11-24 09:15:00,22929.1,657.45001,3124.95,20194.25,101.85330334,786.7,2461.3501,316.79999,3803.2008543,2043.05,876.65002,2790.8501,279.75,1210.75,2689.45,1223.25,2334.3999,73.650002,3100.0,31.85099394,557.84998
2022-11-25 09:15:00,22900.801,664.40002,3090.8501,20267.5,103.74040334,790.05,2507.25,328.70001,3783.8022123,2023.95,879.59998,2739.6001,285.10001,1218.0,2639.8999,1232.15,2310.0,72.800003,3068.3501,32.11550284,564.65002
2022-11-28 09:15:00,23239.051,671.45001,3103.3501,20130.75,104.24140334,804.0,2527.1001,327.95001,3769.30153342,1990.7,878.59998,2716.1499,280.5,1225.65,2654.95,1251.5,2299.8999,72.699997,3080.6499,31.916261,568.45001
2022-11-29 09:15:00,23399.949,669.65002,3015.2,20169.551,103.65690334,793.05,2514.05,339.10001,3761.78455965,2012.05,878.20001,2782.7,284.0,1251.5,2699.8,1234.3,2304.3501,70.900002,3121.6499,29.71087651,564.95001
2022-11-30 09:15:00,23353.5,674.59998,3000.7,20237.801,104.97619666,808.45,2563.25,339.20001,3800.0968776,2116.5,881.0,2908.5,284.0,1254.1,2700.1001,1228.5,2284.75,74.349998,3124.2,30.54562537,570.75
2022-12-01 09:15:00,23386.949,674.59998,2993.8501,20555.65,105.544,802.35,2577.3501,333.54999,3797.3812617,2113.55,890.54999,2834.25,280.79999,1248.6,2733.2,1239.5,2297.8,74.800003,3130.1001,30.48379212,580.95001
2022-12-02 09:15:00,23149.35,673.90002,2978.1001,20182.9,105.94480334,810.7,2609.3,331.25,3804.55866225,2062.3,888.20001,2745.7,283.60001,1233.45,2761.8501,1252.8,2296.6001,76.150002,3114.45,30.23989293,577.95001
2022-12-05 09:15:00,23108.35,674.79999,2975.6001,20059.4,105.27680334,806.1,2621.1001,332.79999,3812.22102885,2042.1,893.15002,2716.1499,307.14999,1231.4,2750.3501,1259.95,2302.45,78.050003,3119.8501,29.21620984,573.34998
2022-12-06 09:15:00,23086.25,669.65002,2944.1001,20196.199,103.97419666,796.8,2621.1499,339.79999,3910.57224078,2063.3,896.45001,2773.0,315.5,1217.95,2781.8501,1235.0,2301.2,77.099998,3101.6001,28.82116409,581.0
2022-12-07 09:15:00,22996.551,663.15002,2969.05,20208.949,102.4545,783.0,2605.95,336.85001,3879.04944753,2032.7,886.75,2741.55,315.14999,1196.45,2760.25,1239.2,2274.75,76.099998,3082.3999,29.54255199,582.0
2022-12-08 09:15:00,22909.449,662.04999,2988.3501,20387.1,104.52530334,772.2,2621.25,340.10001,3903.9767025,2052.7,892.90002,2691.3999,314.20001,1185.5,2832.3999,1232.55,2260.3,72.800003,3099.5,29.40857926,587.75
2022-12-09 09:15:00,23120.301,657.45001,2976.6499,20436.15,104.69230334,768.4,2619.5,329.39999,3876.62461728,2053.45,890.75,2646.3999,304.54999,1174.7,2752.55,1229.65,2251.1499,71.349998,3138.2,29.08223712,581.0
2022-12-12 09:15:00,23326.4,656.34998,2991.3999,20516.85,105.09309666,763.1,2642.3999,323.25,3895.92626607,2024.05,881.29999,2687.8501,311.64999,1161.6,2778.95,1218.6,2295.8999,71.400002,3116.05,28.61848776,585.04999
2022-12-13 09:15:00,23279.75,654.0,2993.1499,20838.0,105.36030334,781.45,2659.55,322.5,3938.11831242,2021.4,894.79999,2652.8,312.14999,1163.65,2750.1499,1207.35,2310.8501,73.75,3104.0,29.97538404,584.54999
2022-12-14 09:15:00,23268.699,658.75,3006.7,20563.35,105.711,770.95,2668.6001,323.25,3933.85061118,2018.15,900.54999,2672.45,307.20001,1161.3,2751.3999,1205.6,2298.45,72.949997,3098.8501,30.10248572,582.20001
2022-12-15 09:15:00,23331.1,640.0,2930.2,20571.699,103.05569666,765.75,2635.5,326.5,3922.16292937,2024.9,883.95001,2657.0,306.95001,1138.85,2706.55,1189.3,2285.8501,73.0,3063.3501,29.37079296,561.20001
2022-12-16 09:15:00,23088.5,629.09998,2838.5,20672.801,101.31890334,759.35,2616.75,325.39999,3861.10570368,2044.25,860.45001,2643.5,301.75,1092.25,2672.3999,1186.85,2276.6499,72.5,3050.55,30.30172618,556.04999
2022-12-19 09:15:00,23104.551,625.09998,2897.25,20885.65,102.705,750.7,2638.5,319.0,3952.76428713,2062.05,892.84998,2679.3,300.79999,1071.4,2721.95,1177.2,2277.0,72.949997,3000.6499,29.95477364,563.84998
2022-12-20 09:15:00,22917.9,619.90002,2924.8501,20898.699,101.58609666,749.45,2592.5,320.20001,4040.05798214,2061.6499,884.25,2688.3501,300.29999,1067.75,2739.25,1164.9,2272.3999,72.650002,3001.95,29.58720864,560.09998
2022-12-21 09:15:00,22873.6,618.59998,2841.0,21548.5,98.83059666,746.7,2540.95,305.39999,3784.62655759,1968.25,857.65002,2615.75,292.25,1054.5,2710.8999,1171.8,2203.6001,73.75,3050.5,28.46390463,539.20001
2022-12-22 09:15:00,22622.5,611.40002,2802.8,21842.449,97.66159666,731.1,2513.7,292.5,3752.23082546,1980.75,856.90002,2518.0,280.5,1069.1,2648.7,1227.4,2199.8,71.449997,3086.3501,27.52610037,532.84998
2022-12-23 09:15:00,22424.25,590.84998,2680.75,21797.25,95.42380334,673.25,2374.1001,268.89999,3532.68669462,1809.05,794.09998,2270.2,269.04999,1022.5,2569.55,1240.35,2190.55,70.199997,3039.55,25.46155828,491.25
2022-12-26 09:15:00,22386.801,608.09998,2724.6499,21772.551,96.42580334,699.35,2423.6499,287.95001,3604.99513267,1876.85,806.04999,2466.1499,276.89999,1044.1,2605.1499,1186.4,2188.6499,70.800003,3081.1001,27.18601887,514.15002
2022-12-27 09:15:00,22333.051,618.15002,2742.6499,21625.4,95.64090334,710.6,2478.0,292.25,3656.30444377,1908.7,817.15002,2501.8,281.5,1049.5,2602.75,1165.35,2194.8999,71.0,3069.3501,27.5020541,523.29999
2022-12-28 09:15:00,22101.0,617.79999,2724.3501,21643.15,95.47390334,710.55,2455.3501,291.04999,3683.51113617,1897.85,810.34998,2564.45,282.0,1061.25,2575.7,1182.55,2201.05,72.199997,3023.75,28.28871111,518.40002
2022-12-29 09:15:00,22017.301,610.90002,2684.2,21726.199,96.20869666,698.9,2447.8501,298.35001,3696.02335725,1910.25,819.54999,2669.5,277.85001,1077.0,2584.8,1200.0,2223.45,71.25,3003.25,27.71160148,522.75
2022-12-30 09:15:00,21943.1,610.09998,2683.0,21367.199,96.025,716.55,2441.6001,303.85001,3742.33761503,1931.8,818.09998,2589.25,280.79999,1082.75,2564.95,1211.95,2219.55,71.199997,3004.7,27.71847184,524.09998
