Date,ADANIENT.NS,ADANIPORTS.NS,APOLLOHOSP.NS,ASIANPAINT.NS,AXISBANK.NS,BAJAJ-AUTO.NS,BAJFINANCE.NS,BAJAJFINSV.NS,BEL.NS,BHARTIARTL.NS,CIPLA.NS,COALINDIA.NS,DRREDDY.NS,EICHERMOT.NS,ETERNAL.NS,GRASIM.NS,HCLTECH.NS,HDFCBANK.NS,HDFCLIFE.NS,HEROMOTOCO.NS,HINDALCO.NS,HINDUNILVR.NS,ICICIBANK.NS,ITC.NS,INDUSINDBK.NS,INFY.NS,JSWSTEEL.NS,JIOFIN.NS,KOTAKBANK.NS,LT.NS,M&M.NS,MARUTI.NS,NTPC.NS,NESTLEIND.NS,ONGC.NS,POWERGRID.NS,RELIANCE.NS,SBILIFE.NS,SHRIRAMFIN.NS,SBIN.NS,SUNPHARMA.NS,TCS.NS,TATACONSUM.NS,TATAMOTORS.NS,TATASTEEL.NS,TECHM.NS,TITAN.NS,TRENT.NS,ULTRACEMCO.NS,WIPRO.NS
2021-01-01 09:15:00,462.6576117,482.54999,2395.0,2750.0,617.54999,3446.0,525.0,884.0,40.19995967,498.84049053,820.65002,135.05,1040.0,2515.8,,916.586485,942.0,710.3,675.0,3093.0,237.60001,2345.09274414,526.09998,197.56598836,893.04999,1255.8,384.60001,,1990.7,1283.0,723.0,7650.0,98.800003,915.30255,93.0,106.03125,899.688269,894.0,209.3,274.39999,585.84998,2879.0,583.870176,111.38674241,64.0,971.20001,1555.95,672.0,5279.2998,192.524995
2021-01-04 09:15:00,472.01744677,495.20001,2398.25,2745.0,621.29999,3465.0,519.62002,884.175,42.29995756,502.17787273,826.54999,135.8,1048.27,2580.0,,933.419226,952.65002,699.5,680.34998,3037.25,239.55,2363.50300204,524.29999,200.20902105,887.45001,1261.15,391.10001,,1955.0,1302.0,727.25,7642.6001,98.5,916.4875,93.699997,105.75,893.333256,894.5,212.72,277.75,595.20001,2940.95,590.29176,113.95256168,64.645001,975.0,1538.0,674.0,5292.0498,193.899995
2021-01-05 09:15:00,474.87876586,492.0,2385.8,2732.0,618.0,3475.0,506.25,873.69502,42.99995686,501.68708123,825.29999,134.39999,1045.39,2616.0,,943.180202,967.20001,704.5,690.25,3031.0,247.0,2367.73637685,523.0,198.79311574,883.0,1275.05,391.60001,,1935.0,1295.05,730.0,7586.0,97.0,913.90255,94.349998,104.7375,887.886102,899.0,211.77,277.0,600.0,3039.6001,593.84830984,111.71878961,67.509998,991.29999,1541.5,672.0,5245.0498,196.75
2021-01-06 09:15:00,469.68961943,489.5,2481.0,2780.0,649.15002,3435.8999,499.02998,863.6,43.21661998,503.65021779,815.25,133.8,1045.2,2610.0,,951.247936,966.09998,706.55,705.40002,3046.0,247.75,2364.38915568,535.84998,193.03509135,909.40002,1268.05,395.75,,1948.4,1300.0,730.45001,7555.5,97.25,921.5,96.25,105.1875,864.80378693,901.0,223.3,281.39999,596.15002,3037.2,588.21711416,115.09962779,67.5,983.34998,1561.85,672.0,5300.0,201.649995
2021-01-07 09:15:00,478.95246128,499.5,2500.0,2781.5,659.0,3428.25,502.12998,881.2,43.76662276,517.39237979,818.0,135.5,1050.6,2640.75,,973.309777,959.40002,706.275,702.5,3034.0,261.0,2328.35614605,539.75,190.76965228,931.09998,1255.5,403.14999,,1947.5,1325.0,740.09998,7552.1001,96.849998,902.505,97.099998,109.96875,864.80378693,904.25,239.6,287.0,598.0,3000.25,591.32908292,117.78620357,69.170001,988.59998,1535.0,672.5,5385.0,201.925005
2021-01-08 09:15:00,498.64207321,514.5,2515.7,2789.05,668.5,3438.05,504.2,894.8,43.84995601,527.40453621,827.40002,137.10001,1055.8,2661.0,,988.15043,970.0,711.55,708.09998,3063.1001,265.14999,2324.22122182,536.34998,189.02335962,932.09998,1278.25,398.5,,1946.25,1347.0,745.0,7600.0,97.349998,900.0,98.550003,111.121875,867.95859695,918.0,253.0,285.20001,604.0,3060.0,595.33021384,118.99364793,70.309998,1005.45,1521.5,674.90002,5417.5498,203.625
2021-01-11 09:15:00,495.15033705,504.0,2524.5,2824.6001,660.15002,3521.0,495.825,895.5,43.18329001,531.52719462,832.75,140.3,1065.2,2726.7,,990.491105,1008.0,718.15,715.70001,3147.05,258.0,2364.88140857,535.0,189.9672965,926.20001,1340.0,392.64999,,1935.4,1345.0,763.20001,7882.3999,98.699997,909.405,98.050003,113.315625,859.06157875,926.84998,248.2,279.60001,614.04999,3146.55,602.146992,120.53312742,68.820001,1040.5,1545.7,688.25,5504.9502,217.5
2021-01-12 09:15:00,501.55186951,502.54999,2508.2,2712.1499,659.25,3558.1001,495.1,892.25,44.46661872,534.96273512,841.0,141.7,1065.89,2777.2,,993.728166,1038.7,724.55,714.20001,3180.45,260.45001,2335.24768644,537.09998,190.29768384,906.54999,1360.0,397.04999,,1895.85,1344.05,777.40002,8140.0,98.300003,897.5,100.75,112.471875,862.42065705,921.54999,246.04,277.89999,607.04999,3150.0,612.52032,135.29414682,69.109998,1053.0,1524.0,683.0,5551.0,221.199995
2021-01-13 09:15:00,505.62559403,514.59998,2437.75,2678.0,669.04999,3577.0,482.625,871.01504,44.14995571,556.55756113,832.5,143.5,1047.6,2836.6499,,1003.439342,1041.0,731.05,708.54999,3216.7,258.85001,2327.96244219,548.25,193.743044,926.15002,1360.0,394.14999,,1877.0,1344.3,782.25,8111.0,100.15,898.25,104.1,113.96250563,870.84104928,922.5,235.51,294.5,597.25,3126.25,603.92526692,143.92736194,69.3,1050.05,1495.0,667.0,5600.0,226.399995
2021-01-14 09:15:00,512.51214104,530.09998,2475.0,2648.0,674.65002,3545.0,483.4,867.5,44.849955,559.55137946,829.0,144.85001,1053.0,2841.0,,1009.266053,1006.6,728.0,702.54999,3238.05,259.54999,2314.72064268,550.59998,199.73705261,951.25,1318.45,394.0,,1871.05,1356.25,827.34998,8023.4502,101.7,902.45,104.2,114.52500563,880.19199697,918.5,236.84,303.79999,596.40002,3120.3999,601.30726616,144.04811845,69.709998,1030.0,1480.05,649.0,5560.0,215.0
2021-01-15 09:15:00,503.20076378,524.0,2510.1001,2580.55,669.59998,3541.0,484.23999,861.0,44.13328572,582.86397572,821.0,142.35001,1039.12,2840.0,,997.61263,984.0,722.5,702.20001,3174.0,251.10001,2306.50011796,541.5,199.35946842,953.45001,1340.0,391.20001,,1854.05,1345.05,815.34998,8000.0498,99.900002,890.0,100.65,113.90625,871.56733647,903.40002,238.24,301.29999,598.09998,3210.0,587.82192,146.46300717,69.765002,1002.65,1471.3,639.5,5425.75,218.300005
2021-01-18 09:15:00,486.95440111,503.79999,2547.05,2555.3999,651.15002,3505.0,468.6,827.37002,42.76662376,573.24447213,796.20001,136.60001,1007.0,2815.0,,986.905406,976.90002,733.5,689.0,3082.25,240.60001,2284.6932167,528.90002,202.56886324,924.0,1306.0,375.5,,1838.85,1326.15,797.15002,7745.0,96.800003,877.8375,96.050003,109.434375,873.06530382,883.20001,232.83,292.20001,578.45001,3187.3999,573.990816,145.58759794,65.95,991.95001,1460.0,630.0,5326.4502,214.550005
2021-01-19 09:15:00,496.89620513,516.0,2580.0,2590.0,659.75,3561.1001,475.2,840.0,44.69995849,575.69842963,802.5,139.60001,1007.31,2852.1499,,998.011038,979.34998,733.5,693.70001,3170.5,243.35001,2287.25303015,533.90002,205.30627075,936.25,1312.0,381.60001,,1845.25,1337.0,801.54999,7835.0,97.550003,883.5,97.5,109.828125,905.43047718,890.5,235.0,296.39999,583.34998,3232.0,570.38482984,151.71538411,64.7,987.20001,1501.0,656.04999,5393.75,213.850005
2021-01-20 09:15:00,515.0339451,529.0,2643.25,2645.05,664.0,3629.3501,490.1,883.8,44.96661822,578.15238713,822.29999,138.64999,1013.01,2865.6499,,1010.760081,987.54999,743.0,700.0,3230.3,248.60001,2309.94588815,546.0,203.60718437,928.25,1320.55,393.45001,,1869.45,1362.55,802.0,7860.25,98.0,881.15255,97.849998,109.77186938,908.4945013,895.0,244.11,296.85001,592.95001,3267.1001,576.55942984,156.27349261,68.259998,997.0,1519.9,657.0,5463.8999,216.5
2021-01-21 09:15:00,515.56739806,542.65002,2574.3999,2695.0,669.75,3655.2,499.0,895.05,44.09995576,563.82129496,809.0,136.55,1006.78,2895.05,,1008.469238,982.95001,734.075,699.0,3219.7,246.45,2313.5885595,549.70001,200.3034053,918.25,1335.0,388.95001,,1845.75,1361.05,800.29999,8021.4502,95.599998,882.7675,93.900002,109.20936938,941.9037125,875.0,238.84,291.5,580.65002,3262.1001,582.93162692,169.04221071,66.159998,994.5,1512.05,660.54999,5511.3999,221.149995
2021-01-22 09:15:00,505.91656396,531.70001,2567.1001,2590.0,638.79999,3740.05,494.56001,896.52002,43.63328622,562.20166338,798.25,132.5,997.0,2900.0,,996.019,981.40002,720.075,684.09998,3258.8999,235.55,2320.48009989,530.59998,197.42438839,890.0,1326.55,372.20001,,1824.5,1348.5,795.0,8000.0,92.900002,877.5,92.5,108.5625,923.81462193,838.0,228.4,282.39999,570.59998,3241.8999,575.57149384,168.04607515,63.365002,975.0,1487.0,640.04999,5468.0498,220.225005
2021-01-25 09:15:00,493.6954389,522.0,2610.8501,2501.0,639.34998,4060.0,489.0,908.0,42.96662023,559.06058796,808.25,130.85001,992.0,2851.25,,1012.951323,941.0,727.575,665.65002,3357.05,233.60001,2348.04626145,531.20001,195.25335245,839.20001,1313.0,371.45001,,1775.0,1342.0,784.25,7950.1001,92.699997,861.4925,90.0,106.65000563,876.991794,853.0,237.6,277.04999,567.0,3278.6499,563.12352,167.44235297,63.1,962.20001,1478.75,652.79999,5326.6499,217.574995
2021-01-27 09:15:00,491.80406161,512.5,2587.25,2430.55,627.40002,4108.1001,481.1,904.20498,43.59995626,551.99318055,825.20001,128.7,966.56,2769.5,,1046.86577,942.5,703.075,673.04999,3329.95,229.75,2298.82097295,519.09998,195.48933667,806.0,1285.1,371.54999,,1746.35,1330.1,763.40002,7820.5,90.800003,867.0125,88.900002,106.48125,857.018896,859.09998,226.4,272.70001,563.75,3227.0,559.71513092,160.40898956,62.379999,973.65002,1432.0,653.40002,5330.3501,218.625
2021-01-28 09:15:00,486.27546803,507.04999,2580.55,2401.05,616.0,4076.6001,472.31001,881.75996,43.28329324,552.38583338,825.70001,127.8,955.4,2738.3501,,1034.415532,930.09998,671.0,670.09998,3325.1499,224.55,2254.5182133,512.0,194.21501244,789.0,1272.55,369.60001,,1701.0,1340.0,756.09998,7562.0,90.349998,860.15,88.800003,104.5125,848.848165,868.84998,219.49,269.5,550.40002,3183.8,554.726064,156.39422498,61.259998,965.0,1415.65,647.0,5340.0,213.649995
2021-01-29 09:15:00,487.39088025,507.10001,2551.0,2400.0,653.0,3990.0,470.71001,867.55498,42.33329086,540.45958029,820.75,125.25,910.0,2726.95,,1044.276121,909.5,682.25,668.15002,3226.3999,225.0,2216.12248827,529.45001,191.0056365,815.65002,1231.0,363.20001,,1704.0,1325.1,746.0,7170.0,88.150002,848.06505,87.75,102.9375,830.690985,858.04999,233.62,279.10001,554.09998,3100.0,547.563528,157.33000643,59.6,956.0,1415.25,585.0,5288.0,207.774995
2021-02-01 09:15:00,481.95925079,500.10001,2528.1001,2376.8999,654.34998,3975.05,466.65,863.8,41.86662466,539.08539354,779.95001,125.85,878.61,2698.55,,1043.1805,896.34998,700.5,668.5,3217.25,226.55,2191.70674517,551.0,190.48646178,856.0,1241.0,363.64999,,1696.05,1337.2,741.54999,7152.0,88.400002,850.0,88.449997,102.65625,838.861716,852.04999,253.25,282.75,579.59998,3044.1001,547.66230184,154.16046498,59.745001,921.15002,1423.65,625.09998,5260.0,204.100005
2021-02-02 09:15:00,524.53926998,540.0,2678.0,2425.1001,704.20001,4117.25,509.48999,931.5,43.79995272,568.58195288,801.5,129.64999,876.2,2825.95,,1131.925793,935.54999,748.7,674.5,3261.0,243.89999,2170.83522285,598.70001,204.83430231,949.29999,1263.6,376.70001,,1800.05,1474.0,802.59998,7490.1499,92.900002,852.725,91.199997,106.425,842.01652603,857.95001,269.34,315.0,591.5,3150.0,560.30792216,175.32091535,62.409998,937.5,1482.0,641.15002,5785.0,211.824995
2021-02-03 09:15:00,541.56156864,542.0,2704.0,2438.3501,715.54999,4160.1001,514.0,943.53496,44.71661847,588.4099393,824.20001,131.25,908.49,2871.5,,1167.583273,952.54999,771.0,679.0,3268.0,252.55,2183.240094,614.0,203.60718437,972.20001,1273.0,384.70001,,1820.0,1505.0,818.0,7475.8501,94.300003,852.55,93.0,109.40625,862.46605,858.34998,271.4,325.79999,610.5,3162.6499,564.111456,196.93418151,63.725,960.09998,1492.0,664.04999,6040.0,215.100005
2021-02-04 09:15:00,539.2822476,554.04999,2686.0,2398.0,720.59998,4200.0,520.60498,947.05,45.6832875,584.67993372,832.59998,136.8,924.42,2881.0,,1166.38805,950.15002,771.725,678.15002,3404.1001,258.95001,2191.70674517,609.0,203.89036543,1016.0,1272.05,390.45001,,1831.0,1510.0,835.0,7529.0498,97.0,852.62245,94.0,114.8625,864.7356975,859.0,279.0,331.10001,626.25,3176.0,570.58242692,194.67022333,63.859998,964.29999,1488.1,662.0,6041.5498,214.125
2021-02-05 09:15:00,570.90201466,561.65002,2687.6499,2370.8,717.0,4161.0,547.0,955.6,46.23328695,565.63720388,830.5,139.35001,925.13,2905.2,,1168.330287,940.04999,774.0,672.40002,3366.0,255.89999,2206.27743057,611.0,214.5096553,1016.3,1262.0,389.14999,,1913.15,1511.1,841.20001,7461.0,98.150002,850.15,96.800003,113.203125,871.54464,853.65002,274.41,385.14999,623.15002,3129.0,582.09190108,188.72355985,65.140002,950.04999,1504.5,668.0,6120.0,210.274995
2021-02-08 09:15:00,585.40250926,571.09998,2725.0,2373.3999,726.0,4195.0,547.52998,973.80498,46.49995335,573.93159005,841.04999,140.3,965.0,2930.1001,,1180.282515,941.34998,797.85,677.25,3415.3999,263.54999,2195.74321883,622.34998,218.52138703,1028.0,1275.5,401.20001,,1951.5,1520.0,891.0,7474.5,96.099998,855.0575,99.099998,115.70625,875.65270197,857.0,281.57,394.75,632.54999,3155.1499,587.72314616,191.98365359,68.270001,960.54999,1510.05,682.0,6318.0,213.149995
2021-02-09 09:15:00,602.3278341,573.20001,2738.1001,2423.6499,726.20001,4145.0,538.26001,988.2,45.79995072,584.04188514,839.0,138.7,961.0,2936.05,,1199.206876,946.59998,793.35,687.95001,3456.3501,275.64999,2176.25000458,628.59998,215.40639533,1020.0,1297.85,401.85001,,1937.85,1545.0,885.20001,7574.0,99.5,857.5,99.800003,118.125,886.20656285,863.0,278.0,389.0,621.0,3164.0,587.37733892,194.51929279,69.159998,967.25,1543.05,671.04999,6371.8501,217.600005
2021-02-10 09:15:00,603.39474001,550.5,2745.6499,2475.0,726.09998,4100.1001,539.5,990.1,46.11662373,569.56353588,841.0,136.8,952.2,2876.75,,1211.159104,946.15002,783.5,710.0,3485.25,274.70001,2178.46514257,626.40002,210.5923267,1003.6,1283.6,400.0,,1937.0,1528.7,886.09998,7506.0498,98.650002,854.325,98.599998,116.4375,874.85832535,894.0,278.16,388.0,614.09998,3157.3,590.09416292,192.88923686,68.004999,957.59998,1526.0,670.0,6321.1001,217.5
2021-02-11 09:15:00,625.94566134,576.29999,2730.0,2495.1001,731.0,4126.4502,545.575,1010.5,44.86662499,578.15238713,856.0,136.0,962.0,2701.3,,1216.73681,953.04999,782.1,710.29999,3473.55,279.85001,2199.43511547,624.09998,211.91382889,1015.3,1283.05,404.95001,,1941.25,1526.55,902.34998,7567.6499,96.25,857.5,98.900002,117.19688063,895.26245638,905.54999,281.66,388.25,622.0,3185.05,591.13148584,195.24374733,68.284998,972.84998,1511.25,677.20001,6369.2998,216.699995
2021-02-12 09:15:00,635.49952162,586.09998,2726.1001,2464.2,734.54999,4117.0,553.20498,1016.8,44.71661847,573.8334023,845.5,132.75,957.0,2765.05,,1216.189,957.59998,786.5,708.25,3502.8999,286.5,2197.41687864,629.40002,203.70157806,1012.0,1301.55,402.60001,,1946.0,1516.1,905.0,7525.8999,94.800003,862.0,96.550003,118.434375,914.8495143,893.45001,284.0,385.54999,622.34998,3182.0,596.219376,193.94575068,67.85,986.25,1491.0,681.5,6366.9502,219.800005
2021-02-15 09:15:00,686.37246996,610.79999,2760.45,2448.55,753.90002,4111.6499,560.0,1028.0,44.93328825,579.13397013,842.0,132.0,940.01,2758.0,,1211.906118,950.09998,798.35,694.20001,3452.0,289.0,2178.71126901,652.0,205.30627075,1037.7,1307.1,401.0,,1957.0,1521.35,898.25,7580.0,95.0,862.90255,95.599998,118.996875,919.2072375,875.0,289.0,395.70001,623.29999,3131.55,600.07234616,195.60598668,67.0,977.5,1476.75,680.95001,6387.1001,218.399995
2021-02-16 09:15:00,733.51115063,628.04999,3047.0,2422.0,767.0,4124.0,569.02998,1036.1,44.18328901,582.07871914,841.25,132.3,934.0,2692.45,,1220.720886,944.09998,804.225,686.95001,3432.0,293.0,2156.11686159,649.54999,205.07028653,1041.1,1286.0,403.70001,,1998.0,1539.0,902.09998,7625.25,95.5,856.955,99.25,119.98125,923.7465325,869.0,292.28,400.29999,623.0,3100.0,610.09986692,197.71901431,66.829999,973.5,1461.0,710.0,6409.9502,216.899995
2021-02-17 09:15:00,758.72938523,646.90002,3177.0,2382.0,764.29999,4111.0,567.0,1011.22,44.03329249,579.18303947,833.0,132.89999,916.0,2685.0,,1223.111332,941.0,791.5,693.0,3457.25,301.0,2126.5324632,649.34998,204.40953071,1026.2,1275.0,401.0,,1969.15,1533.0,904.59998,7471.2998,97.0,817.5,100.8,124.9875,930.82787809,870.0,289.63,400.14999,619.79999,3045.55,616.719048,196.48138988,68.75,971.40002,1449.5,730.25,6390.9502,214.25
2021-02-18 09:15:00,762.3666306,649.04999,3094.0,2395.25,764.0,4102.1001,552.22002,1013.5,45.94995723,574.42238155,822.5,134.05,912.0,2625.0,,1208.171047,938.34998,774.0,702.0,3506.0,305.0,2109.99276626,637.59998,205.68383606,1033.4,1275.0,406.0,,1938.1,1515.15,891.65002,7460.0,99.550003,815.0,103.35,128.53125,934.68627884,878.70001,285.67,413.70001,614.09998,3031.0,613.65646616,193.85519839,69.4,981.5,1429.0,765.34998,6301.0,214.675005
2021-02-19 09:15:00,707.56546695,628.65002,2896.0,2400.0,741.34998,3977.2,542.5,1014.0,44.33328885,564.90101663,799.0,137.25,906.0,2570.0,,1205.18299,944.45001,766.5,703.09998,3370.0,302.25,2116.6874055,619.0,202.00249168,1027.8,1276.8,390.95001,,1925.1,1498.85,862.84998,7285.0,101.4,810.6475,103.85,128.671875,932.05344235,874.25,276.21,395.0,601.20001,3016.1499,603.08554108,181.96185935,65.595001,972.65002,1412.8,765.54999,6175.0,213.050005
2021-02-22 09:15:00,757.08049096,649.0,2866.8999,2380.0,715.0,3926.8501,533.475,996.01504,43.08329011,557.53914413,786.04999,135.10001,888.63,2450.0,,1210.163085,916.04999,769.725,688.04999,3350.1499,310.0,2128.10777088,607.29999,194.45099666,1018.0,1260.0,396.14999,,1921.6,1447.1,833.09998,7056.0,101.4,801.23,105.3,125.77500563,905.56665603,845.09998,269.6,385.64999,590.40002,2943.1499,604.616832,182.41465098,67.084998,941.90002,1396.0,792.0,6108.6499,208.0
2021-02-23 09:15:00,765.2764269,659.25,2937.5,2315.0,712.59998,3890.2,535.0,992.91504,43.41662311,553.61281213,788.40002,136.2,884.1,2456.8501,,1216.73681,906.54999,761.325,690.15002,3377.05,316.64999,2136.57442205,609.04999,195.39493354,1018.0,1257.55,406.10001,,1866.0,1460.0,819.09998,6938.0,100.55,800.105,109.45,126.36561938,914.0324412,849.0,267.24,389.0,592.0,2968.0,608.568576,186.24829287,68.220001,931.0,1400.15,780.5,6131.0498,207.149995
2021-02-24 09:15:00,771.53249864,653.40002,3000.05,2347.2,717.04999,3855.3501,538.3,1001.505,45.06662145,554.79072154,776.25,139.5,875.4,2500.0,,1226.348394,905.5,758.125,697.0,3351.1001,328.0,2122.15141252,615.09998,194.9229651,1041.25,1252.0,400.0,,1852.05,1486.7,840.0,6877.5,102.1,805.0,111.0,124.65000563,919.72925643,852.70001,274.01,395.20001,595.84998,2921.1499,607.58064,191.07807032,72.0,936.65002,1424.05,763.0,6210.0,207.375
2021-02-25 09:15:00,784.6750689,667.15002,3057.8999,2336.2,762.15002,3910.05,551.13501,1013.16,45.6832875,566.42246047,790.45001,145.75,884.23,2517.0,,1249.007826,922.15002,801.0,721.0,3402.25,337.0,2126.5324632,626.29999,197.09401992,1079.0,1272.0,410.0,,1887.55,1502.0,842.04999,6915.0,103.0,805.0,115.35,124.2,940.9958535,869.70001,274.31,406.54999,602.70001,2968.45,616.81782184,195.15319504,73.195001,952.25,1430.5,788.75,6338.4502,210.225005
2021-02-26 09:15:00,795.19881279,668.0,3020.6499,2260.0,718.65002,3773.05,522.1,960.0,45.33328785,541.58842038,780.0,150.5,881.0,2463.6499,,1186.109226,905.09998,760.5,693.95001,3199.8,334.75,2087.1522324,590.90002,191.61918603,1051.25,1244.75,392.04999,,1773.0,1435.15,798.5,6822.2002,104.8,800.195,110.05,118.8,939.95181565,858.04999,254.0,387.0,590.0,2880.0,597.207312,192.49682348,71.109998,915.0,1403.1,786.0,6060.0,204.0
2021-03-01 09:15:00,811.29971474,673.29999,3007.55,2300.0,722.25,3751.0,519.5,961.37002,45.9832872,511.40474312,782.0,153.7,880.05,2497.1499,,1197.414042,915.65002,770.35,700.15002,3250.0,334.60001,2095.02827856,600.20001,192.61031975,1063.15,1259.0,393.35001,,1801.4,1438.2,816.20001,6917.0498,107.15,805.0,113.5,122.2875,936.22959375,852.20001,260.63,391.0,597.04999,2901.8,601.85062108,194.82115388,71.135,926.34998,1416.6,806.65002,6170.6001,204.600005
2021-03-02 09:15:00,826.62463222,696.0,3067.3999,2359.0,722.0,3781.5,526.20498,977.90996,48.83328434,519.11015004,790.79999,152.5,878.03,2530.0,,1255.979959,928.59998,775.5,706.25,3351.5,338.75,2107.38382597,599.0,194.9229651,1060.0,1279.2,401.0,,1820.1,1458.15,820.04999,7030.0,107.9,814.4875,112.75,125.634375,948.30416384,870.5,266.19,390.54999,604.5,2948.0,614.496192,197.08511206,72.315,942.0,1450.0,830.45001,6312.1001,209.125
2021-03-03 09:15:00,846.60521409,723.40002,3049.3999,2375.8,735.09998,3863.6001,534.01001,989.04004,50.23328294,530.05482012,807.59998,153.8,885.2,2571.1001,,1284.86451,947.0,782.5,721.09998,3394.0,350.5,2139.8232911,613.84998,197.09401992,1077.15,1308.0,415.29999,,1851.2,1481.35,847.04999,7101.2002,112.0,827.3325,113.2,125.83125,956.5202424,883.5,266.26,396.0,612.25,2996.8999,625.363488,209.18973575,74.1,961.45001,1466.15,891.0,6431.0,214.125
2021-03-04 09:15:00,878.17654274,715.84998,3017.0,2350.0,731.09998,3841.0,540.1,1007.775,50.01661649,528.09165412,803.70001,151.7,888.8,2545.3501,,1295.32271,951.34998,769.55,713.0,3368.25,347.0,2140.31554398,615.79999,195.9613051,1072.6,1325.9,411.04999,,1850.0,1458.0,834.79999,7011.0,110.5,822.25,112.3,125.465625,979.44368215,892.40002,266.2,394.45001,616.0,3016.05,621.21414692,203.63548565,74.365,955.59998,1450.55,895.04999,6394.4502,213.75
2021-03-05 09:15:00,861.59067473,730.5,2870.0,2377.1001,720.5,3821.75,540.21001,990.00498,48.24995159,514.74214495,800.25,149.7,896.8,2560.0,,1318.729156,936.29999,760.55,711.29999,3394.0,333.14999,2141.54617619,601.5,195.58372091,1025.45,1305.05,402.5,,1868.0,1439.1,838.34998,7070.0,108.4,822.8,113.5,123.384375,977.33290998,894.95001,254.4,378.10001,606.90002,2996.6001,610.544448,193.00998733,72.7,957.0,1462.2,877.04999,6690.5,208.5
2021-03-08 09:15:00,877.88552431,744.20001,2846.75,2360.05,732.0,3770.0,531.1,980.52998,48.06661844,515.08567937,806.20001,152.35001,892.6,2575.0,,1326.249099,944.0,756.25,715.0,3422.7,334.70001,2135.39301513,601.15002,196.05568935,1014.5,1317.2,406.5,,1893.3,1470.0,840.0,7216.0,109.5,830.35,117.2,122.0625,984.119156,901.70001,251.02,386.04999,611.29999,2996.0,607.58064,192.4666253,73.505,962.0,1451.0,880.09998,6641.7998,207.774995
2021-03-09 09:15:00,866.73130516,738.65002,2826.7,2396.1499,740.0,3776.0,533.5,986.02002,46.4166201,504.8281272,792.09998,148.5,883.3,2573.0,,1355.63166,949.09998,769.125,732.0,3416.5,328.45001,2128.55070003,612.29999,193.27107557,1005.0,1318.75,396.79999,,1917.8,1491.8,842.0,7256.0,107.45,833.0,114.2,119.953125,974.40511009,939.0,251.0,382.25,607.5,2992.1001,594.737472,186.91239331,70.225,961.54999,1445.0,888.09998,6660.0,205.024995
2021-03-10 09:15:00,861.97866697,743.0,2880.75,2415.55,749.15002,3802.0,544.0,993.05996,46.3499535,506.84036254,801.0,149.39999,891.21,2598.8999,,1354.58584,979.70001,776.075,725.09998,3407.8501,330.45001,2159.21805476,621.79999,194.26220929,1033.05,1355.0,403.5,,1957.2,1507.5,849.0,7251.0,108.95,839.25,113.6,120.375,985.14049738,936.0,257.99,385.70001,615.34998,3060.0,607.58064,191.19882079,70.305,993.0,1463.0,895.5,6684.0,211.5
2021-03-12 09:15:00,862.56060683,723.0,2927.5,2397.0,745.0,3734.8,552.1,984.0,46.4166201,511.94460395,802.0,149.0,880.62,2610.1001,,1369.526125,973.59998,767.525,710.0,3310.0,327.45001,2165.912694,608.34998,192.09115447,1015.65,1370.05,414.0,,1912.0,1503.15,844.15002,7061.3999,108.6,832.5,114.0,121.1625,964.10081966,905.0,262.11,377.5,611.5,3041.3501,605.99996216,189.65931716,71.4,996.15002,1478.5,872.75,6612.0498,211.050005
2021-03-15 09:15:00,848.20562145,706.04999,2915.0,2343.05,716.65002,3621.05,535.05498,954.4,44.46661872,506.88948095,790.0,144.75,857.0,2585.3501,,1341.637593,967.34998,757.65,695.5,3243.0,325.0,2149.47144764,590.59998,190.29768384,988.20001,1358.5,414.89999,,1893.1,1463.3,824.0,7011.0,107.7,831.5,112.8,123.609375,944.40032475,902.0,247.63,369.35001,596.5,3041.0,595.13266616,187.18405621,71.505,1002.0,1471.0,841.09998,6490.0498,208.899995
2021-03-16 09:15:00,861.34819171,714.25,2990.8,2375.3501,735.95001,3635.0,542.0,958.5,45.16662135,514.34949212,787.0,144.60001,873.0,2626.0,,1370.422542,990.45001,755.0,700.0,3248.0,326.29999,2179.99112651,593.65002,193.45986294,1028.0,1380.5,419.35001,,1900.0,1457.0,840.0,7100.0,109.3,834.75,113.45,125.71875,951.20926725,911.0,256.11,376.10001,599.25,3060.0,601.159056,190.2328653,71.92,1021.1,1496.9,838.20001,6565.1001,212.824995
2021-03-17 09:15:00,838.9912665,683.79999,2970.0,2411.1001,724.70001,3555.8,534.44502,948.00498,44.28329224,509.44157712,770.0,139.5,868.86,2630.05,,1355.880665,982.70001,745.1,687.5,3175.0,325.0,2184.86443007,587.0,196.8580357,1002.6,1382.0,417.5,,1861.0,1431.75,833.70001,7043.5,106.15,817.0025,108.75,123.384375,923.79192545,885.20001,258.0,366.04999,582.0,3085.3,592.86037384,183.53154305,70.065,1015.6,1470.05,820.0,6488.3999,208.850005
2021-03-18 09:15:00,831.95925878,675.40002,2922.0,2390.0,707.25,3565.0,530.5,937.2,42.68329051,505.85877954,750.84998,136.2,839.01,2635.0,,1366.538068,932.40002,740.575,675.09998,3072.3,329.35001,2170.83522285,575.5,200.0202148,988.0,1313.5,420.10001,,1825.1,1420.0,834.0,7060.0,103.2,809.0,107.5,123.834375,908.3129295,882.29999,260.61,361.10001,572.0,2987.05,579.918432,180.96572378,69.83,978.59998,1463.0,818.5,6466.7002,202.149995
2021-03-19 09:15:00,814.93696012,657.09998,2887.25,2355.3501,703.5,3570.2,519.00498,921.15996,41.66662486,515.82186662,738.09998,133.5,827.0,2600.0,,1357.573897,937.70001,737.025,673.84998,3036.0,320.60001,2157.54439496,570.0,203.46559384,981.09998,1318.0,410.0,,1814.05,1378.6,820.54999,6905.5,102.0,803.5,104.45,123.271875,900.0514126,882.29999,260.12,357.25,562.09998,3005.0,570.08845892,175.20018299,68.125,975.15002,1432.05,776.0,6368.5498,199.725005
2021-03-22 09:15:00,856.88652344,681.0,2875.0,2390.0,709.29999,3634.3,533.7,931.20498,42.44995741,513.36790912,758.70001,135.3,853.65,2650.05,,1395.671624,944.59998,730.2,678.25,3081.1499,331.10001,2266.33228254,569.5,209.08201826,961.04999,1336.1,436.79999,,1805.0,1392.25,832.15002,7050.2002,106.85,817.55,108.55,124.9875,922.9294594,895.34998,269.41,363.5,578.59998,3018.6499,589.05684,181.17703259,72.5,978.29999,1448.0,790.5,6631.2998,205.100005
2021-03-23 09:15:00,961.25119801,727.09998,2896.8501,2398.2,714.09998,3641.25,535.0,938.22998,42.04995781,512.5335832,768.40002,134.10001,864.42,2666.0,,1388.301083,971.79999,734.55,680.65002,3060.55,330.29999,2297.24566527,574.29999,208.89323088,970.0,1359.6,439.5,,1798.85,1398.1,841.5,7130.0,108.1,825.32,106.6,122.90625,933.279052,895.0,278.3,367.04999,583.0,3122.8501,613.06367492,183.53154305,73.33,1000.55,1454.0,801.04999,6728.0498,206.350005
2021-03-24 09:15:00,987.77885064,697.65002,2904.05,2410.0,703.29999,3590.95,526.0,917.925,40.53329267,511.89553462,772.65002,132.05,866.27,2629.05,,1374.157613,965.79999,735.5,675.04999,3023.0,316.79999,2279.67233572,565.0,203.18241277,955.0,1346.25,431.60001,,1773.35,1360.05,808.59998,7049.9502,105.6,820.9625,102.85,122.00625,926.1977518,875.04999,274.56,358.64999,583.20001,3111.1499,617.11424216,177.01134954,69.895,987.25,1476.45,778.45001,6840.0,204.600005
2021-03-25 09:15:00,947.6236617,683.15002,2787.5,2392.0,680.0,3497.0,510.31499,896.00498,38.61662792,490.34977795,783.29999,127.05,856.95,2548.0,,1348.211318,950.0,725.125,662.0,2927.1001,305.39999,2196.48159816,557.09998,197.33000414,928.84998,1327.6,428.5,,1745.0,1361.0,788.09998,6755.25,102.65,805.8,101.3,121.134375,901.0500575,861.0,270.31,345.20001,571.5,3050.0,603.628896,170.40058562,68.835,964.09998,1447.75,745.79999,6636.0,198.875
2021-03-26 09:15:00,948.5935938,692.59998,2819.0,2409.1001,693.15002,3517.1001,513.5,914.0,39.98329322,501.19628973,781.25,128.7,869.54,2551.05,,1373.510201,953.79999,737.0,666.54999,2931.0,318.10001,2213.95657558,574.29999,198.55713152,950.0,1332.0,436.20001,,1762.75,1382.0,792.15002,6771.0,103.7,812.7,100.25,119.334375,895.92065415,868.09998,276.0,354.54999,574.59998,3043.05,607.67941384,175.38129361,72.52,977.0,1457.0,755.25,6686.4502,200.324995
2021-03-30 09:15:00,958.2929148,697.29999,2875.0,2521.5,691.0,3581.3501,515.0,944.00498,40.96662557,506.74222387,790.25,130.14999,884.21,2561.3501,,1390.193519,964.45001,750.775,675.0,2916.6001,324.95001,2288.97591525,582.0,198.60430948,955.0,1336.15,452.20001,,1775.0,1395.55,783.0,6740.0,104.6,830.5,102.6,121.1625,904.02329572,868.0,282.22,356.29999,587.25,3060.8999,610.09986692,176.70948845,77.79,991.5,1510.0,750.04999,6746.0,202.5
2021-03-31 09:15:00,986.03297286,698.59998,2882.05,2531.0,692.09998,3612.05,512.29502,945.0,41.49995836,506.74222387,805.0,130.0,896.2,2580.1001,,1404.38679,978.65002,744.0,681.0,2902.0,320.89999,2344.74806867,579.0,200.77537374,950.0,1363.3,461.29999,,1742.6,1410.4,790.09998,6795.2002,106.1,847.57755,101.9,120.740625,907.4050705,870.95001,282.9,357.95001,595.70001,3132.0,622.39968,179.60734888,79.01,989.20001,1536.75,747.04999,6713.8999,206.675005
2021-04-01 09:15:00,1003.8797235,705.0,2843.3999,2532.0,695.54999,3690.2,516.19502,966.75,41.43329176,505.07352295,811.59998,130.60001,904.41,2588.8501,,1431.229502,990.59998,732.5,682.29999,2933.0,328.45001,2354.98702713,580.20001,205.11748337,959.09998,1371.0,470.0,,1750.65,1420.5,779.75,6855.0,106.95,848.38,101.15,120.796875,909.28887793,876.5,285.1,363.10001,597.34998,3145.0,632.92121816,182.95800095,81.9,986.0,1551.55,739.04999,6731.2002,207.175005
2021-04-05 09:15:00,1065.80988808,715.0,2886.0,2484.5,677.45001,3576.05,492.06001,915.0,41.66662486,505.12259229,806.09998,128.05,884.78,2507.0,,1419.426677,1002.6,715.5,676.09998,2866.6001,338.0,2310.14278931,563.5,198.69871261,918.54999,1387.0,503.20001,,1734.4,1381.4,769.25,6724.6001,103.75,836.195,99.400002,120.009375,890.65507195,864.79999,278.11,349.04999,592.75,3151.0,631.48870108,179.42623826,83.715,978.20001,1500.0,721.40002,6735.0,208.100005
2021-04-06 09:15:00,1108.14742425,743.0,2927.2,2504.5,675.5,3602.25,495.26001,947.50498,42.93329026,514.88935295,821.84998,129.3,908.4,2478.05,,1420.323094,1020.25,716.325,680.54999,2868.0,348.5,2340.51489076,564.40002,198.36832526,921.5,1406.45,520.65002,,1728.7,1393.3,775.0,6720.0,105.8,840.0,101.3,117.28125,893.7871855,865.95001,283.0,349.29999,603.5,3230.0,630.40194184,184.01451476,85.815,988.54999,1509.0,700.0,6707.2002,211.175005
2021-04-07 09:15:00,1074.6847668,795.0,2998.75,2600.1001,668.40002,3596.25,494.0,946.63496,43.66662286,525.39230087,830.25,129.75,928.2,2490.0,,1422.115928,1024.7,710.775,695.20001,2875.05,349.0,2350.35994846,559.40002,200.53938952,921.15002,1406.6,533.20001,,1745.6,1389.25,775.40002,6775.0498,105.25,851.25,103.45,117.871875,904.81767235,898.25,282.64,347.60001,616.15002,3234.8,651.19803416,184.19564349,86.465,982.09998,1508.0,694.5,6713.3501,211.699995
2021-04-08 09:15:00,1103.54024678,806.0,3089.3999,2628.0,679.34998,3645.0,501.5,957.50498,43.16662336,530.54561162,838.40002,131.2,932.24,2548.0,,1427.843037,1031.65,715.25,697.29999,2913.3999,354.64999,2358.48212106,573.29999,200.91697371,932.0,1421.0,563.25,,1778.7,1410.0,793.0,6806.8501,104.7,866.3425,103.3,117.28125,904.6814935,905.0,294.65,354.29999,613.29999,3266.05,658.75571492,185.64457069,88.27,1005.0,1525.5,720.54999,6783.7998,220.0
2021-04-09 09:15:00,1116.58583352,817.04999,3105.8999,2610.1499,667.0,3625.0,484.5,956.1,42.99995686,526.61927962,836.65002,128.95,938.25,2515.0,,1427.145824,1034.15,707.55,690.5,2901.1499,354.70001,2386.44198648,565.0,200.63378321,917.45001,1430.05,598.0,,1744.1,1397.1,785.0,6778.0,102.4,875.0,103.0,117.0,898.78041,900.20001,291.0,351.20001,609.5,3308.0,656.97744,188.66318159,88.57,1016.55,1561.3,723.25,6791.8501,220.0
2021-04-12 09:15:00,1029.48593094,735.0,2979.05,2555.0,626.65002,3480.05,440.0,903.58496,40.16662637,508.95078562,879.15002,123.6,939.0,2395.1499,,1362.105783,1001.2,676.5,679.59998,2741.1001,331.60001,2399.8313634,531.15002,193.50705979,841.0,1415.0,597.40002,,1723.3,1332.0,738.54999,6502.1499,98.050003,867.055,97.449997,111.65625,862.57953238,868.5,258.59,322.54999,615.20001,3213.2,642.1584,170.792999,84.335,1016.8,1502.25,689.0,6467.0,214.699995
2021-04-13 09:15:00,1019.44713371,701.34998,2951.0,2564.3,630.0,3515.2,451.40498,919.00498,40.54995932,513.46604779,878.29999,124.8,950.22,2420.2,,1365.143641,972.20001,680.5,685.0,2773.25,336.20001,2410.85772958,537.84998,194.45099666,844.5,1375.0,604.0,,1723.45,1347.25,750.79999,6468.7998,99.25,852.005,98.050003,113.878125,870.56869157,874.75,262.2,330.5,616.09998,3073.05,648.086016,169.37425187,84.9,983.0,1516.65,711.70001,6504.6001,206.300005
2021-04-15 09:15:00,1048.83607633,725.0,2902.3,2537.0,652.29999,3526.1001,456.61001,959.7,41.46662506,520.48438587,883.90002,126.95,957.0,2378.0,,1319.725175,958.75,695.5,688.0,2820.0,349.75,2383.5870182,554.15002,194.45099666,841.25,1320.0,616.0,,1752.6,1358.1,785.15002,6551.0,99.300003,838.75,103.8,116.465625,868.3671335,890.0,262.2,336.10001,626.5,3087.45,639.34280216,179.0036267,87.95,970.29999,1515.55,714.79999,6393.6499,207.5
2021-04-16 09:15:00,1078.5644952,743.0,2994.0,2581.7,662.34998,3569.95,459.0,976.5,41.86662466,528.09165412,910.90002,127.1,963.04,2415.0,,1335.661479,994.5,711.75,689.09998,2838.25,352.70001,2402.1940788,564.09998,194.9229651,853.04999,1346.6,616.95001,,1760.05,1355.3,803.20001,6606.0498,100.5,843.14005,104.2,116.578125,874.47248528,905.59998,273.12,338.64999,626.34998,3182.6001,652.33413092,181.20720662,88.625,996.0,1529.8,731.0,6510.0,218.0
2021-04-19 09:15:00,1056.2560569,707.45001,3005.6499,2566.8501,631.0,3447.0,436.2,939.25996,40.71662582,513.61330487,924.0,123.4,961.41,2318.1001,,1300.0538,987.84998,686.15,661.54999,2743.1001,353.85001,2376.64615407,534.40002,192.32713869,811.0,1332.35,595.09998,,1675.0,1306.0,785.09998,6415.0,98.650002,847.5,101.9,112.5,857.926755,888.5,257.46,321.29999,635.0,3135.1001,643.640304,176.76984859,86.0,983.29999,1500.1,692.20001,6415.0,230.550005
2021-04-20 09:15:00,1091.2221091,710.0,3181.75,2528.8,643.0,3555.1001,455.52002,960.0,41.21662532,516.21451945,941.09998,124.05,1017.9,2318.8999,,1276.49795,957.0,691.975,670.09998,2800.8501,354.54999,2346.86485453,552.59998,191.14721759,840.04999,1342.4,613.40002,,1684.35,1317.7,800.54999,6558.5498,98.150002,844.50255,102.2,113.428125,858.13102328,895.34998,264.52,326.70001,639.15002,3126.3501,658.26174692,177.61507172,88.2,973.34998,1510.0,727.79999,6180.0,233.899995
2021-04-22 09:15:00,1089.2337483,689.5,3217.25,2488.0,634.40002,3573.0,450.575,961.0,40.84995902,516.36172745,938.84998,124.0,1031.8,2303.7,,1265.242936,955.29999,685.525,672.0,2750.0,354.70001,2295.86745564,546.90002,189.30654068,815.0,1345.15,611.59998,,1669.2,1307.25,785.5,6545.0,97.050003,827.5625,101.65,113.175,851.88949265,895.04999,258.24,323.29999,638.09998,3105.25,655.001568,176.40762735,89.705,960.65002,1473.15,725.0,5970.2002,235.800005
2021-04-23 09:15:00,1111.20271037,720.09998,3171.0,2496.2,650.90002,3640.0,461.05,974.0,41.78329141,509.53971579,922.75,124.25,1006.02,2304.1001,,1256.975978,950.20001,700.1,676.34998,2812.05,345.29999,2264.363271,567.04999,192.79910713,822.79999,1331.0,625.84998,,1720.25,1314.45,774.09998,6560.0,98.0,830.25,101.6,114.75,860.35527782,896.34998,262.3,331.64999,630.15002,3091.05,653.025696,175.38129361,91.075,945.40002,1451.6,742.0,5995.7998,237.175005
2021-04-26 09:15:00,1125.121236,728.90002,3152.0,2530.0,684.5,3676.0,469.0,990.22002,42.56662396,513.12251337,902.15002,126.5,1006.05,2329.5,,1279.884415,923.04999,701.375,687.20001,2830.0,345.5,2275.19283447,588.0,193.22387872,851.45001,1321.0,638.25,,1733.3,1323.0,775.65002,6600.0,100.85,833.1825,102.5,117.1125,867.68623925,916.0,265.32,339.25,631.0,3088.05,654.06301892,177.85656059,93.005,937.0,1465.15,761.84998,6111.25,238.5
2021-04-27 09:15:00,1145.4898101,727.34998,3157.8,2534.0,684.09998,3727.2,474.65498,996.47002,42.78329374,516.55805387,901.0,126.6,1004.27,2366.7,,1302.792852,923.40002,702.4,677.0,2870.25,350.10001,2316.49285152,591.09998,193.55425663,859.0,1340.15,658.0,,1724.55,1335.9,777.0,6542.0,101.7,837.5,102.8,121.3875,879.82885338,925.0,263.82,342.39999,632.0,3103.0,660.04002184,178.15842168,94.43,944.15002,1482.0,776.45001,6235.0,240.5
2021-04-28 09:15:00,1145.24732708,741.09998,3182.6001,2575.0,688.15002,3807.0,491.5,1015.115,42.73329046,525.73583529,902.95001,127.5,1006.0,2410.1499,,1315.890502,921.75,715.5,671.15002,2915.05,358.0,2329.63600355,598.0,193.79024085,888.0,1344.6,650.65002,,1754.0,1372.5,778.84998,6545.0,102.15,830.55,103.3,121.66875,898.84849943,914.15002,265.0,356.04999,638.29999,3112.0,666.8568,182.92782087,96.2,968.0,1491.7,762.75,6280.0,240.625
2021-04-29 09:15:00,1142.5800138,743.40002,3199.25,2570.0,707.0,3807.1001,533.0,1052.0,43.04995348,529.17137579,904.0,127.65,1008.46,2452.8999,,1326.996114,907.09998,730.5,672.15002,2850.05,364.60001,2347.20933309,609.0,192.61031975,917.09998,1351.4,668.04999,,1780.55,1353.5,768.59998,6552.0,102.65,824.0,103.55,123.215625,911.17268535,921.29999,278.0,355.5,641.09998,3105.5,657.965376,181.87130706,98.3,970.54999,1497.0,768.59998,6320.3999,242.850005
2021-04-30 09:15:00,1108.6323903,724.5,3182.8,2524.05,705.0,3800.0,532.77002,1086.87,42.59995726,523.67453062,900.75,127.0,1025.03,2414.0,,1327.693327,895.40002,703.75,660.70001,2805.0,361.29999,2294.14457054,598.09998,190.67524915,915.09998,1345.9,711.45001,,1739.45,1336.1,750.45001,6421.0,102.05,812.75,103.3,121.865625,902.20757773,919.79999,267.15,350.45001,640.09998,3020.0,657.02682692,176.61891804,101.11,955.40002,1471.0,760.95001,6233.5498,244.649995
2021-05-03 09:15:00,1088.89427207,713.75,3140.0,2505.6001,692.09998,3785.0,529.125,1081.415,42.94996024,519.30647645,906.40002,131.2,1028.0,2367.5,,1368.779111,891.0,688.65,657.15002,2766.6499,357.64999,2303.7435018,587.5,188.7873754,899.0,1338.0,710.59998,,1685.0,1319.15,740.04999,6400.0,101.05,813.6325,106.0,121.921875,882.03041145,916.04999,255.13,341.39999,650.09998,3004.0,653.025696,172.06082161,101.85,955.0,1421.0,736.09998,6150.0,241.625
2021-05-04 09:15:00,1204.51017838,760.04999,3166.3999,2571.55,698.09998,3815.05,556.0,1087.2,43.51662301,536.63143604,876.0,132.25,1010.87,2356.1001,,1398.410676,899.25,691.65,665.5,2766.75,359.70001,2335.44458759,589.0,187.93784165,906.0,1324.1,711.25,,1725.3,1331.0,731.09998,6482.0,103.5,819.0,107.7,121.89375,867.4592745,942.54999,257.11,350.20001,642.0,3035.0,633.81033092,173.90216823,105.755,955.59998,1400.05,773.0,6285.0,238.899995
2021-05-05 09:15:00,1202.95828703,732.70001,3176.1499,2546.1001,700.0,3784.1001,545.23999,1091.52,44.16662236,543.79698213,869.0,132.5,1014.0,2356.55,,1399.406695,900.59998,690.85,667.0,2768.0,364.29999,2331.94949366,584.70001,188.31540696,909.29999,1327.8,713.09998,,1721.9,1324.0,737.34998,6483.0,102.8,822.87245,110.5,121.95,866.12018248,965.0,254.42,348.0,642.25,3052.3999,632.32842692,174.17384925,104.7,953.75,1403.4,775.59998,6294.3999,241.649995
2021-05-06 09:15:00,1225.0242423,735.59998,3300.7,2528.0,710.25,3852.0,547.33501,1099.0,45.79995072,542.42274629,880.90002,133.75,1026.0,2377.0,,1412.454544,901.25,697.5,669.0,2802.1499,367.79999,2340.21944058,599.25,190.76965228,920.0,1337.4,718.0,,1763.2,1335.75,746.15002,6575.7002,102.65,826.25255,109.45,120.15,865.4619847,961.20001,254.6,350.54999,673.34998,3074.0,630.45137816,175.26054314,104.25,957.84998,1431.0,763.79999,6314.0,243.625
2021-05-07 09:15:00,1251.64887845,745.25,3302.0,2541.5,714.0,3853.95,545.8,1100.99,45.76662075,546.64359246,877.0,135.0,1033.2,2403.1001,,1427.594033,913.70001,705.125,671.04999,2820.0,385.25,2360.0079081,603.70001,191.57198919,925.0,1348.5,736.75,,1773.5,1339.0,751.0,6640.0,103.35,833.25,109.65,120.09375,874.268217,974.40002,258.5,353.0,677.59998,3111.8,606.592704,181.41851542,113.01,972.09998,1439.9,743.40002,6414.9502,253.75
2021-05-10 09:15:00,1247.62366023,762.45001,3261.6001,2542.1499,714.0,3844.5,544.5,1128.0,46.21661697,558.6188658,877.5,137.10001,1054.4,2417.55,,1424.556175,910.20001,706.4,670.25,2830.0,406.70001,2378.56594032,611.0,193.50705979,931.15002,1335.05,756.04999,,1790.6,1347.0,768.65002,6660.1001,105.6,833.5,112.5,120.909375,871.97587303,995.0,259.27,358.79999,683.59998,3125.0,613.508256,183.53154305,120.0,973.09998,1445.0,746.0,6330.0,256.625
2021-05-11 09:15:00,1245.3928164,750.34998,3245.25,2521.3,703.0,3811.25,539.0,1113.915,47.1499527,553.66188146,888.20001,145.14999,1054.26,2410.5,,1419.327075,905.09998,697.525,669.90002,2801.1001,408.85001,2357.15293982,603.25,192.32713869,922.90002,1325.1,730.54999,,1753.25,1376.1,766.20001,6660.25,106.7,835.5175,110.75,122.85,867.005345,990.5,262.48,354.75,696.20001,3091.1499,617.46,186.00681003,117.69,970.5,1432.0,742.0,6310.3999,257.024995
2021-05-12 09:15:00,1240.15518306,747.70001,3185.6001,2530.0,689.04999,3847.2,532.93999,1105.24,48.59995124,547.91964054,884.29999,151.8,1055.0,2438.1499,,1402.444553,895.0,694.425,665.09998,2815.0,393.70001,2289.02514054,593.20001,191.47760494,914.0,1314.5,700.0,,1715.55,1377.0,755.15002,6685.0,111.75,831.0,113.7,125.465625,865.6435565,970.0,265.73,361.89999,700.0,3070.6001,623.48638984,190.92713977,116.325,950.40002,1425.85,755.04999,6371.0,252.425005
2021-05-14 09:15:00,1176.86711353,727.5,3095.3501,2601.55,681.40002,3814.0,526.7,1086.8,47.51661899,545.90740521,900.79999,146.10001,1032.0,2400.0,,1349.456342,896.5,691.175,666.40002,2802.75,368.14999,2289.96042102,591.09998,192.56312291,888.09998,1311.3,679.04999,,1701.1,1374.05,736.0,6700.2002,110.15,830.25,111.55,125.915625,865.189627,965.0,264.8,359.54999,687.0,3040.0,630.35255492,187.15387614,111.52,941.40002,1433.0,758.29999,6256.8999,246.375
2021-05-17 09:15:00,1190.54315615,737.0,3115.1001,2747.55,684.40002,3833.2,531.50498,1094.265,47.96661521,535.74799171,870.0,144.0,1029.0,2410.05,,1357.026087,910.09998,690.65,662.84998,2813.0,377.25,2329.8329047,601.20001,199.78423058,897.09998,1320.3,694.04999,,1710.0,1368.2,735.40002,6697.5498,109.95,850.03,112.25,127.74375,876.2655068,961.20001,264.05,363.64999,680.04999,3036.0,632.37781384,187.99908116,110.35,943.0,1438.0,760.59998,6331.0,247.5
2021-05-18 09:15:00,1262.8515942,757.09998,3140.0,2789.0,708.5,3867.3999,550.1,1129.01,49.76661674,524.70518296,878.45001,146.10001,1042.0,2492.6001,,1380.581936,924.5,727.5,666.0,2856.55,396.5,2330.2759323,626.0,197.89635682,967.0,1329.5,711.84998,,1750.1,1397.0,754.0,6715.4502,111.75,852.1,114.3,128.53125,895.37593875,964.20001,281.0,380.04999,684.75,3078.0,640.182528,195.60598668,115.705,957.04999,1476.25,799.25,6562.6001,250.449995
2021-05-19 09:15:00,1245.29582319,769.29999,3161.7,2798.6499,702.20001,4047.8,559.5,1117.005,51.01661548,516.50898454,881.0,145.10001,1041.21,2540.3501,,1374.904628,925.15002,726.275,665.0,2894.0,394.20001,2307.68152488,623.34998,195.91409882,961.20001,1333.25,704.09998,,1727.45,1400.0,778.0,6760.0,110.95,859.35,113.4,130.1625,895.148974,963.0,281.0,381.20001,690.79999,3067.1001,642.84996508,188.42169876,115.8,962.59998,1516.8,812.04999,6520.0498,252.574995
2021-05-20 09:15:00,1245.3443198,761.04999,3214.0,2778.5,704.54999,4062.1001,554.5,1113.07,50.99994883,510.42316012,905.0,146.05,1045.0,2521.2,,1359.665537,922.04999,714.25,665.70001,2861.75,379.45001,2303.7435018,616.65002,195.20614616,963.0,1335.0,683.20001,,1705.1,1401.65,782.0,6729.5,110.9,861.1,111.2,128.475,899.2343395,965.79999,279.2,382.0,685.0,3052.1001,632.37781384,184.79936567,109.805,965.20001,1522.5,803.40002,6520.7002,251.800005
2021-05-21 09:15:00,1260.96022661,766.65002,3225.0,2795.0,707.0,4055.1001,558.62998,1121.3,52.08328108,512.38632612,922.29999,146.85001,1039.26,2513.55,,1359.565935,923.0,721.5,667.0,2835.0,383.35001,2303.7435018,622.29999,195.77249885,981.79999,1346.35,695.0,,1715.5,1407.1,800.75,6744.25,111.25,864.0125,111.05,127.125,901.503987,965.25,284.01,378.0,688.0,3055.1001,636.52715492,186.85201505,110.585,971.84998,1533.55,803.0,6590.0498,254.574995
2021-05-24 09:15:00,1263.8215263,746.59998,3240.1499,2808.2,726.75,4107.3999,559.0,1109.5,52.06661443,516.31265812,926.15002,145.64999,1045.34,2526.6001,,1345.223261,927.70001,749.25,667.34998,2892.0,379.45001,2289.22204169,638.0,196.1028862,997.04999,1345.1,671.90002,,1742.0,1410.0,807.0,6802.0,112.05,865.0375,110.85,128.475,899.688269,960.65002,289.41,405.29999,689.59998,3072.0,630.797136,187.27462661,108.21,975.09998,1505.45,806.0,6540.0498,254.824995
2021-05-25 09:15:00,1234.62657009,759.0,3170.6499,2822.75,725.84998,4141.0,558.2,1120.13,49.59995024,514.84028362,930.0,147.10001,1051.0,2565.0,,1348.80893,935.15002,735.25,657.09998,2907.3999,389.54999,2301.77449026,642.5,198.46272839,982.40002,1354.45,688.04999,,1738.0,1442.1,808.34998,6888.0,113.05,871.10255,113.7,130.021875,889.70182,963.15002,285.44,408.5,691.0,3082.1001,633.266976,189.47821258,110.0,983.79999,1535.0,810.79999,6527.2002,257.850005
2021-05-26 09:15:00,1216.53733643,757.0,3178.1001,2910.3999,729.5,4142.0,558.61001,1138.515,49.66661684,515.33107512,939.04999,145.2,1055.0,2607.05,,1375.55204,932.54999,735.0,657.15002,2920.5,380.25,2308.91215709,643.29999,198.50992523,987.0,1362.05,673.54999,,1736.9,1452.8,813.0,6912.0,110.9,868.4,113.0,126.534375,892.10764635,969.0,285.7,410.79999,696.20001,3103.8,632.92121816,190.05173657,107.25,993.0,1576.65,824.0,6525.1499,257.375
2021-05-27 09:15:00,1265.03394143,749.45001,3153.6001,2902.25,731.0,4152.75,565.1,1173.205,47.39995244,509.14711203,934.04999,144.10001,1046.03,2589.1499,,1387.454467,938.09998,731.225,657.34998,2935.1499,380.0,2286.90835468,648.09998,198.50992523,987.0,1391.7,678.0,,1725.7,1461.75,816.90002,6951.1499,109.3,871.76505,111.3,125.578125,890.72316138,965.54999,283.0,412.0,694.5,3161.8,633.41518616,191.10825039,107.5,1006.9,1567.35,818.5,6580.25,262.524995
2021-05-28 09:15:00,1258.9718658,754.0,3140.0,2931.1499,738.5,4187.6499,559.21001,1168.0,48.13328171,510.81581295,931.0,144.75,1030.0,2626.1001,,1415.342999,937.40002,739.375,662.75,2956.55,384.79999,2283.4135561,639.25,199.68984633,1003.0,1396.1,686.20001,,1778.25,1473.9,810.5,6940.5,108.35,875.0,111.85,126.45,903.319705,972.0,289.2,420.04999,666.29999,3135.6499,638.50302692,191.07807032,109.745,1012.6,1570.55,822.65002,6585.6001,266.32501
2021-05-31 09:15:00,1253.1522732,761.70001,3125.0,2936.1001,734.0,4167.0,556.0,1161.8,47.89995194,515.42921379,924.0,145.05,1034.23,2615.3999,,1449.207645,932.59998,743.75,662.45001,2960.0,388.0,2284.20096381,643.75,202.38005699,1004.0,1383.0,685.95001,,1785.0,1457.55,790.0,6924.0498,107.8,870.7625,111.4,125.859375,946.46570398,970.65002,283.8,418.0,659.0,3128.6001,642.35599708,188.42169876,109.9,1013.0,1569.0,824.59998,6588.1499,265.524995
2021-06-01 09:15:00,1269.68961551,764.29999,3160.8501,2915.1001,741.15002,4204.8999,562.53999,1162.705,48.66661784,520.5334552,943.54999,146.89999,1053.06,2610.0,,1431.279303,942.04999,753.625,663.65002,2966.0,386.5,2294.48924601,648.34998,202.2384759,1006.0,1378.65,687.5,,1788.0,1463.0,800.25,7047.0498,109.5,873.9575,114.2,125.94375,974.35967175,960.09998,277.67,425.60001,664.29999,3132.0,648.87635492,191.56104203,108.55,1013.35,1589.3,833.34998,6560.0,269.82501
2021-06-02 09:15:00,1370.5140573,802.95001,3220.0,2877.1499,734.20001,4200.0,574.25498,1170.155,48.66661784,518.27582412,946.45001,147.0,1056.6,2638.1001,,1419.874885,937.59998,746.5,662.90002,2942.1001,389.0,2313.5885595,641.09998,196.90524198,1003.5,1365.0,696.54999,,1770.0,1455.05,802.29999,7063.4502,110.05,875.505,116.0,126.05625,979.1259315,963.40002,278.0,429.14999,670.15002,3115.0,652.18597016,190.53472639,110.4,994.0,1564.2,833.0,6552.3501,266.5
2021-06-03 09:15:00,1506.3045513,810.70001,3267.05,2904.05,739.0,4242.0,578.01499,1178.055,49.73328344,518.76661562,946.0,148.60001,1053.4,2678.05,,1430.333085,937.0,743.875,676.59998,2962.0,398.0,2308.66603065,644.75,196.99962623,964.04999,1377.05,703.04999,,1790.0,1473.2,798.09998,7165.0498,110.45,878.0,118.45,126.928125,996.87462034,981.5,282.0,433.5,673.5,3122.6499,665.127912,195.39467788,111.3,1007.0,1588.55,847.20001,6575.0,269.149995
2021-06-04 09:15:00,1538.11832418,823.0,3375.0,2908.0,740.09998,4240.0,590.0,1178.5,50.28328622,521.41689954,936.5,148.2,1048.4,2724.1001,,1446.568195,934.75,749.6,677.59998,3004.8501,392.29999,2297.78724189,639.40002,196.33887042,1004.0,1377.65,703.04999,,1797.0,1516.9,803.09998,7151.1001,111.05,869.0,123.35,126.45,991.49551038,984.0,281.55,431.75,672.79999,3125.0,666.8568,195.75691722,110.7,1011.0,1665.5,847.5,6615.6499,270.225005
2021-06-07 09:15:00,1564.5004773,835.65002,3308.0,2903.95,741.5,4240.0,568.24502,1168.465,50.7999457,523.18373912,937.54999,155.45,1042.54,2745.1001,,1489.646016,937.09998,748.0,675.0,3040.75,394.25,2294.88294987,644.25,198.41553155,1009.5,1377.3,712.79999,,1807.0,1540.75,802.59998,7211.1001,112.0,867.675,124.9,127.63125,991.8359575,987.0,282.35,430.79999,670.90002,3133.6001,679.00840292,205.11461103,112.555,1019.45,1676.0,845.0,6663.0,271.350005
2021-06-08 09:15:00,1554.26769365,859.15002,3255.6001,2907.5,739.5,4234.0,572.01499,1167.0,49.41661709,524.16532212,931.84998,152.8,1030.02,2745.0,,1484.267514,951.45001,740.75,681.0,3040.3501,381.10001,2298.96855036,637.40002,199.35946842,1005.6,1395.55,692.0,,1787.85,1546.05,797.5,7295.2002,116.0,870.17,122.65,130.528125,997.80508503,963.0,294.31,424.0,665.09998,3187.2,693.13587784,203.75623612,110.005,1037.05,1674.2,848.0,6725.0,274.57501
2021-06-09 09:15:00,1524.58777138,831.29999,3251.0,2919.6001,730.15002,4201.0,562.72998,1143.05,49.84994999,525.49043954,950.20001,155.2,1041.61,2718.1001,,1479.088215,965.09998,736.025,681.5,3010.6001,382.29999,2309.25683256,628.79999,199.64264949,997.25,1404.6,693.54999,,1775.0,1513.3,801.0,7200.0,115.8,872.0,123.05,131.5125,979.55716452,978.15002,284.81,418.20001,667.59998,3186.2,692.296152,205.11461103,109.395,1046.2,1696.15,841.0,6682.0,271.100005
2021-06-10 09:15:00,1543.1619711,843.29999,3297.05,2920.6499,732.90002,4166.0,567.7,1150.035,50.03328647,530.39835454,960.0,155.75,1046.5,2691.0,,1481.279457,966.54999,736.825,684.25,2999.0,384.25,2318.75721479,631.0,195.86690198,1006.0,1419.0,700.0,,1776.0,1515.0,803.04999,7174.0498,117.3,874.5,122.45,135.140625,988.45418273,992.04999,286.63,422.39999,673.0,3193.0,695.506944,206.71446877,110.29,1056.5,1722.2,838.40002,6681.0,272.774995
2021-06-11 09:15:00,1527.88554053,820.70001,3301.7,2938.6001,737.0,4162.0,604.52002,1185.29,50.04994645,530.10388946,965.5,156.64999,1057.71,2710.8501,,1469.626034,970.5,740.525,681.54999,2995.0,383.14999,2323.4336172,631.5,196.1028862,1012.1,1429.45,704.75,,1788.0,1498.65,805.5,7186.3999,117.55,868.25,122.5,137.25,989.61174834,984.0,292.0,425.25,674.04999,3211.0,700.940592,207.8917391,111.31,1054.9,1724.55,867.84998,6650.0,275.75
2021-06-14 09:15:00,1165.08243852,681.09998,3285.0,2916.5,725.0,4127.1499,597.56001,1167.165,49.18328399,519.5518722,957.0,155.55,1074.0,2711.0,,1451.398887,976.0,731.275,674.29999,2943.0,381.35001,2300.39628063,623.34998,193.69584716,993.75,1453.45,714.65002,,1759.5,1478.0,794.0,7095.0498,116.25,870.88,121.25,136.18125,996.39794898,971.34998,285.41,416.70001,671.54999,3270.3501,694.12381384,205.92964201,114.0,1058.0,1713.0,850.5,6580.0,276.5
2021-06-15 09:15:00,1432.78369812,755.0,3295.0,2960.95,732.0,4131.1001,615.0,1176.5,50.01661649,528.48430695,967.15002,156.75,1080.4,2740.6499,,1482.076272,983.20001,737.4,680.29999,2972.3,390.0,2323.4336172,636.0,195.39493354,1025.0,1463.0,717.0,,1766.0,1505.85,806.0,7156.2998,117.6,875.55,124.85,138.965625,1016.93825885,980.84998,288.5,428.0,671.75,3251.55,706.76943416,212.20834666,116.01,1061.65,1719.6,853.45001,6660.3501,278.5
2021-06-16 09:15:00,1366.92530853,697.79999,3278.0,3005.5,746.25,4102.0,606.27998,1177.5,49.41661709,525.04876645,953.79999,154.85001,1068.06,2724.3,,1458.072214,974.0,739.05,690.0,2970.0,377.0,2346.71708021,637.59998,195.44213038,1010.35,1467.5,703.54999,,1753.0,1488.0,801.59998,7070.0,116.85,880.65255,126.1,135.534375,1001.30043297,988.34998,285.27,425.0,666.84998,3253.0,712.301856,210.15569728,113.165,1055.0,1706.5,848.15002,6565.0,276.75
2021-06-17 09:15:00,1264.30649235,638.34998,3225.2,3000.5,736.0,4042.05,592.0,1173.995,48.21661496,517.34331045,943.5,151.39999,1049.71,2664.7,,1444.77536,978.54999,730.0,682.29999,2902.0,365.04999,2349.42447108,626.70001,193.50705979,968.0,1475.1,693.45001,,1736.0,1480.25,792.54999,6931.1001,116.95,895.0,123.5,133.171875,989.52087166,977.0,278.6,416.60001,661.65002,3260.0,716.10538984,206.62391648,109.565,1057.05,1701.4,828.95001,6550.0498,274.774995
2021-06-18 09:15:00,1292.48301985,638.09998,3162.55,3016.05,722.25,4030.0,596.50498,1172.085,46.83328635,509.44157712,945.34998,145.10001,1046.96,2644.2,,1414.396781,970.09998,727.5,692.59998,2852.0,359.79999,2367.73637685,620.70001,191.14721759,960.0,1487.4,656.09998,,1733.25,1460.1,773.09998,6821.0,112.9,880.0,118.9,129.43125,991.54094872,956.75,268.8,402.64999,652.70001,3275.0,723.26792584,198.62459758,105.025,1055.0,1686.0,840.20001,6583.3501,273.024995
2021-06-21 09:15:00,1401.40639469,685.09998,3181.0,3021.05,720.5,4106.4502,598.71001,1177.685,47.33328584,523.18373912,950.5,143.5,1045.4,2662.0,,1449.207645,961.25,729.5,704.59998,2865.0,360.39999,2428.77573459,616.25,191.05281447,968.04999,1484.2,646.15002,,1731.3,1447.25,762.34998,6842.0,113.05,875.65,118.95,128.475,998.71294403,968.34998,267.67,400.5,662.0,3251.7,719.06919784,196.93418151,106.365,1055.0,1690.75,831.04999,6522.2002,267.600005
2021-06-22 09:15:00,1485.74199078,738.0,3230.1001,3004.2,737.04999,4155.2998,600.0,1208.1,49.66661684,525.63769662,949.15002,147.8,1050.1,2698.0,,1487.106168,976.25,740.0,713.25,2896.55,366.25,2443.19864567,629.54999,192.89351025,996.04999,1502.1,673.25,,1754.0,1469.55,772.70001,6930.0,116.95,870.5,121.5,130.528125,1007.42848122,980.04999,272.2,417.29999,665.84998,3285.0,733.39426984,202.94120514,110.65,1053.7,1748.0,849.0,6751.4502,271.149995
2021-06-23 09:15:00,1436.76041973,715.5,3212.0,2983.5,730.79999,4191.25,600.1,1208.0,50.83328233,522.88927404,954.20001,148.14999,1057.44,2708.6001,,1478.092196,971.0,739.3,716.34998,2921.0,367.35001,2420.11208381,623.45001,192.1855576,996.5,1498.65,664.15002,,1727.25,1476.1,775.0,7240.0498,116.95,868.5,121.75,130.5,999.41658015,999.0,272.23,415.0,664.25,3256.3999,742.77966184,201.8243191,109.785,1038.45,1755.05,849.0,6782.0,269.20001
2021-06-24 09:15:00,1443.30746141,701.70001,3141.75,2975.45,731.09998,4156.75,601.1,1216.5,55.59994422,517.68689395,944.0,146.0,1050.01,2694.0,,1481.578263,969.09998,744.0,712.04999,2893.5,366.10001,2435.76582401,624.45001,191.19441444,996.20001,1511.2,664.90002,,1727.2,1482.0,779.0,7410.1001,115.7,866.12,121.35,128.30625,971.40913,995.0,270.68,416.29999,661.5,3278.5,744.903744,201.25079511,109.845,1052.5,1767.6,850.0,6889.0498,269.600005
2021-06-25 09:15:00,1455.8680821,706.5,3222.25,2985.0,737.54999,4178.0,603.02002,1232.05,56.9499462,519.60094154,948.95001,146.75,1053.4,2683.0,,1484.06831,989.25,753.5,718.29999,2901.95,371.54999,2407.11660765,636.09998,192.32713869,986.65002,1543.0,685.0,,1720.9,1507.5,790.0,7540.0,115.7,871.75,120.35,129.0375,944.67272784,991.40002,271.13,419.04999,664.79999,3350.0,744.409776,202.79027459,113.0,1077.0,1742.0,853.25,6890.0,270.25
2021-06-28 09:15:00,1472.55091422,713.0,3402.2,2976.25,757.75,4166.0,601.5,1232.0,57.66660881,520.68071229,957.09998,147.0,1062.51,2712.6001,,1506.727742,984.20001,752.5,694.20001,2929.3999,374.25,2399.53591322,646.15002,191.94957338,1001.0,1560.6,682.75,,1722.2,1510.35,789.25,7571.3999,116.0,872.675,121.8,129.76875,944.6272895,998.0,272.5,424.54999,669.54999,3333.0,749.843424,203.78641619,116.3,1081.1,1719.75,855.25,6858.75,272.125
2021-06-29 09:15:00,1467.5072673,709.0,3420.0,2973.05,750.04999,4117.0,600.21001,1227.105,57.51660896,514.34949212,960.04999,143.95,1076.0,2700.0,,1493.032481,980.5,746.075,680.04999,2915.0,372.70001,2407.11660765,636.45001,191.76076712,1000.0,1559.2,683.59998,,1702.0,1503.9,779.40002,7452.5498,115.4,874.4825,119.1,130.303125,946.03451634,995.25,269.64,420.54999,673.09998,3326.5,746.73140584,205.02405874,116.555,1083.0,1721.25,856.09998,6799.5,270.5
2021-06-30 09:15:00,1457.51696667,702.09998,3582.6001,2985.6499,746.54999,4119.7998,600.0,1206.5,58.26660821,514.69302654,969.15002,145.10001,1081.0,2665.1499,,1485.064329,981.0,747.05,685.0,2897.3999,370.95001,2424.83771151,629.79999,191.19441444,1012.15,1572.05,682.65002,,1698.45,1495.5,775.45001,7492.6001,116.15,878.75,117.05,130.5,949.18928098,998.45001,267.39,418.29999,674.25,3338.5,740.35925816,204.5712671,116.28,1083.3,1728.15,846.25,6750.0,271.0
2021-07-01 09:15:00,1438.31231109,700.0,3595.0,2997.0,744.5,4141.0,594.0,1180.1,59.03327744,512.38632612,967.20001,145.5,1082.48,2667.8999,,1483.072291,975.15002,741.5,682.79999,2905.0,372.0,2424.83771151,630.04999,190.81683025,1000.0,1559.05,679.59998,,1706.15,1480.15,774.90002,7495.0498,115.7,878.475,117.3,129.4875,950.9823025,1002.6,266.0,417.14999,673.70001,3332.3501,740.952,205.99001423,115.645,1081.0,1725.75,848.0,6690.0,269.0
2021-07-02 09:15:00,1369.10765576,705.0,3667.0,2999.75,744.0,4171.0,596.5,1165.1,60.08327305,510.42316012,975.09998,146.05,1102.3,2642.0,,1481.080253,977.25,738.5,678.84998,2907.1499,374.20001,2414.00814804,632.25,190.91123337,1005.15,1542.6,667.5,,1710.0,1475.5,777.0,7546.5498,117.0,874.3,118.0,128.025,950.05174703,996.04999,269.2,419.0,678.29999,3295.2,744.11340508,205.56740266,113.02,1075.0,1740.2,857.5,6685.0,266.79999
2021-07-05 09:15:00,1309.99029426,703.0,3702.7,3007.1001,753.40002,4186.8501,600.60498,1179.9,59.53327694,513.6623742,973.09998,147.60001,1106.39,2671.1499,,1480.084234,978.0,742.275,676.75,2925.1001,377.5,2446.54606374,641.20001,191.33600497,1012.0,1561.05,664.45001,,1721.5,1488.0,784.5,7583.0,117.25,876.16505,118.9,128.446875,967.55072925,1005.8,272.5,424.25,678.59998,3302.0,755.77104,207.6804303,113.6,1071.2,1743.0,896.0,6694.5,267.774995
2021-07-06 09:15:00,1337.29388288,707.09998,3696.0,2996.0,755.20001,4172.0,605.3,1187.13,59.46660367,511.50288179,964.75,146.89999,1102.8,2693.45,,1485.761542,970.20001,748.0,675.0,2912.3999,384.0,2430.74474613,645.20001,190.91123337,1015.0,1557.1,669.45001,,1727.0,1500.0,778.70001,7487.4502,117.05,870.85,121.05,128.41875,962.4213259,1006.1,275.1,428.20001,672.40002,3256.1001,748.855488,188.05945941,115.025,1047.75,1746.05,891.40002,6727.5,265.92499
2021-07-07 09:15:00,1343.3559585,706.0,3697.6001,3011.25,752.25,4170.0,616.03999,1200.0,59.63327017,513.56423553,961.0,146.55,1103.01,2696.8,,1470.124044,960.29999,763.85,678.0,2891.2,380.20001,2407.95353601,645.90002,190.95843022,1013.0,1544.65,669.0,,1743.15,1495.0,768.54999,7433.6499,116.85,868.0125,117.8,128.7,952.344091,1012.55,282.45,427.54999,666.09998,3241.6001,742.18692,184.88991796,115.85,1030.1,1718.0,893.34998,6811.0498,262.54999
2021-07-08 09:15:00,1369.35013878,709.09998,3657.0,3018.8,751.70001,4030.55,608.03999,1224.0,59.69994344,513.90776995,944.79999,145.3,1089.92,2705.1001,,1466.339172,970.0,756.725,678.40002,2890.1499,381.20001,2400.66809486,638.09998,190.48646178,1036.2,1549.0,666.65002,,1725.0,1497.0,771.0,7385.0,117.2,876.905,116.85,129.121875,944.6272895,1002.1,284.44,422.10001,665.09998,3231.8999,747.867552,184.13526524,118.12,1045.0,1721.25,906.0,6843.0,264.0
2021-07-09 09:15:00,1373.86032305,708.34998,3673.0,3007.0,740.25,3990.0,606.10498,1234.5,60.0666064,513.36790912,949.95001,145.64999,1083.39,2686.05,,1455.183759,966.59998,748.75,677.0,2876.05,382.10001,2400.66809486,633.79999,189.63690915,1026.2,1551.0,670.0,,1714.95,1485.5,767.0,7343.3999,116.25,877.5,116.6,129.375,937.86378534,1012.55,283.6,421.04999,664.20001,3201.0,750.53498908,182.2335464,118.8,1049.0,1718.0,900.0,6835.0,261.625
2021-07-12 09:15:00,1371.62947922,715.04999,3730.1001,2991.05,748.29999,3946.8999,610.36001,1273.895,60.3332728,518.9138727,955.84998,146.10001,1088.0,2705.0,,1501.000633,975.0,742.0,680.09998,2895.1001,386.60001,2392.3490211,642.40002,189.68411543,1041.05,1533.75,680.84998,,1725.15,1491.6,768.5,7451.0498,117.15,878.58,118.0,128.3625,941.67674775,1018.95,289.4,424.60001,666.40002,3188.3501,759.82155784,184.79936567,121.835,1046.1,1711.9,895.0,6905.1001,261.600005
2021-07-13 09:15:00,1343.54994492,702.0,3721.0,2985.3501,755.0,3954.55,614.0,1280.5,60.04993642,518.47215054,956.04999,146.64999,1085.8,2700.0,,1531.877222,964.0,742.05,683.54999,2896.3,390.0,2392.3490211,653.0,190.06169962,1044.0,1536.3,694.0,,1723.6,1501.35,773.65002,7404.0,118.1,880.055,118.6,128.41875,947.82749248,1036.05,284.61,428.29999,669.0,3175.0,757.45054108,186.03698407,122.31,1048.0,1717.45,900.90002,7080.9502,261.29999
2021-07-14 09:15:00,1355.77108938,695.34998,3708.8999,2984.2,764.0,3940.0,612.0,1285.15,60.2666062,516.9507067,961.09998,147.25,1073.5,2687.6001,,1556.9271,968.09998,745.55,688.0,2896.0,391.0,2371.67439993,658.20001,190.39206809,1048.5,1538.1,694.20001,,1735.6,1508.0,777.04999,7310.0,119.8,876.0,120.1,128.503125,944.74077188,1047.0,283.0,426.39999,681.0,3185.0,754.19036216,186.33884516,121.9,1048.0,1705.0,914.29999,7065.0,262.79999
2021-07-15 09:15:00,1351.50338814,695.5,3750.55,2971.1001,766.5,3930.3,610.2,1292.2,59.81660665,515.33107512,972.04999,145.64999,1074.24,2652.0,,1546.96691,990.79999,749.825,688.09998,2882.05,390.0,2363.79835377,661.09998,191.5247829,1050.0,1556.0,696.04999,,1740.0,1549.95,775.20001,7268.0,119.2,872.5,116.2,128.98125,943.49246575,1049.35,283.25,429.64999,681.29999,3194.0,754.289136,185.70494894,123.77,1076.4,1694.5,899.0,7101.75,279.5
2021-07-16 09:15:00,1346.50823783,685.25,3742.3999,2965.0,766.54999,3925.0,609.72002,1272.575,59.5666069,516.26358879,973.59998,145.3,1076.77,2607.8,,1541.887213,998.04999,759.4,692.15002,2880.0,399.35001,2368.72088262,657.70001,195.58372091,1042.0,1549.6,700.70001,,1740.0,1595.1,776.5,7272.7998,118.3,876.89745,115.75,129.65625,947.62326959,1047.1,288.8,427.45001,682.65002,3192.0,752.21449016,187.45573723,125.905,1083.05,1688.65,878.0,7182.6499,284.149995
2021-07-19 09:15:00,1292.67700628,661.40002,3765.0,2965.0,749.59998,3875.0,593.5,1264.32,59.21660392,519.5518722,971.25,144.0,1076.42,2571.0,,1538.699952,992.5,733.0,677.0,2870.1001,396.20001,2361.33708935,645.54999,194.78138401,1005.55,1537.55,694.0,,1712.0,1597.6,770.0,7151.1001,118.5,877.5,114.2,130.21875,949.73399638,1027.3,276.38,418.85001,678.04999,3176.0,749.39884292,184.73898742,125.37,1086.1,1674.9,860.0,7245.0,285.0
2021-07-20 09:15:00,1295.92627881,660.0,3817.3,2979.55,744.20001,3881.8999,586.8,1253.655,60.08327305,513.36790912,952.65002,141.7,1064.52,2537.6499,,1532.773639,969.34998,718.075,661.95001,2828.0,381.20001,2365.76736531,639.09998,194.82856197,980.0,1538.0,675.40002,,1696.0,1582.0,752.34998,7144.4502,118.2,885.05,111.6,129.909375,945.989078,1012.8,270.2,418.89999,673.90002,3156.1499,737.988192,181.75055658,122.5,1084.9,1662.5,838.0,7330.0,280.774995
2021-07-22 09:15:00,1300.19398005,666.70001,3890.0,3090.0,741.0,3781.6001,592.11499,1230.005,60.6666058,514.0059577,946.65002,143.25,1065.31,2529.0,,1566.937091,970.0,722.5,661.09998,2806.2,389.0,2338.69345664,648.29999,194.30941557,988.0,1561.4,689.04999,,1703.15,1591.55,755.65002,7246.2998,118.55,885.0,113.95,128.64375,952.41213503,1017.0,274.0,420.89999,675.54999,3190.0,745.99045384,181.75055658,124.8,1080.0,1682.2,865.04999,7290.0,285.5
2021-07-23 09:15:00,1344.51987702,677.20001,3913.0,3078.05,740.09998,3825.05,614.0,1294.505,60.53327594,522.93834337,946.95001,143.35001,1072.02,2542.0,115.0,1538.998758,982.59998,717.65,661.79999,2821.0,390.79999,2318.21573662,650.75,194.9229651,977.0,1585.05,712.0,,1694.15,1606.85,758.25,7277.0,118.3,894.1125,114.75,130.528125,954.18250548,1023.55,273.8,419.5,681.59998,3206.6499,756.758976,178.09804342,127.4,1115.1,1697.0,887.84998,7470.0,291.850005
2021-07-26 09:15:00,1350.1454832,674.45001,3930.0,3051.2,745.0,3830.0,613.0,1315.49,60.0666064,532.11612479,947.0,143.25,1079.96,2540.0,125.3,1534.91508,987.25,714.05,660.34998,2808.0,390.20001,2301.77449026,663.59998,198.98189367,978.29999,1594.1,701.0,,1673.35,1592.8,752.5,7180.0,118.05,900.54005,114.1,130.528125,940.13343284,1040.1,265.15,422.29999,695.20001,3190.8501,761.50105892,175.6831547,127.805,1116.55,1700.0,870.59998,7419.75,294.125
2021-07-27 09:15:00,1336.71192362,660.34998,4050.45,3021.3,729.09998,3812.0,617.5,1350.315,60.5999392,526.2757452,909.0,142.10001,956.0,2542.6499,127.75,1506.976747,983.84998,718.05,662.90002,2790.5,403.54999,2295.86745564,673.29999,196.29167357,963.04999,1597.9,703.29999,,1693.85,1584.25,742.65002,7160.8501,118.2,898.625,114.0,129.74061975,926.924039,1063.0,270.49,424.0,673.84998,3161.1499,754.783104,174.2342275,130.805,1104.05,1713.35,885.04999,7559.0,292.07501
2021-07-28 09:15:00,1337.14839306,654.20001,3985.5,2984.0,712.09998,3781.0,615.7,1375.5,60.8332723,527.94439704,886.65002,141.05,933.3,2523.0,123.55,1480.084234,977.29999,702.0,661.15002,2761.0,407.54999,2306.79556814,670.04999,195.81970513,979.0,1585.5,701.45001,,1646.0,1553.0,724.65002,7063.0,115.8,895.05,113.45,127.91249475,915.23535437,1093.0,270.02,421.04999,672.54999,3132.3999,730.28230108,171.2156166,130.62,1106.5,1715.6,898.45001,7510.0,291.5
2021-07-29 09:15:00,1354.9951437,657.95001,3993.2,2990.3,716.0,3750.0,626.40498,1394.01,62.64993714,554.59439513,872.0,141.89999,932.0,2518.0,132.2,1516.936937,985.54999,706.65,661.0,2740.0,416.79999,2293.8984441,683.09998,194.12060932,987.0,1600.1,723.04999,,1635.1,1586.0,726.09998,6936.0,115.25,889.0,113.3,125.3625,927.5595403,1124.05,270.8,425.5,680.70001,3190.3,739.470096,173.60030714,136.8,1115.1,1727.8,910.5,7636.0,293.95001
2021-07-30 09:15:00,1358.14742302,659.5,4007.5,2951.8999,707.15002,3753.1499,621.22002,1416.1,60.8332723,547.52698771,877.75,141.25,935.52,2509.0,131.0,1515.592311,1009.9,703.975,661.34998,2745.7,442.14999,2282.08437486,678.0,193.12949447,980.0,1606.15,733.54999,,1626.0,1585.0,731.84998,6964.8999,116.25,882.75255,113.8,126.15,921.97620745,1092.0,272.02,430.70001,696.15002,3162.3501,736.20991708,177.04152961,142.78,1175.0,1711.2,912.0,7592.0,292.5
2021-08-02 09:15:00,1381.28030361,678.0,4035.05,2960.6499,712.0,3813.2,617.0,1408.255,61.14993865,549.68648013,913.40002,143.10001,937.52,2535.3,135.14999,1552.445014,1023.05,708.125,665.40002,2765.25,442.70001,2288.58221139,677.70001,193.93183138,985.45001,1619.2,733.5,,1657.5,1602.05,744.59998,7031.0,117.0,883.75,114.8,126.975,926.53819893,1101.95,267.14,431.79999,764.09998,3167.0,747.47235784,178.46028277,140.55,1195.55,1725.0,922.90002,7621.2998,291.125
2021-08-03 09:15:00,1379.43743262,695.25,4064.05,2994.2,719.29999,3805.6499,620.6,1416.0,60.51660595,551.7477848,918.5,143.0,938.34,2587.1001,137.0,1538.351346,1024.0,705.0,666.59998,2784.3,440.20001,2290.05897005,676.65002,194.87576826,986.65002,1635.6,728.40002,,1665.0,1610.3,755.5,7086.1001,116.5,882.7,115.15,128.3250075,937.0012739,1094.8,266.6,433.60001,765.25,3218.95,750.38677892,179.72809935,139.035,1210.0,1777.15,934.04999,7608.3999,297.07501
2021-08-04 09:15:00,1380.26187491,692.0,4052.6499,3012.0,738.65002,3816.0,631.5,1415.61,58.26660821,559.79677521,927.0,144.14999,945.12,2635.5,135.25,1530.931004,1034.6,720.0,672.65002,2801.0,441.0,2330.86663576,693.20001,196.43327354,1016.9,1639.05,736.40002,,1685.0,1613.6,764.54999,7003.5,116.55,900.855,116.6,130.3875075,947.3508665,1125.0,263.02,441.5,779.70001,3261.2,746.03989016,179.42623826,140.51,1213.7,1795.0,920.75,7733.7998,297.149995
2021-08-05 09:15:00,1365.08243754,684.0,4036.0,2980.05,743.5,3813.6001,623.2,1396.16,58.03327844,566.86418263,932.0,142.2,948.4,2642.0,132.0,1518.928975,1033.7,728.7,668.20001,2785.0,432.89999,2317.52658258,699.04999,195.30053041,986.0,1647.05,740.5,,1752.55,1608.8,756.70001,7006.0,115.95,900.1,114.7,129.9375,955.18115038,1125.0,262.04,438.39999,783.29999,3262.5,748.16392292,176.73966852,138.75,1217.0,1763.2,898.0,7645.0,298.75
2021-08-06 09:15:00,1379.2434462,691.45001,4073.2,2961.45,738.79999,3797.25,621.1,1397.5,58.33327481,577.66159563,909.0,145.25,951.26,2734.7,130.10001,1514.148084,1043.0,737.0,669.0,2811.7,439.29999,2320.97235278,695.70001,200.68098949,998.20001,1644.0,755.70001,,1756.15,1608.3,755.0,7042.5498,116.45,899.0,116.15,130.9125,943.60594813,1127.45,262.49,434.0,781.54999,3265.0,762.686592,179.69790117,142.6,1243.05,1778.0,912.25,7506.1499,298.149995
2021-08-09 09:15:00,1437.92433825,694.09998,3990.0,2973.05,739.75,3837.05,613.60498,1400.76,54.11661571,586.54491197,897.40002,142.35001,951.86,2717.0,127.25,1500.552424,1043.5,738.0,666.0,2825.0,428.79999,2338.05362634,694.34998,200.77537374,1028.05,1646.4,742.45001,,1762.1,1590.0,761.5,7038.0,116.55,901.0325,114.3,130.5375,938.04531175,1128.85,259.0,431.0,782.0,3310.0,753.795168,178.73194568,140.54,1266.0,1777.75,916.65002,7474.0,297.75
2021-08-10 09:15:00,1383.17167121,683.25,4000.0,2960.55,755.0,3785.1001,614.20498,1400.4,55.89994392,587.37928697,905.0,140.75,946.71,2709.1001,122.1,1472.066281,1048.0,744.5,663.29999,2790.0,423.25,2322.54766046,697.29999,196.8580357,1031.4,1661.05,719.59998,,1779.3,1572.0,775.15002,6995.0,113.65,904.255,113.9,128.5125075,941.33630062,1120.15,254.07,421.70001,782.20001,3315.6001,751.86868292,175.6831547,136.72,1282.4,1793.35,920.70001,7426.0,296.54999
2021-08-11 09:15:00,1364.6944647,684.54999,3915.0,2952.55,752.5,3695.2,605.7,1385.275,55.09994472,602.39749706,891.04999,141.14999,938.0,2698.0,123.0,1474.10812,1057.15,745.525,661.34998,2751.25,429.04999,2325.59952989,690.0,195.81970513,1020.0,1668.0,727.0,,1762.15,1562.75,767.5,6925.1499,114.55,901.2675,114.85,129.4125,945.71667491,1113.1,248.76,423.14999,773.29999,3327.1001,742.927872,172.93622481,138.42,1298.35,1773.55,852.0,7366.7002,299.225005
2021-08-12 09:15:00,1387.24538603,700.0,3975.3501,2958.0,753.34998,3736.0,615.125,1413.0,56.66660981,605.63671114,903.70001,143.7,938.1,2601.0,132.05,1482.723684,1068.0,744.65,665.40002,2775.0,433.85001,2340.61324289,693.29999,196.66925776,1027.25,1674.0,741.40002,,1762.0,1582.0,773.75,6985.0,116.5,904.0,115.3,132.225,955.5215975,1128.55,257.45,425.0,773.15002,3326.0,753.795168,179.4865984,141.655,1317.75,1781.0,880.09998,7432.8501,300.32501
2021-08-13 09:15:00,1385.0630388,699.04999,4038.2,2973.1001,754.20001,3760.0,613.1,1426.5,57.51660896,606.71643281,892.34998,143.2,926.4,2523.25,132.10001,1479.586224,1090.2,750.5,668.59998,2752.0,435.5,2350.99977876,701.0,197.47159467,1021.6,1691.3,732.40002,,1773.85,1625.0,772.59998,6973.8501,117.2,906.58495,115.35,137.7000075,957.31461902,1131.05,257.66,425.0,767.65002,3357.5,764.95883492,182.95800095,139.065,1365.9,1818.75,876.65002,7432.0,303.0
2021-08-16 09:15:00,1371.04751995,702.0,4125.1499,2960.0,756.0,3744.0,610.38501,1430.9,57.48327566,620.36045614,886.04999,141.75,921.8,2482.0,132.25,1481.478661,1114.35,760.725,666.0,2741.8,436.20001,2355.57763214,698.65002,198.69871261,1016.1,1690.1,739.20001,,1771.75,1653.35,780.25,6810.0,118.1,908.8575,114.7,135.2999925,966.03002003,1128.35,256.37,424.0,771.04999,3436.5,790.44757384,182.95800095,147.22,1360.25,1817.0,865.95001,7332.0498,305.25
2021-08-17 09:15:00,1373.61784002,686.04999,4332.25,2973.1001,749.29999,3741.55,630.5,1436.005,57.43327571,611.52620914,889.90002,137.2,932.23,2471.2,130.60001,1454.287342,1112.55,752.65,668.09998,2713.0,429.0,2393.38275216,691.5,197.09401992,993.29999,1686.55,735.84998,,1777.05,1625.05,782.0,6746.3999,116.2,915.07,112.7,135.75,974.97252197,1123.55,253.0,415.25,778.20001,3463.0,795.28848,176.76984859,149.175,1370.5,1828.65,867.0,7298.0498,305.600005
2021-08-18 09:15:00,1389.52472646,688.70001,4762.0498,2992.55,750.5,3775.0,640.60498,1473.67,57.74994206,609.41578606,900.0,138.0,935.0,2526.0,133.3,1474.10812,1131.6,754.175,668.5,2752.5,424.39999,2415.97715958,683.59998,196.66925776,987.0,1727.0,732.90002,,1745.6,1627.1,786.90002,6820.0,116.1,937.50255,112.9,135.1124925,977.12868709,1100.2,255.29,418.0,779.29999,3536.6001,820.13509016,176.64911623,148.82,1404.25,1860.0,878.65002,7406.0,312.29999
2021-08-20 09:15:00,1368.5741931,680.79999,4697.2002,3001.5,736.20001,3725.8,645.56499,1480.005,56.76660971,595.82088114,887.0,135.0,901.6,2521.25,133.0,1469.128025,1107.2,743.025,656.0,2681.2,401.10001,2437.63628652,675.34998,195.11175248,970.65002,1716.1,681.5,,1697.0,1590.0,776.25,6780.0,113.45,927.7625,108.5,132.7875,970.0473415,1100.5,250.0,405.14999,743.34998,3500.0,816.72670108,169.64593289,136.28,1370.65,1857.95,871.75,7435.5498,309.0
2021-08-23 09:15:00,1320.61105076,665.0,4720.2002,3051.0,734.40002,3647.1499,669.7,1506.5,56.38327343,596.40981131,888.65002,132.75,900.0,2535.0,124.75,1426.299208,1126.05,754.325,662.29999,2656.5,399.5,2554.30022027,673.84998,194.45099666,964.09998,1732.0,664.0,,1700.0,1567.9,763.65002,6801.0,112.2,977.8825,108.5,130.65,967.91387285,1118.6,243.2,401.25,750.79999,3561.8999,813.071328,166.0235998,131.075,1409.0,1847.85,866.15002,7288.0,311.75
2021-08-24 09:15:00,1348.205619,668.5,4750.6499,3034.55,731.5,3653.7,672.79502,1526.0,58.13327168,605.68578047,897.65002,134.0,889.14,2518.0,120.5,1434.914772,1150.0,763.725,668.09998,2652.0,412.54999,2569.5600597,680.40002,193.22387872,987.0,1712.7,683.0,,1691.6,1582.8,761.59998,6740.6001,113.65,983.25,112.1,131.5875,978.49047559,1130.65,246.26,408.20001,754.25,3594.3999,817.023072,162.06922555,137.7,1420.0,1852.6,876.20001,7370.7002,312.04999
2021-08-25 09:15:00,1382.1532425,695.40002,4750.0,3012.6001,735.20001,3680.0,692.1,1585.0,59.09994071,599.74721314,905.95001,136.5,904.67,2541.2,123.1,1440.343076,1140.3,774.0,673.0,2670.0,423.70001,2580.0449477,687.15002,194.45099666,998.20001,1718.0,680.0,,1694.0,1590.0,770.54999,6700.0,113.8,989.3,113.3,131.2875,989.61174834,1150.15,251.88,414.29999,759.59998,3607.05,823.197672,170.52133609,138.075,1450.0,1820.0,890.34998,7370.0,314.774995
2021-08-26 09:15:00,1416.48883884,717.70001,4646.3999,3026.2,732.34998,3670.0,685.5,1567.83,59.79993667,573.53893722,906.29999,136.35001,897.28,2546.5,124.35,1424.356971,1155.0,771.725,690.0,2642.5,420.79999,2590.23468087,690.0,192.89351025,998.09998,1720.0,669.29999,,1688.9,1585.0,767.25,6591.0,111.95,990.27755,114.4,128.7000075,1000.9145475,1144.85,251.39,410.0,759.25,3647.8999,824.48197892,170.03834627,136.5,1444.0,1805.25,919.95001,7301.0,313.0
2021-08-27 09:15:00,1429.77690861,722.25,4676.3501,3020.5,741.0,3679.0,687.2,1578.005,60.4332727,574.27512447,907.5,137.05,901.2,2547.6001,124.1,1437.205616,1159.5,772.625,698.84998,2636.0,427.0,2610.0233453,689.04999,193.41265666,987.0,1705.2,671.75,,1695.0,1598.05,765.0,6600.0,112.1,994.8,114.95,128.8125,1005.93046848,1145.3,251.53,407.5,758.09998,3651.1001,833.817984,170.06854445,137.585,1431.2,1797.0,940.0,7318.2002,312.649995
2021-08-30 09:15:00,1448.39960493,727.09998,4721.6001,3048.05,754.0,3705.0,698.0,1626.0,61.2332719,579.2321088,920.45001,138.60001,915.61,2545.8,127.55,1456.179778,1154.55,775.8,706.09998,2680.0,440.64999,2630.20571358,700.90002,194.45099666,991.29999,1690.4,683.04999,,1715.95,1645.1,783.0,6653.8501,113.25,984.2125,116.75,129.6,1015.3495056,1176.55,256.64,413.5,768.15002,3687.6001,839.7456,175.01905426,139.8,1415.9,1831.8,951.0,7571.0,315.274995
2021-08-31 09:15:00,1467.31328088,728.09998,4766.1001,3103.05,778.40002,3705.6001,713.0,1642.825,61.21660192,613.48937514,930.29999,143.25,930.1,2545.0,131.35001,1461.807285,1162.05,781.1,704.09998,2701.1001,444.79999,2634.19276505,709.34998,195.63091776,990.0,1685.85,680.45001,,1739.05,1645.0,781.29999,6763.5498,114.7,967.5,119.05,131.2125,1017.82342138,1171.65,264.1,418.70001,783.70001,3703.45,846.11779708,172.72492205,143.2,1406.95,1875.55,976.0,7666.6499,314.45001
2021-09-01 09:15:00,1514.54897415,737.59998,4945.2998,3215.0,795.40002,3730.1001,748.33501,1674.015,62.18327095,641.95528215,920.0,143.89999,937.4,2662.05,130.7,1474.307324,1161.75,787.25,707.29999,2730.6001,455.04999,2672.93316555,717.20001,197.56598836,993.0,1673.15,675.0,,1738.0,1672.2,768.90002,6702.3501,114.75,977.605,119.4,130.9874925,1027.2424585,1183.9,264.54,425.14999,787.0,3707.0,842.01784292,173.44937659,140.7,1427.5,1915.0,988.20001,7691.5,317.625
2021-09-02 09:15:00,1518.42870255,744.0,5013.0,3266.6499,792.40002,3717.0,744.50498,1661.0,63.24993654,651.82018149,923.40002,141.2,962.0,2686.55,131.5,1479.088215,1154.0,785.625,720.0,2702.6001,455.70001,2687.84832951,717.5,197.28280729,995.20001,1662.65,678.0,,1744.0,1682.0,750.0,6708.2002,115.0,988.05,118.0,130.65,1023.6110225,1224.2,265.32,427.75,788.29999,3722.0,851.65021892,176.10576626,141.0,1421.2,1946.85,985.54999,7761.0498,320.375
2021-09-03 09:15:00,1504.89814975,745.29999,4967.0,3286.5,787.70001,3725.0,746.175,1656.0,63.51660294,641.95528215,930.65002,141.75,972.46,2713.0,135.60001,1486.558357,1158.25,784.15,727.20001,2732.0,450.0,2713.29790212,721.09998,197.99075995,996.54999,1684.4,682.40002,,1777.55,1672.1,745.09998,6751.6001,116.5,1005.05255,118.8,130.7999925,1045.17267375,1226.0,266.62,428.20001,784.0,3804.55,851.74904216,176.28687688,141.645,1425.1,1970.1,984.15002,7872.0,324.75
2021-09-06 09:15:00,1518.9621652,747.25,4972.0,3305.8999,795.34998,3770.0,748.51001,1667.5,64.91660154,641.36635198,942.65002,144.3,974.29,2802.6001,143.25,1505.980728,1174.0,780.975,728.70001,2801.0,461.70001,2732.29886348,720.0,197.33000414,991.0,1699.35,681.59998,,1770.0,1690.2,747.04999,6838.0,115.9,1008.0,121.15,129.75,1094.877954,1233.5,268.01,430.04999,779.75,3814.0,852.588768,178.70176561,142.315,1436.1,2006.15,995.70001,7929.8999,328.32501
2021-09-07 09:15:00,1506.3045513,741.65002,4860.0,3323.8501,782.04999,3762.1499,740.72002,1663.0949,64.44993867,636.06578415,944.04999,145.55,971.11,2806.0,138.55,1508.71978,1180.1,777.6,730.59998,2791.0,460.89999,2727.0809829,711.65002,198.36832526,984.15002,1704.0,682.5,,1746.0,1679.45,748.09998,6853.7002,115.25,1008.3075,119.55,129.3375,1094.877954,1228.25,265.2,425.10001,766.59998,3808.25,854.51525308,175.62277644,142.065,1432.3,2012.7,993.25,7911.5,336.375
2021-09-08 09:15:00,1491.99805282,738.25,4792.1001,3297.0,783.0,3718.0,741.10498,1652.9,64.74993504,652.75269515,940.0,146.3,972.26,2762.25,139.05,1546.219896,1167.05,782.8,733.84998,2780.0,455.20001,2722.25700308,715.0,197.94356311,992.40002,1682.95,681.70001,,1755.0,1658.0,749.0,6756.0,112.4,989.25,117.5,127.65,1092.44938578,1211.95,267.67,427.35001,763.54999,3756.0,845.22863492,176.04539405,141.86,1419.85,2015.05,995.0,7945.25,330.0
2021-09-09 09:15:00,1488.8942701,742.0,4685.0,3305.0,784.20001,3695.0,738.0,1648.4051,65.16660129,654.76493049,926.0,148.0,975.42,2772.0,140.0,1563.74983,1183.0,780.5,735.0,2763.0,456.0,2738.89505214,717.59998,198.74590945,993.5,1682.15,683.04999,,1806.8,1655.2,747.54999,6740.0,113.5,992.02,118.2,128.9249925,1096.73911034,1168.0,267.09,430.0,771.45001,3765.0,862.02354692,177.22264022,142.0,1414.0,2021.05,1010.3,7900.0,327.0
2021-09-13 09:15:00,1479.38893552,740.5,4681.3501,3330.3501,783.5,3680.0,735.2,1658.0,65.2165979,673.21868107,942.54999,149.3,974.62,2777.05,142.0,1573.261811,1176.45,776.825,723.45001,2770.0,468.54999,2732.00351175,705.20001,199.92583055,992.65002,1675.2,687.5,,1794.75,1660.5,740.34998,6813.2998,114.15,1011.5,121.1,129.525,1074.92775248,1153.35,262.15,428.79999,771.65002,3767.0,860.19588508,178.39990452,143.65,1420.35,2021.15,998.25,7905.0,328.92499
2021-09-14 09:15:00,1452.03685031,745.45001,4696.7002,3356.8501,790.0,3690.0,740.8,1679.5801,64.89993489,676.40882583,949.59998,153.35001,984.75,2809.6499,136.2,1587.654286,1207.0,773.3,736.09998,2800.0,473.20001,2708.42459856,706.5,202.19127905,997.59998,1678.6,692.25,,1845.15,1675.4,744.65002,6851.1001,114.8,1009.0,122.8,130.125,1073.997197,1158.05,268.84,432.25,777.29999,3825.0,867.01261384,182.44484917,144.9,1429.5,2032.05,1000.05,7850.0,335.0
2021-09-15 09:15:00,1451.89136049,753.59998,4686.5498,3346.95,787.0,3758.05,738.0,1680.2,67.56659888,683.32902524,948.29999,154.25,983.78,2801.2,140.75,1583.67021,1230.25,767.5,740.0,2860.0,474.35001,2706.45558702,706.29999,203.22960962,1027.5,1690.2,687.04999,,1858.0,1697.0,746.5,6880.0,116.0,1004.395,124.25,130.3125,1075.13202075,1165.5,268.4,431.45001,778.79999,3866.0,859.998288,184.79936567,144.44,1437.95,2060.0,987.0,7790.0,335.0
2021-09-16 09:15:00,1454.65566698,760.0,4792.0498,3335.0,789.09998,3780.05,733.05,1662.5,68.24993153,702.22449799,950.20001,157.55,983.31,2843.55,141.5,1567.733906,1255.2,768.15,743.5,2881.8999,480.45001,2709.35987904,712.84998,204.1735465,1071.0,1691.45,688.0,,1868.0,1709.25,751.34998,6870.0,123.0,998.5,127.4,133.725,1074.4511265,1168.0,272.62,442.75,778.29999,3892.1001,860.83801384,185.73512298,143.125,1440.0,2095.05,990.15002,7730.0,332.5
2021-09-17 09:15:00,1421.67797558,760.0,4864.4502,3285.05,797.25,3810.45,736.0,1675.0051,66.89993288,707.72134316,948.04999,155.39999,973.81,2864.3,137.14999,1556.130285,1258.5,779.6,740.0,2896.6499,470.10001,2657.18107323,714.0,216.25594796,1112.35,1684.45,668.70001,,1913.0,1706.1,749.15002,6950.0,121.55,1005.00255,124.75,132.5625,1078.35496559,1183.45,271.12,450.35001,766.65002,3805.0,855.84894692,184.73898742,136.0,1436.6,2080.0,964.0,7660.75,331.375
2021-09-20 09:15:00,1367.5557644,746.09998,4781.7002,3265.0,791.5,3735.0,732.075,1670.01,67.01659943,707.03422525,929.79999,152.8,949.64,2756.6499,133.25,1522.464842,1250.0,779.0,727.0,2873.55,442.39999,2668.05986199,706.5,217.34146593,1084.6,1677.95,628.09998,,1981.35,1699.95,732.20001,6906.2002,121.8,1005.05,125.05,131.3250075,1075.812915,1174.0,262.15,435.64999,751.59998,3807.8501,844.68528,179.4865984,124.735,1426.35,2070.55,953.0,7545.6499,326.70001
2021-09-21 09:15:00,1339.81570634,734.04999,4790.1499,3271.0,772.29999,3696.0,740.1,1681.4051,67.19993591,708.70292616,933.0,153.45,949.05,2788.8,131.0,1520.622207,1277.0,764.475,724.25,2814.3999,438.79999,2753.31796322,694.40002,218.7101744,1085.0,1684.65,628.70001,,1996.1,1692.4,729.54999,6741.0,122.1,1000.1075,129.10001,131.5875,1082.167928,1170.9,257.15,432.64999,751.04999,3821.6499,840.733536,176.95097732,123.29,1420.4,2062.1001,956.25,7514.5,328.54999
2021-09-22 09:15:00,1381.52278663,742.0,4869.8999,3288.25,786.0,3722.05,777.1,1750.5,67.93326518,710.76423083,951.65002,155.0,962.41,2825.0,131.3,1540.791592,1299.6,765.0,731.0,2825.1001,452.20001,2731.01900598,702.25,227.20560629,1128.2,1713.05,666.20001,,1978.8,1706.0,738.45001,6785.0,124.0,990.505,132.45,131.85,1088.63642338,1177.75,265.4,436.10001,764.5,3852.45,841.62269816,182.92782087,128.31,1456.5,2073.3999,975.95001,7576.8999,331.5
2021-09-23 09:15:00,1397.76914931,750.54999,4905.0,3315.0,792.54999,3757.1499,780.46499,1768.2051,68.84993092,709.88083558,959.5,163.10001,954.0,2843.3999,133.05,1567.186096,1313.9,771.0,722.20001,2847.25,468.0,2729.8869228,707.15002,228.14954317,1147.0,1721.1,674.09998,,1990.9,1715.05,752.75,6821.0,124.65,991.0,134.39999,132.75,1110.08459225,1198.5,269.31,442.04999,766.09998,3835.0,838.80705092,189.08579316,130.605,1504.0,2076.6001,986.09998,7580.0,335.70001
2021-09-24 09:15:00,1411.2512055,743.0,4711.5498,3320.8501,795.09998,3787.05,772.56499,1831.74,67.86660191,714.59242417,960.45001,162.89999,955.61,2861.5,136.05,1608.570685,1337.0,787.5,720.75,2817.3501,473.60001,2689.07896173,716.54999,224.37379566,1141.25,1752.45,650.75,,2013.9,1750.0,752.54999,6848.0,123.95,990.0,134.5,131.85,1122.113724,1207.6,270.21,440.0,762.0,3855.0,823.938624,190.8063893,125.845,1511.05,2085.0,978.0,7500.0,337.5
2021-09-27 09:15:00,1418.0407302,736.40002,4464.1001,3417.6499,792.79999,3822.8,774.00498,1793.0051,67.58326553,718.15002,952.29999,165.35001,946.6,2868.3501,138.0,1615.742022,1290.05,804.0,718.29999,2841.0,472.29999,2662.59585497,722.29999,222.29713453,1144.9,1718.1,646.29999,,2025.5,1737.0,783.04999,6974.0,124.5,980.055,137.5,131.3250075,1123.61169135,1208.85,262.8,442.25,760.09998,3802.8999,818.998944,195.09281679,126.105,1459.2,2077.2,982.70001,7526.0498,325.5
2021-09-28 09:15:00,1430.6498475,733.0,4376.0,3350.0,778.0,3875.3999,742.50498,1743.01,68.04992839,686.0,950.79999,168.14999,951.02,2864.5,137.64999,1634.566781,1254.0,791.0,721.5,2891.0,475.04999,2667.91208767,706.59998,223.05228404,1119.0,1675.0,648.09998,,2012.9,1719.0,796.25,7333.5,127.35,972.95255,141.0,132.0750075,1140.6340476,1202.3,258.52,439.60001,754.95001,3751.25,807.143712,195.90784777,126.3,1408.4,2083.05,993.95001,7550.0,317.625
2021-09-29 09:15:00,1420.27157403,736.0,4400.0,3310.0,778.5,3850.0,745.61499,1730.7801,67.89993188,689.15002,965.15002,172.8,958.33,2835.0,136.5,1628.540866,1258.8,792.575,721.0,2865.5,473.39999,2635.52194629,701.29999,222.48592191,1114.1,1655.0,653.59998,,2020.15,1716.6,799.0,7291.0,130.60001,971.0825,139.35001,136.8375,1143.92503648,1196.8,257.2,439.10001,771.34998,3722.1499,801.216096,195.60598668,126.72,1372.75,2110.05,970.0,7440.0,313.67499
2021-09-30 09:15:00,1419.35013853,736.0,4383.6499,3220.0,764.84998,3812.0,749.08999,1741.2199,67.23326588,686.79999,976.34998,184.10001,973.09,2771.55,136.14999,1653.39154,1268.85,791.55,720.70001,2827.2,485.60001,2640.39524985,698.79999,222.06115031,1107.0,1670.1,666.34998,,1996.8,1697.0,801.29999,7301.0498,139.10001,965.8075,141.35001,141.4874925,1134.98267072,1196.75,258.6,451.39999,806.59998,3750.1001,801.06788584,198.68497584,128.385,1377.0,2136.3,1001.25,7371.0,316.274995
2021-10-01 09:15:00,1379.87390207,722.0,4435.0,3170.0,754.0,3802.6499,747.5,1705.0,66.3832634,667.65002,973.09998,182.39999,970.45,2752.2,137.0,1628.989075,1260.65,782.625,714.29999,2802.25,473.45001,2638.57401263,687.90002,219.84288921,1091.3,1661.25,658.90002,,1971.9,1687.5,787.0,7090.0,137.7,962.60255,144.10001,142.2374925,1132.5541025,1199.4,254.66,443.79999,805.29999,3725.0,786.397056,196.63232042,126.5,1364.8,2122.6499,1020.0,7356.2002,315.100005
2021-10-04 09:15:00,1416.19785921,736.04999,4440.8501,3178.0,770.29999,3821.25,756.01499,1730.1,67.24993253,669.70001,954.90002,188.3,990.0,2708.0,138.0,1614.546799,1273.75,791.8,725.0,2850.0,481.0,2638.18011187,694.04999,222.20273141,1106.0,1665.4,662.09998,,1988.0,1684.05,828.09998,7131.7998,140.5,968.10255,147.0,142.5375,1151.64183798,1206.05,259.21,451.60001,826.45001,3707.45,792.077688,202.33748296,128.04,1372.05,2138.0,1020.75,7495.0,317.975005
2021-10-05 09:15:00,1466.87681143,742.0,4469.0498,3191.6499,771.20001,3820.0,763.41001,1752.5,68.18326493,680.40002,928.45001,190.39999,994.0,2729.05,137.14999,1616.538837,1262.2,788.125,722.04999,2840.0,494.20001,2644.38249822,691.84998,221.35319766,1108.65,1663.0,677.15002,,1975.5,1706.0,835.04999,7155.6499,144.2,967.2425,149.0,142.0125075,1156.31735722,1227.0,264.86,458.70001,814.95001,3741.6001,790.05242908,204.5712671,131.015,1381.0,2130.0,1040.25,7450.1001,317.024995
2021-10-06 09:15:00,1427.7400512,721.84998,4356.0,3200.6499,776.0,3760.0,768.5,1755.7949,65.99993378,688.20001,911.15002,191.7,981.36,2713.6001,133.7,1585.662248,1271.8,793.5,724.0,2781.0,474.0,2634.53744052,688.34998,217.67185328,1126.7,1670.0,655.54999,,1942.1,1690.0,829.0,7164.25,142.8,953.9,165.8,140.0625,1158.01959284,1205.4,259.69,453.64999,797.29999,3795.0,793.312608,202.24693067,127.315,1379.95,2135.1001,1036.05,7346.0,317.20001
2021-10-07 09:15:00,1445.198829,726.54999,4381.0,3220.0,774.09998,3785.0,773.8,1742.5,66.83326628,691.29999,898.0,189.25,976.59,2746.1001,136.05,1583.67021,1284.05,803.5,719.29999,2810.0,473.0,2624.69238282,693.45001,219.27653653,1140.05,1676.65,659.0,,1949.25,1700.0,837.15002,7225.25,142.25,947.7675,159.5,140.7000075,1165.55477715,1207.2,263.16,457.10001,804.09998,3820.05,811.44121384,204.81274994,128.355,1375.65,2250.0,1055.05,7311.9502,318.45001
2021-10-08 09:15:00,1466.00387255,733.5,4365.6001,3264.1001,776.0,3806.1001,771.2,1746.0,66.46659665,688.90002,911.65002,184.10001,964.2,2814.5,135.7,1585.313641,1294.05,800.075,720.29999,2840.0,472.64999,2584.72135011,698.29999,218.23820596,1158.4,1698.4,664.5,,1931.0,1720.0,872.54999,7401.1499,140.3,946.87755,160.5,140.25,1171.81900425,1191.95,264.69,454.25,818.59998,3900.0,802.64861308,229.41442882,129.635,1418.5,2353.0,1088.1,7328.0,322.5
2021-10-11 09:15:00,1486.08146702,736.5,4360.0,3297.75,779.0,3830.3501,775.2,1760.7,66.7165964,685.0,910.0,191.64999,965.58,2828.25,136.14999,1600.552732,1235.65,799.5,714.90002,2843.2,476.25,2594.66495684,700.29999,218.7101744,1170.0,1663.7,666.70001,,1945.0,1715.0,879.0,7419.7998,141.45,950.1325,162.7,141.975,1200.80244822,1199.95,265.18,458.64999,817.79999,3660.0,803.191968,234.24420627,129.8,1385.6,2357.55,1095.65,7309.7002,317.5
2021-10-12 09:15:00,1468.96216545,728.84998,4293.2998,3280.0,785.45001,3858.0,775.0,1763.1,68.18326493,684.20001,907.84998,191.25,971.2,2852.05,135.5,1622.066742,1236.3,812.5,699.0,2855.25,487.45001,2584.32764625,704.40002,224.65697673,1160.05,1662.0,665.40002,,1965.0,1700.0,877.0,7630.0498,143.8,948.50255,162.75,143.7374925,1198.94129188,1198.15,264.0,468.10001,823.70001,3630.6001,803.78470984,249.69950014,130.5,1361.0,2342.6499,1095.0,7193.0,321.274995
2021-10-13 09:15:00,1504.65566673,739.09998,4340.0,3291.3999,793.20001,3956.6001,786.12998,1814.86,69.03326741,683.09998,912.04999,189.35001,978.02,2855.25,134.35001,1616.339633,1243.45,815.0,700.0,2907.05,495.0,2601.65504625,707.95001,226.68643157,1175.25,1680.05,671.0,,1994.55,1724.05,893.0,7436.5498,144.7,961.30255,159.7,145.6124925,1211.67401435,1184.4,265.21,478.0,827.25,3645.0,808.18103492,279.46299159,131.805,1377.0,2490.0,1103.6,7260.0,328.0
2021-10-14 09:15:00,1527.44907108,764.25,4312.3501,3290.0,788.0,3954.2,781.23501,1821.51,69.68326342,681.84998,909.90002,182.3,982.81,2845.0,133.7,1673.31192,1244.05,819.0,693.0,2900.0,508.35001,2579.4051174,709.04999,236.3146066,1161.8,1698.2,682.95001,,1985.0,1767.45,922.20001,7445.0,146.85001,961.25,158.64999,148.6875,1219.7993524,1173.8,271.36,482.0,838.25,3608.2,835.793856,297.0313131,135.4,1410.5,2532.3501,1145.0,7340.0,347.5
2021-10-18 09:15:00,1560.18427945,807.0,4321.6499,3232.0,802.04999,3861.0,780.07998,1855.2801,68.33326478,679.65002,899.5,183.39999,973.13,2812.8501,135.89999,1739.049174,1215.0,833.525,689.04999,2896.2,526.5,2602.0979754,732.04999,242.92216474,1196.05,1740.0,695.5,,2007.95,1782.0,908.29999,7405.0,148.7,961.0,161.2,151.6124925,1208.49650785,1185.55,276.05,491.70001,832.15002,3601.45,831.89149892,304.03449644,139.11,1420.0,2575.5,1145.7,7301.3999,351.20001
2021-10-19 09:15:00,1515.0824368,785.0,4226.6499,3176.1001,798.5,3892.25,767.1,1860.05,68.58326453,675.45001,903.25,183.60001,958.0,2687.25,137.25,1704.736319,1225.0,835.5,698.54999,2865.5,526.04999,2481.44679329,738.75,231.31173171,1185.6,1782.3,688.45001,,1992.1,1802.05,901.20001,7585.0,148.10001,964.20255,158.0,147.75,1229.241086,1186.55,276.74,483.25,825.65002,3625.2,829.96501384,287.40193828,135.755,1477.05,2468.75,1094.2,7153.0,354.0
2021-10-20 09:15:00,1492.82249511,777.5,4135.0,3136.6499,792.0,3828.0,757.5,1840.425,67.61660216,681.40002,900.0,177.39999,943.6,2616.3,133.85001,1675.104754,1220.4,832.225,695.29999,2802.0,510.5,2431.7292519,741.90002,228.76311158,1172.45,1794.05,675.40002,,1998.2,1796.3,894.65002,7515.0,145.3,952.52245,153.64999,145.0125075,1221.75124925,1155.9,281.36,483.10001,807.5,3578.3,812.62674692,284.50407784,132.665,1515.8,2403.0,1085.0,7092.25,347.875
2021-10-21 09:15:00,1534.14160257,775.29999,4075.25,2920.45,792.29999,3769.5,768.5,1834.6699,67.68326543,689.20001,901.59998,178.89999,920.0,2596.3999,135.8,1683.321911,1189.0,830.425,691.0,2725.0,491.60001,2390.38000956,737.40002,229.47106424,1165.2,1746.85,655.09998,,2022.0,1791.05,893.40002,7485.0,145.89999,952.83495,154.55,145.125,1181.6692744,1138.05,288.23,491.75,810.04999,3511.25,798.252288,293.25804947,128.97,1476.05,2380.05,1067.05,7085.0,340.850005
2021-10-22 09:15:00,1490.7856377,753.90002,4002.3501,2912.1499,806.79999,3813.05,766.5,1855.0,66.66659978,684.25,889.34998,175.3,918.65,2600.8,135.8,1703.292092,1186.0,835.375,678.0,2727.45,464.5,2392.3490211,753.34998,220.59804815,1176.8,1707.0,658.04999,,2122.75,1781.35,885.09998,7386.5498,144.0,942.5,154.5,143.4375,1185.43688925,1141.7,297.07,500.0,800.15002,3485.0,780.46944,294.25418503,127.1,1483.75,2398.0,1043.4,7100.0,339.125
2021-10-25 09:15:00,1449.12705401,738.54999,3955.0,2857.25,825.45001,3735.0,735.05,1800.0,64.58326854,675.0,890.0,173.0,907.4,2532.0,131.55,1662.505114,1157.15,806.9,676.5,2679.05,459.35001,2372.6589057,798.40002,217.57745015,1156.7,1687.2,653.04999,,2115.05,1760.35,883.0,7219.6499,143.14999,930.2175,158.89999,142.875,1166.598815,1126.3,295.71,497.85001,795.54999,3450.0,764.26726984,285.71152221,126.725,1483.8,2340.0,1009.15,7007.0,330.399995
2021-10-26 09:15:00,1475.16973089,740.04999,4135.5498,2898.0,823.5,3762.25,765.11001,1797.5051,67.03326941,689.0,900.0,171.75,927.4,2571.95,133.0,1697.465381,1153.25,823.175,684.09998,2685.0,472.54999,2379.59967138,822.34998,219.55972703,1137.7,1695.9,674.5,,2123.7,1781.55,884.0,7210.2002,142.45,931.94745,160.3,142.275,1181.64653253,1134.0,299.32,507.60001,806.29999,3475.0,776.61646984,291.74874402,130.145,1543.0,2371.0,1016.5,7150.0,332.5
2021-10-27 09:15:00,1493.695434,743.65002,4215.1499,3029.2,785.65002,3760.0,746.1,1777.0,68.68326443,694.0,902.45001,172.8,929.41,2572.1499,134.5,1715.841931,1161.5,818.65,688.34998,2682.0,475.64999,2354.10087348,824.20001,222.95789035,1122.0,1701.15,682.09998,,2176.6001,1775.1,883.5,7244.0,140.85001,945.57755,157.0,141.4125,1189.27259352,1175.3,303.4,512.75,815.79999,3483.0,799.88240216,299.44620183,132.125,1527.5,2452.2,1026.25,7234.0,331.725005
2021-10-28 09:15:00,1326.57613317,681.15002,4225.0,3062.0,754.65002,3688.8501,735.33999,1780.2,66.63326315,684.40002,886.29999,165.95,910.21,2518.75,131.5,1685.811958,1146.8,793.575,680.20001,2660.0,453.45001,2331.30966336,796.25,211.58344154,1169.25,1692.05,664.04999,,2090.3999,1791.0,877.90002,7235.0498,136.3,942.675,148.7,138.9375,1175.90436975,1158.1,293.91,497.60001,803.04999,3415.0,796.22702908,288.91124373,129.11,1526.0,2360.0,1000.0,7354.0,327.5
2021-10-29 09:15:00,1336.32395078,687.0,4161.0498,3083.3,714.0,3665.0,731.30498,1713.9551,61.14993865,677.04999,885.25,163.3,905.21,2471.55,130.5,1668.780034,1138.0,780.0,675.5,2639.0,456.64999,2336.23219221,783.90002,209.83716776,1123.6,1661.05,663.0,,2015.0,1735.8,862.0,7294.8501,128.55,937.9075,146.0,135.975,1135.59543015,1142.1,285.0,488.39999,779.34998,3385.95,784.56939416,282.36087014,129.0,1467.8,2346.55,989.5,7343.0,322.125
2021-11-01 09:15:00,1368.76817952,690.0,4258.0,3091.6499,740.0,3681.6001,722.0,1717.1,65.43326769,689.59998,902.20001,163.8,925.81,2478.1001,132.0,1712.355865,1143.5,791.775,680.34998,2642.0,463.35001,2331.5557898,793.0,210.02595513,1146.05,1676.0,672.5,,2034.8,1751.2,860.40002,7401.0,130.89999,936.79745,148.39999,138.4125,1132.14561134,1138.55,277.87,501.0,787.0,3412.95,796.276416,283.62867464,133.0,1487.05,2390.3501,996.65002,7647.6499,323.75
2021-11-02 09:15:00,1409.11735488,700.65002,4270.5498,3080.0,748.04999,3727.05,740.025,1739.2551,65.74993403,709.54999,900.5,168.35001,944.4,2526.0,131.75,1730.583013,1168.85,800.025,691.25,2676.55,467.14999,2364.78285954,798.0,211.91382889,1207.0,1686.35,671.5,,2060.0,1795.4,859.0,7630.7998,135.0,931.97755,151.35001,138.8624925,1132.66758487,1155.3,286.45,512.04999,782.75,3469.75,812.87373092,293.71084111,131.08,1488.05,2421.05,1030.0,7688.3999,325.54999
2021-11-03 09:15:00,1420.41706385,702.0,4300.0498,3095.0,748.5,3689.05,745.1,1744.91,66.48326663,696.0,903.70001,167.35001,950.71,2505.2,127.5,1728.292169,1171.7,787.775,685.79999,2640.0,469.85001,2349.22766837,780.45001,209.27080563,1174.25,1699.0,673.54999,,2028.0,1818.0,843.0,7711.6001,135.55,928.05,149.8,137.25,1117.1204995,1167.0,311.75,515.20001,781.34998,3466.05,810.15690692,290.75260845,131.2,1493.6,2406.05,1075.15,7730.0498,325.100005
2021-11-04 18:00:00,1438.4093043,713.0,4419.8501,3145.0,751.40002,3718.5,751.5,1750.0,67.09993268,699.20001,908.84998,169.75,950.8,2551.0,130.0,1778.441725,1178.0,795.05,695.0,2650.0,470.0,2382.5039634,779.0,211.44186045,1185.0,1705.0,677.15002,,2039.0,1900.0,853.0,7735.5,136.95,940.595,151.25,138.1875,1130.284455,1172.55,321.6,528.04999,788.5,3505.0,816.035136,294.61642438,132.41,1501.0,2422.0,1090.25,7861.7002,323.70001
2021-11-08 09:15:00,1440.97962437,709.09998,4378.0,3095.1499,741.5,3743.6001,748.6,1751.5,67.18326593,704.0,898.70001,168.5,940.22,2680.95,130.60001,1772.415811,1168.55,785.225,692.0,2670.5,459.20001,2362.91239703,773.15002,213.04655314,1041.6,1703.0,668.04999,,2055.0,1912.2,854.29999,7672.0,136.55,934.0,151.7,138.4500075,1115.03237841,1177.35,324.21,516.45001,783.0,3481.2,807.19309892,295.97479928,130.61,1504.3,2448.3,1085.0,7845.0,323.75
2021-11-09 09:15:00,1508.1959189,727.79999,4420.0,3120.0,743.34998,3772.0,755.0,1808.0,70.81659562,705.15002,909.65002,169.60001,955.06,2700.7,131.64999,1841.190922,1170.45,784.525,698.79999,2683.6001,462.29999,2379.00896792,779.20001,215.07602686,1062.5,1726.0,675.15002,,2083.3,1930.3,862.59998,7538.7002,138.05,940.05255,155.0,138.975,1128.94536298,1192.4,316.21,522.20001,797.0,3496.0,816.035136,303.97411818,132.885,1553.0,2491.1499,1094.1,8143.0,328.350005
2021-11-10 09:15:00,1571.67797484,730.09998,4480.0,3080.5,732.0,3744.0,750.5,1800.25,72.98326011,707.34998,910.0,166.45,954.8,2710.0,135.0,1834.666998,1162.1,775.0,700.59998,2701.8501,448.5,2358.87582492,773.09998,214.46245845,1027.8,1721.95,652.20001,,2063.05,1932.0,895.0,7460.0,136.75,940.0,156.45,137.6625,1136.48054728,1181.05,319.9,521.5,797.0,3480.2,820.727832,301.98184102,128.71,1546.55,2472.2,1109.0,8050.0,325.774995
2021-11-11 09:15:00,1591.51308628,728.5,4527.0498,3052.0,735.09998,3726.0,741.0,1781.0,73.16659326,724.25,896.0,165.2,956.8,2686.45,132.60001,1824.507604,1152.25,767.8,700.15002,2685.6001,446.60001,2329.53755297,766.09998,215.73677324,1020.5,1709.0,660.25,,2047.55,1925.65,911.0,7442.0,134.35001,933.50255,153.05,135.525,1150.96094373,1150.1,320.24,507.10001,792.09998,3436.0,813.46652216,302.46481273,128.835,1515.0,2476.3,1121.15,8005.0,318.399995
2021-11-12 09:15:00,1619.88360021,734.25,4571.1499,3075.8,733.5,3615.7,745.3,1792.5051,74.03326239,725.25,905.0,165.7,963.0,2697.55,142.0,1835.165008,1163.0,772.525,704.79999,2680.0,458.95001,2339.38261067,771.20001,216.30312593,1028.55,1738.05,663.34998,,2053.05,1928.1,925.0,7442.0,134.64999,943.0425,153.3,135.225,1160.6977315,1147.6,323.19,502.70001,796.09998,3485.7,829.86624,300.26123281,127.11,1531.3,2523.0,1128.6,8005.0,322.899995
2021-11-15 09:15:00,1640.93112678,740.54999,4800.7998,3126.0,728.0,3580.05,749.0,1800.0,73.58325951,736.20001,910.09998,159.5,966.61,2679.3501,142.35001,1832.724761,1163.5,777.2,711.20001,2686.0,455.14999,2366.85042011,771.54999,220.03169547,1032.55,1775.5,658.04999,,2080.0,1943.0,921.09998,7452.0,136.0,953.4925,156.0,136.5,1166.598815,1155.5,315.53,505.5,806.65002,3528.0,837.22637308,304.57784036,124.15,1573.35,2531.7,1140.0,8031.0,328.57501
2021-11-16 09:15:00,1655.57710149,743.45001,5040.0,3120.1001,721.29999,3583.1001,750.075,1811.875,72.23326086,727.04999,919.0,158.60001,959.47,2650.05,153.8,1809.766523,1160.45,770.8,711.25,2701.0,443.04999,2362.91239703,762.0,221.8251661,1018.25,1777.0,655.70001,,2070.0,1944.0,925.54999,7535.0498,134.0,966.05,156.8,139.875,1132.5541025,1150.65,321.62,493.5,795.65002,3542.0,820.03626692,305.60417411,122.37,1576.0,2520.1499,1141.25,7856.2998,327.32501
2021-11-17 09:15:00,1631.91075825,733.0,5075.1499,3165.05,706.75,3576.3999,752.125,1811.19,71.01659542,716.25,901.0,155.7,950.02,2662.95,154.25,1779.537346,1150.0,764.25,708.40002,2731.8501,439.5,2350.21217414,756.29999,222.43871563,1014.0,1780.7,658.59998,,2045.5,1943.55,947.25,8015.0498,134.0,968.15,156.60001,140.25,1117.1204995,1150.0,322.11,491.0,787.40002,3506.3999,822.45672,314.08646472,121.51,1595.0,2491.1001,1145.0,7801.0,329.0
2021-11-18 09:15:00,1590.688644,716.15002,5546.1499,3214.0,701.90002,3525.0,744.0,1781.1199,69.46659364,708.0,891.0,153.0,930.22,2575.0,152.5,1756.330104,1113.5,762.625,702.29999,2667.1499,436.29999,2333.2786749,756.40002,223.05228404,1002.3,1759.0,643.0,,2008.9,1893.0,918.20001,8001.1001,134.75,964.00255,153.7,143.2875,1112.14997148,1178.5,317.04,492.29999,780.09998,3451.6001,812.37976292,302.64592335,118.2,1559.5,2456.5,1095.5,7715.0498,322.625
2021-11-22 09:15:00,1561.63917761,704.0,5313.0,3215.05,677.40002,3426.0,699.00498,1683.0051,66.91659953,733.09998,883.0,149.10001,916.32,2516.8999,136.8,1743.03325,1102.0,749.525,684.29999,2618.7,432.89999,2340.3177927,740.25,216.68071012,988.54999,1751.15,645.04999,,1941.0,1837.85,893.70001,7806.5498,129.7,941.625,146.0,144.0,1067.1882545,1137.15,309.63,477.5,765.04999,3440.3,797.70893308,288.8206854,114.6,1520.0,2353.0,1101.6,7550.6001,319.0
2021-11-23 09:15:00,1600.387965,705.20001,5350.0,3171.55,677.34998,3376.05,692.41001,1675.725,67.56659888,735.70001,890.0,150.0,910.3,2505.7,144.25,1758.421744,1090.0,748.175,686.0,2600.0,437.04999,2300.29773161,731.20001,216.30312593,974.0,1710.0,657.09998,,1932.7,1844.5,893.59998,7805.0,128.14999,945.23495,143.39999,144.8624925,1048.1232155,1131.55,308.75,480.0,761.54999,3407.8,792.324672,287.97548038,116.515,1506.3,2365.05,1093.55,7540.7002,313.024995
2021-11-24 09:15:00,1660.96022465,732.0,5305.1001,3150.0,682.04999,3385.6499,706.6,1714.04,68.99993077,756.25,891.34998,155.60001,917.32,2525.0,149.60001,1727.196548,1112.95,757.025,682.84998,2613.0,444.20001,2330.32515759,746.70001,214.22647424,966.0,1688.0,670.0,,1970.0,1845.95,890.0,7636.6001,133.55,947.5,149.0,151.5,1063.80647973,1152.0,314.0,489.04999,775.54999,3424.0,786.397056,292.98636845,117.115,1530.0,2365.0,1090.0,7550.0,316.54999
2021-11-25 09:15:00,1683.36565616,755.5,5325.0498,3113.0,676.54999,3377.05,708.67998,1722.525,68.54992789,752.79999,884.0,156.0,917.0,2497.05,154.05,1709.168604,1111.0,753.5,685.5,2581.1001,443.64999,2304.72800757,745.29999,213.09374998,951.34998,1696.95,674.20001,,2013.05,1838.2,883.5,7435.0,132.3,945.28495,152.55,150.9375,1069.97987553,1152.5,306.01,486.29999,774.34998,3434.05,786.00186184,293.71084111,116.6,1530.05,2355.1499,1077.5,7517.5498,316.5
2021-11-26 09:15:00,1610.91172828,713.25,5627.4502,3091.0,660.45001,3320.0,677.5,1661.0,65.53327092,733.09998,890.65002,155.35001,915.23,2421.5,146.25,1672.315901,1103.3,742.5,667.09998,2505.1499,414.70001,2289.1728164,718.59998,210.5923267,898.0,1684.0,624.25,,1955.1,1768.6,843.0,7130.0,128.0,949.125,146.25,150.6,1090.11169425,1105.25,286.89,467.10001,762.0,3411.8999,753.94337816,276.50475894,110.625,1510.15,2285.05,1025.0,7370.1001,309.82501
2021-11-29 09:15:00,1561.44519119,682.65002,5550.0,3071.8999,649.34998,3246.2,667.82998,1627.365,62.93327019,727.09998,956.0,151.89999,933.12,2365.3,137.5,1636.160411,1100.1,731.0,658.79999,2446.1499,407.10001,2249.30033272,710.5,207.85490032,888.84998,1669.15,618.09998,,1937.2,1735.15,828.34998,6990.7002,125.05,940.0,141.89999,148.875,1089.02230884,1103.75,277.71,454.29999,749.04999,3406.45,740.211048,267.50930448,107.505,1479.4,2231.3999,992.40002,7201.3999,301.975005
2021-11-30 09:15:00,1598.59359062,679.70001,5629.6001,3116.1499,648.0,3223.05,684.925,1688.0,65.73326738,722.65002,958.59998,151.35001,930.0,2360.0,145.3,1643.730156,1133.0,743.275,672.65002,2424.05,410.0,2266.33228254,711.09998,207.66611294,875.70001,1700.05,604.29999,,1946.9,1751.3,828.54999,7015.5498,124.7,946.77245,141.10001,150.225,1084.36953147,1134.15,279.08,458.0,746.04999,3491.0,754.98070108,275.08600578,106.3,1526.5,2336.3999,1002.8,7347.5498,315.25
2021-12-01 09:15:00,1602.66730544,682.75,5531.7002,3124.1001,660.0,3227.3,695.1,1720.1,67.16659928,718.25,921.84998,152.55,918.0,2385.05,149.45,1646.768014,1145.2,744.55,678.04999,2437.05,416.10001,2287.25303015,715.0,208.23248451,890.15002,1713.0,614.0,,1940.0,1762.05,823.25,7130.0498,125.85,958.095,139.64999,153.525,1100.82447584,1155.5,279.95,464.0,740.34998,3535.0,758.19149308,279.85541101,106.65,1550.0,2347.3999,1006.0,7291.0,316.625
2021-12-02 09:15:00,1636.90590857,702.29999,5578.8501,3152.25,668.04999,3236.5,702.23999,1727.3449,67.41659903,714.15002,917.5,155.14999,921.81,2426.8,147.8,1666.787996,1153.0,750.0,694.0,2408.8999,421.0,2308.66603065,715.20001,208.89323088,925.65002,1711.35,630.79999,,1945.6,1763.0,835.04999,7245.6499,126.6,961.3375,140.39999,154.875,1117.39290259,1157.05,285.24,470.95001,746.09998,3574.1001,754.33852292,284.77575886,107.4,1580.0,2360.05,1020.2,7262.0,314.5
2021-12-03 09:15:00,1649.95149531,734.0,5420.0,3106.0,671.0,3280.6001,705.5,1745.0,68.53326791,716.29999,908.29999,158.25,916.6,2445.05,143.85001,1691.339864,1169.65,753.525,688.15002,2451.05,424.0,2301.67594123,715.09998,208.94043716,938.5,1732.55,637.0,,1905.2,1796.55,833.95001,7148.75,126.4,956.85,143.14999,154.125,1089.4308,1163.7,287.77,470.04999,748.90002,3630.8501,757.84568584,288.156591,110.225,1589.7,2355.05,1013.8,7296.1499,319.95001
2021-12-06 09:15:00,1590.688644,721.5,5276.0498,3028.25,661.15002,3242.7,693.81001,1685.1,68.88326089,693.84998,892.5,148.10001,896.86,2424.05,135.3,1650.552886,1134.85,748.675,682.5,2411.6499,418.20001,2265.34777677,707.5,205.30627075,914.0,1691.5,636.75,,1877.0,1778.0,820.04999,7021.0,124.0,946.4575,142.75,151.0125075,1069.97987553,1145.0,288.38,463.79999,733.70001,3522.0,736.55567492,281.33453639,110.22,1546.85,2318.3999,989.09998,7201.0,311.57501
2021-12-07 09:15:00,1604.2676934,725.79999,5235.9502,3016.45,670.0,3261.0,695.8,1693.1699,69.39993037,694.09998,884.0,149.14999,888.26,2441.2,138.64999,1660.363673,1131.4,754.95,683.84998,2430.1001,425.20001,2276.17734024,712.0,205.87264231,920.79999,1694.0,647.15002,,1910.2,1772.1,822.5,7091.2002,124.0,948.8,144.5,151.6124925,1071.27362,1139.0,288.36,469.20001,735.0,3524.3,735.024384,284.3531473,112.1,1536.0,2325.3501,995.15002,7235.0,311.5
2021-12-08 09:15:00,1628.5644925,748.20001,5278.0,3031.0,687.65002,3297.0,712.0,1716.6,69.43326367,702.29999,890.29999,150.05,905.45,2465.0,140.25,1687.256186,1157.05,767.0,684.70001,2460.1499,440.10001,2282.3305013,744.09998,208.61004982,932.5,1732.6,660.15002,,1915.45,1802.0,826.95001,7151.1001,124.85,961.25255,146.8,152.6625,1092.29055585,1158.6,292.82,480.25,747.34998,3601.0,749.44822984,291.89967456,114.9,1582.05,2377.1001,1018.0,7300.0,319.125
2021-12-09 09:15:00,1655.28612186,760.0,5211.0,3111.0,688.0,3306.0,733.7,1748.7,68.06659838,711.0,890.04999,150.64999,913.07,2475.0,145.3,1695.224338,1155.0,761.0,681.20001,2481.3999,452.20001,2285.57937034,748.40002,210.49792357,938.20001,1742.0,661.04999,,1886.1,1827.95,836.0,7325.0,125.65,958.12245,146.35001,151.5750075,1100.7790375,1153.1,297.36,486.10001,756.15002,3566.0,756.80836292,295.55218772,115.9,1585.0,2355.8501,1027.6,7390.0,318.92499
2021-12-10 09:15:00,1659.16585026,763.0,5230.5,3178.7,683.75,3320.0,736.0,1730.065,68.36660141,707.0,891.0,150.89999,914.7,2516.5,139.75,1708.172585,1155.2,754.225,680.25,2512.8999,453.45001,2284.0533864,751.04999,220.645245,938.0,1746.0,670.0,,1888.5,1861.05,850.09998,7357.9502,124.4,951.52245,145.55,151.3875075,1103.20760572,1156.8,295.11,484.39999,754.20001,3575.1001,756.11679784,293.74102118,116.76,1578.55,2296.3,1025.0,7390.2998,317.54999
2021-12-13 09:15:00,1659.65081631,750.09998,5175.0,3270.95,693.09998,3295.0,719.9,1725.0,68.73326437,698.34998,886.54999,147.95,913.29,2481.0,141.89999,1720.373818,1153.25,753.6,673.0,2490.0,457.45001,2265.34777677,752.5,221.02281031,934.20001,1738.8,667.59998,,1862.25,1855.05,839.70001,7425.0,125.5,946.2,145.35001,152.775,1091.246518,1178.0,281.82,486.35001,759.0,3601.7,742.927872,298.35950794,116.165,1597.45,2340.1001,1028.0,7392.1001,320.100005
2021-12-14 09:15:00,1632.3957243,750.5,5065.0498,3249.0,697.59998,3268.0,703.5,1686.5,69.54992689,688.40002,891.0,146.75,915.42,2451.0,140.0,1703.640699,1145.5,748.525,665.65002,2460.0,454.70001,2268.30129408,746.29999,214.79283636,924.20001,1710.35,661.25,,1816.05,1846.2,826.0,7457.7998,125.0,945.67,143.95,152.4,1077.35622991,1178.15,274.01,481.79999,753.59998,3576.7,723.56434616,291.77892409,114.7,1625.65,2318.75,1000.8,7337.1001,319.625
2021-12-15 09:15:00,1636.3239493,742.95001,5170.0498,3266.5,707.54999,3275.0,683.1,1662.0,68.79992764,684.09998,891.70001,147.95,914.46,2475.0,140.0,1691.240262,1142.3,747.825,665.09998,2476.1499,456.04999,2264.85552389,750.90002,210.87548888,937.0,1721.2,656.59998,,1836.75,1863.65,838.20001,7453.0498,125.9,952.5,143.60001,155.85,1071.77298784,1162.3,270.0,483.5,745.29999,3558.1499,726.33055708,294.16363274,114.9,1615.9,2317.45,1030.45,7330.0,317.67499
2021-12-16 09:15:00,1636.2754527,739.34998,5143.0,3270.6001,705.04999,3227.3501,693.28999,1657.5,68.51659793,677.59998,878.25,147.55,914.0,2431.2,137.39999,1695.124736,1149.55,747.0,667.95001,2459.3,448.54999,2268.25206879,738.95001,208.42126244,921.15002,1758.0,653.5,,1850.9,1866.3,846.20001,7406.0,126.25,956.27,144.55,154.725,1075.20006478,1160.15,265.2,478.25,760.0,3570.0,726.42933092,294.25418503,114.355,1642.2,2325.25,1005.0,7371.7998,319.70001
2021-12-17 09:15:00,1590.688644,721.20001,4730.0,3227.7,685.09998,3149.1001,686.5,1613.3,66.76659968,661.09998,850.0,146.0,899.36,2415.05,132.35001,1649.606668,1165.0,733.85,654.40002,2421.0,444.75,2191.50984402,726.04999,204.59831809,880.25,1806.75,653.04999,,1790.0,1831.7,830.0,7241.0,124.1,950.0,138.5,153.7875,1053.11644,1137.0,253.15,466.5,753.5,3573.7,712.35124292,282.66273123,112.5,1626.9,2257.1001,1013.15,7302.0,325.04999
2021-12-20 09:15:00,1508.43840192,685.5,4643.1499,3181.0,660.09998,3027.05,649.26001,1545.0,63.88326591,645.09998,861.09998,139.14999,892.4,2360.3999,124.6,1594.626419,1145.5,707.05,627.0,2310.0,426.70001,2167.04477718,698.20001,198.03795679,830.79999,1787.3,630.5,,1722.4,1771.5,797.0,7035.8501,119.1,930.0,131.64999,155.625,1020.02502484,1100.6,231.76,443.0,753.04999,3510.1499,688.19619784,265.63775968,106.605,1576.6,2205.0,970.59998,7035.2002,331.5
2021-12-21 09:15:00,1554.70416309,701.70001,4695.0498,3240.0,662.5,3092.0,654.0,1567.7,65.13326465,659.20001,882.04999,141.39999,908.76,2390.1499,128.60001,1611.708145,1165.05,715.0,633.0,2333.05,437.35001,2217.84537337,716.15002,199.21787789,848.34998,1801.0,645.40002,,1721.0,1812.5,807.5,7284.0,120.85,945.00255,133.8,153.6,1040.4971999,1117.7,233.21,444.5,764.04999,3566.3999,696.29728292,271.58442921,108.5,1605.5,2251.3,1008.1,7180.1001,335.5
2021-12-22 09:15:00,1578.0795267,717.25,4750.0,3241.0,664.0,3126.0,662.37998,1583.0,66.83326628,667.0,880.95001,144.45,922.0,2425.0,133.0,1622.714155,1210.1,717.85,636.0,2337.3,447.35001,2233.84359213,720.04999,199.26508417,861.0,1812.35,657.65002,,1733.15,1827.55,811.0,7305.5,121.65,950.61505,135.3,148.5,1054.024299,1118.95,231.44,449.0,777.5,3606.25,695.30934692,276.59531123,111.0,1631.75,2282.3501,1015.55,7312.4502,340.600005
2021-12-23 09:15:00,1608.34140822,728.84998,4786.5498,3250.0,672.59998,3138.0,683.825,1602.65,68.13326164,675.5,891.25,146.0,931.02,2470.25,132.10001,1629.636487,1215.6,718.425,636.79999,2352.5,459.29999,2239.35692289,727.95001,201.24734218,869.0,1827.0,647.20001,,1767.35,1862.1,822.75,7355.0,122.8,957.75,137.14999,151.5375,1070.38845748,1116.15,235.73,457.75,790.0,3630.0,703.657416,284.32296723,112.02,1664.15,2310.0,1032.0,7299.9502,344.54999
2021-12-24 09:15:00,1608.34140822,713.40002,4823.75,3261.0,662.45001,3135.0,675.76001,1580.0,67.46659565,672.65002,901.79999,145.39999,922.2,2432.25,129.60001,1588.89931,1246.15,714.0,634.15002,2376.6001,452.85001,2247.92202464,719.59998,204.31513703,846.79999,1854.0,639.29999,,1730.0,1850.0,808.0,7252.1499,120.9,958.555,137.2,153.6375075,1061.08290273,1126.0,233.16,452.20001,777.59998,3644.8,705.386304,277.71220331,110.385,1680.35,2310.0,1020.25,7201.8999,345.07501
2021-12-27 09:15:00,1635.35401721,713.0,4755.0,3226.2,655.95001,3122.0,665.40498,1556.105,67.16659928,668.65002,910.15002,144.10001,924.22,2390.6499,128.0,1585.861452,1254.05,711.075,630.09998,2371.0,451.10001,2242.9502705,716.09998,203.55997809,811.5,1845.05,643.15002,,1721.0,1845.8,806.95001,7186.2002,120.6,954.97245,136.0,153.75,1065.87190434,1135.35,234.23,450.54999,781.15002,3653.1001,698.223768,277.77258156,110.235,1703.65,2286.3,1020.0,7172.2998,345.57501
2021-12-28 09:15:00,1676.13966201,725.20001,4810.2002,3273.0,672.0,3150.0,686.175,1602.165,68.49993128,675.04999,923.04999,146.25,940.61,2452.0,131.64999,1605.582628,1270.0,726.7,639.0,2395.8999,452.79999,2262.14813302,732.5,205.77823919,845.09998,1878.4,652.45001,,1765.55,1872.1,819.04999,7255.1001,121.95,961.75,138.5,152.475,1077.19739998,1161.6,240.98,459.04999,794.20001,3693.8501,710.72117816,285.34928286,112.2,1776.1,2327.5,1032.0,7275.0,350.774995
2021-12-29 09:15:00,1658.00193174,720.09998,4833.0,3346.2,667.25,3152.05,685.30498,1596.6,68.96659414,675.0,933.25,146.3,948.76,2470.0,131.55,1591.638362,1277.1,723.7,639.09998,2410.0,450.5,2263.42799052,731.90002,204.1735465,854.0,1876.4,644.95001,,1754.1,1890.05,830.84998,7240.4502,122.2,962.57755,137.45,152.025,1081.30550734,1167.0,240.45,451.39999,816.5,3685.0,711.31392,286.31524439,110.8,1782.75,2370.3501,1027.0,7373.7002,350.024995
2021-12-30 09:15:00,1634.3355885,716.45001,4940.0,3350.3,664.5,3187.0,685.68999,1597.45,68.33326478,674.20001,936.09998,143.89999,965.01,2540.2,133.3,1581.229963,1282.7,722.5,640.09998,2412.3501,448.39999,2261.06507822,729.0,203.41839699,860.0,1874.35,643.54999,,1743.65,1880.9,827.15002,7255.3999,122.25,966.15995,138.5,151.2374925,1064.73708059,1180.9,237.02,448.5,827.34998,3680.0,716.54997092,282.9042201,109.9,1786.0,2390.7,1025.9,7380.1001,352.0
2021-12-31 09:15:00,1640.2036777,725.0,4953.0,3361.3999,671.20001,3217.0,687.55498,1617.0,69.53326691,680.0,942.0,145.35001,975.3,2548.55,133.39999,1594.17821,1308.95,730.75,642.15002,2432.0,455.5,2293.8984441,736.54999,204.03194652,878.40002,1871.65,647.29999,,1760.05,1887.3,830.20001,7290.0498,124.0,967.50995,139.45,152.6625,1071.27362,1187.1,240.38,453.10001,834.0,3731.3,720.25473092,284.86631719,110.265,1783.45,2444.6001,1029.55,7421.4502,354.54999
2022-01-03 09:15:00,1659.74780952,730.5,4978.8501,3383.0,679.0,3251.5,697.5,1640.65,69.83326327,683.09998,925.79999,147.0,969.54,2620.1001,138.3,1610.562723,1314.1,740.25,646.29999,2463.0,472.10001,2316.54207681,743.0,204.88149915,876.70001,1887.75,654.70001,,1791.6,1893.65,826.29999,7420.0,124.7,981.90255,141.2,153.1124925,1072.88506973,1196.0,243.51,460.10001,840.90002,3745.0,731.07264,297.0313131,111.5,1783.0,2502.3,1041.0,7570.0498,358.0
2022-01-04 09:15:00,1648.88457,732.65002,4921.1001,3415.05,700.04999,3270.6499,723.55,1685.21,70.39992937,690.40002,920.25,152.35001,965.0,2685.5,137.60001,1651.399502,1307.25,753.9,649.04999,2468.3999,472.0,2318.85576382,763.59998,206.76937291,896.09998,1878.0,663.40002,,1815.3,1914.55,825.65002,7520.0,126.75,981.40255,143.10001,154.125,1091.246518,1205.5,246.25,471.04999,832.40002,3811.7,722.23060292,292.23171572,113.65,1767.0,2524.3999,1046.0,7611.7002,355.774995
2022-01-05 09:15:00,1651.35789685,734.04999,4922.0,3452.05,707.75,3281.0,741.5,1710.0,70.8665989,691.75,919.0,152.10001,951.41,2691.0,133.3,1677.295996,1302.0,764.05,650.65002,2477.95,472.0,2354.93780184,771.20001,206.39178872,892.25,1840.0,666.34998,,1840.1,1927.65,830.0,7605.6001,130.7,991.455,147.39999,156.0375,1104.38777702,1213.75,249.0,479.14999,830.65002,3812.3999,717.735504,291.92985463,114.125,1733.0,2560.1001,1049.8,7595.0,351.5
2022-01-06 09:15:00,1625.21822676,730.09998,4905.0,3452.1499,719.0,3333.0,752.1,1770.1,70.1999329,700.0,919.29999,153.05,945.66,2720.0,129.60001,1703.790101,1277.0,765.025,644.90002,2464.0,473.5,2331.01431163,774.0,205.96702656,885.04999,1800.0,672.20001,,1875.0,1919.6,827.5,7683.9502,129.3,976.75,148.35001,153.4874925,1093.5161655,1202.15,241.8,485.39999,822.0,3772.0,713.83314692,288.03585864,115.555,1690.0,2538.45,1054.7,7425.0498,349.975005
2022-01-07 09:15:00,1638.70028295,730.5,4958.0,3496.55,725.25,3377.0,758.5,1758.0,69.16659727,701.45001,913.34998,154.95,938.0,2784.75,129.0,1715.144718,1282.2,767.95,646.0,2482.0,480.04999,2350.99977876,786.25,205.30627075,916.09998,1806.8,667.5,,1883.6,1897.15,822.5,7835.5,129.45,979.35255,151.35001,153.375,1094.67368573,1206.0,240.78,489.45001,825.20001,3796.3999,716.30298692,292.05060511,114.785,1695.1,2562.3501,1068.9,7439.0498,353.79999
2022-01-10 09:15:00,1648.01163111,734.09998,4963.0,3527.0,733.20001,3404.45,766.975,1773.065,69.33326377,703.65002,908.65002,157.05,931.03,2798.75,129.39999,1786.459678,1280.0,772.75,660.0,2489.3,490.04999,2364.78285954,799.0,206.62777294,918.0,1813.0,670.0,,1901.35,1907.25,829.70001,7924.1499,130.75,983.95255,156.39999,152.5875,1096.71636848,1213.3,241.64,492.5,817.54999,3861.0,722.181216,296.60870154,115.385,1687.5,2571.0,1062.0,7522.2998,345.0
2022-01-11 09:15:00,1684.7720577,728.5,5020.2998,3495.05,737.29999,3413.0,757.1,1762.11,69.51659692,694.59998,913.0,158.10001,932.11,2781.3999,130.0,1813.750599,1280.0,773.9,656.25,2560.8,485.70001,2354.93780184,801.90002,208.79883719,914.0,1850.15,643.25,,1920.2,1937.65,835.54999,8069.2998,131.0,977.5,157.60001,152.625,1105.3183325,1224.1,241.6,499.25,828.29999,3856.0,721.934232,300.74419848,111.3,1705.0,2634.3,1072.15,7561.2002,344.5
2022-01-12 09:15:00,1753.92821643,754.0,5005.6499,3534.0,743.15002,3414.25,769.17998,1775.0,69.59993017,704.20001,901.20001,158.5,926.8,2790.05,131.60001,1837.655055,1331.4,776.0,658.29999,2562.0,491.0,2361.33708935,812.04999,209.17642138,920.09998,1860.0,649.0,,1947.15,1960.3,842.5,8115.0,132.35001,983.0,161.39999,153.2625075,1118.9362175,1231.15,244.8,508.5,827.5,3836.55,724.30529816,303.97411818,113.24,1721.0,2608.0,1110.0,7609.8999,341.600005
2022-01-13 09:15:00,1753.6372368,760.0,4953.1499,3450.0,737.04999,3430.0,777.4,1790.0,69.08326402,726.15002,908.70001,159.0,936.92,2794.5,132.35001,1842.63515,1321.15,760.2,668.40002,2570.0,499.14999,2366.01349175,817.40002,210.26193935,926.0,1866.35,657.25,,1922.55,1975.55,868.0,7952.0,133.5,980.0,163.05,154.9125,1138.63671241,1246.0,246.8,507.0,834.25,3857.0,714.87046984,298.72172917,115.215,1701.8,2588.0,1130.0,7553.8501,324.0
2022-01-14 09:15:00,1776.04266831,763.65002,4930.0,3346.0,716.04999,3425.0,772.85,1800.0,69.46659364,718.45001,916.29999,163.25,932.11,2798.75,132.05,1825.055415,1293.0,759.5,666.20001,2555.0,503.0,2324.22122182,811.59998,209.83716776,913.25,1881.0,677.25,,1898.0,2007.0,879.65002,7951.0,133.3,963.5,160.2,154.9125,1146.55787297,1254.5,245.82,505.14999,856.79999,3860.05,718.229472,305.27211484,120.61,1696.5,2588.8501,1159.4,7566.8999,318.25
2022-01-17 09:15:00,1799.85450137,773.90002,4900.0,3321.0,709.5,3434.05,780.15498,1822.1,71.93326116,719.54999,909.0,162.05,921.1,2804.0,133.0,1838.651074,1243.4,759.575,668.0,2591.45,496.0,2308.66603065,814.54999,208.94043716,912.25,1930.5,675.40002,,1918.6,2042.0,882.65002,8100.1001,134.45,955.555,162.3,154.35,1151.6191415,1256.3,247.38,507.54999,850.5,3962.3,750.090408,309.10575672,119.035,1720.0,2550.3999,1154.95,7500.1001,316.524995
2022-01-18 09:15:00,1775.0242396,760.0,4505.0,3351.0,714.25,3392.6001,771.60498,1810.0051,69.19993391,712.54999,898.45001,160.3,924.2,2725.0,132.8,1835.364211,1217.0,761.5,666.75,2655.2,493.79999,2320.87380375,818.20001,207.949294,895.34998,1911.45,677.54999,,1930.0,2010.55,888.29999,7891.5,134.39999,959.4,163.39999,153.4500075,1141.97313963,1263.1,237.25,505.0,845.0,3980.0,719.61260216,306.17769811,119.0,1650.05,2587.0,1135.8,7520.0,315.57501
2022-01-19 09:15:00,1756.78951612,736.0,4400.0,3267.75,718.70001,3383.05,747.3,1787.535,68.33326478,701.70001,885.09998,160.8,930.99,2685.45,128.25,1789.14893,1191.0,756.675,652.25,2675.05,490.29999,2269.33502514,803.25,206.438995,884.15002,1862.85,660.0,,1900.1,1987.0,880.79999,7860.0,132.95,928.605,164.89999,150.7875,1138.9091155,1240.6,234.19,500.29999,834.0,3910.5,705.386304,304.75895098,118.3,1627.55,2571.1001,1136.4,7353.0,309.5
2022-01-20 09:15:00,1788.26381277,735.0,4490.0,3222.0,722.15002,3295.0,740.1,1708.0,69.14993062,705.25,880.04999,163.85001,914.0,2712.1001,125.0,1806.380058,1170.0,750.05,647.54999,2696.05,498.10001,2208.24644211,795.40002,205.77823919,872.0,1815.5,672.40002,,1877.0,1984.1,872.84998,7997.5498,134.14999,930.25255,166.5,154.0499925,1114.3969225,1230.95,239.41,508.0,815.65002,3811.0,708.54770908,309.10575672,119.7,1643.55,2550.0,1160.0,7395.0,305.25
2022-01-21 09:15:00,1756.30455008,714.45001,4544.8501,3241.75,708.04999,3270.0,730.58501,1622.0,68.33326478,689.34998,860.0,157.5,887.0,2668.2,112.55,1771.917801,1155.0,742.8,633.34998,2657.25,499.25,2215.1379825,795.5,203.89036543,845.09998,1776.0,662.15002,,1849.55,1943.05,865.20001,7856.0498,132.55,930.50255,162.3,159.75,1113.035134,1201.0,237.0,498.0,801.09998,3771.1001,703.410432,298.38968801,115.635,1588.85,2505.0,1142.0,7311.0,300.399995
2022-01-24 09:15:00,1645.53830426,689.0,4462.25,3135.0,688.20001,3350.0,681.77002,1544.4,65.01660144,677.34998,867.45001,154.8,862.2,2621.5,90.949997,1677.295996,1111.0,733.775,619.09998,2667.55,475.5,2231.57922886,783.29999,199.07627792,831.54999,1728.0,618.0,,1810.0,1881.55,848.04999,7952.7998,131.0,930.0,163.75,158.625,1069.04941084,1205.15,228.18,488.0,791.59998,3740.1001,680.193936,285.77190046,109.0,1501.95,2376.0,1091.3,7088.6499,284.225005
2022-01-25 09:15:00,1617.8467428,690.0,4250.1001,3010.75,708.59998,3328.75,675.22002,1525.03,64.73326839,682.15002,881.09998,154.3,860.2,2593.6499,84.150002,1651.449303,1088.4,722.0,617.0,2652.8501,474.64999,2206.17888154,786.04999,197.80197258,842.0,1700.5,612.59998,,1782.2,1850.1,845.25,7887.8999,131.05,915.64745,163.0,158.9625,1046.3074975,1210.25,220.64,489.0,784.79999,3722.2,666.8568,282.33067195,108.705,1465.0,2330.3999,1050.4,7000.0,275.350005
2022-01-27 09:15:00,1604.75265945,691.0,4150.0,3071.25,738.09998,3394.2,670.81001,1501.2,66.0499304,701.5,887.0,158.0,846.4,2570.25,90.449997,1653.491142,1070.2,717.5,617.15002,2689.0,478.45001,2239.75062675,781.04999,199.26508417,861.09998,1665.0,612.04999,,1821.15,1867.0,841.20001,8400.0498,133.14999,910.8875,164.5,159.2625075,1049.05377098,1201.85,234.02,503.20001,791.29999,3625.1001,679.206,287.73399755,106.13,1430.0,2260.0,1001.35,6950.0,268.600005
2022-01-28 09:15:00,1633.3171598,707.5,4335.25,3103.0,761.5,3485.1001,684.5,1515.0,68.44993466,701.65002,917.45001,160.60001,835.09,2598.8999,88.800003,1684.31793,1077.25,730.0,619.04999,2663.05,488.45001,2242.75336935,778.5,203.04083168,895.0,1679.5,625.54999,,1888.65,1891.3,860.40002,8522.3496,138.0,916.4125,166.25,156.9375,1056.92940241,1201.0,247.21,521.40002,812.09998,3646.0,697.976784,299.02359026,108.095,1406.25,2308.0,1008.35,7094.0,273.32501
2022-01-31 09:15:00,1653.7342305,714.54999,4358.0498,3136.3999,762.34998,3487.0,693.01001,1532.97,69.21659389,719.54999,930.65002,159.14999,848.01,2632.8999,89.650002,1695.224338,1092.85,733.4,615.45001,2680.1499,488.14999,2235.81260367,784.0,204.92870544,866.65002,1715.35,628.0,,1841.0,1850.45,872.09998,8552.7998,138.55,921.4,169.55,158.4,1069.5486879,1206.05,245.0,527.04999,820.04999,3721.3999,713.33917892,300.77439666,108.05,1431.5,2336.3501,1018.0,7167.6001,281.274995
2022-02-01 09:15:00,1648.06012772,720.65002,4444.0,3141.6001,769.09998,3511.55,688.6,1550.0,67.78326866,718.29999,938.79999,158.60001,851.6,2596.6499,91.050003,1710.264225,1101.25,736.725,617.59998,2678.0,487.70001,2243.09784792,789.29999,206.86375716,879.0,1734.7,628.0,,1834.1,1917.0,864.20001,8351.0,140.45,921.05,168.5,158.475,1065.41797484,1202.6,246.91,520.0,839.84998,3736.3999,708.39949892,297.63503528,108.64,1475.0,2358.95,1031.55,7235.2002,283.225005
2022-02-02 09:15:00,1694.4713787,721.5,4520.6499,3192.1499,787.34998,3521.45,709.5,1592.5,69.49993027,720.5,944.75,162.25,863.02,2622.2,94.800003,1755.981497,1133.3,752.8,624.09998,2698.0,507.64999,2260.96672609,808.84998,216.16154483,930.09998,1772.0,652.20001,,1896.9,1970.6,865.15002,8440.25,140.75,922.0325,170.5,159.9375,1078.12800084,1211.05,254.2,531.34998,882.0,3800.6499,725.73776584,304.97025375,115.83,1443.0,2441.75,1049.9,7425.0,287.5
2022-02-03 09:15:00,1693.88941944,729.40002,4602.7998,3190.2,793.04999,3521.0,710.0,1626.37,69.18326392,718.5,944.54999,160.60001,872.0,2640.0,96.099998,1715.144718,1151.0,754.5,631.04999,2684.0,509.0,2254.5182133,806.0,218.80456809,954.45001,1734.0,650.0,,1896.05,1930.0,852.15002,8522.7002,136.3,913.055,166.0,158.25,1065.4633224,1175.6,251.0,537.15002,880.45001,3816.05,724.50284584,303.5817048,114.63,1449.1,2417.0,1077.35,7351.0,288.07501
2022-02-04 09:15:00,1681.57128177,724.0,4601.75,3176.05,791.15002,3550.0,705.5,1614.5,68.11660166,716.5,940.0,160.0,867.4,2616.0,93.599998,1720.324017,1137.35,757.05,622.09998,2712.75,512.04999,2247.62667291,795.79999,218.56858387,945.0,1710.15,647.0,,1880.25,1923.3,836.15002,8492.0996,133.89999,910.14005,169.05,156.8250075,1053.61580784,1165.15,245.81,527.29999,881.34998,3769.0,713.48738908,301.25736837,117.025,1435.0,2430.0,1052.0,7380.1499,284.024995
2022-02-07 09:15:00,1670.32006941,713.34998,4450.0498,3143.1001,784.09998,3468.0,688.1,1565.0,66.53326992,699.5,927.04999,159.64999,850.01,2561.7,93.349998,1693.2323,1146.0,730.0,600.0,2625.0,519.45001,2202.33940749,781.45001,215.68957639,928.15002,1695.4,645.59998,,1820.0,1874.55,822.20001,8400.0,134.2,895.55,169.2,157.5,1046.3074975,1131.9,242.2,525.25,879.70001,3756.1499,693.58045892,297.33317419,116.1,1434.0,2388.0,1025.0,7362.5,277.79999
2022-02-08 09:15:00,1626.62462831,703.0,4380.0,3166.2,776.15002,3445.8999,691.47002,1572.0,65.46659765,701.0,931.09998,158.35001,856.01,2581.7,91.25,1678.690423,1148.55,722.275,594.0,2650.0,514.04999,2211.74143759,774.29999,216.20874168,913.0,1696.0,644.25,,1793.1,1848.0,817.15002,8436.0498,132.8,899.5,166.5,156.375,1048.577145,1117.35,241.33,519.0,882.0,3721.0,683.00953384,289.27347704,117.15,1420.2,2400.8999,1035.35,7355.7998,277.225005
2022-02-09 09:15:00,1666.44034101,719.04999,4430.0498,3222.75,800.15002,3452.0,707.0,1612.0,66.03327042,702.15002,950.25,160.0,862.3,2587.3501,93.599998,1706.180547,1166.0,733.5,596.09998,2673.05,532.09998,2220.65131326,794.20001,215.92556061,940.40002,1725.0,657.84998,,1822.65,1875.6,833.15002,8622.0,133.85001,901.07245,163.10001,156.525,1070.365761,1118.0,246.6,527.75,885.34998,3746.1001,688.14681092,298.66136903,120.815,1440.05,2456.05,1053.0,7421.4502,281.649995
2022-02-10 09:15:00,1712.9000886,728.04999,4528.1001,3176.0,803.09998,3545.6499,706.5,1603.3,66.83326628,708.59998,963.0,165.0,866.74,2615.55,93.0,1719.726405,1174.1,750.825,590.45001,2701.05,541.0,2220.89743971,796.29999,214.98162374,960.25,1748.75,664.09998,,1830.25,1881.0,830.15002,8789.9004,134.3,900.5,165.14999,157.5375,1073.58870584,1108.0,246.42,534.40002,880.0,3758.0,690.567264,304.39672975,122.6,1450.3,2465.55,1055.0,7460.2998,283.100005
2022-02-11 09:15:00,1690.93112653,719.45001,4476.4502,3182.5,798.5,3508.0,692.10498,1591.0,66.61660317,710.90002,953.0,165.2,856.03,2582.3501,86.5,1695.224338,1158.05,749.75,593.0,2655.0,539.5,2214.15347673,787.90002,216.91669433,954.54999,1713.0,659.65002,,1822.0,1850.0,835.59998,8673.2998,134.45,881.0,167.10001,155.2875,1064.05618634,1124.0,245.64,527.09998,874.65002,3690.0,681.67584,300.04992401,123.31,1421.0,2421.25,1055.4,7294.1001,278.54999
2022-02-14 09:15:00,1603.2977613,691.0,4402.75,3120.0,769.95001,3461.3501,674.40498,1545.1,64.28327217,685.0,938.84998,161.14999,833.35,2500.3501,80.550003,1629.138477,1133.6,734.65,555.0,2630.75,519.70001,2172.80423439,751.15002,206.25020762,937.20001,1678.25,604.29999,,1737.95,1795.0,780.70001,8325.0,131.8,871.49005,165.2,150.9375,1049.9389335,1090.0,230.72,499.70001,862.20001,3710.0,675.79761092,283.02495246,118.01,1371.0,2351.25,1017.0,7050.0,270.0
2022-02-15 09:15:00,1578.90396899,690.0,4501.8999,3132.8501,764.29999,3473.75,678.59502,1564.9,64.19993892,686.59998,912.29999,159.85001,837.72,2488.45,75.75,1611.608543,1148.1,736.525,551.59998,2630.0,513.70001,2188.11329911,743.20001,206.29740447,923.25,1690.45,617.09998,,1746.05,1806.15,820.40002,8356.5,130.64999,878.57245,156.39999,149.25,1060.24313315,1086.2,228.63,497.10001,859.04999,3748.0,680.83611416,282.11936919,115.155,1395.05,2399.0,1026.0,7031.0498,271.625
2022-02-16 09:15:00,1677.982533,722.09998,4555.0498,3223.0,789.29999,3571.1001,705.0,1619.01,65.51660094,708.0,920.09998,162.8,848.71,2680.1001,84.25,1705.732338,1160.0,753.5,576.29999,2766.2,526.20001,2239.75062675,760.40002,209.4124056,961.95001,1726.85,635.0,,1800.0,1842.15,854.59998,8544.0,132.85001,901.675,164.5,146.775,1087.59238552,1102.0,243.22,514.0,867.09998,3806.0,687.65284292,299.80844117,118.65,1428.85,2460.25,1055.65,7166.9502,278.774995
2022-02-17 09:15:00,1672.1629404,731.34998,4550.0,3236.3999,780.5,3590.1001,698.2,1608.1,66.14993363,715.0,925.70001,162.7,858.64,2700.1001,85.900002,1693.2323,1160.0,751.0,581.25,2780.55,528.29999,2240.73513252,746.29999,208.46846872,951.09998,1720.3,634.40002,,1810.4,1854.1,859.0,8525.0,132.45,898.0075,168.5,147.0,1093.970095,1111.9,245.88,511.14999,861.29999,3779.0,693.037104,300.8347568,118.615,1440.25,2487.0,1052.2,7030.0,280.57501
2022-02-18 09:15:00,1673.1328725,725.5,4462.5498,3230.05,779.0,3563.6001,701.0,1602.585,66.33326678,711.34998,903.04999,162.60001,852.92,2688.0,85.199997,1691.240262,1150.1,745.225,587.45001,2748.95,528.0,2258.45623638,745.54999,209.08201826,948.59998,1703.5,631.15002,,1805.85,1865.15,847.15002,8520.0498,131.89999,890.555,166.7,146.4375,1098.57743403,1111.35,250.08,510.10001,856.40002,3757.6001,703.60802908,296.72945201,118.3,1417.1,2460.8,1040.0,6900.0,277.67499
2022-02-21 09:15:00,1621.04751873,709.54999,4390.6499,3204.1499,776.09998,3567.3501,691.1,1578.0,65.61660417,703.0,896.0,159.85001,856.52,2668.5,80.650002,1680.63266,1150.2,747.775,576.54999,2685.0,511.20001,2249.34955801,740.0,204.9758834,949.0,1691.5,621.25,,1802.1,1848.85,832.0,8443.5996,131.14999,891.25,163.05,146.6625,1082.44033109,1123.0,242.02,504.64999,839.5,3705.55,696.000912,293.46935827,117.44,1410.1,2411.05,1011.0,6791.0,277.70001
2022-02-22 09:15:00,1580.989323,685.0,4300.0,3120.0,766.09998,3515.0,678.9,1527.5,64.44993867,687.5,890.75,155.5,831.14,2620.05,77.0,1630.632506,1132.0,743.975,565.0,2646.05,501.54999,2215.23653153,737.75,201.0585548,923.0,1691.05,602.5,,1790.0,1800.5,823.34998,8384.8496,127.9,886.9825,163.25,143.85,1065.44058053,1096.1,235.27,495.5,824.59998,3570.0,681.67584,284.62482832,111.925,1375.0,2377.0,1002.0,6676.1499,278.04999
2022-02-23 09:15:00,1619.786607,705.0,4590.5,3230.0,772.25,3570.0,702.74502,1603.505,65.79993065,699.5,910.25,158.2,838.17,2697.8999,81.199997,1656.529,1148.05,747.825,565.5,2665.0,515.65002,2217.35312048,742.70001,202.9936254,943.15002,1733.4,612.84998,,1852.9,1816.15,845.70001,8655.2002,129.85001,891.75,159.64999,148.2000075,1074.905056,1098.7,234.31,497.25,838.04999,3555.6499,705.48507784,286.94914664,113.4,1409.2,2452.0,1050.0,6735.0,281.32501
2022-02-24 09:15:00,1482.83219448,651.95001,4351.0498,3051.5,725.29999,3435.0,659.24502,1520.0,62.3332708,645.45001,888.15002,149.0,809.99,2587.55,78.099998,1528.889165,1092.0,703.575,529.04999,2440.0,505.10001,2126.82781493,702.29999,195.39493354,868.84998,1670.5,566.0,,1776.75,1751.0,790.5,8155.0,123.65,878.0,156.0,142.4249925,1018.34539491,1040.7,212.0,468.0,815.0,3391.1001,665.91825092,244.77916436,106.71,1330.0,2395.0,980.0,6396.2002,265.57501
2022-02-25 09:15:00,1531.32879948,670.25,4465.75,3083.05,737.40002,3490.1001,675.9,1557.0,63.96659916,677.5,890.95001,152.25,820.42,2612.5,78.150002,1553.939043,1115.0,716.425,533.84998,2504.7,523.09998,2128.64905215,720.25,198.74590945,895.0,1677.0,576.15002,,1801.05,1765.0,802.0,8209.5498,125.0,880.0,156.8,144.1124925,1033.25702437,1049.0,220.45,479.29999,817.04999,3462.0,677.32890184,266.60372121,109.56,1350.1,2423.5,1029.65,6520.0,273.75
2022-02-28 09:15:00,1544.37438622,684.5,4571.2002,3015.0,736.20001,3448.05,680.66001,1536.5,65.39993439,666.45001,911.0,160.55,810.5,2542.75,76.550003,1532.325431,1107.0,707.025,520.25,2489.05,531.79999,2087.1522324,715.40002,198.98189367,903.0,1665.0,590.20001,,1814.7,1752.8,786.75,8114.1001,128.8,866.5,155.8,147.0375,1018.1638685,1016.85,216.2,473.10001,821.0,3455.8999,686.17093892,265.9094407,112.92,1363.25,2430.0,1030.1,6440.1499,272.04999
2022-03-02 09:15:00,1566.92530755,697.59998,4780.2002,2991.1001,725.0,3333.0,676.2,1563.2,69.18326392,666.0,911.09998,171.0,765.0,2496.25,79.0,1532.375232,1109.0,677.2,509.04999,2421.0,575.25,2090.154975,707.75,200.53938952,887.54999,1691.0,622.15002,,1775.3,1768.5,769.0,7764.0,130.45,872.85255,161.89999,154.65,1057.2925914,1056.05,213.2,467.0,815.70001,3506.0,693.08649092,268.38468957,121.855,1382.75,2524.3501,1080.05,6342.0,275.20001
2022-03-03 09:15:00,1585.7904869,703.0,4875.0498,2862.0,732.40002,3279.0,672.5,1564.68,70.88325888,668.59998,919.54999,186.85001,740.0,2401.3501,81.199997,1490.243628,1120.5,681.45,530.25,2405.0,596.90002,2054.26983813,693.45001,203.89036543,906.5,1705.55,649.29999,,1772.6,1745.55,760.04999,7558.5,130.25,869.47755,162.89999,158.025,1075.83561148,1075.15,218.8,464.60001,817.0,3530.1001,676.29157892,262.61914878,129.365,1405.15,2560.0,1105.6,5964.8501,280.17499
2022-03-04 09:15:00,1553.05527852,689.04999,4732.2002,2662.05,710.04999,3151.0,650.0,1521.2,70.84992892,650.0,920.25,180.5,730.8,2300.0,79.5,1441.239493,1122.65,668.45,514.25,2301.1001,580.59998,1944.64502219,685.0,204.83430231,891.0,1681.0,628.70001,,1733.7,1703.0,730.0,7130.0,129.75,851.05,163.85001,158.2125,1053.27536072,1049.75,216.2,457.64999,809.34998,3487.05,649.56792,250.39377461,127.3,1398.5,2430.0,1082.4,5850.7998,277.024995
2022-03-07 09:15:00,1493.01648153,663.54999,4583.8501,2599.3501,655.59998,3125.0,610.0,1379.99,68.84993092,639.0,917.04999,181.7,733.6,2191.05,78.0,1404.087984,1110.5,648.525,498.0,2170.1001,586.75,1897.14261879,642.15002,207.76051607,825.5,1696.0,622.5,,1680.05,1605.55,681.75,6730.0,126.9,852.0,167.10001,156.6375075,1008.631349,1023.0,203.26,433.45001,809.09998,3431.55,642.35599708,233.94234518,126.4,1411.05,2330.0,1040.0,5684.6499,281.125
2022-03-08 09:15:00,1506.69252414,670.59998,4595.3999,2638.0,637.0,3175.7,591.28999,1395.105,69.39993037,667.59998,935.40002,186.60001,747.57,2159.55,77.599998,1401.597937,1155.0,646.0,497.04999,2146.8501,587.34998,1872.08694694,643.0,211.20587623,816.0,1718.45,613.09998,,1672.55,1595.0,671.15002,6536.5498,130.5,848.25,177.8,157.35,989.56631,1003.5,200.4,425.0,826.20001,3460.0,650.061888,227.21084889,124.4,1420.0,2325.6001,1048.05,5629.2002,286.0
2022-03-09 09:15:00,1559.6508168,692.70001,4694.0,2665.05,659.09998,3293.0,612.18501,1440.0,71.06659537,674.29999,960.04999,185.60001,776.44,2219.0,78.900002,1437.753427,1161.1,659.425,508.0,2235.1499,585.09998,1920.77075727,658.0,213.42413733,838.25,1791.0,618.0,,1692.0,1650.05,700.0,6777.0,131.10001,853.2825,173.85001,154.9500075,1014.14654703,1020.8,208.24,438.54999,860.0,3597.05,670.11697892,235.14978954,124.86,1461.95,2375.0,1070.05,5821.2002,291.07501
2022-03-10 09:15:00,1627.78854683,720.59998,4745.0,2891.2,688.25,3385.3999,650.1,1530.505,71.88325788,690.59998,975.0,177.05,775.11,2291.75,81.699997,1525.004691,1175.0,690.125,515.84998,2312.05,569.79999,2017.25232273,673.65002,215.07602686,890.70001,1810.2,624.0,,1736.0,1707.0,735.0,7177.2998,131.95,861.05,165.0,155.2875,1071.27362,1036.05,211.02,461.64999,866.59998,3615.0,697.03823492,249.94098298,124.1,1474.5,2444.8501,1138.55,6004.5498,292.29999
2022-03-11 09:15:00,1669.44713052,722.29999,4735.25,2882.3501,687.45001,3386.45,649.00498,1528.0,71.3665984,691.5,981.34998,179.25,774.6,2255.1499,79.5,1534.865279,1176.3,686.35,514.75,2287.1001,585.75,2037.9269439,670.59998,217.2470628,892.95001,1811.0,647.20001,,1736.0,1705.8,728.70001,7080.0,131.5,861.5,171.7,155.8125,1078.55918848,1041.65,211.3,462.0,869.04999,3592.8501,698.91533308,245.95641054,129.62,1472.5,2448.8501,1131.0,5980.0,291.20001
2022-03-14 09:15:00,1670.65954565,724.0,4864.0498,2917.3,685.0,3368.0,650.0,1541.15,69.73326337,688.15002,1036.75,177.85001,785.0,2235.8,79.0,1539.745772,1177.65,707.5,510.04999,2282.3,578.25,2014.397256,677.25,222.10834716,892.29999,1831.55,658.59998,,1742.0,1715.5,725.45001,7012.0,130.75,857.9,170.60001,157.2000075,1077.628633,1040.15,215.52,470.54999,889.95001,3580.0,701.08880216,243.90376116,127.77,1487.0,2475.0,1150.45,5956.0498,293.0
2022-03-15 09:15:00,1635.93597647,716.25,4700.0,2966.0,695.0,3426.3501,660.5,1553.405,67.74993203,695.5,1045.0,171.5,776.0,2280.1001,76.0,1551.399194,1168.1,705.875,502.75,2300.0,555.95001,1993.62418425,688.0,222.67469984,887.25,1830.0,635.0,,1714.0,1726.6,745.0,7318.0,130.64999,862.25255,161.64999,156.225,1062.58091547,1060.0,216.0,480.64999,881.34998,3585.3999,715.01868,246.31864989,122.8,1448.0,2543.2,1145.5,5972.0498,292.149995
2022-03-16 09:15:00,1666.97380367,721.0,4832.2002,3010.75,709.09998,3481.0,674.33501,1585.105,68.86660091,705.0,1049.15,172.89999,778.0,2322.3999,75.5,1569.925148,1185.0,718.1,507.04999,2335.0,563.29999,2000.56494993,701.25,225.69531673,911.54999,1849.0,647.5,,1752.75,1746.2,765.0,7440.0,131.55,873.55,161.85001,156.7125,1079.03585984,1075.0,219.04,489.39999,880.45001,3616.25,731.66538184,253.98592763,124.02,1468.4,2566.0,1153.0,6080.0,296.25
2022-03-17 09:15:00,1707.080496,729.54999,4824.8999,3076.5,736.45001,3575.6499,693.01001,1625.5,68.99993077,715.0,1045.7,175.5,789.24,2375.3,76.800003,1605.582628,1190.8,735.275,520.5,2375.0,573.84998,2050.08568861,716.20001,229.09348005,929.54999,1833.05,660.34998,,1782.55,1768.45,777.0,7530.0,131.89999,889.29745,164.60001,155.8125,1096.28518084,1088.1,224.13,498.29999,892.20001,3660.3,745.150728,259.32885685,127.11,1487.0,2600.1001,1187.0,6340.0,299.5
2022-03-21 09:15:00,1742.14354142,725.40002,4755.0498,3030.1001,723.70001,3580.25,685.0,1615.0,68.96659414,706.79999,1049.1,177.5,799.35,2372.0,79.25,1550.253773,1165.1,736.4,520.25,2380.0,582.54999,2014.29880542,705.5,230.13181061,911.0,1841.1,679.0,,1773.0,1745.0,780.09998,7650.0,131.7,890.675,170.3,153.375,1107.1340505,1094.0,216.96,489.0,911.29999,3615.0,736.30869092,257.84974959,129.45,1476.2,2700.0,1251.0,6176.0498,299.0
2022-03-22 09:15:00,1736.178459,723.04999,4471.8501,2975.0,706.34998,3564.5,676.7,1595.1,68.33326478,705.84998,1024.0,180.5,794.0,2329.0,79.300003,1519.028577,1162.3,728.6,516.5,2345.05,587.20001,1938.49186113,699.5,229.89582639,903.59998,1839.0,677.45001,,1755.35,1721.15,769.0,7536.6499,131.75,862.6825,173.8,153.0375,1113.76146659,1070.0,213.2,477.25,902.5,3625.0,722.57641016,254.28778872,128.805,1475.05,2646.45,1256.0,6059.1001,298.07501
2022-03-23 09:15:00,1746.70222228,731.79999,4595.6001,3005.0,724.65002,3590.0,697.0,1634.42,68.94993416,703.0,1011.25,179.3,808.0,2363.0,80.199997,1558.072522,1170.0,736.8,524.15002,2327.2,597.5,1944.64502219,714.25,234.56831393,928.09998,1857.0,692.25,,1758.0,1759.15,772.09998,7611.0,132.2,863.05,174.85001,156.225,1145.2641285,1079.1,217.62,489.20001,895.79999,3690.0,736.11109384,262.37766594,129.235,1529.2,2677.8501,1277.75,6195.0498,303.850005
2022-03-24 09:15:00,1746.02326982,731.0,4558.6001,2950.55,719.0,3569.7,688.125,1627.0,68.08326503,697.84998,1001.75,183.3,820.29,2350.0,80.050003,1562.853413,1169.0,717.275,519.0,2333.0,610.0,1921.11533429,698.0,237.35292772,915.20001,1856.15,704.20001,,1701.0,1751.0,762.65002,7526.3501,133.35001,863.0,176.5,156.0,1139.363045,1084.3,217.32,483.5,885.5,3695.0,729.78833308,258.12141249,132.595,1530.15,2612.55,1271.0,6200.0,302.899995
2022-03-25 09:15:00,1767.2162862,730.04999,4622.3999,2991.0,715.5,3592.0,694.0,1624.015,68.31659813,705.84998,1006.0,184.60001,858.0,2325.05,80.25,1567.93311,1175.4,709.5,517.84998,2366.75,616.65002,1914.86372265,696.65002,235.27626659,916.04999,1858.0,710.25,,1712.0,1739.0,758.20001,7385.0,134.2,853.75,175.10001,155.025,1169.7763215,1085.6,217.21,486.60001,896.29999,3672.0,700.05142984,258.18178471,133.355,1522.4,2518.0,1240.75,6284.0498,298.625
2022-03-28 09:15:00,1795.39281371,726.54999,4600.0498,2995.6499,715.04999,3645.05,687.0,1610.105,67.84993193,710.09998,1008.9,185.5,847.83,2315.2,79.150002,1568.929129,1158.2,700.8,505.10001,2349.0,617.0,1901.3759936,695.65002,238.39125829,920.25,1852.65,718.15002,,1692.05,1725.1,751.29999,7413.0,133.8,839.5,174.64999,155.625,1174.08865175,1056.0,216.75,481.95001,899.29999,3661.2,719.36561816,257.48751024,132.76,1516.55,2483.0,1255.0,6245.0498,298.54999
2022-03-29 09:15:00,1828.80697455,738.04999,4599.0498,3012.7,731.0,3660.8501,698.45,1642.315,68.49993128,737.0,1020.2,185.5,849.41,2360.05,78.050003,1600.552732,1163.65,715.0,514.40002,2154.05,624.5,1943.46361527,705.84998,239.52398254,921.40002,1860.55,726.65002,,1718.75,1733.0,770.70001,7401.0,133.89999,841.0,170.55,157.275,1183.57573291,1086.4,219.8,491.70001,901.09998,3691.0,726.72570184,260.44574289,132.7,1519.1,2525.3,1260.25,6376.0,299.57501
2022-03-30 09:15:00,1859.65081533,762.09998,4579.6499,3055.8999,741.29999,3665.25,709.9,1653.1,69.21659389,744.59998,1025.2,182.0,856.82,2444.45,78.5,1626.050818,1162.1,727.025,526.0,2226.3999,598.84998,1964.13823644,719.09998,234.70989503,922.95001,1895.0,714.95001,,1736.0,1754.1,775.90002,7490.0,133.45,851.13,161.14999,158.85,1187.97893984,1103.5,223.8,492.29999,908.40002,3706.2,739.964064,262.16635714,130.0,1485.0,2510.0,1252.05,6542.5,299.75
2022-03-31 09:15:00,1931.1348111,765.5,4500.8501,3066.1001,751.29999,3636.1001,724.06499,1698.2,68.91659752,739.70001,1013.6,181.64999,856.02,2436.3501,81.75,1643.730156,1161.0,732.95,533.90002,2280.0,568.15002,1986.73264386,727.79999,235.51225081,924.0,1894.2,720.54999,,1747.0,1758.0,798.0,7528.0,134.3,860.145,161.14999,161.0625,1193.19912909,1114.45,223.8,492.20001,910.79999,3720.2,756.66020216,261.17022158,130.01,1487.2,2519.95,1248.85,6581.0,295.100005
2022-04-01 09:15:00,1952.5218139,774.5,4455.1001,3087.6499,755.15002,3636.0,722.02998,1701.1199,70.08326302,749.25,1006.0,183.3,852.6,2422.0,82.050003,1651.399502,1152.05,735.15,536.40002,2150.0,561.45001,2006.81656157,723.09998,234.851495,929.15002,1878.3,728.5,,1745.6,1759.0,807.70001,7517.3501,136.8,862.5,163.55,162.0750075,1190.203149,1089.0,225.58,491.0,904.09998,3728.05,769.602144,260.11370776,130.545,1475.45,2491.8501,1260.05,6565.0498,294.649995
2022-04-04 09:15:00,1970.9020272,783.65002,4499.0,3093.5,767.0,3716.3999,743.0,1695.525,71.93326116,756.20001,1003.45,184.60001,854.0,2455.55,84.400002,1652.395521,1168.0,781.275,553.79999,2250.0,569.04999,2038.12384505,725.0,237.02255925,958.04999,1873.0,726.79999,,1735.0,1776.6,810.0,7631.6499,141.5,873.10255,165.35001,168.0375,1199.12281828,1104.0,234.0,506.0,902.59998,3737.1001,772.318968,266.42259248,131.445,1483.65,2508.75,1256.35,6622.0,299.5
2022-04-05 09:15:00,2005.43170695,826.0,4542.1499,3080.0,776.0,3765.0,733.0,1675.8551,72.49992726,761.0,1017.0,186.85001,860.55,2510.0,82.349998,1662.903521,1184.1,801.0,567.0,2315.0,582.04999,2094.04377279,738.0,240.79830676,968.0,1857.15,730.15002,,1794.2,1827.0,833.70001,7730.0,144.75,885.92,169.3,170.1749925,1189.61304065,1111.0,233.11,507.70001,924.15002,3772.0,778.69116508,270.64864775,132.925,1480.0,2520.05,1290.85,6680.0498,299.024995
2022-04-06 09:15:00,2060.32976682,840.0,4498.1499,3113.0,769.20001,3741.6001,730.0,1665.1,72.39992736,763.0,1014.0,188.3,853.26,2522.05,83.150002,1686.708376,1167.5,773.675,553.75,2306.55,576.04999,2088.4320899,732.09998,242.87494901,961.0,1822.15,729.79999,,1771.75,1827.7,822.95001,7675.0,148.3,893.15,170.3,173.3624925,1174.36105484,1101.5,231.01,506.0,925.0,3731.1499,787.43437892,273.2446652,134.68,1454.0,2523.3,1301.25,6690.0,295.5
2022-04-07 09:15:00,2018.67118313,813.59998,4490.0,3145.5,769.20001,3771.05,727.0,1648.0,73.84992591,759.54999,1032.3,189.89999,855.35,2512.0,82.25,1661.359692,1163.0,756.85,552.84998,2336.8501,569.0,2102.01836798,737.09998,241.45905314,960.0,1807.55,725.75,,1763.0,1810.15,822.29999,7621.0498,152.2,899.25,168.2,172.5,1165.2370265,1100.0,231.6,510.04999,926.84998,3679.0,792.37405892,270.76939822,134.1,1450.7,2452.0,1300.0,6696.0,288.75
2022-04-08 09:15:00,2041.94955352,817.40002,4514.0,3151.2,789.0,3767.0,726.0,1651.7301,78.31658809,757.59998,1005.0,192.35001,865.37,2515.6001,82.75,1669.327844,1162.55,748.65,553.79999,2330.55,578.29999,2129.97823339,743.59998,241.64784051,968.25,1808.0,731.20001,,1756.1,1818.05,827.04999,7515.3999,151.2,903.4825,168.7,172.9500075,1162.05952,1109.0,233.36,512.34998,919.29999,3642.5,794.300544,271.49387088,135.625,1440.0,2465.0,1265.55,6722.8501,290.25
2022-04-11 09:15:00,2093.59843785,839.29999,4575.5,3150.0,784.04999,3768.1499,729.5,1655.0051,80.34991939,756.0,1011.6,193.35001,874.69,2540.0,83.0,1757.674729,1131.75,746.625,560.59998,2331.1499,574.54999,2105.759293,751.65002,251.08720928,976.79999,1762.55,756.0,,1763.3,1779.0,846.20001,7485.0,151.85001,910.65,169.55,171.2999925,1172.4998985,1133.05,239.61,513.20001,918.59998,3656.1001,799.734192,272.27870368,135.3,1435.65,2477.3999,1266.35,6800.0,284.04999
2022-04-12 09:15:00,2090.2036755,835.0,4594.5498,3114.1499,777.79999,3676.05,722.0,1622.21,79.14992059,740.09998,1013.0,184.3,865.73,2496.05,81.0,1743.03325,1119.55,740.075,560.45001,2285.5,538.59998,2092.07476125,750.25,248.34980178,966.0,1727.75,738.15002,,1770.0,1733.6,843.29999,7500.0,150.85001,911.125,168.2,171.4500075,1159.97139891,1119.05,234.02,504.35001,911.40002,3648.3501,792.86802692,262.61914878,129.61,1406.45,2440.25,1235.95,6721.7998,278.100005
2022-04-13 09:15:00,2108.09892274,836.5,4629.0,3066.1001,790.84998,3669.1001,728.20498,1605.0,81.34991838,737.95001,1012.2,185.7,858.12,2479.55,82.150002,1731.47943,1123.0,731.325,562.0,2268.8999,543.54999,2097.68644414,760.70001,248.86894818,982.0,1732.0,760.0,,1772.75,1747.1,862.34998,7440.0,152.75,912.5,170.7,170.6625,1155.47754225,1140.0,235.69,513.75,921.29999,3655.55,801.26548292,259.66091613,131.5,1403.4,2441.1001,1221.5,6694.2002,277.29999
2022-04-18 09:15:00,2091.90105667,821.40002,4518.0,3013.0,776.0,3645.25,723.16001,1565.435,81.41658498,723.40002,1010.1,184.60001,846.14,2456.1499,82.550003,1718.232377,1084.6,695.025,555.25,2249.1499,537.40002,2101.96904424,749.20001,252.26713038,966.09998,1590.0,758.40002,,1730.0,1715.0,858.09998,7355.0,154.5,915.0,175.10001,170.6625,1144.7194131,1133.6,224.22,504.0,919.25,3522.5,799.240224,255.76689599,132.885,1330.2,2410.0,1216.0,6570.0498,268.0
2022-04-19 09:15:00,2075.7517842,807.0,4583.3999,2970.0,785.54999,3618.3501,715.1,1559.15,82.68325038,716.84998,980.34998,190.64999,838.0,2421.1001,79.449997,1693.331902,1058.75,663.5,542.0,2242.3999,537.59998,2068.49584806,757.0,244.29085433,951.0,1550.0,736.09998,,1687.0,1687.0,865.09998,7350.0,159.5,891.6125,176.0,169.875,1157.99685098,1112.0,220.4,505.10001,915.04999,3439.1499,775.38154984,251.75214952,130.9,1285.65,2441.0,1230.7,6506.0498,263.024995
2022-04-20 09:15:00,2096.89611,820.0,4731.3999,2980.0,788.59998,3652.3,696.0,1532.33,83.53325286,723.95001,990.04999,197.10001,842.61,2465.3999,80.0,1710.214424,1064.7,667.675,541.0,2261.6499,536.59998,2060.27522488,753.79999,243.11093323,952.5,1563.0,732.5,,1683.4,1671.35,873.45001,7472.6001,159.0,899.49745,174.8,167.5875,1202.50468384,1117.7,218.41,507.0,916.04999,3480.0,782.54408584,258.54402406,130.305,1295.75,2442.7,1251.0,6585.7002,265.67499
2022-04-21 09:15:00,2137.6332582,832.29999,4770.1001,3086.05,790.54999,3680.1001,704.72998,1559.265,83.96657909,730.0,996.70001,201.0,862.0,2541.7,80.650002,1727.594956,1081.1,676.65,557.04999,2277.0,531.45001,2134.40850936,751.20001,245.04602271,976.09998,1589.25,725.5,,1724.05,1700.0,880.75,7686.0498,160.35001,887.55,173.89999,168.9375,1240.135394,1125.2,223.62,512.20001,920.59998,3567.3999,794.547528,266.27166194,128.585,1297.45,2466.0,1260.0,6808.0,268.67499
2022-04-22 09:15:00,2196.8962065,840.70001,4788.0,3113.25,778.20001,3622.8501,707.13999,1543.0,83.61658611,729.0,959.0,201.25,833.4,2582.0,80.199997,1703.19249,1081.1,674.575,552.0,2273.6499,513.29999,2087.1522324,745.90002,244.05487011,957.09998,1582.4,722.04999,,1721.4,1690.4,889.04999,7731.0,159.85001,891.605,173.7,168.525,1245.6733339,1122.0,220.09,499.0,918.34998,3571.5,793.41138184,264.43031532,127.375,1292.85,2476.5,1265.5,6710.1001,265.32501
2022-04-25 09:15:00,2175.16982445,848.65002,4608.3501,3095.1001,761.25,3600.0,695.0,1520.0,80.91658549,729.15002,946.29999,186.75,812.2,2580.0,78.599998,1671.668489,1077.3,661.125,536.0,2266.0,492.25,2015.28331119,744.0,238.34406144,931.0,1554.1,695.25,,1694.0,1652.0,895.09998,7810.0,155.39999,892.505,168.3,166.125,1209.10926728,1087.45,215.27,490.04999,896.59998,3533.1001,780.02485892,255.4650349,121.28,1262.6,2447.05,1230.1,6556.6499,261.649995
2022-04-26 09:15:00,2226.0912597,865.40002,4601.0,3105.8,769.0,3704.95,709.7,1530.005,82.33325073,739.09998,957.04999,188.45,826.21,2613.0,78.599998,1688.252205,1085.05,678.575,537.95001,2301.3,489.75,2088.13673817,751.65002,241.88382473,958.09998,1566.55,713.04999,,1731.25,1664.0,906.59998,7830.0,156.0,910.0,165.7,168.2625075,1229.10490715,1083.6,220.6,498.45001,904.04999,3518.1499,785.40912,260.5664994,122.5,1265.0,2459.0,1245.0,6615.0,263.54999
2022-04-27 09:15:00,2255.0921325,880.0,4500.0,3085.95,749.0,3846.0,668.88501,1475.135,80.94992212,746.40002,964.0,186.60001,814.51,2605.0,75.5,1670.323863,1074.6,678.05,537.25,2370.0,476.45001,2070.9078872,732.54999,241.41185629,967.15002,1550.35,711.0,,1724.0,1666.7,922.95001,7720.0,155.2,907.5,163.35001,170.5875,1250.59846898,1061.2,226.8,491.85001,903.59998,3506.3,786.69342692,256.64230522,121.04,1246.25,2488.25,1215.05,6536.0498,257.25
2022-04-28 09:15:00,2266.05236523,876.79999,4505.0498,3170.0,766.34998,3805.0,658.0,1466.065,81.16658523,744.59998,977.95001,187.14999,816.32,2666.0,73.5,1683.27211,1073.3,681.05,546.5,2498.05,480.0,2131.45499205,734.65002,243.67729536,972.0,1557.45,722.65002,,1732.4,1680.0,918.5,7766.7002,155.25,908.75255,162.45,172.5375,1264.69302534,1066.4,227.12,496.5,909.29999,3538.05,789.95360584,260.08350958,124.3,1250.2,2477.0,1181.0,6551.0498,258.0
2022-04-29 09:15:00,2232.29872815,852.09998,4431.0,3221.3,725.0,3711.3501,665.1,1485.0,78.91658749,735.54999,976.5,181.89999,823.02,2620.0,71.099998,1678.391617,1074.35,685.775,573.20001,2491.45,479.25,2188.11329911,740.09998,244.0076827,975.20001,1560.8,723.29999,,1767.0,1687.15,918.0,7626.0,155.7,913.29005,159.5,170.2875,1260.69840035,1066.25,234.83,494.0,919.54999,3536.8501,803.191968,263.22287096,126.565,1248.35,2450.0,1222.3,6520.2002,253.5
2022-05-02 09:15:00,2241.5130831,838.04999,4290.0,3154.05,718.5,3606.0,652.55,1460.005,77.89992184,730.34998,971.79999,178.85001,814.0,2521.55,68.75,1650.602687,1062.0,681.025,574.70001,2448.1001,469.5,2171.72117959,731.09998,242.63896479,966.45001,1531.0,709.04999,,1750.05,1655.05,909.70001,7544.2998,153.0,910.5,155.89999,169.4249925,1251.96025748,1064.2,236.99,481.29999,902.54999,3492.75,800.22816,258.6949546,124.875,1224.2,2372.3501,1205.6,6542.8999,246.300005
2022-05-04 09:15:00,2165.90687591,805.79999,3996.05,3081.45,704.0,3485.3999,629.0,1427.0,76.26659015,717.0,947.04999,186.5,793.4,2455.6001,63.900002,1608.919292,1035.8,675.0,564.40002,2398.8,459.0,2115.35822426,721.15002,244.10208583,971.0,1530.15,708.04999,,1768.0,1625.05,891.04999,7356.5,157.3,898.5325,157.95,174.6749925,1214.85152085,1065.0,226.22,477.5,895.0,3465.3,791.13913892,253.98592763,125.45,1200.0,2275.0,1205.1,6501.0,244.625
2022-05-05 09:15:00,2168.7681756,806.0,3930.0,3070.0,698.90002,3510.3999,629.0,1405.0,77.33325575,714.25,944.0,184.7,790.2,2419.95,60.5,1595.124429,1047.1,673.25,563.5,2430.1001,460.20001,2120.23172472,726.5,245.80115333,932.0,1557.45,705.09998,,1784.3,1633.0,895.65002,7380.1499,157.0,875.3,163.39999,174.6375075,1194.742444,1080.0,229.63,478.64999,872.59998,3485.3501,763.18056,255.79709417,127.8,1222.15,2252.1499,1206.1,6340.0,248.149995
2022-05-06 09:15:00,2133.85062,790.20001,3791.05,3003.8999,668.09998,3460.0,597.5,1351.0,75.749924,707.75,925.40002,183.05,776.0,2351.3501,57.650002,1544.87527,1028.95,656.5,555.0,2407.25,439.0,2073.56605277,710.29999,244.38524802,902.5,1535.05,680.65002,,1750.0,1612.1,887.29999,7156.6499,156.05,848.75,161.10001,173.5875,1177.28885473,1052.2,226.6,471.0,861.5,3424.5,753.74578108,245.71492771,124.3,1228.7,2195.45,1138.15,6160.0,240.5
2022-05-09 09:15:00,2114.451978,783.0,3739.6499,2975.0,648.79999,3480.0,583.25498,1336.285,73.83325926,704.45001,922.0,181.55,774.13,2310.0,55.650002,1530.482795,1034.1,647.75,557.5,2486.0,429.5,2077.45475211,704.45001,245.94274386,881.0,1522.15,668.09998,,1743.0,1591.25,875.0,7130.0,155.95,822.5,162.75,176.7374925,1138.0012565,1033.2,227.12,473.79999,868.04999,3346.8501,744.903744,238.47026153,124.4,1210.0,2171.0,1092.85,6115.0,237.300005
2022-05-10 09:15:00,2034.43257975,765.04999,3661.8,3036.0,657.54999,3540.0,590.0,1356.2,74.03326239,710.15002,918.54999,168.8,778.0,2334.95,50.049999,1528.291554,1066.6,657.525,558.0,2458.6001,420.29999,2086.16772663,705.0,244.57405427,888.0,1546.05,643.09998,,1767.5,1601.0,884.09998,7350.1499,154.5,820.05,152.89999,181.875,1115.758711,1062.0,229.0,473.5,846.5,3422.0,734.08583492,235.21016779,115.855,1235.0,2125.0,1055.0,6200.5498,238.074995
2022-05-11 09:15:00,2014.5489717,749.04999,3619.6499,2979.0,655.45001,3537.3,573.7,1315.205,71.91659451,716.90002,904.25,165.25,770.2,2353.0,50.299999,1502.046453,1054.05,664.325,559.5,2407.8999,413.95001,2083.21420932,707.15002,237.63610878,891.29999,1511.6,635.34998,,1796.0,1557.35,876.5,7346.6001,150.05,811.745,153.75,179.025,1099.39455252,1079.0,219.44,463.64999,851.0,3382.1499,729.096768,227.93530344,112.34,1207.3,2095.75,1009.55,6209.9502,231.274995
2022-05-12 09:15:00,1950.58194971,705.29999,3541.45,2988.0,644.0,3539.2,550.58999,1275.0,72.04992438,701.25,915.5,164.64999,757.97,2332.1499,51.049999,1457.424802,1043.75,646.5,544.29999,2371.0,394.60001,2076.51957008,693.29999,235.18186347,856.0,1504.3,620.0,,1757.0,1513.1,853.70001,7210.7998,148.0,806.3375,154.0,174.1124925,1075.812915,1048.0,209.42,456.35001,835.20001,3350.1001,719.217408,221.08306876,110.3,1197.05,2035.55,982.84998,6077.6001,231.074995
2022-05-13 09:15:00,1974.10280313,701.79999,3530.0,3035.3,633.40002,3618.05,550.0,1257.5,72.3665974,684.75,922.20001,168.0,778.1,2397.8501,52.25,1460.114053,1045.1,643.5,548.04999,2414.95,384.95001,2120.77300599,675.0,240.2319352,868.75,1498.1,594.15002,,1756.0,1502.0,870.09998,7062.3501,143.5,815.245,152.95,174.8250075,1096.39866322,1038.55,209.52,439.75,860.15002,3382.1499,726.18234692,233.64048409,109.2,1195.0,2056.1499,1018.55,6142.7998,233.5
2022-05-16 09:15:00,1995.78068857,704.0,3553.05,2985.2,630.04999,3650.0,548.8,1245.0,72.09992766,679.65002,926.04999,167.85001,772.21,2494.6499,54.75,1431.876914,1040.2,642.65,544.20001,2440.0,385.0,2138.64188417,675.75,238.81602988,865.54999,1478.65,599.04999,,1766.15,1539.45,892.70001,7150.0,141.64999,806.7225,151.8,174.75,1096.98868078,1034.15,210.36,438.85001,875.04999,3366.6001,721.19328,239.22491426,109.4,1156.95,2096.7,1005.1,5821.0,232.5
2022-05-17 09:15:00,2055.67399575,715.34998,3678.05,2951.0,641.15002,3725.1001,565.2,1263.0,75.38325437,690.84998,916.20001,173.14999,774.2,2600.1499,55.150002,1442.285313,1045.35,649.1,542.5,2502.05,398.04999,2186.8826669,685.15002,240.51511626,888.09998,1480.9,609.15002,,1817.6,1545.0,898.15002,7255.0498,146.3,808.2325,155.55,174.5625,1103.956544,1036.3,216.4,456.14999,878.70001,3350.3999,712.35124292,244.50748335,111.535,1183.15,2111.0,1036.0,5980.3999,234.149995
2022-05-18 09:15:00,2106.6925212,742.0,3725.0,3026.0,650.29999,3736.2,579.0,1261.005,77.33325575,689.20001,941.34998,181.8,776.4,2683.3999,55.849998,1470.273447,1070.8,655.0,547.54999,2511.8,423.5,2201.45345075,706.09998,248.39697974,899.04999,1505.3,628.0,,1840.85,1565.0,905.20001,7509.6001,147.2,810.6,160.2,170.3250075,1138.56866838,1061.0,217.44,457.10001,888.0,3443.05,724.94742692,249.97116305,117.5,1168.5,2161.0,1065.8,6130.0498,240.300005
2022-05-19 09:15:00,2034.52966995,730.0,3609.6001,3000.45,641.20001,3680.05,561.1,1217.38,74.73325836,667.84998,934.40002,180.7,765.81,2622.0,54.799999,1440.791284,1004.6,639.15,525.40002,2500.55,413.79999,2210.65848125,685.59998,247.87783334,860.09998,1417.65,592.04999,,1778.35,1540.35,880.15002,7385.0498,145.75,800.0,157.8,166.2374925,1119.41284348,1047.0,212.8,444.45001,878.34998,3230.0,709.98022616,239.19473419,111.52,1100.0,2055.1001,1011.8,6050.0,225.0
2022-05-20 09:15:00,2086.3239471,745.09998,3586.0,3070.0,658.0,3735.0,571.2,1243.165,76.5165899,683.0,939.0,183.55,795.0,2652.1499,56.400002,1462.404897,1016.8,646.175,532.0,2545.0,421.04999,2247.33132118,693.70001,261.47051493,881.20001,1446.7,616.70001,,1794.45,1561.05,888.65002,7450.0,147.64999,812.5025,160.10001,170.0625,1135.731609,1061.35,216.72,454.14999,889.04999,3270.05,722.57641016,247.52609425,114.12,1114.75,2129.2,1044.6,6064.2002,227.5
2022-05-23 09:15:00,2090.83403437,751.25,3666.0,3130.05,668.54999,3770.0,577.12002,1250.0,76.76658965,679.59998,966.45001,182.39999,847.24,2715.05,56.599998,1446.219588,1014.75,649.55,542.65002,2610.55,399.35001,2270.61498109,707.45001,257.74195483,898.95001,1450.05,537.5,,1841.25,1605.6,910.25,7776.1001,148.39999,845.56505,154.64999,168.15,1177.0391935,1062.0,220.0,459.5,916.59998,3267.0,719.26679492,253.29163504,100.155,1115.65,2138.0,1060.35,5900.0,228.75
2022-05-24 09:15:00,2078.12802086,747.5,3613.5,3070.0,661.20001,3771.05,572.5,1228.775,73.03326339,675.84998,961.75,181.2,851.29,2702.1001,57.900002,1374.50622,987.0,648.45,545.65002,2613.3999,400.0,2266.38150783,706.04999,254.86295679,895.29999,1435.25,537.25,,1842.8,1610.1,943.09998,7791.2998,146.3,842.655,150.14999,168.4500075,1179.17266215,1057.25,220.61,460.20001,907.0,3275.6001,701.43456,251.14842734,100.2,1091.0,2121.3501,1047.25,5833.6499,229.0
2022-05-25 09:15:00,2004.07370502,705.40002,3486.1499,2826.3,660.04999,3742.25,580.17998,1233.3,75.16659125,679.54999,969.45001,180.05,859.26,2673.0,60.650002,1351.398579,963.0,661.6,556.59998,2583.6499,389.70001,2251.07244311,711.59998,255.33492523,889.54999,1399.25,521.0,,1886.3,1571.1,923.34998,7696.0498,147.39999,860.17245,147.60001,166.9125,1180.89759425,1078.0,220.55,452.04999,907.25,3154.05,701.48394692,249.60894181,99.18,1045.0,2106.0,1026.45,5778.25,221.600005
2022-05-26 09:15:00,1848.88456902,668.15002,3361.55,2718.55,668.0,3754.05,565.33999,1206.225,74.19992889,675.90002,960.25,177.75,857.93,2663.95,59.599998,1334.914465,969.04999,670.0,563.15002,2575.0,392.60001,2223.01402866,715.45001,249.05775444,877.45001,1407.05,520.04999,,1884.05,1536.65,914.79999,7620.0,150.60001,866.07245,148.10001,167.9249925,1156.612366,1073.4,220.52,452.5,893.5,3180.55,689.579328,244.50748335,99.525,1055.95,2075.5,1004.4,5706.75,222.0
2022-05-27 09:15:00,1986.12996117,697.0,3573.0,2781.0,684.25,3823.05,586.10498,1260.455,75.73325735,676.0,960.0,180.5,853.79,2729.7,61.5,1372.563983,989.0,685.375,577.40002,2638.0,406.10001,2245.16540848,731.25,250.19045981,905.20001,1437.4,539.40002,,1913.0,1574.0,923.0,7833.0,149.5,874.35995,141.10001,167.5499925,1153.02636834,1102.85,226.24,467.5,896.0,3229.2,713.88253384,256.70267744,103.2,1092.0,2123.3999,1045.5,5886.0498,228.125
2022-05-30 09:15:00,2038.7972742,710.0,3820.45,2817.0,690.09998,3843.05,604.11001,1283.7,76.33325675,683.0,968.0,182.55,870.22,2742.8501,62.599998,1397.514259,1015.65,699.225,599.29999,2724.0,405.60001,2294.88294987,744.29999,252.59751772,932.09998,1485.0,525.59998,,1895.55,1613.6,957.04999,7951.0,148.8,881.7425,141.14999,168.225,1177.5839089,1118.85,228.38,471.10001,886.5,3286.3501,720.30411784,263.22287096,104.35,1135.45,2164.0,1077.0,5965.5498,236.574995
2022-05-31 09:15:00,2085.74189085,728.0,3839.05,2811.0,683.04999,3839.0,601.64502,1277.36,76.54991987,692.59998,978.70001,185.2,866.12,2717.2,67.400002,1414.197577,1020.45,690.0,596.09998,2752.1499,412.0,2268.20274505,740.5,251.46477459,926.0,1488.15,532.20001,,1828.35,1645.0,992.0,7900.0,150.35001,872.85,145.39999,171.15,1187.34339315,1139.6,229.0,465.0,851.20001,3325.0,734.036448,265.87924252,103.7,1148.65,2176.6001,1109.3,6045.0498,235.199995
2022-06-01 09:15:00,2062.0756446,729.04999,3790.05,2832.05,680.5,3707.3,597.725,1253.2,78.24992149,691.25,980.34998,193.2,860.22,2752.0,73.099998,1406.976439,1011.55,689.575,596.65002,2731.5,406.20001,2266.33228254,744.20001,255.0517536,918.70001,1472.1,549.20001,,1835.35,1638.45,1014.8,7880.1001,156.25,859.005,148.75,171.1124925,1187.5703579,1144.05,233.2,464.70001,832.59998,3340.05,748.608504,265.39627685,105.33,1143.1,2180.0,1106.25,5950.0,234.25
2022-06-02 09:15:00,2077.88553783,730.25,3623.75,2848.0,682.0,3666.3501,594.92002,1245.005,81.38324835,683.04999,977.5,194.3,858.0,2715.05,71.400002,1409.964496,1007.3,689.3,591.20001,2640.3999,406.39999,2222.1771003,743.20001,252.83350194,921.0,1475.6,557.65002,,1846.0,1623.7,1035.0,7855.6001,154.25,851.00255,146.0,168.4125,1195.650303,1121.3,235.05,466.14999,832.79999,3346.3,737.988192,263.01156216,105.91,1131.7,2176.6001,1098.0,5906.0,234.050005
2022-06-03 09:15:00,2110.62074621,738.75,3546.3501,2856.0,673.15002,3650.0,601.4,1265.205,80.58325249,685.25,957.15002,196.2,862.96,2661.5,71.199997,1324.755071,1040.2,688.15,600.29999,2575.1499,405.29999,2230.05314646,741.20001,256.37326523,922.0,1518.0,559.54999,,1853.1,1644.95,1025.7,7681.0,154.7,856.28,151.14999,168.75,1244.674689,1138.95,233.67,463.5,854.84998,3431.2,742.97725892,259.90239896,106.5,1144.1,2197.75,1111.1,5610.0,237.25
2022-06-06 09:15:00,2103.00677922,725.29999,3542.1001,2807.7,670.29999,3650.5,591.1,1228.205,79.43325364,676.5,960.5,193.2,854.2,2638.05,69.199997,1304.78489,1021.15,680.325,601.04999,2525.1001,395.95001,2212.7752671,739.59998,254.57978517,918.5,1493.0,553.0,,1843.15,1634.1,1018.0,7591.4502,154.60001,847.655,152.8,167.6625,1249.1231981,1134.1,230.9,456.5,858.0,3377.1499,736.30869092,256.34044413,104.92,1111.1,2165.95,1092.0,5575.0,232.100005
2022-06-07 09:15:00,2140.68864131,713.40002,3525.0,2731.0,661.09998,3765.0,583.36499,1223.235,80.71658235,673.29999,962.0,193.60001,820.74,2610.6001,64.75,1292.334653,1013.15,677.05,593.04999,2500.0,402.20001,2172.85345968,732.34998,256.98681476,916.5,1502.6,567.09998,,1832.0,1586.1,1018.1,7555.0,153.5,830.5,154.2,167.775,1249.23668048,1113.5,228.51,460.5,838.59998,3356.0,737.09902984,259.05719395,106.355,1120.7,2088.0,1073.0,5410.0,232.574995
2022-06-08 09:15:00,2093.64693446,725.34998,3557.0,2700.0,655.45001,3768.05,580.225,1225.0,81.34991838,660.45001,956.90002,196.5,822.6,2619.1499,64.099998,1302.245042,1016.0,678.5,596.04999,2553.3501,401.10001,2152.12961322,726.45001,251.2760061,906.54999,1492.0,572.20001,,1838.75,1570.1,1034.25,7720.7002,156.10001,822.32755,162.10001,167.2875,1233.00870085,1129.2,232.44,463.20001,837.59998,3346.5,730.18347784,260.80798224,107.405,1119.9,2096.55,1077.95,5500.0,232.149995
2022-06-09 09:15:00,2090.2036755,723.09998,3561.0,2633.75,650.0,3779.3999,585.5,1225.5,81.03325537,655.09998,955.0,196.5,834.02,2621.0,65.0,1296.816738,1011.7,678.575,592.0,2560.0,393.39999,2137.11590023,722.15002,250.85122506,906.34998,1481.5,564.0,,1827.7,1556.2,1032.0,7830.1001,154.7,824.25255,164.5,165.75,1230.148945,1130.55,231.0,462.45001,835.45001,3353.1001,733.34488292,257.2460274,104.12,1111.65,2103.0,1063.1,5445.0,232.125
2022-06-10 09:15:00,2105.7225891,718.20001,3595.5,2652.0,652.20001,3850.0,565.23999,1217.565,80.49991924,668.0,960.0,196.25,856.36,2672.25,66.5,1280.930235,1008.2,671.8,591.54999,2575.45,382.75,2129.28907936,718.0,253.68303569,903.25,1473.6,561.34998,,1784.05,1569.05,1026.6,7826.0,154.0,826.84005,163.35001,166.5375,1226.29054425,1152.25,230.53,458.60001,842.0,3352.0,738.03757892,254.77076042,101.065,1100.25,2108.0,1071.8,5409.0,228.149995
2022-06-13 09:15:00,2004.60716768,688.79999,3592.0,2642.5,640.09998,3794.45,532.5,1135.0,78.28325813,658.0,947.79999,189.55,851.3,2666.2,65.400002,1280.531827,982.5,654.15,579.54999,2536.55,360.5,2122.59444012,682.09998,248.25539865,860.09998,1411.7,555.0,,1718.65,1518.3,998.54999,7793.75,147.75,827.0,158.45,166.125,1187.61575085,1130.35,223.1,442.10001,819.75,3192.45,717.241536,244.86972269,99.0,1050.0,2076.2,1083.45,5337.0,222.5
2022-06-14 09:15:00,1991.3676915,693.54999,3622.75,2585.0,643.09998,3602.95,528.42002,1126.505,78.01658839,669.09998,950.79999,189.10001,847.81,2676.2,64.0,1280.980036,978.15002,652.5,570.15002,2530.0,357.35001,2126.5324632,680.65002,248.30258606,840.29999,1403.15,560.15002,,1721.6,1525.2,999.04999,7750.0,148.89999,838.0,155.3,166.5,1186.32205177,1124.15,224.2,443.35001,821.84998,3174.7,722.82339416,240.10031746,98.555,1020.4,2072.6499,1064.2,5324.0,219.0
2022-06-15 09:15:00,2108.82637182,701.59998,3645.8999,2627.1001,647.20001,3645.0,539.61499,1140.0,79.61659012,673.5,964.0,189.14999,857.41,2703.95,68.949997,1302.743051,988.0,649.2,571.15002,2557.6001,356.04999,2097.98179587,686.09998,248.30258606,828.0,1418.85,557.04999,,1728.9,1539.05,1020.0,7816.0,147.55,833.0,150.8,166.4249925,1173.13535441,1122.8,226.32,448.60001,819.15002,3201.0,723.66312,245.98660873,95.065,1017.8,2090.0,1065.75,5401.0,219.649995
2022-06-16 09:15:00,2013.62753621,677.0,3647.0,2640.0,631.04999,3633.0,525.48501,1141.105,77.03325938,650.0,927.79999,179.10001,855.13,2631.25,66.099998,1272.962083,961.65002,639.0,567.65002,2511.05,332.29999,2101.96904424,676.29999,244.95161958,805.15002,1392.0,544.45001,,1670.0,1516.75,997.0,7805.0,142.0,830.74745,142.60001,161.7374925,1159.335943,1099.9,224.73,440.14999,806.54999,3133.05,710.37537092,235.51202888,89.82,971.0,2042.05,1069.5,5277.0498,209.875
2022-06-17 09:15:00,1998.20551882,663.0,3556.1001,2560.0,626.59998,3615.6001,522.0,1135.0,76.26659015,638.0,910.79999,179.39999,813.21,2585.05,65.300003,1271.517855,944.04999,635.8,547.40002,2455.6499,325.85001,2067.462117,669.95001,244.05487011,796.75,1367.15,539.70001,,1648.6,1481.4,983.15002,7646.1499,139.55,821.75,140.64999,157.6875,1160.28924034,1075.9,222.51,437.25,789.90002,3023.8501,700.24902692,231.01428656,89.55,943.70001,1910.55,1036.3,5157.0498,201.024995
2022-06-20 09:15:00,1964.1125025,653.09998,3682.8999,2588.3501,622.20001,3574.8,535.2,1153.205,74.56659186,634.20001,902.0,174.75,821.42,2599.95,64.050003,1279.884415,952.09998,647.075,545.84998,2433.8999,308.95001,2075.48574057,677.59998,246.69791224,769.5,1382.0,536.09998,,1652.0,1456.35,979.09998,7626.0,135.0,826.87755,130.0,154.7625075,1144.40170784,1069.15,223.29,430.70001,794.5,3069.0,696.49488,227.39195347,84.265,948.04999,1905.45,1014.5,5161.7998,202.074995
2022-06-21 09:15:00,2028.75837997,667.09998,3794.05,2640.0,628.15002,3616.05,545.5,1167.99,76.083257,640.5,927.09998,178.0,832.02,2632.1499,65.349998,1311.308814,963.65002,662.025,555.0,2465.0,325.60001,2138.49410985,688.59998,249.29373866,783.45001,1422.75,552.70001,,1672.55,1476.9,981.79999,7625.1499,137.75,843.0,135.0,155.475,1147.66995485,1077.35,225.76,437.60001,805.34998,3125.3999,711.31392,233.64048409,86.4,980.0,1966.5,1038.1,5262.0498,208.324995
2022-06-22 09:15:00,2014.6460619,665.54999,3713.25,2626.3501,621.25,3614.1499,540.5,1135.0,75.0165914,641.45001,912.79999,179.0,832.0,2642.1001,65.0,1305.531904,959.15002,661.6,550.34998,2480.0,315.45001,2152.17883851,685.09998,250.04886928,767.70001,1435.0,542.5,,1653.0,1468.0,972.65002,7716.6001,136.55,829.27755,131.0,156.15,1135.2776795,1062.6,233.01,444.64999,803.25,3183.0,698.470752,235.75351172,83.57,968.0,2007.0,1009.3,5320.0,205.149995
2022-06-23 09:15:00,2017.458768,666.20001,3723.1499,2674.95,618.25,3665.25,534.3,1131.485,75.0165914,647.75,914.40002,174.85001,851.0,2665.1001,66.5,1293.928283,958.59998,659.25,549.65002,2572.55,311.10001,2158.13519687,687.0,247.68902709,763.20001,1433.0,548.0,,1648.8,1481.5,985.20001,7803.0,135.64999,835.0,132.2,154.6124925,1109.8576275,1061.45,232.02,446.0,808.5,3222.95,698.223768,238.19858052,82.7,971.25,1997.15,1012.0,5358.0498,205.649995
2022-06-24 09:15:00,2045.19892305,677.09998,3762.0,2726.0,631.65002,3781.95,545.5,1143.0,76.09992365,662.09998,930.0,174.8,858.4,2831.95,69.550003,1306.029914,960.0,669.275,558.15002,2690.2,316.60001,2225.03226549,706.54999,250.33206922,792.5,1428.9,560.25,,1690.15,1489.0,1031.6,8238.2998,134.95,846.10255,135.2,155.8125,1120.298006,1072.1,240.6,453.20001,821.5,3277.5,711.41269384,245.20175782,84.465,974.0,2033.95,1034.2,5435.2002,207.875
2022-06-27 09:15:00,2104.12229813,684.90002,3775.0,2765.0,634.70001,3817.0,558.775,1155.0,78.23325484,671.20001,930.54999,177.45,861.17,2836.0,65.0,1326.697308,984.20001,676.0,556.59998,2730.6001,326.35001,2262.44348475,716.09998,251.55917772,817.65002,1465.15,570.04999,,1685.0,1509.75,1072.05,8391.25,136.75,859.13495,137.25,157.2374925,1126.44875073,1077.05,249.08,458.04999,828.0,3306.5,715.759632,248.94484741,86.305,996.0,2025.0,1041.3,5488.0498,212.0
2022-06-28 09:15:00,2095.053336,670.25,3722.8999,2704.3,632.0,3783.05,552.5,1129.0,78.26658814,676.29999,921.84998,180.75,862.4,2818.75,59.650002,1321.418407,983.25,669.2,549.34998,2730.0,325.29999,2242.55656665,707.0,253.49423888,812.0,1453.0,568.0,,1664.7,1524.1,1079.45,8381.0498,137.14999,852.55,142.14999,156.2625075,1126.69845734,1068.0,247.86,458.0,825.04999,3272.6001,713.38856584,247.01292436,86.04,984.04999,1960.0,1030.0,5480.0,207.850005
2022-06-29 09:15:00,2111.73616812,667.0,3695.0,2678.0,623.5,3856.05,546.0,1104.05,78.06658834,675.0,922.90002,183.64999,866.88,2830.0,56.849998,1313.549857,985.0,665.625,538.75,2730.0,335.04999,2190.52533825,700.95001,254.06060101,788.20001,1457.0,569.15002,,1636.7,1525.4,1090.7,8370.0,136.8,862.61505,146.2,156.3375,1135.2776795,1051.55,243.6,458.0,823.84998,3271.0,707.362176,248.46185759,86.85,1002.55,1923.0,1042.65,5521.1001,208.699995
2022-06-30 09:15:00,2114.93694405,666.59998,3656.3999,2680.0,623.65002,3692.0,537.7,1090.9,77.26658915,679.0,911.40002,182.55,870.2,2784.05,53.349998,1304.884492,969.95001,668.0,537.59998,2714.0,337.04999,2179.10497287,701.20001,256.75083054,790.25,1455.0,556.20001,,1631.0,1542.1,1088.05,8435.5996,141.14999,861.70995,149.25,157.7999925,1164.783097,1057.55,245.83,458.60001,823.65002,3255.0,694.61778184,247.52609425,86.33,997.0,1926.0,1069.25,5535.0,207.5
2022-07-01 09:15:00,2073.95731283,656.0,3635.2,2685.0,631.79999,3601.1001,533.50498,1072.72,75.749924,666.0,911.20001,176.60001,858.01,2750.3999,52.549999,1300.103601,964.20001,665.025,540.54999,2683.3501,330.25,2169.45701322,694.09998,255.99569048,783.0,1442.35,556.54999,,1636.0,1534.6,1064.0,8305.5996,139.75,866.55255,130.0,153.9,1073.5432675,1075.0,247.7,460.54999,825.0,3252.05,688.591392,242.87742742,85.91,989.29999,1825.05,1059.1,5485.0,205.699995
2022-07-04 09:15:00,2161.34829203,673.09998,3700.05,2744.8,640.5,3608.0,554.1,1121.52,75.6499241,666.04999,928.5,179.10001,859.2,2745.75,53.299999,1326.2989,973.45001,671.125,563.09998,2738.8999,326.64999,2240.73513252,704.84998,268.83321313,811.20001,1462.0,544.20001,,1660.05,1550.2,1079.4,8320.0,139.35001,885.225,124.1,153.7875,1074.04263534,1095.1,250.0,466.85001,821.90002,3225.05,705.92965892,244.50748335,84.33,995.0,1928.0,1073.55,5632.1001,208.0
2022-07-05 09:15:00,2170.7080398,676.95001,3761.0,2760.0,646.0,3663.0,562.64502,1140.975,76.03326038,680.04999,930.25,181.75,870.24,2790.0,54.349998,1340.043963,978.45001,674.15,563.25,2730.0,341.75,2334.85398258,718.09998,269.7299626,821.04999,1472.0,550.59998,,1656.95,1561.6,1078.0,8335.0,140.2,895.0,126.0,158.2125,1097.19303984,1106.95,252.21,471.0,826.65002,3206.95,717.34030984,247.64684472,85.78,999.0,1940.55,1110.1,5700.3501,206.524995
2022-07-06 09:15:00,2169.25314165,677.15002,3783.5,2805.1499,651.0,3675.1499,564.58999,1153.0,74.71658837,684.20001,933.15002,178.0,875.87,2807.0,53.900002,1340.243166,980.04999,673.55,555.0,2734.1001,327.79999,2362.813848,722.0,269.30518157,825.04999,1470.0,541.0,,1671.0,1551.8,1080.6,8370.0,136.10001,890.0625,119.85,156.15,1083.983646,1111.0,254.02,473.89999,831.25,3202.25,712.54884,247.91850763,83.805,1001.6,1941.35,1113.0,5728.25,206.550005
2022-07-07 09:15:00,2188.1668176,695.0,3868.25,2876.8,651.65002,3785.0,581.6,1185.0,77.03325938,685.45001,933.29999,181.45,865.6,2917.3999,53.75,1362.603793,984.95001,687.225,551.20001,2825.1499,341.29999,2427.29897594,733.0,272.32578901,840.25,1495.7,551.59998,,1716.05,1565.65,1114.6,8576.2002,139.5,908.68,121.25,159.0750075,1078.0825625,1111.15,251.6,481.60001,842.15002,3265.05,740.952,253.1407045,85.85,1016.0,2102.55,1158.35,5771.25,208.600005
2022-07-08 09:15:00,2195.8291842,706.54999,3910.0,2840.5,661.40002,3792.7,580.1,1188.0,77.8165886,686.65002,927.84998,187.05,860.88,2895.0,54.299999,1376.697462,979.15002,697.375,543.45001,2819.05,351.10001,2414.79575266,744.54999,274.11925964,846.20001,1499.95,562.54999,,1732.2,1618.0,1126.15,8445.0,141.0,911.1,121.0,159.4874925,1081.50973023,1127.55,254.2,485.14999,849.75,3250.0,745.94106692,259.17792631,88.05,1014.55,2110.5,1162.45,5805.6001,208.274995
2022-07-11 09:15:00,2222.16293771,713.04999,3895.05,2851.3501,665.34998,3795.0,581.37998,1183.955,77.93325514,658.95001,927.04999,187.8,870.02,2907.8999,54.200001,1368.530106,940.0,696.625,540.20001,2808.05,347.79999,2441.5743096,755.0,275.67675549,843.04999,1466.4,561.09998,,1728.2,1653.4,1122.65,8416.0996,143.60001,917.1,121.05,162.15,1075.812915,1141.05,248.02,485.0,851.09998,3106.0,749.25068216,261.68338544,87.505,988.0,2126.6001,1197.0,5780.6001,202.774995
2022-07-12 09:15:00,2279.48582782,726.34998,3900.0,2885.3999,673.0,3832.05,578.4,1174.1,76.73325635,660.0,934.0,192.10001,885.2,2941.5,55.5,1370.82095,924.40002,694.7,537.45001,2834.0,341.60001,2406.57512948,757.70001,274.59122808,845.0,1436.0,563.5,,1711.95,1649.05,1142.0,8376.25,144.05,905.05255,123.5,159.8624925,1091.246518,1134.1,246.74,483.10001,849.0,3080.25,743.07608216,258.4836458,89.36,994.5,2114.45,1184.05,5730.0,204.0
2022-07-13 09:15:00,2263.53054177,724.34998,3861.2,2926.05,676.95001,3848.0,586.66001,1172.0,76.99992275,641.0,932.15002,193.0,890.0,2942.0,58.0,1382.773178,905.0,677.125,538.54999,2835.0,344.0,2423.26240383,749.90002,276.29033334,789.5,1438.6,574.59998,,1723.4,1644.4,1138.1,8381.0,147.5,906.5,121.4,160.0875,1077.1747035,1137.6,248.07,484.54999,849.34998,3035.0,747.867552,256.97434035,90.065,987.04999,2107.45,1158.75,5770.3501,202.675005
2022-07-14 09:15:00,2266.24635165,716.54999,3880.05,2912.3999,665.59998,3841.0,579.47002,1163.27,77.88325186,628.75,945.15002,190.3,900.61,2900.8501,55.299999,1375.103831,892.29999,674.625,532.59998,2772.05,346.5,2429.95714151,748.79999,272.93933855,813.70001,1414.0,574.25,,1737.05,1634.6,1131.2,8450.0,147.0,906.63495,123.8,159.6375075,1078.96772502,1130.05,254.01,476.79999,864.20001,2967.0,750.13979492,255.55559322,89.5,968.79999,2113.0,1170.1,5682.25,200.25
2022-07-15 09:15:00,2305.5286017,726.09998,3875.0,2940.45,659.09998,3861.0,581.28501,1168.0,79.13325061,643.25,951.5,189.39999,904.2,2945.7,53.349998,1383.370789,877.34998,673.4,534.0,2782.75,344.60001,2463.28266183,744.20001,273.26972589,811.20001,1410.65,569.34998,,1770.0,1649.2,1140.4,8576.2002,148.14999,918.81505,124.6,156.6,1081.75943684,1136.85,255.18,474.70001,872.84998,2953.0,757.00596,259.41942726,87.75,965.04999,2132.2,1182.05,5701.0,195.5
2022-07-18 09:15:00,2333.70512921,732.59998,3890.1499,2988.3999,663.45001,3925.1001,593.13501,1192.005,83.04991334,649.15002,960.04999,193.85001,891.06,3012.0,52.849998,1400.502316,888.84998,671.025,540.45001,2805.25,354.20001,2493.8023407,757.84998,277.28145762,823.20001,1448.05,578.0,,1794.25,1690.0,1159.25,8684.0,149.3,927.62755,126.95,156.6749925,1085.93554285,1157.3,264.6,482.10001,878.54999,3014.3,778.29597092,267.5696767,89.225,984.20001,2194.05,1202.7,5811.3999,198.324995
2022-07-19 09:15:00,2332.6867005,734.04999,3923.3999,2978.1499,678.59998,3966.0,600.20498,1209.305,84.01658237,663.09998,955.40002,194.0,887.03,3015.0,53.299999,1412.354942,885.0,668.5,535.0,2783.45,363.29999,2483.66193127,767.15002,276.29033334,840.0,1470.1,577.40002,,1828.05,1714.0,1161.0,8667.4502,149.25,911.32245,124.45,157.2000075,1089.56697885,1155.5,271.47,488.0,873.5,3030.05,774.73942108,268.32432943,90.1,991.0,2216.7,1195.05,5982.6499,200.600005
2022-07-20 09:15:00,2370.5140524,741.90002,4030.05,3000.0,702.70001,3999.0,604.20498,1237.2,84.33324872,668.20001,958.84998,197.39999,888.0,3028.0,53.200001,1432.275322,895.09998,677.625,522.0,2810.0,367.39999,2496.31292886,780.29999,277.13987653,872.79999,1500.0,587.0,,1818.1,1727.95,1162.5,8720.2002,150.14999,912.5,132.2,156.375,1128.58221938,1163.5,280.31,500.39999,862.04999,3098.05,777.9996,272.73149531,92.52,1017.25,2261.1001,1203.0,6077.0,203.550005
2022-07-21 09:15:00,2377.54606012,741.20001,4096.3501,2981.0,704.34998,3993.45,603.6,1238.105,84.79991159,671.20001,966.34998,196.3,871.2,3031.0,52.700001,1436.408801,913.54999,679.05,519.04999,2815.05,370.85001,2551.54360411,780.09998,281.29318935,892.59998,1503.1,585.04999,,1787.8,1715.1,1164.8,8722.0498,150.0,929.6875,131.8,157.0875,1119.98025535,1163.0,279.08,506.75,863.70001,3144.05,783.77900584,271.73535975,92.45,1011.05,2264.0,1201.0,6036.0,201.300005
2022-07-22 09:15:00,2408.4384945,751.54999,4089.95,3048.0,715.09998,4045.25,621.77002,1265.77,88.46657458,675.20001,967.5,196.8,870.6,3077.6001,52.900002,1451.299285,909.0,681.2,528.54999,2840.3,376.75,2570.59379076,789.09998,281.38759247,938.65002,1492.15,579.20001,,1789.7,1752.55,1170.3,8791.0,148.14999,941.77755,131.55,157.125,1132.5541025,1158.4,291.3,511.20001,866.5,3143.5,791.48494616,273.06353647,93.2,1013.25,2283.1001,1220.55,6099.0498,204.524995
2022-07-25 09:15:00,2424.83025,746.04999,4138.0498,3051.6499,722.5,3998.3,618.5,1257.0,89.34990702,676.54999,955.04999,194.60001,860.0,3068.1001,46.0,1476.000556,914.0,691.65,526.0,2831.45,380.29999,2571.52907124,797.09998,282.04832941,939.54999,1480.1,573.5,,1785.1,1760.05,1132.0,8490.0,147.35001,935.60255,128.39999,155.5499925,1090.7925885,1139.2,294.6,509.14999,856.40002,3149.1001,791.58372,269.44120339,93.36,1008.25,2313.0,1221.3,6260.0498,204.274995
2022-07-26 09:15:00,2456.8380093,745.0,4088.0,3053.0,702.04999,3917.0,621.25,1279.0,87.66657871,670.25,944.5,199.55,838.81,3007.95,41.200001,1479.187817,911.09998,693.15,520.09998,2785.6499,381.04999,2498.77419329,791.65002,283.60584413,951.84998,1445.0,581.59998,,1752.0,1741.9,1125.15,8471.3496,149.14999,912.5125,127.75,155.3250075,1094.58294522,1135.0,294.74,513.09998,862.0,3096.5,778.740552,265.48682914,94.605,994.15002,2286.55,1223.2,6307.2002,202.149995
2022-07-27 09:15:00,2451.9883488,747.04999,4022.0,3096.0,703.59998,3845.1499,619.5,1300.955,89.26657377,669.70001,951.79999,201.8,832.6,3013.5,40.599998,1506.926946,911.09998,692.125,520.04999,2730.3501,379.14999,2485.87706925,794.65002,283.74743467,955.25,1445.0,590.0,,1732.35,1750.0,1126.8,8460.0,149.05,917.5,127.8,157.0499925,1090.338659,1132.2,287.0,512.25,866.04999,3110.0,777.55501892,263.28324921,94.36,992.0,2266.55,1225.2,6365.8999,200.975005
2022-07-28 09:15:00,2455.48020135,757.65002,4135.0,3182.0,723.04999,3847.0,652.2,1350.7,90.38323932,664.20001,964.20001,201.35001,839.0,3031.1001,43.049999,1531.927023,932.70001,705.5,519.65002,2754.3999,385.89999,2544.94741545,805.29999,285.44650217,989.09998,1489.85,603.04999,,1765.0,1786.95,1135.35,8628.7998,149.05,923.0,128.25,157.5375,1098.9633195,1147.5,288.6,529.54999,878.75,3201.6499,788.96566984,258.03085416,97.15,1015.4,2305.05,1248.05,6445.0,205.449995
2022-07-29 09:15:00,2483.026176,758.84998,4187.0,3275.0,723.0,3878.0,712.5,1481.215,90.6665757,671.0,953.0,203.25,811.12,3066.3999,44.549999,1548.909147,947.15002,707.65,534.20001,2789.6001,395.20001,2555.77697892,808.0,284.45538732,1018.75,1528.0,620.54999,,1803.65,1794.0,1153.25,8730.0,150.45,950.05255,129.89999,159.6375075,1118.482288,1241.0,274.1,526.75,879.0,3275.0,794.10294692,268.74692288,102.15,1044.1,2339.05,1250.05,6490.0,208.899995
2022-08-01 09:15:00,2491.94955132,765.04999,4190.0,3314.5,720.40002,3915.0,719.2,1493.1,90.96657207,677.04999,988.29999,209.8,820.1,3072.3999,45.049999,1553.839441,945.20001,715.025,544.40002,2820.0,418.85001,2540.0248866,817.29999,286.10727686,1024.55,1537.9,628.25,,1812.0,1790.3,1184.25,8822.5996,151.0,955.25,133.2,160.6124925,1138.27365959,1287.4,272.22,526.40002,910.0,3271.0,789.80544508,272.30888375,106.15,1037.8,2339.0,1268.0,6560.0498,211.300005
2022-08-02 09:15:00,2560.620744,795.0,4270.9502,3325.6001,721.09998,3941.3501,718.22002,1486.135,93.03324333,681.15002,992.0,211.64999,814.24,2913.05,48.400002,1545.821488,941.04999,711.525,534.65002,2742.05,407.60001,2558.73049623,812.20001,290.92135493,1032.05,1528.35,626.29999,,1834.2,1775.7,1226.2,8954.0,156.55,965.00995,134.60001,163.0125075,1162.76311073,1280.45,272.63,531.09998,912.04999,3271.6499,796.5234,283.29663348,105.35,1030.0,2357.05,1276.8,6595.0,212.324995
2022-08-03 09:15:00,2590.88262552,795.34998,4280.1001,3371.25,727.5,3963.05,721.8,1511.535,91.3332417,687.0,1004.5,208.8,808.0,3070.55,51.75,1561.359384,950.04999,708.5,526.5,2749.3999,409.60001,2557.64744143,811.54999,286.62642326,1051.55,1539.9,645.0,,1840.0,1773.0,1231.0,8855.5996,157.2,952.5,133.8,164.7374925,1165.44129478,1258.6,269.62,534.65002,893.54999,3277.05,791.88009092,277.47072047,106.0,1024.7,2355.0,1292.0,6514.0498,213.75
2022-08-04 09:15:00,2603.54023943,796.5,4310.0,3410.8999,712.20001,3976.0,720.5,1505.5,91.98324438,680.70001,1015.0,206.14999,817.81,3101.0,54.5,1554.984863,945.79999,706.475,529.40002,2779.1499,418.39999,2574.48258855,808.34998,289.93020233,1043.8,1574.95,652.90002,,1814.25,1775.0,1239.05,8830.0,153.05,969.805,134.0,164.3250075,1150.7112825,1270.25,266.71,524.20001,895.59998,3307.3501,771.67678984,275.5689956,106.05,1036.2,2370.95,1288.1,6550.0,213.550005
2022-08-05 09:15:00,2604.2676885,805.5,4335.0,3451.55,721.20001,3993.05,727.60498,1502.34,89.08324396,696.34998,1032.0,205.75,828.77,3066.0,53.25,1575.80166,955.0,710.575,536.54999,2761.0,409.04999,2586.83813596,823.09998,291.77089812,1033.55,1602.3,665.0,,1822.65,1775.3,1231.25,8810.0,153.0,986.45255,133.60001,164.1375075,1147.05715002,1260.95,270.81,529.0,911.90002,3355.0,772.66472584,280.12709203,107.1,1050.45,2417.3501,1302.2,6588.0498,218.074995
2022-08-08 09:15:00,2614.59736837,795.34998,4380.0498,3436.55,728.09998,4000.0,726.4,1504.075,91.59990477,699.0,1024.1,207.05,831.37,3072.1499,54.200001,1578.690115,950.04999,713.55,535.79999,2730.0,414.0,2585.36137731,831.15002,292.66761927,1033.7,1596.0,662.45001,,1816.8,1790.25,1242.65,8841.0,154.95,977.5,135.05,165.8250075,1148.8955645,1251.25,271.2,513.84998,908.40002,3336.0,771.578016,280.39877305,106.7,1049.05,2433.1499,1307.45,6647.0,217.600005
2022-08-10 09:15:00,2697.91463276,778.29999,4397.1001,3396.0,736.15002,4014.0,710.5,1542.6,93.58323944,706.0,1029.05,215.45,842.91,3117.3501,54.5,1580.184144,948.09998,724.525,537.0,2732.8999,416.60001,2590.43158202,842.15002,293.32838453,1043.05,1588.1,660.0,,1821.05,1822.25,1260.25,8826.0,155.0,975.25,133.45,165.4125,1160.72042798,1269.05,277.04,513.40002,913.20001,3335.0,776.86345384,279.73467865,106.5,1043.05,2417.1001,1301.0,6580.5498,213.149995
2022-08-11 09:15:00,2730.4559517,788.29999,4418.0,3390.0,743.04999,4022.3501,721.73501,1570.12,95.2165678,705.70001,1035.0,218.0,847.18,3139.2,56.349998,1586.658267,958.75,737.275,539.25,2767.3999,432.0,2566.21283853,858.09998,288.18391911,1069.0,1616.0,669.45001,,1833.0,1855.2,1254.0,8724.0,152.85001,979.38,132.05,166.275,1171.2288959,1259.05,278.24,517.20001,917.45001,3375.05,762.29139784,287.13027537,108.6,1070.2,2446.2,1320.45,6573.6001,218.149995
2022-08-12 09:15:00,2748.83606801,785.5,4276.1001,3383.0,753.40002,4013.75,727.20498,1568.0,95.73324062,706.65002,1022.35,217.75,844.2,3131.0,57.900002,1583.67021,954.0,737.975,540.15002,2751.8501,433.0,2545.04596448,858.5,287.42877905,1075.55,1590.15,673.0,,1836.5,1838.0,1249.3,8675.0,152.60001,970.68495,133.5,166.5,1172.1367549,1252.5,272.51,525.15002,907.15002,3381.25,751.37471492,283.74942512,108.8,1062.0,2461.8999,1332.65,6515.0,217.5
2022-08-16 09:15:00,2784.6750591,791.15002,4206.8999,3455.3,758.45001,4038.0,727.21001,1581.0,96.7165663,700.5,1025.25,220.45,852.56,3211.0,62.5,1536.50871,952.65002,744.025,546.0,2781.5,422.35001,2550.41142247,876.40002,291.25171396,1075.1,1591.1,670.40002,,1838.55,1842.0,1274.65,8705.0498,156.95,974.14005,136.10001,170.2875,1192.60897535,1287.05,270.56,525.0,906.29999,3387.5,756.06741092,288.69995304,111.1,1056.55,2435.0,1389.7,6560.0498,218.300005
2022-08-17 09:15:00,2890.397658,821.15002,4285.8501,3504.6001,766.25,4060.0,729.6,1593.0,96.86657282,702.29999,1024.2,220.14999,858.35,3335.1001,61.799999,1589.696125,955.0,742.875,570.0,2808.05,426.60001,2603.52550877,878.40002,293.56436875,1082.0,1585.0,668.40002,,1831.15,1850.05,1270.05,8920.0,159.0,983.45995,138.7,170.775,1205.43248373,1292.45,270.2,524.34998,915.0,3371.1001,771.084048,292.32228613,112.25,1072.2,2480.6499,1410.3,6594.0498,218.324995
2022-08-18 09:15:00,2913.6760284,820.45001,4250.0,3515.55,762.09998,4040.5,745.23999,1662.065,95.58323744,720.90002,1007.35,220.60001,826.67,3374.7,65.0,1579.686134,968.09998,749.825,583.0,2903.1499,433.64999,2623.36320158,875.04999,295.07467719,1081.55,1574.0,668.90002,,1832.0,1850.0,1254.7,8877.0,159.89999,974.0,134.7,170.8125,1198.4646659,1303.35,265.41,526.20001,895.20001,3362.0,781.457376,289.33385529,111.4,1088.1,2467.3,1448.25,6609.1001,217.024995
2022-08-19 09:15:00,2982.78369053,833.95001,4120.0,3464.0,750.25,4050.0,727.1,1612.5,94.44990857,726.0,1020.1,215.7,837.0,3394.3,60.150002,1587.753888,966.79999,745.0,573.79999,2832.8501,425.10001,2585.80440491,864.29999,293.75316556,1060.0,1585.1,663.09998,,1871.0,1892.75,1235.5,8715.0,157.14999,967.5,134.05,169.275,1182.46365103,1293.35,268.0,518.5,898.0,3371.25,774.64059784,282.60235901,109.55,1100.0,2430.8999,1388.7,6606.0,215.5
2022-08-22 09:15:00,2938.11831732,837.34998,3995.6001,3333.2,739.20001,4008.8,708.88501,1581.585,94.26656876,724.40002,1015.5,214.05,832.0,3330.1001,59.25,1547.564521,955.20001,733.85,565.59998,2765.55,416.35001,2579.50366643,849.59998,293.56436875,1045.5,1574.0,641.0,,1811.3,1875.0,1219.05,8602.2002,156.0,967.5,129.8,169.2374925,1173.861687,1271.15,261.0,510.0,878.15002,3347.3999,770.68885384,273.21446702,104.7,1075.25,2408.0,1299.15,6445.0498,209.524995
2022-08-23 09:15:00,2839.37913255,806.09998,3987.8501,3316.8501,733.79999,4016.05,705.0,1567.17,95.63323405,722.54999,1010.2,216.60001,829.0,3338.1499,62.150002,1540.791592,939.0,725.2,560.0,2756.1499,413.85001,2545.19354189,842.79999,294.60270875,1034.1,1533.0,636.70001,,1820.0,1865.7,1218.0,8564.0,155.64999,962.5575,130.10001,168.15,1176.29025522,1270.0,259.64,508.25,872.59998,3270.0,777.505632,270.2260543,103.5,1047.0,2400.0,1283.0,6405.1001,205.0
2022-08-24 09:15:00,2896.2172506,817.09998,4077.95,3302.0,742.0,4050.45,714.0,1618.025,97.16656918,718.0,1026.05,222.0,839.4,3393.05,61.700001,1568.779726,944.15002,729.6,563.15002,2780.0,425.20001,2521.6146287,857.04999,295.49942991,1077.0,1531.0,647.0,,1841.4,1851.6,1261.0,8594.0,158.0,968.40255,134.5,169.875,1196.26315322,1272.25,265.42,512.29999,878.04999,3250.2,788.866896,276.32364833,105.75,1055.1,2441.05,1322.05,6452.1001,207.175005
2022-08-25 09:15:00,2963.82151797,812.29999,4156.7002,3351.2,740.0,4051.1001,702.51001,1620.0,98.34989799,735.25,1020.55,223.7,842.4,3408.8,61.650002,1609.616505,942.65002,728.5,568.34998,2791.8999,429.70001,2525.70032765,866.70001,294.13074031,1082.7,1513.75,647.04999,,1856.15,1873.0,1256.7,8680.0,158.45,973.20255,136.14999,168.8250075,1190.47555209,1288.0,264.0,518.5,875.0,3214.75,787.87896,276.1425196,105.75,1065.55,2456.7,1338.0,6454.6001,207.475005
2022-08-26 09:15:00,2985.4510038,817.65002,4156.2002,3305.6499,741.29999,4041.45,702.57002,1625.635,99.16656718,728.0,1018.5,226.5,842.43,3341.1001,60.549999,1623.461169,943.75,730.6,564.34998,2817.05,436.0,2522.30378274,867.29999,294.50830562,1064.65,1517.45,654.0,,1868.9,1887.2,1268.8,8706.2002,158.89999,971.4,136.10001,169.9500075,1183.3942065,1306.0,264.83,522.20001,878.09998,3216.8,789.16326692,280.09691196,107.1,1081.0,2481.55,1363.05,6471.0,208.149995
2022-08-29 09:15:00,2946.50832698,815.0,4086.0,3236.7,722.04999,3985.5,686.13501,1571.1,100.21656279,715.09998,991.29999,221.39999,831.43,3242.6499,58.349998,1607.674268,900.09998,714.3,554.09998,2761.1001,418.04999,2510.4897135,847.0,291.5349139,1041.0,1450.0,642.59998,,1845.0,1861.0,1242.15,8590.0,160.7,964.255,133.75,169.2000075,1170.25294748,1256.0,260.0,508.75,865.0,3081.0,774.39361384,271.76553378,103.25,1017.3,2457.25,1330.4,6402.0,199.5
2022-08-30 09:15:00,3065.9553681,838.70001,4233.2002,3331.0,733.0,4011.55,700.0,1637.0,101.04989529,711.79999,1016.1,230.85001,838.53,3317.0,57.299999,1663.550934,923.70001,721.55,562.15002,2831.55,433.35001,2545.53821736,859.09998,296.6321636,1070.0,1466.0,651.5,,1857.0,1889.15,1284.0,8870.0,161.55,983.0,137.55,171.0750075,1169.59479509,1300.1,266.09,517.95001,882.0,3142.1001,796.57278692,275.96141502,106.05,1042.3,2543.0,1362.55,6525.0,203.125
2022-09-01 09:15:00,3088.65168225,831.34998,4244.0,3315.0,733.5,4010.0,714.2,1680.45,101.99989767,726.5,1019.4,229.55,839.41,3241.0,58.25,1653.789948,916.25,729.5,569.04999,2792.8999,420.79999,2553.80796738,863.0,298.28405313,1095.0,1451.05,653.25,,1875.0,1892.1,1280.0,8941.0,160.3,978.73,134.14999,168.75,1157.83797565,1291.0,264.6,522.25,870.40002,3121.0,796.276416,279.01019996,105.9,1043.1,2565.6499,1391.55,6605.0,202.425005
2022-09-02 09:15:00,3128.0310225,838.04999,4284.0,3425.0,740.25,4025.3999,717.34502,1725.0,106.83322615,719.65002,1012.05,228.2,834.79,3415.0,59.400002,1663.401531,919.0,732.6,571.25,2820.1001,413.25,2544.94741545,867.0,300.21911429,1095.0,1448.0,654.0,,1904.4,1900.25,1311.2,8902.0996,161.25,976.5,132.3,167.85,1146.48973815,1282.7,261.32,531.25,866.0,3120.3,820.67844508,277.8027556,105.0,1047.05,2607.05,1388.1,6545.0,203.550005
2022-09-05 09:15:00,3213.3850473,848.20001,4233.0,3405.55,749.34998,3944.3,715.8,1720.5051,108.11656153,733.25,1012.0,228.5,831.0,3379.05,59.299999,1673.31192,922.5,742.05,570.04999,2808.05,415.0,2546.03047025,871.54999,305.59956393,1096.55,1446.35,662.0,,1911.0,1942.1,1301.1,8875.0,162.2,961.35,132.64999,166.275,1148.8955645,1282.0,262.01,536.29999,864.45001,3112.25,819.04833092,275.90103676,105.8,1054.8,2610.8501,1384.65,6496.3999,202.0
2022-09-06 09:15:00,3254.1221955,844.04999,4291.75,3384.0,748.79999,3919.5,710.5,1693.1301,108.26655471,740.40002,1024.9,231.0,837.0,3400.0,59.400002,1697.216376,927.04999,743.225,571.65002,2827.8,427.10001,2523.28828851,878.09998,308.10098721,1097.6,1445.45,678.5,,1910.0,1951.3,1300.6,8870.0,164.8,947.25255,131.7,168.0,1167.506674,1285.05,263.49,534.09998,882.54999,3106.3501,806.155776,275.65955393,106.05,1050.3,2611.0,1386.5,6456.0498,200.625
2022-09-07 09:15:00,3303.6858228,845.09998,4335.0,3385.95,739.04999,3811.2,707.0,1681.0301,108.58322439,686.20001,1033.0,232.35001,842.46,3360.7,59.200001,1703.19249,923.09998,735.65,568.90002,2831.0,422.70001,2521.12237582,872.5,307.01546924,1086.0,1438.05,675.79999,,1885.7,1934.0,1281.2,8760.0,166.64999,950.75,130.05,167.2875,1166.598815,1301.2,272.2,531.54999,879.5,3102.0,804.22929092,267.84133961,107.1,1044.0,2600.3999,1386.1,6431.0,200.5
2022-09-08 09:15:00,3346.265745,867.0,4361.0,3427.3999,757.09998,3840.0,717.5,1704.2,109.03322728,757.04999,1044.0,235.05,850.54,3400.6001,59.799999,1743.083051,928.0,741.075,578.0,2846.0,419.14999,2523.28828851,885.5,309.13932722,1097.4,1463.6,679.29999,,1912.0,1947.55,1302.0,8780.0,165.95,950.25,131.5,167.5875,1167.0527445,1304.75,271.2,535.5,887.0,3160.1001,805.16784,265.63775968,105.35,1067.1,2616.0,1404.1,6780.0,204.800005
2022-09-09 09:15:00,3312.46351432,887.0,4415.0,3433.45,780.0,3835.0,716.5,1715.4051,109.23322708,762.90002,1055.0,233.35001,849.21,3427.05,62.0,1735.314103,934.29999,747.025,575.0,2832.7,423.25,2543.42143151,897.70001,311.49916941,1116.55,1480.0,685.09998,,1916.5,1944.0,1294.05,8730.0,165.95,949.54005,131.95,166.875,1163.875238,1291.3,264.0,548.0,886.70001,3168.5,803.34017816,265.99999903,105.5,1086.25,2593.0,1371.85,6764.1499,205.675005
2022-09-12 09:15:00,3353.9281116,911.0,4447.0498,3423.0,786.79999,3825.0,718.78501,1705.2199,108.68322096,764.5,1057.1,228.0,848.94,3465.1001,62.25,1740.045193,953.5,745.0,572.79999,2841.3501,428.64999,2534.11785198,902.79999,311.49916941,1128.0,1521.15,681.45001,,1917.75,1947.9,1295.0,8904.0,165.5,944.505,133.60001,166.65,1166.84847623,1295.05,262.0,551.25,885.09998,3225.0,810.50271416,269.86381495,106.5,1139.95,2610.0,1385.0,6740.0,209.024995
2022-09-13 09:15:00,3318.42869373,933.0,4466.2998,3414.6499,803.15002,3855.0,731.23999,1750.0,111.68321795,770.0,1052.65,230.64999,847.4,3510.5,62.799999,1763.949649,950.45001,749.275,585.0,2832.0,432.25,2539.04038083,905.29999,312.06554098,1136.8,1541.3,686.59998,,1920.15,1963.1,1291.0,8910.9004,165.64999,948.5,133.5,167.85,1180.6706295,1311.0,264.73,553.75,883.5,3225.0,819.69050908,273.8181892,107.55,1143.1,2672.0,1405.0,6855.0,210.75
2022-09-14 09:15:00,3405.4316031,939.0,4405.3501,3380.0,794.40002,3811.6001,727.21499,1752.0,111.01655195,775.75,1040.0,229.55,833.07,3452.0,62.75,1756.977516,926.54999,746.175,575.04999,2830.0,424.10001,2507.24084446,898.04999,312.39591888,1142.3,1472.0,682.0,,1892.0,1949.4,1280.0,8825.7002,165.0,943.54745,132.0,168.525,1167.84712113,1300.0,263.02,549.25,880.04999,3113.8,828.43372292,269.86381495,105.8,1095.0,2645.0,1427.95,6760.1001,204.5
2022-09-15 09:15:00,3467.5072575,950.40002,4328.0498,3389.1001,787.65002,3751.3501,736.97002,1770.0,108.6,782.0,1028.5,232.25,828.27,3553.3501,63.299999,1769.826161,916.29999,756.0,566.09998,2766.55,423.75,2511.47421927,915.75,314.23657691,1185.05,1429.05,684.5,,1923.0,1954.8,1289.05,9030.0,172.64999,948.8875,132.0,174.2625075,1160.58424913,1276.6,262.6,567.90002,871.09998,3100.0,820.18447708,269.29027284,106.5,1078.0,2648.0,1426.05,6758.1499,206.625
2022-09-16 09:15:00,3505.91666565,926.15002,4257.0,3309.55,776.09998,3676.1001,719.43501,1712.0,109.45,776.45001,1034.0,229.55,812.16,3530.2,61.099998,1719.029192,893.40002,741.5,544.90002,2670.0,405.79999,2479.62535916,905.20001,311.21599779,1185.0,1368.35,679.0,,1910.1,1915.0,1234.5,9020.0498,171.3,917.02755,130.0,175.0499925,1130.7383845,1266.0,253.6,560.29999,865.79999,3000.0,781.65497308,259.05719395,105.0,1028.0,2604.25,1409.65,6451.0,200.100005
2022-09-19 09:15:00,3570.07757707,935.29999,4226.7002,3231.3,786.70001,3661.1001,719.09502,1737.0,110.0,772.20001,1015.0,228.7,799.4,3493.45,63.450001,1719.726405,887.5,740.0,543.0,2664.8501,405.64999,2469.18969645,895.34998,310.64963566,1218.0,1380.6,675.34998,,1907.55,1905.0,1250.1,9070.0,170.55,913.36505,129.7,173.7374925,1126.35801022,1272.45,256.02,559.54999,856.79999,2987.8,777.85138984,256.00838486,103.0,1023.1,2552.55,1385.5,6244.6001,198.5
2022-09-20 09:15:00,3697.3811652,967.0,4316.5,3334.0,802.0,3725.0,756.5,1780.0,110.0,785.0,1039.5,228.7,821.22,3620.0,62.400002,1724.308093,902.0,754.95,547.20001,2714.6499,415.79999,2539.63118274,907.34998,316.2188538,1240.0,1385.1,682.04999,,1933.0,1925.0,1296.55,9250.0,170.89999,928.755,131.3,174.0750075,1132.41792365,1306.65,258.0,572.84998,876.79999,3030.0,786.34766908,259.96277722,104.0,1050.0,2635.1001,1427.0,6457.9502,202.225005
2022-09-21 09:15:00,3463.87001213,917.09998,4556.0,3348.0,803.34998,3724.0,758.60498,1778.05,107.65,779.0,1064.25,227.14999,826.57,3671.3501,62.400002,1703.19249,898.84998,752.5,549.5,2767.6001,410.79999,2540.0248866,905.65002,316.69082223,1221.8,1368.4,682.0,,1898.4,1891.6,1293.6,9211.4502,168.14999,929.55255,130.05,168.225,1132.5541025,1298.0,252.6,565.40002,902.65002,2998.1499,788.47170184,256.88378806,104.3,1047.0,2656.6499,1446.0,6296.5498,199.75
2022-09-22 09:15:00,3499.56351341,928.04999,4522.2002,3315.6499,784.29999,3700.0,760.0,1733.0,107.6,776.34998,1051.0,225.5,821.68,3670.3999,62.599998,1690.045039,889.75,741.375,540.09998,2733.0,403.5,2579.45434269,895.29999,321.78807193,1205.0,1360.0,674.0,,1881.2,1873.0,1293.0,9186.0,166.85001,929.02755,128.10001,164.3624925,1122.15916234,1269.0,248.25,562.0,895.29999,2979.3,778.493568,255.10280159,103.5,1042.25,2650.0,1441.0,6230.0,197.5
2022-09-23 09:15:00,3545.1018255,910.15002,4382.8501,3382.7,764.25,3683.0,747.5,1714.4,106.1,768.70001,1063.25,221.0,825.9,3651.3999,60.400002,1683.27211,892.0,718.5,537.09998,2742.3999,394.45001,2632.56842898,878.75,324.05352043,1176.05,1362.0,667.0,,1841.9,1852.55,1261.0,9277.3496,162.64999,922.50255,127.5,148.5750075,1105.81770034,1265.55,239.31,549.5,902.59998,2979.0,770.096112,253.89535722,103.75,1022.0,2667.0,1417.7,6127.1499,196.824995
2022-09-26 09:15:00,3425.8001772,855.25,4191.1001,3354.0,741.0,3566.0,712.9,1661.5,99.5,753.20001,1050.85,212.5,817.86,3472.2,57.400002,1645.921398,882.0,709.0,520.0,2670.2,369.60001,2602.0979754,859.20001,313.15105894,1135.7,1355.0,638.0,,1816.65,1818.0,1216.3,8800.0,156.60001,919.87755,122.65,139.7625075,1078.15060653,1251.85,229.65,533.0,899.04999,2926.1001,752.807232,237.35336946,98.5,1013.55,2563.55,1353.0,6005.0,192.300005
2022-09-27 09:15:00,3381.03790778,833.79999,4205.0,3431.05,730.5,3510.1001,721.00498,1665.0,98.449997,757.20001,1069.0,212.75,825.06,3487.3,56.950001,1637.405435,907.59998,703.5,515.25,2630.0,365.10001,2612.28751167,848.59998,315.27491692,1140.6,1378.0,633.0,,1792.05,1832.5,1221.2,8670.5,157.5,927.28495,123.85,150.9375,1071.31905834,1237.3,229.2,533.20001,894.40002,2976.0,771.62740292,235.66295943,96.5,1019.05,2585.55,1390.0,6128.0,196.0
2022-09-28 09:15:00,3397.6721463,823.34998,4183.1001,3420.0,707.70001,3505.0,716.01001,1645.25,98.599998,755.0,1087.65,208.89999,835.63,3529.0,57.5,1647.714232,911.84998,692.95,510.0,2575.1001,358.79999,2610.95852733,844.0,306.11871977,1133.0,1377.0,615.0,,1775.1,1825.6,1211.25,8660.0498,155.0,926.28495,121.5,151.9125,1056.33938484,1215.0,231.0,520.34998,892.04999,2980.0,780.51882692,237.17226488,95.0,1008.55,2564.5,1370.3,6112.0498,197.675005
2022-09-29 09:15:00,3340.05827655,813.04999,4284.9502,3372.3999,711.0,3465.05,708.80498,1628.0,98.349998,759.29999,1088.1,210.64999,857.2,3605.0,58.900002,1644.726175,916.59998,689.4,517.0,2525.0,366.0,2649.4035761,841.09998,309.37531144,1137.3,1393.0,617.04999,,1759.75,1797.4,1245.7,8604.0996,158.0,939.5625,123.5,154.5375,1049.9389335,1236.0,237.4,519.54999,925.09998,2990.0,780.76581092,241.2473896,96.400002,1001.65,2517.3501,1370.1,6145.0,195.774995
2022-09-30 09:15:00,3269.7381993,801.0,4352.2002,3285.25,714.40002,3461.25,702.67998,1621.0,96.25,761.45001,1105.05,207.85001,854.41,3583.8501,59.75,1647.365625,910.04999,682.5,521.5,2510.0,375.14999,2626.56284533,837.5,311.6407505,1128.8,1376.0,614.20001,,1757.7,1816.05,1233.05,8558.2002,157.39999,944.7,125.5,155.25,1049.0310745,1234.55,237.8,516.15002,930.0,2950.1001,777.505632,236.96095608,95.699997,984.54999,2522.6001,1372.4,6172.0,193.75
2022-10-03 09:15:00,3016.68281742,773.15002,4350.9502,3285.75,721.04999,3475.0,714.46001,1638.0,98.099998,798.04999,1115.0,212.3,862.48,3444.95,61.200001,1621.568733,916.0,700.55,518.04999,2520.45,379.10001,2576.99307826,845.70001,305.12759549,1153.05,1386.0,621.25,,1773.3,1814.0,1242.05,8510.0,158.95,938.5,130.60001,156.75,1072.6354085,1227.85,231.53,518.5,942.75,2974.0,766.638336,238.77212263,98.0,999.15002,2555.6001,1383.0,6229.2002,195.300005
2022-10-04 09:15:00,3031.0378125,790.09998,4365.2002,3312.05,732.0,3539.2,730.63501,1670.05,99.849998,807.5,1133.0,218.10001,875.21,3516.6499,63.0,1644.825777,937.04999,713.075,522.20001,2561.1001,390.29999,2593.33577559,860.09998,309.61129566,1176.15,1414.0,632.15002,,1802.0,1835.3,1255.0,8630.0,161.35001,952.55995,131.8,156.0,1084.95954903,1250.05,235.08,527.79999,943.04999,3023.0,771.77561308,243.23966073,100.0,1017.9,2571.6499,1401.7,6280.1499,199.5
2022-10-06 09:15:00,3111.59067341,822.29999,4361.2998,3311.7,746.0,3570.0,734.68999,1694.9,102.4,786.65002,1124.0,224.64999,873.98,3520.0,64.25,1668.331825,955.5,717.1,528.79999,2630.25,399.39999,2564.68675614,873.04999,313.90619901,1197.3,1444.1,648.40002,,1811.85,1878.1,1254.5,8690.5,162.39999,961.8625,132.39999,154.2000075,1097.66957503,1242.45,238.4,534.59998,947.54999,3092.45,774.64059784,247.22423316,101.75,1027.35,2581.6001,1428.0,6257.5,203.725005
2022-10-07 09:15:00,3131.08621162,806.34998,4353.5498,3287.25,742.29999,3580.0,727.225,1684.5,104.0,784.70001,1129.05,227.8,874.4,3467.55,64.599998,1648.411445,955.0,710.175,525.90002,2609.8999,405.79999,2535.10235775,872.79999,312.72627791,1182.5,1440.15,659.54999,,1802.2,1903.05,1232.95,8711.0,161.35001,958.38,131.2,153.0,1096.08082178,1238.35,234.12,526.54999,946.20001,3058.1001,769.65153092,246.74126145,101.9,1021.05,2675.0,1440.05,6133.3999,203.125
2022-10-10 09:15:00,3117.70134263,799.0,4295.0,3260.2,745.0,3529.05,722.1,1657.0,103.95,779.70001,1110.0,226.60001,864.0,3451.3,67.5,1650.602687,942.20001,699.1,520.0,2531.3999,400.0,2502.61366734,870.70001,307.77060931,1183.25,1426.35,654.5,,1794.55,1883.5,1218.0,8658.0,161.85001,950.24745,132.2,155.6625,1083.983646,1218.05,232.8,522.20001,935.25,3005.0,745.89168,237.29299724,101.15,1003.5,2658.0,1418.0,6120.0,199.875
2022-10-11 09:15:00,3151.3093929,795.25,4263.6499,3274.0,774.5,3519.6001,717.26001,1665.0,102.55,776.0,1103.8,224.0,850.4,3392.5,65.0,1630.682307,936.0,699.725,521.29999,2533.8,393.89999,2505.56718465,865.45001,306.87388815,1162.0,1420.1,640.0,,1783.3,1871.25,1225.5,8665.0,160.3,920.5125,130.25,154.9125,1067.23369284,1200.15,233.99,525.5,940.0,3053.3501,731.319624,236.23648343,99.800003,1000.55,2616.3999,1406.25,6060.6001,201.149995
2022-10-12 09:15:00,3050.4364545,786.34998,4245.0,3206.0,783.45001,3515.8501,714.5,1667.4,101.0,769.20001,1099.2,225.55,843.01,3377.0,63.049999,1624.805795,943.29999,698.65,520.09998,2516.1001,391.75,2514.62463773,861.5,306.54350081,1156.1,1413.55,638.20001,,1780.2,1858.05,1230.1,8590.5996,161.14999,922.49745,129.10001,157.0125075,1063.60225684,1200.3,234.33,526.0,941.04999,3062.05,729.88710692,236.11575107,99.0,998.20001,2606.0,1398.0,6057.7998,200.800005
2022-10-13 09:15:00,3093.1134669,777.0,4236.0,3193.8999,795.59998,3590.0,711.47002,1666.45,101.05,767.65002,1101.1,231.10001,848.26,3445.0,61.0,1633.47116,969.29999,692.0,518.0,2532.0,400.0,2523.18973948,850.5,309.61129566,1167.0,1415.0,641.70001,,1793.0,1868.25,1240.5,8592.0,164.25,930.25,127.65,159.9375,1071.31905834,1185.05,235.01,520.20001,951.5,3052.3501,740.11227416,238.19858052,98.800003,1003.05,2591.0,1396.0,6101.0,189.050005
2022-10-14 09:15:00,3098.78766668,778.25,4264.0498,3180.0,794.45001,3552.1499,722.1,1685.1,100.45,763.04999,1105.4,235.35001,852.61,3469.8,61.599998,1681.080868,994.0,707.625,521.79999,2529.05,396.39999,2530.37673005,868.54999,312.30152519,1179.2,1467.25,639.0,,1822.5,1898.45,1228.0,8606.2998,164.85001,942.5,127.05,158.6625,1075.40442384,1177.6,236.07,526.0,964.0,3071.0,750.83136,238.65137215,99.900002,1016.05,2607.75,1373.85,6169.0,188.125
2022-10-17 09:15:00,3041.8041558,771.65002,4221.0498,3170.1001,797.09998,3578.0,721.7,1674.0,99.949997,759.84998,1098.8,232.89999,856.5,3465.3,61.150002,1668.58083,991.09998,713.5,518.59998,2521.55,386.29999,2528.21081736,868.54999,311.1216041,1164.0,1475.5,624.0,,1820.25,1878.4,1196.5,8567.0498,164.0,939.60995,126.0,158.25,1063.82922159,1167.6,234.4,524.20001,973.29999,3071.45,748.16392292,236.96095608,98.099998,1007.45,2602.55,1354.05,6082.2002,186.199995
2022-10-18 09:15:00,3129.0980448,790.5,4258.0,3212.0,811.54999,3602.1001,732.1,1712.0,102.05,768.65002,1110.3,236.85001,867.04,3529.95,62.75,1673.610726,999.09998,720.0,523.75,2534.7,391.35001,2556.76148469,891.15002,314.85013588,1203.1,1497.25,631.15002,,1855.1,1893.1,1233.5,8752.0498,166.39999,949.5,127.6,158.6625,1098.57743403,1193.15,240.32,546.75,972.75,3128.55,754.33852292,241.911484,99.800003,1014.0,2623.1499,1373.3,6290.25,189.199995
2022-10-19 09:15:00,3161.63907277,801.15002,4341.1001,3196.3501,816.90002,3623.75,735.0,1692.4,105.3,779.5,1119.1,237.0,861.01,3600.1499,61.5,1670.821873,994.0,726.7,529.29999,2532.2,389.5,2538.44957892,885.54999,320.74974137,1210.0,1481.3,625.0,,1855.0,1901.65,1244.0,8695.0,163.85001,962.725,127.4,159.7125,1108.35966015,1213.35,241.03,551.54999,965.04999,3112.0,751.91806984,239.85881651,99.699997,1016.3,2640.0,1417.1,6250.1001,188.524995
2022-10-20 09:15:00,3147.4296645,795.04999,4295.2002,3101.8,816.95001,3586.0,726.1,1676.5,106.55,778.29999,1117.0,233.60001,856.0,3560.0,60.849998,1661.509095,988.0,721.25,527.0,2502.75,380.10001,2528.35839477,880.09998,325.46942575,1150.1,1474.2,615.0,,1855.35,1886.3,1223.55,8611.0,161.5,985.0,125.8,159.2625075,1128.0148075,1214.0,239.0,545.29999,966.54999,3105.0,746.385648,237.32319543,98.800003,1007.0,2581.3501,1405.0,6277.0,188.0
2022-10-21 09:15:00,3188.1668127,799.40002,4322.7002,3072.6499,855.84998,3641.75,715.30498,1675.1,102.7,789.75,1132.5,238.05,861.72,3568.0,61.299999,1662.554915,1011.6,717.0,536.70001,2547.95,386.25,2565.62203662,885.70001,325.18625413,1139.1,1491.35,616.5,,1866.3,1867.1,1244.15,8641.0,164.5,999.125,128.75,160.5,1119.8440765,1227.0,236.68,557.25,975.75,3127.0,745.94106692,238.28915092,99.349998,1031.1,2640.05,1406.2,6315.6001,190.100005
2022-10-24 18:15:00,3188.55468855,802.0,4320.0,3116.0,905.0,3680.0,719.0,1693.0,104.35,800.0,1141.55,240.0,871.0,3630.6001,62.049999,1683.27211,1030.0,727.15,539.70001,2575.0,394.35001,2510.4897135,917.59998,327.54609632,1143.0,1511.0,620.54999,,1890.0,1900.0,1261.0,8745.8496,166.25,1017.50255,132.39999,163.9500075,1114.53310135,1238.8,238.42,565.90002,982.09998,3155.0,755.62282984,241.57942473,101.0,1045.0,2679.1499,1422.0,6370.3501,192.0
2022-10-25 09:15:00,3194.9563374,797.09998,4372.0,3079.8999,891.59998,3644.0,709.0,1655.0,103.55,798.70001,1146.9,237.95,874.2,3650.0,62.400002,1686.160565,1020.9,722.5,531.5,2566.05,391.5,2461.264425,922.95001,324.38389834,1121.8,1521.05,624.20001,,1842.0,1891.55,1259.6,8797.4004,165.45,1010.85,129.85001,160.6875,1106.680121,1243.2,237.04,568.0,985.5,3151.1499,755.42528216,243.42078946,100.7,1051.0,2662.0,1419.7,6387.2002,191.824995
2022-10-27 09:15:00,3197.8661337,795.0,4402.8501,3033.0,901.25,3606.1499,693.1,1621.0,105.2,804.20001,1156.3,239.0,890.07,3661.0,63.5,1713.999296,1019.6,725.625,529.65002,2577.05,405.35001,2449.45035576,920.25,324.5727046,1135.2,1512.5,648.0,,1849.45,1949.9,1279.05,8902.0,167.55,995.5,130.3,163.0125075,1104.3196876,1243.55,242.21,577.59998,992.5,3134.3501,750.43616584,243.90376116,102.05,1067.15,2680.0,1433.0,6372.0,190.550005
2022-10-28 09:15:00,3198.49649257,817.29999,4415.0,3040.0,898.90002,3631.0,698.0,1635.0,103.9,811.29999,1151.0,240.55,886.0,3697.1499,62.299999,1665.244166,1025.5,723.7,528.29999,2619.0,399.75,2473.07849424,901.0,325.75262569,1137.5,1507.0,663.45001,,1871.05,1963.8,1290.0,9051.0,169.89999,1002.5075,131.8,167.4,1116.41690878,1244.45,248.81,567.0,987.54999,3145.0,750.337392,245.17158378,100.8,1045.05,2693.25,1445.0,6406.5,191.0
2022-10-31 09:15:00,3226.0912548,819.5,4491.5,3061.05,902.09998,3659.1001,704.6,1662.15,105.15,820.0,1159.05,243.55,868.93,3758.0,62.099998,1681.778081,1036.4,733.625,532.09998,2656.5,403.0,2502.66289263,904.59998,325.42223835,1138.95,1530.25,669.04999,,1889.0,1978.2,1316.6,9451.0996,169.05,1007.5,132.8,170.025,1149.4402799,1255.3,245.0,568.40002,991.20001,3177.8,752.70845816,248.49205578,100.3,1053.0,2738.25,1460.0,6454.75,192.375
2022-11-01 09:15:00,3251.2123992,823.54999,4470.0,3110.5,869.0,3663.0,716.0,1691.0,106.75,821.04999,1163.6,243.25,887.05,3751.95,62.700001,1721.320036,1045.0,749.45,539.90002,2639.3,406.0,2508.1269981,899.54999,327.73489313,1145.0,1547.1,670.0,,1903.4,1990.05,1349.35,9375.0,173.5,1018.5,134.10001,172.35,1138.455186,1260.05,240.6,574.59998,1019.15,3203.45,758.14210616,249.21651032,98.550003,1047.15,2741.0,1522.75,6718.2002,193.300005
2022-11-02 09:15:00,3419.9805846,829.0,4370.0,3122.1001,861.59998,3693.6001,714.00498,1699.25,106.8,807.25,1156.2,242.14999,909.01,3695.0,62.700001,1745.025288,1042.5,755.8,540.15002,2630.3501,414.0,2462.64263463,902.34998,328.96200163,1135.0,1545.0,682.29999,,1897.5,2000.0,1338.6,9210.0,180.0,1011.13,135.35001,174.6375075,1141.6326925,1262.5,240.0,569.90002,1032.65,3222.05,755.47466908,253.65386835,100.8,1066.35,2703.0,1517.15,6725.0498,195.324995
2022-11-03 09:15:00,3435.93596765,823.5,4349.3501,3105.0,856.0,3731.05,709.21001,1694.0,106.5,804.20001,1151.1,241.0,905.47,3648.3501,62.0,1728.640775,1033.1,748.5,538.15002,2628.0,408.95001,2469.43582289,897.04999,333.20971758,1125.25,1521.65,677.95001,,1893.6,1993.0,1328.55,9164.4004,177.25,1007.50255,135.25,170.025,1146.19468398,1263.0,239.17,568.0,1039.55,3195.0,747.52179416,250.24284407,100.0,1050.15,2705.0,1503.85,6670.0498,192.774995
2022-11-04 09:15:00,3459.50531768,832.0,4340.0498,3125.8999,862.29999,3762.8999,712.16001,1721.05,108.6,809.20001,1141.0,245.5,902.49,3645.0,62.450001,1736.110918,1033.45,744.8,536.5,2573.45,412.0,2476.27813799,900.20001,332.73774914,1142.1,1501.15,682.34998,,1894.3,2004.75,1331.0,9191.0498,176.35001,1015.23495,136.05,168.75,1158.01959284,1259.5,248.08,580.40002,1031.45,3166.1499,750.04102108,251.69177126,102.2,1038.75,2746.6001,1495.55,6735.7998,192.824995
2022-11-07 09:15:00,3705.140622,845.54999,4336.4502,3097.45,861.29999,3758.5,711.1,1765.55,108.8,809.0,1116.5,246.75,888.88,3680.0,63.25,1755.334085,1038.65,746.05,534.70001,2590.0,426.29999,2478.00102309,903.45001,330.37790695,1139.25,1491.1,700.0,,1871.65,1993.0,1336.6,9254.2998,174.85001,1018.50995,136.75,169.7999925,1168.414533,1265.4,251.34,607.70001,1021.0,3195.1001,755.07947492,258.54402406,104.6,1044.45,2706.3,1486.5,6868.0,193.800005
2022-11-09 09:15:00,3824.49076691,859.0,4344.0,3080.0,868.5,3717.8501,711.46499,1745.55,107.65,814.45001,1125.0,254.55,900.02,3696.3,65.0,1726.449534,1049.2,752.0,530.90002,2622.05,415.60001,2454.02820914,905.75,333.3985144,1144.0,1501.1,703.04999,,1880.7,1996.25,1331.0,9220.0,172.25,1010.25,137.0,163.5375,1175.70010148,1256.05,252.8,610.54999,1010.0,3201.6499,756.61076584,260.80798224,105.55,1025.05,2710.0,1495.15,6858.0,194.574995
2022-11-10 09:15:00,3843.01637302,876.29999,4250.0,3033.5,841.0,3717.0,696.45498,1694.0,104.7,817.54999,1119.0,252.10001,905.6,3636.1001,63.150002,1688.999219,1047.05,747.525,527.0,2626.3501,412.75,2462.29815606,903.95001,334.24805759,1118.0,1485.0,697.20001,,1891.7,1970.2,1290.6,9071.0,170.55,1002.24745,137.39999,160.125,1163.4213085,1225.95,247.49,602.20001,1006.75,3170.0,752.85661892,247.04312254,104.45,1005.25,2628.0,1459.55,6790.0,193.5
2022-11-11 09:15:00,3855.62549032,890.79999,4330.0498,3048.0,844.15002,3708.5,699.5,1707.35,106.7,823.79999,1116.65,252.39999,900.4,3501.0,65.5,1688.800015,1069.1,769.0,532.45001,2660.05,420.29999,2456.34189615,903.5,334.76720399,1130.6,1546.65,705.15002,,1890.9,1991.95,1278.55,9050.0,169.64999,1010.005,139.2,160.1625,1174.769546,1238.35,250.4,598.5,1009.85,3255.05,760.76010692,250.36359454,106.25,1046.2,2641.55,1395.0,6787.4502,198.625
2022-11-14 09:15:00,3870.029079,885.0,4425.2002,3041.05,847.34998,3710.45,700.10498,1708.15,105.45,817.0,1118.2,246.25,863.0,3498.0,69.050003,1700.453438,1090.05,799.0,536.34998,2655.8999,434.04999,2417.10924276,891.25,327.16853101,1134.15,1568.45,716.65002,,1901.0,1995.25,1268.05,8992.5498,171.10001,994.63495,138.60001,157.6875,1182.55439153,1239.95,251.08,591.65002,1002.0,3309.0,757.252944,255.6763437,108.25,1055.45,2623.2,1401.05,6819.3999,197.774995
2022-11-15 09:15:00,3901.0669062,895.0,4527.0,3042.0,847.20001,3726.05,698.1,1696.3,105.45,822.65002,1110.85,230.60001,872.74,3500.0,69.099998,1704.288111,1088.9,802.625,530.15002,2692.0,449.54999,2406.27967929,898.79999,320.1361824,1147.15,1572.75,712.79999,,1895.3,1978.1,1275.25,9130.0,171.39999,992.5,140.0,157.2374925,1175.677405,1238.5,249.21,592.65002,1004.45,3292.0,754.289136,262.07580485,107.2,1050.0,2621.05,1406.05,6867.0498,197.0
2022-11-16 09:15:00,3747.38116496,874.40002,4461.0,3051.0,850.59998,3739.6499,685.26001,1675.0,107.35,828.04999,1117.25,230.39999,878.64,3458.8,67.699997,1698.212395,1099.35,806.0,525.59998,2709.05,444.14999,2390.47855859,908.09998,322.49602459,1136.0,1593.5,704.0,,1913.95,1985.05,1276.0,9099.8496,169.14999,991.25,141.2,160.0875,1171.75096022,1246.3,245.06,596.0,1007.1,3321.45,755.57344292,259.35905504,105.2,1059.0,2630.0,1387.1,6868.7998,198.100005
2022-11-17 09:15:00,3782.73519,880.5,4370.7002,3060.0,852.70001,3678.3999,683.2,1660.2,108.1,838.40002,1116.45,231.0,876.47,3421.05,67.5,1690.244243,1089.1,806.95,525.04999,2727.2,436.5,2416.22328602,910.34998,323.3927835,1137.55,1582.95,697.54999,,1943.25,2001.1,1254.15,8970.0,167.5,994.1325,141.7,162.1875,1171.13811,1244.0,246.4,596.15002,1010.45,3317.75,756.758976,253.32183323,104.5,1047.3,2576.0,1379.0,6850.1001,197.5
2022-11-18 09:15:00,3864.2094864,879.59998,4320.0,3055.75,855.0,3621.0,675.0,1641.2,106.4,831.09998,1099.45,228.2,875.1,3376.05,66.900002,1674.606745,1084.0,802.625,528.04999,2702.6001,434.45001,2410.90705332,910.54999,320.74974137,1122.0,1575.5,701.20001,,1947.9,2006.85,1217.25,8836.0,165.10001,989.0,140.2,162.6375075,1167.09818284,1237.65,248.4,597.15002,1006.0,3321.0,759.969768,254.25759053,104.7,1046.0,2545.0,1371.9,6762.0,196.399995
2022-11-21 09:15:00,3804.0251996,869.0,4341.0,3066.2,859.0,3606.3999,661.03501,1625.0,104.5,835.0,1093.75,226.7,863.51,3365.0,63.799999,1669.327844,1092.6,795.1,528.54999,2665.0,428.39999,2431.77847719,914.04999,315.65248223,1117.0,1564.05,692.65002,,1932.8,2007.0,1202.0,8786.0,164.14999,983.28,134.39999,162.375,1154.38815684,1205.5,248.6,595.34998,993.5,3273.0,753.10360292,253.56331606,103.85,1037.8,2539.6499,1358.7,6740.5498,193.800005
2022-11-22 09:15:00,3868.0892148,870.5,4380.0,3072.3,868.34998,3585.0,666.02998,1632.0,105.05,845.09998,1097.2,227.64999,865.2,3354.0,63.299999,1675.303958,1088.0,795.5,532.29999,2667.0,429.0,2458.31090769,920.40002,316.87961905,1138.5,1562.0,691.0,,1930.1,2019.6,1215.95,8859.0498,164.85001,977.50255,132.89999,162.6749925,1151.39217675,1219.65,258.2,596.15002,996.25,3255.25,756.95657308,253.86517715,103.55,1036.05,2561.0,1380.0,6740.5498,192.25
2022-11-23 09:15:00,3756.5470233,866.65002,4448.0,3090.0,868.75,3595.0,669.0,1630.05,106.35,841.59998,1098.65,229.0,872.0,3375.0,61.400002,1686.857778,1099.75,797.0,541.0,2648.75,431.54999,2463.23343654,923.70001,318.57869599,1161.0,1579.3,708.0,,1945.65,2018.0,1224.0,8902.0,166.25,975.5,134.55,160.6875,1158.54156638,1217.15,265.05,601.0,1009.45,3291.0,755.77104,255.28393032,104.95,1041.35,2590.8,1400.0,6801.3501,194.0
2022-11-24 09:15:00,3706.1105541,868.29999,4614.0,3092.0,873.09998,3598.45,673.72998,1620.0,106.05,837.75,1092.4,227.35001,875.17,3346.3,62.049999,1691.240262,1103.5,799.575,550.09998,2645.8,432.64999,2472.24156588,927.54999,318.62588339,1167.6,1584.75,717.09998,,1933.05,2028.4,1238.65,8921.0,167.60001,975.0425,135.5,161.3250075,1156.7031519,1220.25,261.0,605.79999,1013.8,3308.3,771.825,253.98592763,104.6,1046.0,2592.5,1409.0,6831.0,194.574995
2022-11-25 09:15:00,3729.67990413,872.09998,4751.0498,3075.25,880.90002,3601.0,667.5,1624.5,106.65,841.59998,1078.5,227.8,877.8,3350.0,63.049999,1699.158613,1120.65,807.05,574.0,2663.5,434.35001,2479.18243001,927.5,318.86186761,1176.05,1613.8,720.09998,,1920.0,2058.45,1246.0,8947.5,168.60001,972.0,137.75,162.4500075,1172.09140734,1229.1,255.04,606.25,1026.95,3348.0,770.59008,255.97820479,105.1,1060.0,2586.0,1424.2,6850.0,197.949995
2022-11-28 09:15:00,3754.99503495,873.5,4683.25,3096.7,885.29999,3630.2,672.85498,1628.85,106.95,836.04999,1094.1,228.39999,877.3,3402.1001,63.799999,1706.728357,1117.0,797.025,582.15002,2712.05,429.0,2482.72665079,923.95001,319.75861708,1178.7,1620.0,710.0,,1916.0,2052.0,1246.0,8950.0,169.39999,973.0,139.05,164.3624925,1184.25662716,1227.0,249.4,602.34998,1027.95,3365.55,775.52976,261.04946507,104.5,1071.4,2579.0,1420.15,6863.0,201.0
2022-11-29 09:15:00,3747.86613101,874.65002,4707.6499,3127.1499,890.0,3652.0,672.1,1630.05,105.25,835.0,1105.0,226.35001,880.81,3405.0,63.0,1707.823978,1118.05,796.425,582.54999,2773.1001,432.25,2488.04298194,933.54999,320.93853818,1178.45,1615.05,713.84998,,1923.25,2038.6,1248.55,8888.0,169.05,986.5,139.5,163.9125,1222.886073,1247.95,250.3,607.09998,1034.0,3383.0,793.36199492,259.32885685,104.95,1072.8,2595.05,1434.05,6895.0,201.449995
2022-11-30 09:15:00,3750.7274307,873.29999,4642.6001,3133.3,885.45001,3671.0,667.8,1623.3,104.15,832.59998,1120.0,226.55,888.2,3417.05,61.900002,1718.331979,1117.0,798.55,585.04999,2820.1001,438.14999,2582.35863471,941.0,319.9946013,1163.0,1613.15,731.09998,,1916.0,2045.0,1257.65,8870.0,169.75,992.02,139.60001,163.2374925,1224.7925769,1252.75,254.4,598.40002,1039.35,3375.0,794.547528,261.59281503,105.9,1063.2,2604.2,1435.35,6905.0498,201.324995
2022-12-01 09:15:00,3785.11152364,882.0,4701.0498,3161.25,899.5,3594.3501,670.7,1624.2,103.85,841.59998,1117.0,224.89999,889.36,3430.0,65.400002,1752.99344,1128.4,807.5,589.09998,2826.6001,454.04999,2605.83919578,936.25,317.91793073,1162.1,1652.3,743.09998,,1927.85,2079.45,1288.0,8930.0,170.85001,996.75,139.8,165.375,1232.872522,1276.2,255.4,601.54999,1039.6,3420.0,800.37637016,263.73604085,108.0,1088.15,2630.0,1455.6,7035.0498,205.824995
2022-12-02 09:15:00,3768.1862085,884.25,4743.0498,3134.0,891.40002,3640.8,664.7,1625.25,104.3,839.09998,1099.0,225.3,892.03,3325.0,66.5,1778.889934,1123.85,802.575,586.95001,2813.0,458.0,2566.7541198,926.09998,317.87074333,1167.05,1633.95,740.54999,,1917.1,2069.1499,1260.0,8754.75,171.14999,983.9625,140.55,163.9125,1225.88205309,1265.0,253.6,604.25,1034.8,3413.0,782.64290908,262.61914878,110.15,1100.05,2605.0,1460.4,7159.0,204.524995
2022-12-05 09:15:00,3695.48979761,878.54999,4766.9502,3112.5,897.59998,3638.0,663.2,1631.4,105.0,840.84998,1108.15,226.5,890.03,3326.1001,65.0,1805.583243,1127.2,798.1,584.79999,2785.6499,466.14999,2545.09499286,928.40002,315.41649801,1179.85,1623.3,746.0,,1920.0,2068.8501,1252.6,8765.0,171.39999,977.63495,140.60001,162.9,1215.623201,1273.65,255.8,607.54999,1030.75,3407.0,779.08630984,258.27234304,112.65,1096.25,2589.25,1448.7,7157.5,205.324995
2022-12-06 09:15:00,3791.4645789,886.0,4715.0,3125.0,895.70001,3642.1001,663.2,1628.0,105.5,829.70001,1103.4,229.5,871.81,3278.2,64.449997,1792.8342,1107.0,800.0,585.09998,2778.05,467.20001,2563.50544767,920.20001,315.36932005,1179.0,1607.55,740.20001,,1920.55,2067.0,1248.5,8694.9502,173.85001,978.75,141.14999,164.5499925,1207.9063995,1281.55,258.04,607.79999,1023.25,3368.0,783.97660292,256.79323577,112.25,1080.05,2591.3,1460.55,7140.0,203.899995
2022-12-07 09:15:00,3864.74294906,884.79999,4710.8999,3176.3999,899.84998,3629.55,660.1,1593.0,105.45,832.0,1103.4,228.7,864.0,3254.0,64.099998,1792.8342,1102.0,802.225,580.09998,2751.0,463.10001,2615.09345156,920.65002,317.7763402,1161.45,1596.7,736.25,,1905.5,2096.3,1252.4,8641.0,171.3,991.4125,140.10001,165.3375,1199.34978303,1259.0,265.4,604.5,1015.35,3354.0,787.43437892,253.01997214,110.85,1074.2,2586.7,1455.0,7146.0,202.649995
2022-12-08 09:15:00,3882.97776953,887.34998,4681.3999,3202.6499,913.75,3618.0,656.0,1600.2,104.25,826.29999,1103.15,229.0,866.21,3276.0,63.650002,1798.860115,1098.8,802.5,573.5,2745.25,461.29999,2644.13637178,923.79999,318.57869599,1163.05,1598.5,736.04999,,1877.1,2120.0,1269.5,8606.0498,170.0,986.55,140.35001,162.6749925,1198.41931834,1242.0,265.0,607.15002,975.0,3339.45,786.891024,250.75601396,110.8,1070.3,2578.75,1444.8,7154.0,201.649995
2022-12-09 09:15:00,3822.98737215,882.20001,4675.25,3206.0,927.59998,3601.0,649.0,1582.0,104.5,823.95001,1101.1,227.8,870.85,3326.1499,63.900002,1781.180778,1020.7,810.0,571.54999,2731.1499,461.89999,2669.24126891,925.04999,319.05066443,1189.25,1561.1,738.20001,,1879.25,2137.5,1256.5,8545.4502,168.0,992.20995,140.3,161.775,1181.05651497,1257.05,263.29,609.09998,980.0,3276.3501,791.336736,247.25441323,109.7,1030.2,2567.95,1432.9,7040.0,195.625
2022-12-12 09:15:00,3849.41802188,878.54999,4630.0,3141.8999,922.0,3573.55,639.2,1570.1,104.0,825.40002,1093.1,228.10001,873.41,3287.0,63.599998,1768.979545,1012.45,810.7,571.54999,2736.05,454.45001,2646.99134006,925.04999,321.03294131,1195.25,1530.05,727.5,,1863.0,2134.55,1256.5,8515.2998,167.55,1007.25,139.2,160.9500075,1173.4077575,1253.05,265.65,611.0,980.15002,3236.1001,789.55846108,246.31864989,108.7,1021.8,2571.0,1440.1,6970.1499,194.0
2022-12-13 09:15:00,3890.97970935,881.29999,4661.2998,3142.6499,936.59998,3591.3,650.7,1591.25,104.4,822.0,1088.2,231.10001,888.1,3301.05,64.349998,1795.523451,1031.1,822.5,577.29999,2747.8999,457.29999,2655.99966631,927.79999,323.20397725,1209.5,1541.15,735.65002,,1858.2,2152.5,1267.0,8610.0,168.05,1016.5,142.55,159.7875,1183.25802765,1259.25,268.0,612.5,979.79999,3267.8,794.99210908,251.90308006,110.8,1030.15,2565.0,1440.1,7155.2002,198.0
2022-12-14 09:15:00,3918.525684,891.65002,4656.6001,3125.0,938.5,3641.0,662.66001,1613.3,104.85,828.15002,1106.15,231.35001,890.27,3325.0,64.599998,1804.039414,1045.0,825.0,579.09998,2727.6001,461.04999,2629.95958714,920.0,324.47830147,1233.0,1573.0,745.84998,,1863.75,2175.05,1276.45,8596.0498,169.45,1000.3325,144.10001,162.225,1185.2099245,1266.6,271.08,617.5,994.54999,3340.8999,797.61010984,251.96345832,111.1,1051.0,2571.1499,1441.6,7175.0,199.625
2022-12-15 09:15:00,3903.9767025,880.34998,4627.6499,3116.7,932.59998,3610.0,660.4,1600.0,102.75,824.34998,1099.35,227.7,892.2,3296.55,63.799999,1770.921782,1037.1,813.525,576.15002,2734.6001,459.0,2607.41430656,905.0,319.05066443,1235.0,1535.25,741.0,,1854.9,2173.6001,1281.75,8575.0,171.7,981.72245,146.64999,161.9249925,1167.0527445,1268.65,274.01,614.29999,998.09998,3298.95,792.37405892,250.96731672,110.7,1020.25,2514.55,1428.1,7088.0,197.024995
2022-12-16 09:15:00,3825.46069901,854.40002,4551.7002,3050.3,929.09998,3539.0,656.0,1581.15,97.849998,819.90002,1086.1,223.3,852.25,3280.0,61.849998,1745.025288,1022.35,804.5,573.59998,2717.1499,452.54999,2612.18915954,899.65002,312.72627791,1208.2,1512.05,735.0,,1835.2,2161.0,1250.0,8446.0,169.05,978.505,147.0,159.4500075,1161.21970503,1250.6,267.62,602.09998,987.59998,3225.2,785.40912,249.39763905,109.45,1011.0,2480.0,1401.0,6993.1499,194.024995
2022-12-19 09:15:00,3852.03683854,859.59998,4521.0498,3041.0,932.40002,3550.0,659.7,1590.15,97.75,822.0,1084.45,224.5,863.01,3282.1499,62.0,1737.057136,1023.35,813.1,574.20001,2709.05,455.04999,2629.9102634,901.15002,316.54924114,1212.1,1495.05,739.75,,1840.5,2155.05,1245.05,8451.0,169.5,989.99745,145.0,160.125,1165.10084765,1251.35,272.4,603.0,973.70001,3194.5,788.81750908,250.84656625,110.8,1009.75,2468.7,1388.0,7010.0,192.850005
2022-12-20 09:15:00,3944.13179445,871.29999,4540.25,3018.0,940.45001,3581.3999,658.5,1593.05,99.0,822.0,1088.45,223.35001,861.62,3291.0,61.900002,1722.764263,1011.5,810.1,578.54999,2743.3999,444.25,2612.13993425,895.70001,317.87074333,1209.95,1482.45,733.09998,,1834.75,2138.0,1263.1,8432.0498,168.55,992.55255,143.10001,160.4249925,1164.783097,1229.05,270.48,599.54999,979.40002,3163.6499,790.44757384,246.31864989,109.0,1004.0,2482.1001,1395.85,7005.6001,191.5
2022-12-21 09:15:00,3766.48882733,851.54999,4602.2002,3050.05,928.0,3592.6001,650.5,1575.5,98.449997,812.34998,1085.65,222.05,870.68,3262.0,60.849998,1720.971429,1035.0,803.275,571.29999,2737.0,451.89999,2609.03883953,887.0,315.74688536,1190.95,1502.35,739.65002,,1809.0,2142.8501,1258.5,8288.2998,166.60001,1003.1075,142.7,160.3875075,1169.36783034,1221.6,272.05,589.59998,988.40002,3240.0,791.336736,242.09259462,108.7,1020.25,2481.0,1355.9,6926.0,193.925005
2022-12-22 09:15:00,3702.27932231,845.54999,4725.0,3038.05,912.95001,3581.55,640.7,1530.0,96.800003,809.5,1117.05,219.10001,863.02,3196.55,58.549999,1719.178595,1033.6,804.5,574.0,2717.3,447.20001,2601.06424434,886.34998,311.40476628,1170.2,1511.75,734.45001,,1819.0,2096.8999,1229.3,8288.0,164.55,1007.875,141.55,159.6375075,1165.12354412,1229.15,265.67,587.54999,1007.05,3245.1001,777.505632,235.5724011,106.35,1012.6,2465.0,1318.2,6860.0,193.0
2022-12-23 09:15:00,3508.05041928,790.20001,4686.3501,3036.0,904.0,3533.0,634.00498,1492.0,96.0,805.0,1113.2,214.2,858.25,3105.05,53.200001,1698.162594,1027.1,792.725,564.15002,2628.6499,427.60001,2567.64027345,875.29999,307.10987237,1143.0,1493.0,722.40002,,1811.95,2050.1001,1208.0,8122.8501,162.35001,1002.75255,139.3,157.8375,1131.30579638,1216.75,258.12,571.5,998.45001,3217.0,766.44073892,227.60326227,101.95,993.0,2455.0,1277.95,6875.1001,188.5
2022-12-26 09:15:00,3511.154202,785.29999,4652.5,3028.8,905.09998,3524.05,630.0,1483.15,94.650002,801.15002,1094.0,214.25,846.01,3088.2,53.450001,1697.216376,1029.0,795.0,562.5,2611.6001,429.10001,2566.36041595,875.25,307.25145346,1141.0,1496.35,723.25,,1794.2,2051.0,1216.3,8076.0498,161.89999,993.0,139.5,158.2125,1131.37384041,1205.0,259.01,570.70001,988.70001,3225.05,763.674528,226.51656839,101.65,993.0,2470.25,1281.5,6864.3501,188.149995
2022-12-27 09:15:00,3583.94760611,798.09998,4625.6499,3056.3,922.59998,3550.0,643.0,1518.0,98.400002,805.0,1090.1,219.64999,840.2,3150.0,58.5,1721.170633,1030.35,806.75,567.45001,2685.5,446.75,2535.34848419,888.20001,311.6407505,1185.0,1497.5,734.45001,,1807.0,2085.0,1223.95,8230.7998,164.55,987.25,142.10001,158.85,1141.74617488,1235.1,265.91,593.29999,993.0,3231.5,761.30346184,234.54606736,105.85,993.20001,2485.6001,1327.95,7041.0,190.125
2022-12-28 09:15:00,3632.3957145,808.79999,4582.0,3105.0,921.29999,3550.0,646.40498,1513.0,99.25,801.45001,1084.1,220.55,843.19,3175.6001,57.849998,1724.108889,1026.5,811.55,566.34998,2685.0,463.95001,2538.15442409,895.79999,312.91507473,1194.0,1498.5,757.15002,,1815.25,2113.6499,1225.0,8287.5996,164.8,985.5,142.7,159.375,1144.58323425,1232.1,270.5,598.54999,993.0,3226.0,763.82273816,235.69313346,109.7,1002.2,2497.5,1334.6,7026.2998,191.625
2022-12-29 09:15:00,3635.402601,799.54999,4478.5,3092.55,915.79999,3540.0,640.23999,1503.05,98.300003,760.09998,1070.0,220.45,844.61,3163.25,59.0,1714.148699,1028.1,805.5,559.15002,2671.45,455.25,2500.05385389,889.34998,312.96226213,1201.8,1501.0,752.5,,1801.0,2094.1499,1238.55,8333.0,164.0,981.52755,142.5,160.125,1146.39895225,1229.05,250.27,597.15002,989.09998,3228.0,753.89394184,231.25577543,108.85,1007.0,2542.2,1308.3,6905.0,192.399995
2022-12-30 09:15:00,3707.12898281,815.59998,4468.1001,3071.3,930.34998,3567.6499,651.5,1525.85,99.25,804.95001,1073.5,222.25,845.0,3217.25,59.0,1711.310045,1034.3,810.0,565.20001,2722.8999,471.79999,2515.6091435,888.54999,311.97113785,1211.5,1504.05,765.25,,1822.3,2081.1001,1245.0,8362.25,166.0,978.0925,144.55,159.9375,1153.48029784,1228.8,265.03,611.34998,993.75,3246.2,755.77104,233.64048409,112.1,1015.0,2553.05,1340.1,6950.25,195.774995
2023-01-02 09:15:00,3707.61394886,816.29999,4446.0,3021.0,931.79999,3520.45,648.475,1528.55,99.900002,805.59998,1063.85,224.14999,841.8,3203.3,59.799999,1713.15268,1031.5,809.275,561.25,2710.0,475.14999,2498.72486955,894.0,311.16878206,1211.75,1504.05,766.15002,,1816.45,2075.05,1242.6,8337.5996,166.39999,975.0625,147.25,159.75,1156.7031519,1222.0,272.4,611.20001,987.20001,3235.2,748.95426184,236.05537281,113.75,1005.2,2556.8,1332.0,6950.1001,195.25
2023-01-03 09:15:00,3677.0125911,817.79999,4425.1001,3025.0,942.59998,3562.5,653.0,1544.05,99.800003,808.5,1066.4,223.0,843.22,3206.0,57.299999,1705.582936,1033.5,811.1,569.5,2702.0,478.5,2495.72212695,896.75,311.73515363,1222.3,1515.1,763.59998,,1821.0,2067.95,1246.7,8304.1504,166.8,973.79745,148.0,160.7625075,1156.5215801,1226.4,267.12,610.0,988.0,3245.3,749.94219784,237.26281717,117.75,1008.05,2555.05,1330.05,6960.0498,195.850005
2023-01-04 09:15:00,3689.23383255,806.5,4425.0,3001.55,955.0,3543.5,655.0,1540.4,98.449997,806.20001,1063.95,216.25,844.26,3188.1001,56.0,1678.790024,1031.5,803.5,595.0,2697.75,460.0,2487.89530608,894.79999,307.7234219,1206.1,1491.1,734.54999,,1813.95,2058.0,1231.0,8311.0498,164.7,975.0,145.0,157.875,1141.178763,1253.05,263.57,604.0,1000.75,3286.2,750.23861816,232.43303972,115.35,1012.1,2585.6001,1300.05,6983.8501,194.300005
2023-01-05 09:15:00,3643.9378095,797.0,4356.0,2995.3999,938.25,3558.3501,602.50498,1454.7,98.300003,803.75,1067.4,215.2,848.3,3202.55,55.599998,1669.875654,1033.1,794.7,598.0,2702.0,458.64999,2498.18339137,872.0,309.80009247,1203.8,1469.25,736.54999,,1806.15,2068.5,1231.0,8390.0498,167.14999,975.975,144.14999,154.9500075,1136.639468,1255.05,262.25,601.95001,1008.25,3281.95,750.93013384,230.92373427,114.5,1004.5,2543.6499,1272.3,6945.0,191.875
2023-01-06 09:15:00,3682.88068031,803.5,4369.0,2952.0,934.29999,3598.0,594.16001,1423.0,98.699997,792.0,1073.5,212.0,851.82,3237.05,54.950001,1658.371635,1025.25,789.1,605.65002,2733.75,461.10001,2535.00380872,860.5,314.42538317,1176.1,1446.5,725.95001,,1770.65,2071.8501,1248.15,8350.0,168.55,988.82755,146.3,155.6625,1143.13065985,1266.5,257.4,597.0,1004.1,3200.0,749.89281092,230.018151,115.25,985.0,2517.0,1236.0,6951.0,190.699995
2023-01-09 09:15:00,3696.65371613,809.09998,4381.0498,2951.0,941.34998,3606.0,595.5,1408.65,99.5,801.04999,1076.9,214.0,855.03,3229.2,55.75,1655.881587,1040.05,795.0,601.75,2740.25,466.20001,2530.1798289,862.29999,317.30437176,1188.05,1448.2,735.15002,,1789.0,2100.75,1271.65,8325.0996,169.45,994.825,147.8,153.1875,1154.50163922,1271.15,259.9,600.09998,1010.5,3221.1499,751.91806984,232.43303972,116.55,995.40002,2467.8,1213.35,7002.8999,192.550005
2023-01-10 09:15:00,3448.1086155,781.09998,4406.0,2952.2,942.75,3563.3,587.5,1391.0,98.300003,790.29999,1074.85,214.2,856.79,3144.1499,53.799999,1626.698231,1056.3,782.5,599.54999,2687.7,473.29999,2574.58113758,856.59998,313.90619901,1205.0,1454.05,735.04999,,1788.9,2097.2,1305.75,8262.9004,167.14999,997.75255,148.60001,156.75,1155.704507,1297.9,263.72,590.59998,1010.05,3230.1001,755.32645892,241.48887244,117.55,999.04999,2456.0,1201.95,6889.1499,193.675005
2023-01-11 09:15:00,3453.0553662,789.04999,4336.0498,2935.0,942.79999,3531.05,586.55498,1397.05,99.550003,751.65002,1043.0,212.2,848.88,3096.7,54.099998,1621.618534,1050.55,780.0,594.34998,2684.05,481.0,2547.99948179,854.84998,312.72627791,1207.4,1464.0,748.04999,,1784.1,2097.1001,1300.5,8249.1504,165.5,985.87,146.25,157.5750075,1144.40170784,1287.35,263.82,592.25,1008.35,3271.1499,746.385648,249.66930196,118.0,1003.25,2431.0,1205.0,6922.0,195.75
2023-01-12 09:15:00,3503.3947452,786.09998,4325.25,2896.0,924.0,3520.05,585.7,1379.0,98.900002,753.54999,1043.15,212.8,848.42,3095.0,52.950001,1625.60261,1061.0,792.075,594.59998,2663.0,482.20001,2532.88721977,854.95001,309.70569878,1197.3,1455.0,752.59998,,1772.4,2118.1001,1310.0,8260.0,165.55,987.0,145.75,158.5499925,1118.9362175,1291.3,261.04,590.09998,1021.15,3315.55,742.927872,247.55627432,117.6,997.29999,2432.0,1204.5,7024.9502,195.25
2023-01-13 09:15:00,3532.68669462,786.0,4268.0498,2871.75,923.0,3555.1499,587.2,1374.35,97.400002,752.0,1053.25,213.55,858.0,3060.0,53.049999,1634.616582,1041.0,793.0,596.34998,2683.3,482.64999,2526.88163612,858.29999,308.10098721,1210.1,1468.0,761.70001,,1759.0,2117.2,1311.6,8351.0,165.5,986.25255,145.89999,159.975,1105.13680609,1306.0,253.52,593.65002,1020.15,3305.0,740.952,246.31864989,118.15,986.29999,2400.0,1186.1,7138.0,193.25
2023-01-16 09:15:00,3491.75556,784.40002,4285.0,2896.0,911.70001,3560.0,597.45498,1379.2,100.2,754.65002,1051.0,212.45,858.01,3100.0,52.5,1633.47116,1078.55,790.15,599.84998,2710.0,481.25,2543.96290968,861.04999,309.18651462,1232.6,1502.3,753.70001,,1780.0,2132.3,1302.95,8343.5996,164.64999,985.05,146.0,159.525,1101.6868965,1295.0,253.8,600.59998,1026.1,3298.05,736.11109384,246.07716705,118.8,1003.25,2392.0,1192.0,7250.25,194.5
2023-01-17 09:15:00,3453.15226242,778.09998,4275.0,2911.1499,906.70001,3568.1499,594.0,1353.95,101.5,758.75,1053.35,211.10001,861.12,3125.0,50.0,1635.463198,1095.0,788.75,601.20001,2729.7,476.95001,2561.48711239,858.09998,310.64963566,1212.7,1524.0,747.29999,,1776.6,2136.3999,1304.1,8342.1504,165.8,985.63495,146.64999,161.1749925,1112.39967809,1294.5,252.58,586.04999,1026.8,3321.0,732.65331784,249.0353997,118.0,1030.9,2386.0,1180.85,7262.8501,196.875
2023-01-18 09:15:00,3421.0476069,776.59998,4305.0,2929.3501,913.25,3579.0,598.5,1365.0,102.1,766.0,1059.35,213.2,868.4,3150.0,48.849998,1657.325815,1114.1,799.85,598.45001,2747.45,488.5,2618.7853482,858.65002,313.76460848,1218.0,1539.6,755.20001,,1796.0,2200.0,1308.1,8464.2998,167.10001,988.6675,148.2,162.2999925,1116.82549072,1302.15,251.23,587.59998,1030.15,3372.25,737.54361092,245.98660873,120.0,1043.5,2412.8,1190.9,7270.0,199.0
2023-01-19 09:15:00,3323.66632707,771.75,4285.6499,2843.6001,920.75,3572.0,596.06499,1348.1,101.85,765.65002,1058.55,215.14999,863.31,3135.05,50.049999,1662.007104,1098.75,816.5,600.75,2751.6001,491.0,2571.43052221,862.0,313.05665582,1183.25,1526.15,757.04999,,1765.0,2241.0,1312.3,8456.5,167.3,980.5825,148.05,163.9874925,1115.14586078,1303.6,254.46,587.54999,1036.0,3361.0,728.70157384,241.5492507,121.15,1040.1,2367.2,1192.0,7186.0498,199.375
2023-01-20 09:15:00,3337.48785949,772.45001,4264.2002,2781.0,924.65002,3551.25,583.72002,1326.55,101.6,758.29999,1050.45,222.75,856.0,3141.1001,50.549999,1645.672393,1107.05,821.7,588.25,2729.3501,488.25,2496.75585801,865.54999,310.79121675,1198.5,1524.0,738.40002,,1757.0,2238.45,1311.65,8412.0,167.64999,957.4925,150.55,165.75,1106.33967388,1292.35,253.28,590.79999,1016.85,3355.6001,727.120896,242.21334509,122.0,1041.85,2353.0,1177.0,7150.0,200.649995
2023-01-23 09:15:00,3309.94178786,762.40002,4286.8999,2767.8501,924.45001,3571.0,584.1,1319.55,101.1,763.84998,1050.7,227.2,863.87,3145.75,50.650002,1608.919292,1108.15,830.7,585.20001,2750.05,491.20001,2512.45872504,864.59998,314.37816745,1200.5,1528.1,726.0,,1770.0,2227.0,1312.3,8377.9004,166.0,957.55255,151.35001,167.6625,1100.7790375,1280.0,254.98,592.95001,1022.5,3355.6001,725.145024,244.50748335,121.5,1047.25,2355.6001,1161.1,6830.0,201.25
2023-01-24 09:15:00,3326.867103,758.0,4290.7998,2784.45,903.75,3611.45,584.26499,1329.55,100.15,761.0,1055.05,227.2,847.4,3178.3501,50.650002,1586.857471,1121.2,837.5,588.15002,2762.25,483.54999,2540.81249122,868.0,318.67309911,1198.35,1549.75,719.0,,1748.75,2200.0,1321.05,8417.0,165.39999,957.44005,151.60001,165.375,1083.68863722,1270.2,252.6,593.04999,1034.55,3417.3,731.07264,247.52609425,120.1,1065.3,2364.0,1176.95,6782.6001,202.574995
2023-01-25 09:15:00,3215.3249115,706.0,4194.0,2767.1001,884.20001,3673.7,577.7,1310.0,98.800003,768.0,1020.0,223.75,835.02,3183.3501,44.349998,1575.951063,1116.75,822.65,580.09998,2766.0,484.10001,2553.80796738,848.0,316.45483801,1151.35,1538.75,717.0,,1733.0,2155.0,1306.05,8680.2998,164.39999,957.5,151.14999,163.35,1080.35221,1250.05,246.0,567.40002,1030.3,3405.0,722.37881308,252.17476108,120.1,1049.0,2333.55,1185.1,6672.0,200.0
2023-01-27 09:15:00,2630.4558552,537.0,4192.1001,2685.8501,851.0,3830.0,568.0,1302.05,92.449997,765.79999,1023.25,219.3,850.67,3128.0,46.700001,1543.33144,1105.0,794.975,578.04999,2714.6001,467.95001,2538.25277621,813.09998,322.3544435,1106.0,1507.4,711.59998,,1704.0,2127.1001,1286.65,8620.0996,164.0,951.30255,146.60001,162.75,1049.32608328,1230.0,246.01,532.25,1034.0,3382.3,716.94516508,262.70970107,119.1,1021.5,2302.6001,1155.0,6604.1001,197.100005
2023-01-30 09:15:00,2584.8690465,566.95001,4123.0,2696.25,846.15002,3818.8501,577.00498,1317.85,87.0,763.0,1028.5,220.75,856.99,3099.05,46.700001,1559.765754,1105.8,791.0,583.29999,2681.1001,463.95001,2490.99649925,796.0,322.68483084,1055.0,1520.0,692.79999,,1683.85,2083.8,1305.0,8718.0,167.10001,948.9,143.25,157.9125,1044.4917795,1215.6,245.48,525.20001,1040.2,3385.55,718.77282692,264.21900652,116.9,1018.4,2287.05,1161.3,6642.5498,197.524995
2023-01-31 09:15:00,2818.6226826,588.09998,4127.0498,2718.05,861.09998,3801.0,587.4,1323.8,89.050003,768.40002,1007.5,223.89999,858.66,3177.0,46.450001,1576.797679,1113.0,797.5,572.95001,2684.6001,465.5,2501.82606272,814.09998,321.92966246,1068.35,1513.0,704.15002,,1713.05,2072.6499,1335.3,8830.2002,167.35001,946.45,144.25,159.1124925,1062.6489595,1212.55,246.68,537.84998,1026.05,3351.0,716.30298692,266.18110361,117.75,996.04999,2335.6499,1169.2,6892.5498,198.850005
2023-02-01 09:15:00,1882.83219252,459.5,4211.5,2704.8,833.29999,3760.1001,570.88999,1246.85,89.050003,756.59998,1015.1,214.14999,862.05,3240.0,47.049999,1559.815555,1114.45,803.0,502.35001,2675.05,454.60001,2507.38861878,823.15002,310.64963566,990.0,1528.05,719.79999,,1720.75,2080.3,1322.0,8673.9004,167.2,945.7625,142.35001,160.2000075,1046.3074975,1068.85,255.64,499.35001,1005.1,3355.0,722.4282,264.21900652,119.3,1003.3,2300.05,1192.15,6981.6001,199.175005
2023-02-02 09:15:00,1449.80600648,424.04999,4170.0,2694.0,837.04999,3740.0,564.5,1252.1,88.300003,765.04999,1017.3,217.0,858.31,3185.0,47.150002,1556.478891,1135.0,794.375,483.04999,2634.6001,460.79999,2523.28828851,826.09998,340.19484103,1028.4,1552.0,721.75,,1720.0,2107.8501,1330.5,8751.0996,165.5,942.525,140.64999,158.5125075,1049.0310745,1088.75,250.6,502.5,993.0,3420.1001,723.95949092,266.06037125,118.4,1011.1,2269.6001,1196.7,7005.0498,201.199995
2023-02-03 09:15:00,986.85741515,395.10001,4158.0,2700.0,859.25,3769.2,574.70498,1281.3,91.699997,778.40002,1010.5,214.60001,863.64,3199.55,47.700001,1569.576541,1138.6,803.5,481.0,2621.05,450.20001,2590.38225828,852.09998,351.14451824,1079.0,1573.0,719.5,,1745.2,2131.05,1350.55,8845.1504,162.55,938.505,140.10001,157.7999925,1040.8603435,1115.0,250.0,519.15002,1001.65,3452.8999,711.75850108,267.05651285,117.2,1003.0,2320.1001,1209.05,7131.0,203.074995
2023-02-06 09:15:00,1392.04654992,476.70001,4189.6499,2718.0,870.59998,3804.1001,595.56001,1322.1,93.199997,778.79999,1010.15,215.64999,857.0,3220.6499,47.549999,1590.741945,1128.0,823.1,473.70001,2645.1001,446.0,2559.46887556,849.65002,358.31844795,1100.45,1561.6,709.09998,,1740.0,2142.3,1360.0,8820.0,164.05,937.71505,141.60001,159.7875,1046.6706411,1115.0,252.0,536.54999,1012.75,3436.8501,712.301856,265.36607867,117.0,997.0,2447.6001,1213.9,7112.7998,200.800005
2023-02-07 09:15:00,1479.72841176,543.0,4271.3501,2748.1499,871.5,3818.2,610.0,1337.1,93.75,783.0,1021.3,217.0,872.05,3240.05,47.599998,1600.95114,1125.9,816.3,482.0,2615.05,425.5,2555.08782488,847.20001,347.79355177,1122.5,1555.1,706.09998,,1747.05,2150.05,1361.0,8752.5498,164.3,944.0,142.2,161.3250075,1040.8603435,1124.45,255.8,541.04999,1002.0,3461.3999,713.289792,261.35132616,110.55,997.0,2432.1001,1206.05,7052.1499,199.524995
2023-02-08 09:15:00,1785.49950628,563.0,4302.5498,2744.3,868.25,3835.5,616.27998,1345.2,94.349998,765.0,1019.15,214.14999,886.53,3203.0,51.099998,1609.317699,1132.7,825.0,483.5,2592.05,432.0,2538.40055053,851.90002,350.71973721,1136.0,1565.5,712.54999,,1761.1,2125.55,1360.0,8673.0498,164.10001,944.5075,143.14999,157.8375,1047.2153565,1135.15,258.01,545.5,997.40002,3478.05,712.40062984,260.53630122,110.1,1004.35,2447.0,1210.0,7114.0,200.5
2023-02-09 09:15:00,1679.34043794,546.20001,4325.0,2766.1499,862.54999,3832.25,633.525,1356.65,95.550003,761.29999,1020.0,213.2,886.72,3195.0,53.400002,1621.170325,1138.0,817.775,502.20001,2549.1001,431.75,2526.24180582,851.59998,351.28609934,1138.3,1586.05,722.45001,,1747.95,2135.7,1363.0,8700.0,164.64999,947.5425,143.2,159.0,1059.471453,1162.75,259.71,542.79999,1001.4,3505.3,712.10425892,261.74374558,109.95,1002.6,2451.6001,1264.05,7160.0,201.774995
2023-02-10 09:15:00,1681.03781912,560.0,4350.25,2793.0,865.15002,3800.1001,642.0,1394.0,95.349998,761.0,1015.05,210.95,886.51,3198.1499,50.700001,1616.040828,1100.0,821.1,518.29999,2550.3,431.0,2515.75691782,852.0,349.53981611,1147.1,1596.45,712.0,,1765.0,2137.55,1350.8,8772.9502,164.10001,943.75255,144.8,158.8875075,1053.70654835,1167.05,253.54,546.5,996.70001,3508.1499,710.47419416,260.32501053,108.3,1004.1,2442.05,1320.6,7147.0498,201.399995
2023-02-13 09:15:00,1612.26963323,537.40002,4328.0,2780.0,856.5,3824.0,629.70498,1381.75,94.449997,766.70001,1019.0,209.14999,900.02,3217.2,51.25,1611.160334,1105.0,822.275,512.15002,2555.05,426.54999,2510.4897135,849.34998,349.25664449,1148.6,1566.0,715.0,,1761.65,2160.2,1325.05,8755.7002,164.8,947.49745,146.60001,160.5,1050.18859473,1173.05,250.6,533.29999,1002.0,3473.3999,707.362176,264.97365925,108.4,1000.5,2476.1499,1302.05,7155.0,199.600005
2023-02-14 09:15:00,1562.90008933,538.29999,4251.0498,2765.0,854.25,3862.55,631.0,1373.65,93.099998,766.20001,1017.6,211.10001,900.13,3145.0,49.900002,1572.11639,1118.0,828.975,507.64999,2536.05,425.35001,2530.37673005,852.09998,352.79640778,1137.0,1578.15,715.45001,,1763.75,2182.1499,1350.0,8765.0,164.85001,951.375,147.0,159.5625,1054.77323728,1155.1,249.98,530.75,1003.25,3495.0,706.37424,262.25690943,108.25,1005.75,2480.0,1296.9,7125.5498,200.75
2023-02-15 09:15:00,1697.381175,561.90002,4170.0,2754.0,861.59998,3850.0,639.72998,1388.05,93.400002,772.20001,1016.1,210.3,900.84,3203.0,49.799999,1591.787765,1119.6,828.375,509.64999,2537.0,430.60001,2497.69113849,860.59998,357.32729535,1145.0,1576.0,720.09998,,1760.25,2157.25,1360.05,8742.0,164.2,946.50255,145.5,159.75,1077.1747035,1150.0,251.4,536.79999,990.54999,3460.1499,708.54770908,264.52086761,108.8,1008.3,2483.3,1311.25,7047.6499,200.175005
2023-02-16 09:15:00,1736.178459,573.29999,4500.1499,2790.1001,862.25,3892.0,642.0,1413.05,94.25,780.59998,1028.35,213.10001,901.89,3268.05,50.450001,1610.512922,1124.0,830.5,512.70001,2546.5,433.0,2483.7604803,864.84998,359.63995014,1143.7,1597.85,723.95001,,1783.55,2171.7,1363.2,8790.0,165.60001,957.0,148.39999,160.5,1100.80173398,1169.55,249.27,538.5,991.20001,3527.0,719.31618184,265.93962077,110.65,1074.05,2518.1001,1338.35,7108.0,204.274995
2023-02-17 09:15:00,1651.98835272,569.09998,4576.0,2785.5,850.0,3872.0,636.75,1410.0,96.199997,770.29999,1021.15,214.2,892.7,3240.2,50.700001,1615.493017,1107.55,821.475,501.5,2492.95,426.60001,2468.05741636,855.15002,357.9880606,1109.0,1575.5,725.40002,,1751.05,2160.0,1332.3,8749.75,166.45,941.10255,154.39999,159.75,1094.24249809,1137.25,246.1,527.75,982.0,3490.0,715.41387416,263.22287096,111.3,1108.1,2496.0,1350.15,7176.0,202.0
2023-02-20 09:15:00,1513.57904205,560.0,4575.3501,2812.1001,842.5,3893.3501,634.3,1400.8,94.199997,777.09998,955.25,215.95,893.69,3280.45,51.75,1615.692221,1107.6,817.4,500.25,2513.75,429.0,2469.33737231,850.25,359.92312176,1103.8,1582.5,721.40002,,1730.1,2215.0,1332.6,8675.25,167.25,939.0,154.39999,160.65,1094.01553334,1141.15,246.84,522.15002,974.95001,3475.05,709.93078984,263.3738015,111.05,1120.0,2466.3,1333.3,7301.0,201.100005
2023-02-21 09:15:00,1514.35498773,579.20001,4491.0,2805.0,837.40002,3824.7,635.2,1390.0,94.599998,778.15002,963.5,213.35001,891.76,3265.05,54.400002,1618.730079,1103.1,817.0,500.04999,2516.5,430.0,2473.37384597,846.84998,360.30071539,1096.0,1576.0,717.29999,,1725.05,2222.7,1341.0,8638.4502,169.05,938.0,153.45,162.0375,1095.03687472,1144.2,242.2,522.40002,969.15002,3444.75,713.33917892,262.77007932,112.75,1131.05,2450.5,1329.65,7321.0,201.050005
2023-02-22 09:15:00,1339.67021652,540.0,4440.0,2780.0,829.54999,3814.95,618.5,1356.0,94.800003,766.5,959.04999,211.60001,893.88,3215.1001,52.599998,1564.347441,1090.05,804.525,492.5,2495.0,426.75,2444.28170047,834.75,358.69601326,1079.2,1555.3,695.0,,1698.0,2182.05,1311.15,8585.0,168.5,931.5575,151.7,159.75,1078.10525898,1125.15,239.02,512.5,966.0,3395.0,711.16570984,258.54402406,110.65,1118.0,2414.3999,1323.5,7192.0,197.225005
2023-02-23 09:15:00,1309.408335,533.65002,4401.0,2700.1001,830.20001,3815.2,612.26499,1341.0,93.650002,761.84998,956.0,212.45,888.2,3220.8999,52.799999,1561.907195,1092.5,796.05,486.14999,2482.8,430.10001,2441.67285863,833.54999,361.62222702,1066.65,1548.15,700.09998,,1687.75,2153.5,1305.0,8616.0,169.0,927.55,153.25,159.4500075,1071.88647022,1123.85,239.02,511.35001,964.04999,3408.0,706.37424,257.9101218,111.35,1124.05,2380.0,1314.85,7142.1001,196.699995
2023-02-24 09:15:00,1223.66633736,543.20001,4396.8999,2710.0,844.45001,3833.55,620.0,1350.35,95.0,755.0,955.0,214.7,888.36,3165.0,54.0,1564.845451,1082.0,792.6,482.0,2481.3999,414.25,2433.64903815,835.54999,359.63995014,1069.6,1545.0,677.20001,,1694.0,2118.75,1278.2,8609.2998,169.39999,930.75,149.75,159.2999925,1074.905056,1119.2,240.18,517.59998,963.70001,3382.3,704.99110984,257.78937133,109.55,1116.0,2377.95,1299.3,7165.8999,196.274995
2023-02-27 09:15:00,1097.0417017,553.09998,4415.0498,2725.05,845.95001,3626.05,613.5,1345.0,93.150002,738.45001,948.65002,215.10001,871.0,3102.05,53.200001,1547.863327,1076.0,788.65,478.0,2430.0,401.5,2417.94617112,833.54999,356.90254263,1067.05,1502.0,665.84998,,1690.8,2082.1001,1248.4,8530.0,170.5,924.6,153.0,160.9125,1067.50600515,1110.45,238.4,519.0,960.04999,3316.0,691.5552,249.36744087,105.15,1096.85,2373.6001,1272.0,7136.4502,192.725005
2023-02-28 09:15:00,1070.56255537,551.95001,4361.2998,2727.45,840.0,3625.6001,609.0,1330.0,94.400002,739.65002,903.09998,212.0,860.0,3091.1499,53.0,1551.897204,1068.1,794.35,484.54999,2410.3501,398.0,2397.91138025,850.0,353.97632888,1068.05,1481.3,664.90002,,1721.65,2085.0,1260.0,8605.2998,169.85001,923.0075,151.2,164.0625,1050.23394228,1109.05,238.0,521.04999,954.0,3299.8999,697.03823492,252.95959388,103.55,1096.75,2363.6001,1273.0,7162.2002,192.850005
2023-03-01 09:15:00,1368.5741931,594.59998,4337.25,2816.05,845.04999,3636.8999,610.01001,1334.9,94.800003,741.0,896.0,214.5,859.4,3086.7,53.349998,1561.757792,1077.35,797.875,484.39999,2414.3,401.64999,2410.07012496,851.84998,352.65482669,1070.1,1481.5,668.0,,1726.0,2100.0,1269.05,8620.0,169.95,928.7575,151.85001,163.0499925,1054.59171088,1108.8,241.0,523.09998,951.0,3315.0,700.98997892,254.46889933,104.5,1097.0,2366.3501,1280.25,7220.0,193.649995
2023-03-02 09:15:00,1365.56740359,585.59998,4381.3501,2811.0,843.5,3680.0,607.00498,1337.2,96.199997,735.79999,884.5,217.35001,864.0,3097.3,54.349998,1581.678172,1090.3,791.0,481.64999,2440.8999,408.0,2406.13210188,851.09998,353.69315725,1093.4,1467.3,673.59998,,1718.0,2107.55,1250.0,8509.0996,170.25,922.84005,152.64999,161.85,1053.84277259,1098.1,238.6,532.5,951.09998,3318.0,697.33460584,253.29163504,104.35,1105.0,2351.75,1276.8,7252.8501,193.649995
2023-03-03 09:15:00,1634.82055455,650.54999,4393.8999,2810.6499,845.59998,3697.45,607.3,1346.1,95.599998,743.54999,877.0,222.39999,872.1,3113.8501,53.200001,1584.21802,1111.05,794.0,481.60001,2457.0,412.20001,2417.60149565,849.84998,355.01466888,1104.75,1473.0,676.04999,,1719.9,2132.25,1253.25,8550.0,171.5,920.275,153.45,165.2999925,1062.89862073,1100.15,242.07,541.75,958.15002,3331.1001,697.68041308,254.74058035,105.0,1082.45,2358.3,1276.4,7188.25,194.550005
2023-03-06 09:15:00,1799.2240455,681.09998,4412.0498,2830.25,855.59998,3718.1499,612.00498,1357.25,95.900002,765.09998,869.04999,221.75,883.21,3132.3999,53.700001,1589.646324,1123.3,809.025,489.0,2461.2,413.89999,2437.24258266,865.34998,363.65168186,1116.65,1493.15,673.34998,,1741.45,2139.8,1268.0,8590.9502,172.7,921.25,153.55,167.25,1089.4308,1125.0,244.0,559.0,963.79999,3359.0,701.38517308,259.60053787,105.0,1085.0,2392.6001,1306.6,7191.0,196.050005
2023-03-08 09:15:00,1882.6382061,682.0,4360.0,2827.0,853.04999,3711.05,598.5,1357.9,94.5,760.70001,871.09998,222.64999,880.25,3150.1001,52.650002,1588.4013,1107.3,810.0,488.0,2440.6001,396.10001,2428.97263574,861.5,363.51010077,1105.55,1481.1,664.0,,1726.85,2140.6001,1258.3,8610.0498,175.45,919.87755,156.39999,169.275,1082.6218575,1110.7,244.22,556.45001,947.0,3330.8501,702.22489892,263.28324921,104.0,1069.6,2372.25,1313.05,7187.2998,194.425005
2023-03-09 09:15:00,1848.06012673,686.0,4385.1499,2836.8501,862.0,3801.0,589.01001,1350.0,95.25,770.20001,877.0,223.64999,874.36,3142.1001,53.900002,1579.188125,1114.05,813.5,490.0,2440.0,408.0,2418.83212786,854.15002,364.02924718,1162.3,1474.6,672.54999,,1713.7,2171.5,1244.95,8534.0498,178.0,921.5,156.05,169.125,1069.04941084,1092.0,255.0,558.0,947.15002,3330.8501,699.55746184,260.38537067,107.5,1057.35,2365.0,1328.2,7207.1001,194.800005
2023-03-10 09:15:00,1765.85838126,680.65002,4291.6499,2807.0,845.5,3798.0,578.1,1321.05,93.550003,768.20001,871.29999,221.45,870.0,3095.1499,53.299999,1576.84748,1105.0,792.5,484.20001,2405.3,395.39999,2407.21515668,836.25,361.99979233,1138.0,1457.65,666.09998,,1692.0,2133.0,1225.35,8480.0996,177.8,917.75255,154.2,166.6875,1050.86948898,1083.95,251.69,545.0,946.09998,3290.0,692.88889384,260.08350958,106.6,1041.05,2338.0,1318.0,7136.3999,193.300005
2023-03-13 09:15:00,1801.55188254,677.15002,4322.0,2772.2,828.45001,3768.3,581.1,1291.9,91.900002,763.15002,872.15002,219.35001,869.1,3025.0,51.599998,1542.933033,1095.0,782.475,477.29999,2380.0,398.5,2407.11660765,823.95001,361.05585545,1055.0,1428.0,673.04999,,1666.2,2107.0,1182.45,8481.0996,179.45,913.00255,155.2,169.0499925,1032.6896125,1066.15,250.34,528.45001,947.54999,3272.0,683.404728,253.01997214,106.35,1125.0,2321.0,1311.05,7054.7998,191.875
2023-03-14 09:15:00,1601.69737333,638.59998,4275.0,2740.05,817.40002,3735.8999,571.61499,1269.0,91.199997,764.0,853.84998,218.85001,861.8,2985.5,50.200001,1535.164085,1066.0,779.65,468.75,2368.3999,399.45001,2401.94795236,818.25,356.05299944,1052.2,1411.0,667.70001,,1643.5,2134.3999,1156.85,8445.0,177.2,910.65,153.05,168.0,1029.98873198,1071.0,244.6,520.0,950.29999,3209.3999,681.13248508,249.57874363,106.2,1098.4,2328.8501,1296.95,6991.0,188.675005
2023-03-15 09:15:00,1676.13966201,657.25,4309.2998,2765.2,819.34998,3720.55,570.1,1278.0,92.199997,752.5,872.59998,219.60001,868.16,3002.0,50.549999,1540.293583,1075.5,768.3,465.10001,2370.05,405.0,2355.92230761,822.20001,356.80813951,1040.0,1416.85,674.70001,,1661.6,2160.0,1153.2,8440.0,177.75,894.0,151.8,169.275,1011.08252291,1062.0,245.08,515.54999,949.34998,3192.0,678.31683784,247.58647251,107.4,1110.55,2379.95,1313.05,7082.2002,187.449995
2023-03-16 09:15:00,1741.0281195,675.15002,4266.0,2828.7,814.29999,3740.95,566.5,1270.55,89.650002,743.5,876.75,216.35001,874.07,2996.0,49.849998,1520.970814,1069.65,766.025,457.79999,2365.0,383.10001,2370.44376772,810.29999,355.72262154,1001.9,1398.7,649.04999,,1648.2,2132.0,1140.15,8411.0,176.95,898.3875,148.0,171.2625075,999.6435449,1054.6,245.74,514.29999,951.70001,3172.0,680.687904,244.50748335,103.7,1101.05,2413.0,1308.0,7076.0498,185.0
2023-03-17 09:15:00,1789.5247245,671.29999,4296.7002,2855.05,823.0,3792.05,568.81001,1293.0,92.900002,739.15002,870.0,220.10001,876.75,2942.25,53.049999,1549.805564,1084.05,770.0,464.0,2328.8,386.54999,2401.99717765,818.65002,348.92625714,1006.25,1411.4,664.5,,1671.15,2186.7,1152.0,8293.5498,175.89999,923.74745,151.95,171.225,1004.40980465,1066.15,247.36,520.09998,952.75,3144.0,686.02277816,250.27302414,105.0,1114.2,2447.3999,1336.0,7159.1499,186.925005
2023-03-20 09:15:00,1723.95731454,659.29999,4195.0,2831.05,825.54999,3785.1001,548.57002,1231.0,91.75,748.79999,861.79999,215.7,884.5,2909.25,52.200001,1544.825469,1086.25,772.7,458.10001,2304.0,381.0,2387.42649225,825.0,351.14451824,990.20001,1384.85,660.0,,1681.05,2152.0,1145.0,8130.0,174.95,932.605,151.60001,168.975,989.56631,1054.0,240.71,515.0,947.34998,3095.05,682.663776,244.80934444,103.85,1096.0,2441.55,1305.0,7098.0,182.574995
2023-03-21 09:15:00,1750.6789439,661.20001,4266.0,2835.0,838.75,3796.75,558.61499,1248.6,92.349998,755.15002,860.59998,215.95,881.84,2927.0,52.650002,1581.429167,1077.1,778.1,466.5,2331.0,384.95001,2420.65356199,839.04999,353.0795794,996.0,1390.0,662.0,,1692.0,2182.0,1156.4,8215.0,175.3,941.00255,150.95,166.8375,1006.3617015,1075.05,243.62,516.45001,953.25,3097.45,691.5552,246.13753927,104.3,1086.45,2468.05,1318.05,7237.1001,182.725005
2023-03-22 09:15:00,1751.84286242,654.15002,4211.1001,2814.8501,847.04999,3888.6001,573.5,1270.55,92.5,753.15002,852.0,213.10001,883.17,2931.8501,52.700001,1591.937168,1079.05,782.65,483.0,2346.0,388.25,2416.37086344,851.0,353.22118881,1024.15,1382.15,660.04999,,1692.1,2207.8999,1159.15,8217.0,173.8,934.93495,150.85001,165.6,1030.419965,1103.05,248.34,520.09998,956.59998,3106.1001,692.543136,249.79005243,104.4,1093.55,2495.0,1322.1,7353.0,182.925005
2023-03-23 09:15:00,1726.479138,652.04999,4243.5498,2767.75,845.09998,3853.05,577.25,1278.3,90.849998,756.84998,861.25,212.39999,886.11,2912.8501,52.099998,1593.6304,1061.0,779.275,494.14999,2357.0,386.0,2427.79122882,852.79999,353.40995731,1014.25,1370.0,658.25,,1675.0,2200.55,1153.8,8232.5996,173.7,935.5075,150.3,165.9375,1018.18656498,1105.0,246.8,511.5,972.0,3101.0,697.28521892,251.14842734,104.35,1087.1,2494.05,1316.2,7358.4502,180.175005
2023-03-24 09:15:00,1644.27739252,633.95001,4261.0,2772.8501,837.25,3812.0,562.72002,1236.2,91.199997,758.84998,866.15002,208.0,889.99,2886.6499,50.150002,1580.980959,1047.05,777.475,481.60001,2304.1001,386.14999,2431.7292519,849.15002,356.80813951,1004.65,1377.5,655.75,,1675.0,2153.05,1147.1,8211.0,172.35001,944.4,148.8,165.6,997.737041,1088.5,245.0,503.45001,968.0,3106.0,690.41905384,250.42395468,101.55,1096.65,2474.95,1305.0,7327.5498,180.5
2023-03-27 09:15:00,1631.4257922,625.5,4277.0,2786.5,829.20001,3800.0,558.45498,1226.65,91.349998,759.34998,876.04999,207.60001,893.01,2871.0,49.25,1578.889319,1044.8,779.45,486.64999,2296.55,389.39999,2425.82221728,844.04999,355.2506531,1004.0,1374.1,655.84998,,1693.1,2150.0,1125.5,8229.5498,170.7,940.75255,149.25,164.6625,998.7356859,1095.1,241.13,501.54999,963.0,3106.0,688.78898908,247.6770248,102.1,1090.1,2466.8,1310.05,7392.4502,179.600005
2023-03-28 09:15:00,1525.7031933,571.54999,4245.0498,2765.0,826.04999,3769.55,552.27002,1215.0,90.0,742.79999,886.40002,208.45,896.0,2836.0,49.0,1595.22403,1039.35,782.05,486.85001,2246.0,391.75,2433.59971441,848.20001,356.9497206,1007.2,1375.85,655.95001,,1685.45,2122.45,1123.4,8140.0,170.5,942.5,146.64999,164.025,1015.4402915,1088.05,240.43,503.85001,976.29999,3110.1499,681.67584,241.76055346,102.35,1066.2,2493.8999,1288.0,7368.3501,177.699995
2023-03-29 09:15:00,1543.25896431,590.09998,4311.1001,2755.0,830.0,3800.1499,555.5,1225.45,89.900002,738.84998,885.34998,208.39999,904.43,2850.0,49.599998,1604.686211,1042.1,790.95,486.70001,2250.0,389.89999,2441.62353489,848.0,356.00578372,1025.0,1364.55,658.59998,,1695.0,2121.0,1132.0,8187.5,171.7,943.80995,146.5,165.4125,1003.68356284,1083.25,244.3,506.29999,979.0,3104.1001,686.41792292,242.45483397,101.65,1065.1,2494.0,1288.0,7400.0,177.5
2023-03-31 09:15:00,1687.681854,627.34998,4299.9502,2747.5,847.5,3860.0,558.62002,1250.0,94.25,742.04999,886.70001,211.14999,913.57,2921.0,50.650002,1622.116543,1069.4,796.2,495.0,2314.75,401.10001,2477.55799549,858.5,358.69601326,1060.4,1393.9,676.79999,,1721.0,2150.55,1145.85,8257.0498,174.60001,957.75,150.05,167.25,1023.47484365,1097.25,250.6,519.34998,981.40002,3152.0,690.12268292,248.12981643,104.1,1091.45,2500.0,1336.0,7547.0498,180.649995
2023-04-03 09:15:00,1644.51987555,622.15002,4220.1499,2708.6499,856.45001,3888.2,563.22002,1265.5,95.800003,752.04999,887.04999,213.8,919.62,2981.1001,50.900002,1613.700183,1088.0,801.375,501.25,2372.05,399.54999,2476.08123684,868.84998,357.28010794,1064.0,1405.15,676.15002,,1733.2,2155.0,1155.3,8390.3496,175.45,969.30255,153.10001,167.8875075,1050.8467925,1091.8,253.2,522.09998,976.20001,3173.75,700.74299492,253.26145497,103.8,1085.1,2513.3,1351.8,7580.1001,182.574995
2023-04-05 09:15:00,1621.29000175,625.04999,4168.0,2752.25,857.0,3960.05,574.31499,1275.5,95.050003,756.0,886.29999,220.3,928.26,2922.2,51.549999,1607.823671,1066.15,808.0,503.70001,2419.1001,394.29999,2463.23343654,874.0,357.65767326,1060.1,1400.0,675.04999,,1739.05,2165.0,1151.95,8430.0,175.14999,980.05,152.55,167.775,1047.91894723,1100.45,254.89,519.04999,975.29999,3185.5,706.37424,255.4650349,103.2,1098.6,2550.1001,1350.0,7575.0,183.600005
2023-04-06 09:15:00,1637.39087462,631.54999,4183.1499,2786.8,849.0,4020.05,570.55498,1271.35,97.550003,759.09998,889.0,220.3,935.19,2926.0,51.299999,1643.730156,1085.45,823.55,505.25,2410.3,398.75,2513.44323081,872.70001,362.66055758,1064.25,1410.35,680.25,,1739.35,2254.45,1148.3,8377.0996,174.85001,980.25,150.39999,168.4874925,1052.27662503,1105.0,256.03,521.65002,993.40002,3215.0,713.78376,255.82727424,104.2,1083.0,2545.0,1347.0,7668.8501,182.925005
2023-04-10 09:15:00,1707.66245526,643.0,4187.2998,2755.1001,843.95001,4030.1001,581.1,1295.65,98.75,766.45001,894.20001,221.14999,937.6,2951.1499,51.799999,1663.401531,1091.5,827.0,511.64999,2417.1499,405.5,2485.87706925,864.40002,363.17971343,1063.0,1415.0,682.79999,,1749.65,2278.05,1171.25,8403.0498,175.2,975.05,150.0,168.75,1053.82003073,1104.05,257.01,524.40002,1006.65,3215.0,711.31392,272.88242586,104.5,1090.85,2561.05,1348.9,7668.0,183.800005
2023-04-11 09:15:00,1738.94276549,647.40002,4221.1499,2750.05,844.04999,4070.55,581.11499,1307.2,98.800003,768.15002,902.0,222.0,941.6,2970.45,53.25,1688.849816,1085.0,825.55,512.75,2448.05,411.14999,2493.75311541,865.0,366.24750828,1055.05,1389.0,688.5,,1826.0,2287.3,1188.2,8545.0,176.55,973.75,156.39999,171.3375,1054.95485448,1108.4,255.4,527.15002,1007.55,3192.1499,707.06580508,275.17656411,105.1,1092.4,2576.0,1337.0,7715.0,184.300005
2023-04-12 09:15:00,1743.01648031,650.0,4266.5,2751.0,846.65002,4170.5,578.6,1315.55,99.5,765.09998,908.20001,223.64999,945.24,3035.0,52.900002,1704.686519,1080.1,833.9,509.54999,2449.2,415.60001,2479.62535916,880.29999,370.11765891,1057.55,1400.0,711.40002,,1831.5,2281.95,1198.6,8591.0,175.3,968.24745,156.60001,170.2875,1057.67843148,1112.1,257.71,526.0,1005.25,3199.0,707.70793384,276.62550942,106.95,1090.8,2564.1499,1345.55,7675.0,184.675005
2023-04-13 09:15:00,1771.1445112,653.40002,4320.2998,2782.0,845.0,4260.0498,585.03999,1318.0,100.5,765.45001,912.29999,224.45,966.24,3132.0,52.849998,1684.566935,1063.0,839.075,518.5,2438.0,415.35001,2485.87706925,886.5,371.62795791,1007.95,1383.0,714.25,,1831.0,2242.45,1199.55,8620.0,172.3,970.8125,158.0,170.25,1063.102889,1123.5,258.4,527.15002,1002.0,3180.0,708.99229016,279.67430039,105.9,1076.0,2577.3,1357.2,7628.4502,183.0
2023-04-17 09:15:00,1791.4645887,658.0,4340.0,2806.0,861.0,4221.0498,590.0,1330.55,100.0,754.34998,901.09998,225.39999,963.95,3206.0,53.0,1682.325892,1016.25,826.65,529.29999,2419.5,421.60001,2502.02286543,893.15002,370.87278953,1105.0,1185.3,714.0,,1826.1,2201.1499,1203.4,8650.0,169.25,975.1075,158.0,174.225,1066.30309198,1119.0,259.18,528.0,995.04999,3070.25,702.916464,281.21378592,106.75,1002.0,2582.3,1340.55,7645.0498,176.0
2023-04-18 09:15:00,1774.975743,651.04999,4293.8999,2830.1001,857.09998,4175.0498,587.025,1329.0,101.2,752.54999,897.0,229.25,969.1,3215.8501,53.049999,1691.788072,1045.2,828.2,529.5,2425.0,427.89999,2490.7995981,894.09998,374.74294017,1127.05,1253.1,712.40002,,1885.9,2188.0,1202.6,8690.0,169.0,1010.0,159.39999,172.2374925,1055.840017,1140.1,263.8,540.5,988.29999,3110.6001,698.17438108,282.60235901,106.85,1011.0,2560.1001,1353.0,7570.0,179.625
2023-04-19 09:15:00,1779.8254035,654.90002,4221.5498,2800.6499,862.54999,4180.0498,588.0,1322.05,101.25,756.0,909.0,229.0,976.11,3258.1001,53.200001,1674.258138,1036.45,828.575,523.34998,2421.1001,431.29999,2471.35560914,887.25,373.79900329,1118.55,1229.4,715.34998,,1876.15,2208.1001,1203.4,8662.4502,166.8,1019.4,158.05,171.4874925,1058.6543799,1120.5,267.51,538.25,993.0,3071.5,689.826312,282.45142846,107.75,1010.0,2562.0,1349.15,7478.5,180.199995
2023-04-20 09:15:00,1781.61977788,661.20001,4233.1499,2813.1499,864.15002,4252.0498,588.61499,1325.05,101.35,762.59998,898.95001,229.10001,964.45,3220.05,53.650002,1673.31192,1031.85,833.2,522.79999,2431.8501,428.04999,2441.5743096,889.20001,375.40370542,1112.4,1221.4,712.70001,,1872.05,2222.25,1214.55,8665.1504,166.8,1019.0,158.5,172.2374925,1058.60903234,1112.5,267.17,536.65002,983.75,3078.0,688.04803708,283.38718577,107.4,1010.05,2570.5,1354.55,7445.6001,179.5
2023-04-21 09:15:00,1742.04654821,658.65002,4318.4502,2847.1001,857.5,4283.0498,582.8,1306.55,102.2,764.45001,903.0,227.45,964.63,3194.1001,54.099998,1650.054876,1037.75,831.625,511.39999,2448.55,419.0,2447.13666875,882.40002,376.67800133,1108.35,1220.0,703.09998,,1877.15,2202.0,1209.05,8550.0,168.39999,1019.37,158.7,172.2000075,1060.56083841,1103.35,268.21,539.70001,984.95001,3100.8,688.591392,282.05900905,105.35,993.84998,2559.25,1372.0,7339.25,181.824995
2023-04-24 09:15:00,1722.40542318,656.0,4362.2998,2852.0,860.5,4282.7002,587.7,1307.85,101.5,755.65002,901.15002,229.55,950.42,3158.1001,54.700001,1649.108658,1046.0,837.05,532.0,2443.3999,418.35001,2436.75032978,895.0,381.53929512,1092.0,1218.0,705.15002,,1877.55,2186.55,1196.0,8444.75,168.2,1020.05255,159.3,172.4625,1065.826466,1090.6,271.24,543.5,959.25,3126.1499,697.482816,282.72309137,105.35,991.0,2570.0,1377.4,7308.5498,185.274995
2023-04-25 09:15:00,1747.62365778,668.84998,4383.1001,2864.1499,874.40002,4316.1001,592.87002,1322.1,100.75,761.75,896.29999,229.89999,951.55,3156.1499,56.200001,1677.4952,1044.4,830.95,528.0,2493.8501,425.0,2439.65452335,903.09998,384.55987425,1113.1,1215.0,717.79999,,1877.0,2218.1001,1199.4,8420.0,170.35001,1015.4,160.0,172.9874925,1066.96128975,1101.05,279.02,555.0,967.0,3147.5,719.56316584,284.89649122,106.25,994.40002,2614.95,1373.45,7425.2998,187.050005
2023-04-26 09:15:00,1771.48398744,662.09998,4401.0,2888.05,875.20001,4281.0,601.32998,1328.65,100.4,767.09998,900.04999,228.0,962.0,3225.55,57.099998,1666.439389,1048.0,827.5,528.59998,2492.05,422.10001,2443.74022229,905.75,386.1173701,1115.15,1220.55,712.0,,1863.35,2244.05,1205.3,8434.9004,169.5,1023.625,159.75,174.0,1068.57273948,1104.0,276.4,556.45001,963.20001,3181.0,715.265664,285.31910883,105.85,992.70001,2625.6499,1365.35,7300.0,186.699995
2023-04-27 09:15:00,1777.44906985,657.20001,4365.0498,2893.8501,877.5,4294.0,606.6,1340.15,101.15,771.34998,903.0,229.14999,963.62,3236.25,58.349998,1675.453361,1061.0,832.925,516.04999,2497.05,422.04999,2418.93067689,908.54999,387.95805645,1130.0,1225.4,717.59998,,1876.85,2267.1001,1210.05,8471.25,168.8,1050.00255,159.60001,175.125,1073.089338,1125.0,276.4,561.09998,963.54999,3170.6499,733.19672216,287.67361929,106.3,993.0,2631.5,1373.1,7436.8999,186.024995
2023-04-28 09:15:00,1801.30939952,662.15002,4430.9502,2846.6001,853.65002,4390.0498,611.1,1318.8,101.25,787.20001,905.15002,231.60001,975.42,3265.3501,59.549999,1688.252205,1053.75,835.0,516.45001,2515.1499,430.89999,2381.51945763,910.25,390.50669545,1135.0,1244.95,721.54999,,1896.1,2312.3,1211.5,8535.0996,169.60001,1056.5,154.85001,174.8250075,1081.14658663,1130.15,261.8,565.5,979.15002,3196.25,742.433904,288.79051137,107.3,981.04999,2619.5,1306.2,7490.0,190.0
2023-05-02 09:15:00,1850.6304468,672.59998,4476.8999,2893.0,864.25,4424.0498,622.47998,1345.9,103.5,788.54999,906.09998,233.10001,980.68,3325.0,63.049999,1708.720395,1064.0,841.0,529.54999,2466.0,438.0,2412.0391365,918.70001,397.58622203,1150.0,1254.55,728.5,,1890.0,2373.2,1217.5,8606.0,172.55,1083.625,159.35001,178.6875,1102.18626434,1144.35,264.33,573.15002,970.29999,3210.0,755.72165308,286.496355,108.0,1020.4,2633.3999,1369.05,7440.0,193.725005
2023-05-03 09:15:00,1731.66827473,656.75,4482.0,2897.0,854.04999,4435.0,615.59502,1330.0,103.65,777.20001,917.0,234.60001,983.0,3321.2,63.150002,1716.190538,1055.0,839.825,535.09998,2478.8999,434.25,2414.64797834,911.54999,398.3885495,1140.3,1262.1,725.90002,,1912.7,2348.5,1230.1,8715.0498,175.10001,1078.92,160.85001,179.1,1095.35457998,1134.3,263.25,569.0,959.5,3173.1499,765.35402908,288.42827202,108.75,1038.25,2643.1001,1378.65,7434.4502,191.024995
2023-05-04 09:15:00,1783.7536285,667.70001,4500.0,2922.1499,857.5,4437.25,618.21499,1340.0,106.5,773.65002,920.65002,234.14999,984.07,3321.0,63.349998,1713.252282,1048.3,843.55,536.54999,2504.3,440.5,2441.72188701,911.79999,400.22923585,1129.0,1262.5,730.25,,1921.75,2342.8501,1228.0,8743.0,174.8,1081.8925,159.2,176.2125,1096.05821609,1136.95,263.2,568.5,965.15002,3178.0,759.62401016,289.0319942,109.5,1028.85,2656.55,1383.15,7485.0498,191.524995
2023-05-05 09:15:00,1845.92627612,677.5,4521.5,2951.05,862.75,4427.3999,633.16499,1355.4,105.8,780.25,920.84998,236.0,985.11,3324.75,64.25,1739.049174,1052.1,811.05,537.5,2512.55,432.64999,2456.04654442,923.45001,400.55962319,1065.35,1254.25,730.5,,1915.5,2357.0,1208.05,8790.0,173.0,1087.495,159.7,178.65,1105.772262,1167.5,263.25,575.04999,967.84998,3210.05,765.6504,287.46231049,108.4,1031.55,2666.3,1396.0,7505.5,189.5
2023-05-08 09:15:00,1819.5926196,678.59998,4585.0,2993.0,865.29999,4465.2002,638.8,1363.1,106.0,785.20001,919.65002,230.0,969.33,3360.1001,63.5,1745.224492,1055.0,815.0,540.0,2566.0,436.20001,2458.4584851,927.0,405.27930758,1087.0,1255.2,730.04999,,1921.0,2354.05,1213.7,8960.0,174.5,1088.02,160.0,180.8250075,1109.47174203,1168.0,263.77,577.34998,961.0,3231.3,767.03353016,288.63958082,108.25,1035.3,2732.8999,1413.05,7620.0,189.800005
2023-05-09 09:15:00,1832.29873011,684.5,4582.2998,3010.75,880.0,4519.6499,654.2,1402.5,106.6,790.5,929.09998,233.5,978.01,3371.3501,60.299999,1750.553193,1066.05,819.975,549.59998,2575.25,439.20001,2461.31365029,931.79999,397.86939366,1131.1,1260.7,722.5,,1948.15,2367.6499,1234.05,9051.8496,175.2,1092.33495,164.39999,182.025,1118.14184088,1176.9,269.14,572.09998,949.5,3246.0,775.52976,302.79685389,109.15,1039.85,2738.45,1422.05,7687.5,190.024995
2023-05-10 09:15:00,1827.3035798,685.54999,4577.0,3018.8999,877.54999,4529.3501,652.5,1395.0,107.25,788.04999,933.20001,234.55,967.98,3354.8,60.950001,1744.328075,1072.1,816.55,551.15002,2572.1001,433.64999,2467.02388221,928.25,398.53015891,1150.0,1259.15,719.40002,,1931.65,2350.0,1235.0,9060.0,174.95,1098.475,165.0,183.4500075,1126.2898754,1181.35,266.1,563.25,951.59998,3266.05,775.33216292,304.48728808,108.6,1038.15,2736.2,1428.15,7722.0,191.0
2023-05-11 09:15:00,1852.570311,692.25,4584.6499,3031.5,889.0,4535.1001,662.5,1413.05,107.5,783.70001,935.0,235.7,904.81,3387.05,62.0,1757.973535,1080.05,824.625,561.04999,2575.05,419.54999,2484.49885962,933.84998,395.41514834,1169.25,1253.05,708.5,,1951.85,2237.3501,1244.15,9142.0498,176.95,1097.51505,166.10001,184.9500075,1124.17910323,1179.05,268.01,572.0,952.0,3272.0,776.517696,305.18156255,108.25,1042.95,2744.05,1445.6,7750.1001,191.550005
2023-05-12 09:15:00,1888.02132926,695.04999,4535.0,3086.0,894.0,4517.0,660.47002,1407.0,106.6,784.5,913.0,234.25,889.0,3514.95,61.599998,1744.128871,1077.45,822.125,558.65002,2586.2,403.79999,2546.32562508,935.09998,392.72492824,1176.05,1239.05,691.15002,,1943.65,2197.3501,1251.3,9232.6504,174.5,1087.0,165.0,180.8624925,1115.07781675,1174.0,268.2,571.54999,952.0,3260.0,775.33216292,308.07942298,106.55,1034.05,2756.8501,1462.3,7691.7998,190.774995
2023-05-15 09:15:00,1823.472348,687.5,4591.1001,3121.05,909.15002,4542.0498,668.57998,1416.0,106.9,789.54999,896.84998,233.85001,889.3,3630.0,61.950001,1723.312074,1092.8,832.55,556.29999,2606.0,404.35001,2582.40786,938.20001,395.55673887,1196.0,1245.65,697.0,,1952.4,2215.0,1272.6,9185.4004,173.85001,1087.5625,164.39999,181.7625075,1122.63569753,1181.1,267.21,574.65002,948.04999,3248.3501,774.73942108,314.84111744,105.65,1042.0,2764.25,1473.0,7716.5,191.25
2023-05-16 09:15:00,1824.4422801,685.29999,4541.0,3122.3501,912.0,4530.0,670.0,1421.0,107.4,784.0,918.40002,237.45,900.91,3610.0,62.400002,1715.991334,1088.1,822.0,554.0,2680.55,411.0,2609.53109241,943.0,399.75726741,1208.65,1262.75,700.54999,,1938.0,2223.1001,1258.85,9057.0996,175.5,1086.0,166.75,180.0,1112.19531903,1174.2,265.0,582.0,938.0,3250.45,775.33216292,313.24124159,107.2,1053.0,2774.55,1496.55,7685.0,193.25
2023-05-17 09:15:00,1801.89135877,682.54999,4458.0,3075.55,911.25,4509.0,666.2,1405.0,107.95,783.90002,917.0,240.75,890.22,3584.2,62.25,1696.867769,1062.7,812.675,552.40002,2682.3999,405.54999,2606.03599848,935.79999,398.90773366,1214.0,1242.45,691.79999,,1895.55,2210.2,1260.7,9032.0498,175.05,1080.0,166.10001,178.0875,1102.5947555,1159.2,265.02,579.5,928.84998,3198.25,763.52631784,309.40761781,105.55,1039.0,2750.05,1486.0,7653.0,190.675005
2023-05-18 09:15:00,1820.75653812,661.29999,4433.0,3093.25,912.59998,4513.25,674.51499,1412.05,107.25,794.65002,911.54999,238.95,880.98,3570.45,63.099998,1689.995238,1073.0,820.0,559.29999,2724.25,405.64999,2581.22655153,942.09998,394.66001771,1230.7,1242.45,689.25,,1911.2,2181.0,1241.25,9044.0996,174.64999,1082.50995,166.0,175.9500075,1101.75494053,1150.5,265.89,571.40002,922.45001,3195.0,765.6504,306.14752407,105.1,1045.05,2716.1001,1486.05,7586.5,191.125
2023-05-19 09:15:00,1815.80988441,659.5,4410.25,3068.05,908.95001,4464.0498,671.2,1397.05,105.7,793.25,913.0,236.3,876.81,3511.5,63.200001,1678.292015,1082.45,815.775,554.95001,2667.2,400.39999,2560.3548323,941.59998,388.28844379,1221.6,1252.8,681.04999,,1923.5,2168.5,1237.45,8960.5498,172.95,1075.305,164.0,174.0,1097.98741647,1142.55,266.6,569.90002,924.29999,3203.05,747.32419708,304.72877091,104.05,1049.0,2683.05,1471.55,7585.1001,191.75
2023-05-22 09:15:00,1923.76332714,693.15002,4451.9502,3046.0,914.40002,4494.9502,676.18999,1405.0,107.6,799.5,915.45001,237.45,876.85,3527.0,61.799999,1698.112793,1088.95,816.35,554.5,2681.1001,402.70001,2582.40786,946.15002,395.60395459,1232.5,1270.25,687.45001,,1923.65,2178.3999,1251.3,9073.8496,173.14999,1071.105,164.10001,174.4874925,1104.11546472,1149.2,261.2,573.45001,922.84998,3217.05,751.02895708,313.54310268,104.3,1070.1,2701.1001,1478.1,7650.0,192.699995
2023-05-23 09:15:00,2327.83704,730.0,4533.0,3085.0,912.40002,4491.1001,675.71001,1415.5,107.75,797.95001,919.5,236.8,889.21,3530.05,62.549999,1681.280072,1104.0,816.725,561.15002,2674.05,406.89999,2584.32764625,945.0,400.41803266,1245.0,1297.05,702.5,,1915.0,2194.0,1256.55,9156.75,172.8,1068.105,164.45,175.0125075,1112.78547277,1144.85,264.07,576.79999,929.09998,3290.1001,752.85661892,314.62982675,105.0,1086.4,2677.3,1493.15,7625.2998,198.024995
2023-05-24 09:15:00,2352.42491573,708.75,4523.3501,3098.0,910.20001,4492.0498,672.975,1421.15,107.3,795.0,923.5,238.0,891.98,3578.8999,62.75,1674.307939,1098.0,806.8,558.90002,2706.0,403.60001,2567.59104816,938.5,403.06104648,1247.65,1291.3,694.5,,1897.4,2176.0,1254.5,9159.0,173.45,1063.75,164.64999,176.1375075,1104.61474177,1158.8,271.24,578.25,932.59998,3276.0,756.31439492,313.42238239,104.9,1085.0,2670.0,1485.95,7590.0498,196.675005
2023-05-25 09:15:00,2314.88834947,705.59998,4530.9502,3086.0,912.45001,4504.6001,674.61001,1416.0,108.0,797.84998,935.0,237.89999,896.48,3606.8999,64.5,1684.268129,1103.05,798.675,563.04999,2709.05,397.79999,2540.56636477,932.95001,410.42374468,1249.7,1289.25,690.0,,1907.55,2178.0,1257.55,9216.0498,173.39999,1065.5425,165.25,177.225,1096.71636848,1171.5,271.67,577.0,942.70001,3267.1001,755.82042692,307.35496844,104.3,1081.55,2682.0,1493.65,7594.2998,196.324995
2023-05-26 09:15:00,2458.92326632,720.59998,4551.25,3111.75,915.0,4605.2998,684.12002,1431.0,109.1,813.40002,940.5,239.10001,899.99,3610.0,65.75,1660.363673,1114.0,801.125,569.34998,2713.6001,403.10001,2562.76706834,935.54999,414.86025744,1255.9,1306.0,694.15002,,1923.5,2201.0,1268.35,9311.25,174.10001,1068.5,162.3,176.1,1112.46772213,1173.15,273.0,580.54999,937.0,3291.0,771.72622616,309.2265072,104.95,1099.0,2699.1499,1493.05,7633.8999,197.5
2023-05-29 09:15:00,2447.1386883,728.04999,4580.6499,3116.05,928.04999,4608.1001,690.17998,1444.5,110.2,818.0,945.09998,240.8,904.0,3670.0,66.599998,1669.427446,1124.4,812.425,575.0,2736.05,415.5,2604.06698694,946.79999,419.20237652,1272.0,1309.85,701.09998,,1948.25,2220.2,1298.0,9312.0498,174.8,1077.605,156.5,175.5750075,1138.0920424,1197.1,276.72,588.04999,946.40002,3312.0,780.716424,313.75442355,106.3,1110.1,2745.0,1523.1,7735.0,199.675005
2023-05-30 09:15:00,2400.72734032,727.65002,4535.4502,3127.55,928.04999,4586.7002,693.00498,1439.5,111.0,812.79999,951.0,243.3,899.77,3670.3999,66.449997,1706.180547,1128.05,814.275,571.0,2760.2,411.60001,2609.77721886,944.65002,416.27616276,1276.4,1309.15,697.90002,,1952.35,2207.2,1320.0,9300.0,175.60001,1075.55255,157.25,175.275,1141.33768372,1200.85,281.14,591.5,956.29999,3301.3501,778.740552,312.72808981,106.9,1095.0,2797.7,1528.65,7840.6001,199.725005
2023-05-31 09:15:00,2354.9951388,721.29999,4525.0,3136.45,910.20001,4552.6499,692.72998,1447.25,110.2,818.0,942.29999,239.3,896.19,3656.25,66.300003,1689.397627,1132.1,802.325,584.25,2739.05,404.35001,2597.12622126,940.5,417.64488067,1277.25,1314.15,691.0,,1953.9,2200.0,1303.25,9267.5996,171.95,1075.75,150.05,172.5,1117.1204995,1211.95,278.28,577.5,960.75,3265.1499,777.55501892,311.76214639,105.6,1096.0,2790.1001,1550.0,7779.8501,200.25
2023-06-01 09:15:00,2410.57224813,729.0,4686.0,3207.0,916.04999,4567.25,695.11001,1444.0,112.0,823.0,946.75,229.14999,900.21,3687.0,67.599998,1693.2323,1137.65,800.0,581.0,2746.8501,405.89999,2613.37056646,932.79999,414.388289,1251.5,1318.1,691.15002,,1925.0,2202.1499,1312.8,9222.0,171.85001,1078.64005,153.2,172.5375,1115.758711,1204.4,279.95,581.0,975.0,3297.5,779.82726184,315.65613031,105.8,1117.6,2814.7,1550.0,7809.7998,202.024995
2023-06-02 09:15:00,2352.0853425,734.0,4806.0,3219.0,920.25,4647.25,700.5,1448.4,112.0,826.95001,954.65002,228.10001,913.01,3657.0,69.5,1693.2323,1131.6,800.5,572.95001,2836.0,412.04999,2649.94485737,935.04999,415.14342907,1271.0,1296.05,695.75,,1928.0,2212.1499,1320.3,9312.7002,173.39999,1091.0,153.39999,174.8250075,1112.5812045,1199.25,280.84,583.0,981.0,3297.45,783.433248,321.63299198,106.5,1117.6,2826.45,1559.95,7826.4502,202.0
2023-06-05 09:15:00,2354.9951388,735.0,4934.0498,3195.0,927.59998,4669.0,701.30498,1456.2,113.35,832.15002,959.15002,229.45,919.34,3665.1001,69.599998,1705.184528,1136.0,801.225,573.0,2865.0,418.39999,2642.56106409,943.0,415.42662901,1282.65,1297.3,703.0,,1922.25,2240.0,1346.35,9488.5498,173.55,1089.5,154.45,176.1,1115.96297928,1205.0,279.53,586.0,998.5,3285.05,781.06218184,324.74217329,107.8,1107.5,2840.0,1587.6,7865.0,201.850005
2023-06-06 09:15:00,2352.9581844,740.0,4893.5,3195.0,951.09998,4710.0498,702.5,1463.1,115.9,826.15002,964.04999,226.75,921.0,3680.0,71.349998,1730.533212,1113.75,796.125,567.90002,2860.95,413.79999,2628.77798331,938.09998,415.70979119,1300.0,1273.0,708.79999,,1930.15,2263.7,1388.05,9611.0,173.55,1080.87755,153.2,175.8375,1117.574429,1210.1,277.15,583.0,1004.0,3220.6001,774.98640508,329.23987939,108.3,1071.55,2858.3,1584.0,7888.0,197.774995
2023-06-07 09:15:00,2361.7846635,741.95001,4950.0498,3206.25,968.09998,4736.9502,706.2,1472.0,117.5,827.25,958.5,228.10001,929.02,3697.2,72.400002,1742.585041,1116.2,798.0,582.70001,2907.1001,413.85001,2637.8356333,933.79999,417.92805229,1303.2,1282.5,714.0,,1936.0,2278.0,1395.0,9650.5,175.39999,1087.495,152.55,177.1124925,1122.38612709,1221.0,278.0,586.0,1010.0,3241.0,781.951344,333.34521437,108.9,1084.2,2870.0,1586.8,8082.5498,200.5
2023-06-08 09:15:00,2297.81764151,733.0,4920.0,3193.0,959.90002,4776.7998,699.51499,1463.0,116.4,834.54999,963.0,227.64999,927.4,3644.3999,73.699997,1702.14667,1118.3,801.625,589.79999,2948.2,417.70001,2633.45438572,935.20001,417.12569651,1300.0,1281.1,727.84998,,1879.55,2312.75,1377.5,9625.5,178.10001,1104.37245,154.2,179.4375,1130.7383845,1234.05,280.0,586.34998,983.25,3233.0,795.48607708,336.27325487,110.95,1069.0,2871.05,1583.35,8086.0,199.375
2023-06-09 09:15:00,2354.9951388,733.0,4907.0498,3168.55,963.29999,4735.0,701.20498,1461.55,116.7,828.95001,959.15002,227.35001,929.12,3576.1001,75.849998,1703.491296,1105.95,803.5,576.75,2887.3,414.5,2579.50366643,936.20001,410.75412259,1298.4,1264.0,741.5,,1860.7,2338.25,1363.0,9611.0996,180.55,1102.045,153.8,181.35,1124.837301,1227.5,281.8,576.75,981.0,3205.3501,789.360864,337.66180985,108.65,1060.1,2863.25,1589.9,8108.2002,198.024995
2023-06-12 09:15:00,2359.45692345,733.54999,4915.0498,3151.1499,968.59998,4733.3501,704.16001,1461.95,118.75,831.75,955.15002,226.64999,930.89,3556.0,76.5,1704.23831,1111.5,799.725,581.45001,2878.1001,414.0,2592.20369241,933.29999,409.52702353,1318.6,1273.0,744.65002,,1864.45,2333.1001,1369.3,9537.6504,182.64999,1101.4575,152.60001,180.9,1118.9362175,1234.85,283.4,577.70001,981.04999,3211.0,789.70662184,338.47685291,109.15,1062.15,2833.25,1584.55,8102.3501,197.300005
2023-06-13 09:15:00,2368.76817462,735.04999,4916.75,3205.1499,974.29999,4746.4502,710.0,1470.0,118.9,832.75,957.0,228.0,931.61,3583.0,76.699997,1721.967448,1129.3,795.05,581.0,2904.05,416.89999,2586.78891068,934.09998,413.72752375,1332.35,1297.05,751.15002,,1852.0,2327.1001,1368.2,9505.6504,185.0,1114.6175,154.25,181.0875,1128.58221938,1238.0,287.0,574.25,985.54999,3239.0,792.67042984,338.53721305,109.65,1075.4,2855.1001,1598.3,8211.75,197.25
2023-06-14 09:15:00,2378.61308243,735.79999,4951.0498,3253.0,976.0,4712.0,708.20498,1469.0,121.1,819.0,972.59998,227.55,937.0,3563.1499,73.25,1730.085003,1126.05,800.1,581.79999,2923.6499,424.14999,2610.90930204,936.25,418.87198917,1318.2,1293.2,759.15002,,1846.4,2340.0,1366.0,9490.5,185.35001,1125.0,155.85001,181.5750075,1142.5405515,1227.65,280.45,575.25,984.25,3225.8501,806.155776,340.49931014,111.4,1071.05,2897.0,1681.0,8276.75,196.350005
2023-06-15 09:15:00,2388.8456721,737.0,5018.0,3273.3501,972.20001,4702.5,705.6,1469.6,120.05,824.20001,980.59998,227.89999,939.2,3530.0,73.099998,1753.491449,1136.55,789.5,574.0,2810.0,420.75,2636.65402947,924.34998,419.81592605,1288.5,1282.65,768.5,,1828.7,2349.0,1371.5,9543.0,185.35001,1131.625,156.2,182.85,1150.93824725,1236.45,280.8,565.25,985.70001,3210.0,845.673216,342.76326832,113.25,1069.35,2900.0,1680.55,8309.0,194.125
2023-06-16 09:15:00,2412.60900855,740.79999,5163.0498,3286.55,977.20001,4620.0,713.1,1474.7,121.65,820.79999,993.75,228.0,965.03,3490.0,73.900002,1763.99945,1132.45,792.0,576.59998,2805.0,425.79999,2641.62588206,927.0,422.78931777,1294.55,1281.05,772.70001,,1833.0,2352.25,1393.4,9552.0,186.05,1143.86505,156.35001,183.375,1162.1503059,1236.05,278.02,567.04999,987.20001,3156.0,841.77085892,341.73693457,113.85,1071.45,2911.8,1680.0,8305.8496,189.574995
2023-06-19 09:15:00,2279.340435,731.0,5135.2998,3303.25,961.0,4586.6499,720.225,1516.65,124.45,827.5,999.20001,226.60001,972.41,3493.0,74.099998,1747.116928,1135.45,799.175,602.09998,2777.05,423.04999,2633.55293475,918.70001,426.89545262,1290.6,1287.05,767.84998,,1818.0,2361.0,1396.0,9510.0,185.2,1138.0625,156.5,181.7999925,1154.18379778,1275.0,290.56,565.90002,993.75,3175.0,844.53706984,340.62006061,113.05,1074.05,2963.3501,1699.15,8252.9004,188.550005
2023-06-20 09:15:00,2318.137719,730.20001,5101.1001,3277.1001,958.54999,4569.0498,720.1,1502.15,123.9,826.84998,1002.6,225.5,973.41,3465.05,74.800003,1737.80415,1132.5,795.325,624.20001,2745.05,423.04999,2607.06982799,914.79999,424.91317574,1285.2,1291.1,768.54999,,1815.3,2354.45,1380.7,9420.0,184.55,1136.0,156.55,182.8125,1150.7112825,1280.5,291.21,562.54999,989.59998,3201.05,837.07816292,339.59372687,113.5,1088.2,2948.3,1695.1,8171.2998,190.300005
2023-06-21 09:15:00,2321.1446055,733.29999,5086.6001,3300.0,963.15002,4637.0,717.7,1513.25,121.75,830.40002,1002.25,226.45,978.74,3535.05,74.650002,1750.005383,1161.65,805.5,640.04999,2800.0,418.10001,2627.10442196,920.0,420.09909767,1284.4,1295.0,752.04999,,1836.1,2382.0,1370.65,9396.0498,186.5,1138.25,156.60001,186.5625,1156.612366,1286.25,335.0,565.65002,983.59998,3223.95,842.75879492,346.83839304,112.85,1104.1,2958.1499,1691.9,8227.0,191.550005
2023-06-22 09:15:00,2289.039756,741.0,5055.0,3242.45,958.70001,4601.6001,702.0,1504.85,122.8,834.70001,990.09998,226.60001,978.0,3545.0,73.650002,1739.696586,1158.85,819.525,637.25,2816.8,416.20001,2607.660433,920.70001,420.85426605,1269.05,1273.5,745.95001,,1830.4,2380.0,1374.65,9373.7998,183.35001,1124.63495,157.5,189.525,1149.349494,1272.95,338.34,561.04999,987.09998,3230.1001,830.45898184,343.03494934,110.55,1110.4,2955.8,1696.25,8145.7002,190.800005
2023-06-23 09:15:00,2098.25411193,703.0,5001.0,3253.05,954.54999,4605.3999,695.61001,1483.95,119.5,841.34998,985.65002,224.8,980.2,3509.8,72.550003,1704.387713,1151.0,817.025,623.79999,2765.0,407.45001,2586.73968539,919.0,417.88086489,1262.0,1263.35,743.84998,,1823.9,2383.25,1368.5,9305.0,183.75,1122.6825,155.39999,187.1625,1140.270904,1260.5,328.37,553.79999,977.29999,3209.1499,821.61699416,336.69586644,109.2,1094.05,2932.0,1694.7,8060.0,189.050005
2023-06-26 09:15:00,2107.71094991,705.09998,5000.0498,3271.3999,953.09998,4600.5498,694.5,1487.2,120.0,846.34998,989.34998,223.25,990.4,3521.0,73.800003,1689.248224,1163.05,814.35,616.75,2775.0,408.20001,2601.21182175,923.20001,419.10797339,1305.9,1262.25,737.15002,,1819.9,2367.95,1369.95,9300.0,184.45,1125.25,155.85001,185.3624925,1129.69434665,1263.2,328.45,554.5,991.45001,3173.0,837.62151784,336.75622658,108.1,1108.3,2940.0,1711.25,8060.0,189.524995
2023-06-27 09:15:00,2202.7157991,716.0,5036.9502,3273.3501,960.79999,4610.0,695.4,1503.0,117.9,853.59998,1005.0,223.89999,1003.2,3519.0,74.849998,1706.578955,1160.2,819.275,637.09998,2827.45,414.0,2595.15720972,922.20001,418.3056176,1297.35,1274.2,749.04999,,1820.65,2371.55,1393.6,9395.0498,184.8,1125.255,157.35001,185.7374925,1128.76374578,1258.15,332.0,555.65002,986.0,3182.3,842.31421384,343.18587988,110.15,1106.7,2940.7,1737.55,8168.6499,190.75
2023-06-28 09:15:00,2224.87884458,721.79999,5116.1499,3323.5,967.0,4620.1001,704.0,1515.8,118.1,863.59998,1004.05,224.14999,1000.87,3537.8999,74.599998,1727.096946,1166.5,830.25,641.54999,2795.0,418.35001,2601.06424434,934.29999,419.57994183,1316.25,1281.4,762.0,,1829.4,2390.05,1390.15,9432.5498,185.3,1129.0,156.55,184.8375,1133.84784697,1285.0,337.83,568.54999,995.0,3193.3999,840.733536,347.44211522,110.9,1104.7,2985.05,1749.45,8182.0,190.399995
2023-06-30 09:15:00,2279.340435,738.0,5064.0498,3343.75,976.0,4635.0,709.12002,1519.0,120.75,867.04999,1005.0,226.75,1022.02,3505.3,74.0,1723.859884,1165.0,841.625,638.5,2835.0,414.64999,2610.26947174,930.65002,421.56221871,1337.05,1304.45,780.0,,1832.95,2415.05,1400.0,9541.0,188.0,1131.25,158.95,188.4,1150.00769177,1301.0,339.56,570.20001,1020.05,3214.1001,839.79498692,354.98864249,110.4,1110.6,3029.1499,1759.5,8236.7002,191.5
2023-07-03 09:15:00,2301.84285972,732.70001,5060.0,3337.2,978.0,4588.0498,716.0,1526.6,122.7,874.59998,999.0,229.85001,1018.06,3585.55,74.550003,1729.188586,1174.5,855.0,644.04999,2862.3999,422.10001,2618.24387003,936.5,424.81878205,1367.6,1328.45,787.04999,,1838.0,2448.0,1459.3,9656.5498,188.7,1129.15,160.0,187.125,1159.94879322,1291.0,348.62,573.90002,1030.0,3268.75,846.11779708,356.19608685,112.05,1115.1,3026.3,1745.9,8363.2998,194.75
2023-07-04 09:15:00,2301.69736991,735.0,5052.0498,3331.0,969.0,4611.9502,761.26499,1565.1,121.55,853.29999,996.5,230.3,1017.01,3387.05,74.5,1751.698615,1178.55,856.9,644.59998,2915.7,423.14999,2633.55293475,942.0,434.02216661,1363.3,1331.4,789.29999,,1836.05,2458.2,1462.1,9620.0498,189.0,1126.275,160.0,186.9,1168.07408588,1282.85,348.0,582.25,1029.9,3277.3,841.91906908,355.89422576,112.1,1120.1,3039.0,1730.95,8384.0,196.5
2023-07-05 09:15:00,2302.6188054,734.04999,5050.3999,3340.75,962.09998,4633.0,778.0,1607.55,121.05,863.04999,1005.4,230.10001,1027.4,3280.0,73.699997,1756.628909,1187.6,834.275,645.04999,3030.2,419.35001,2654.32610495,941.0,438.26988255,1371.35,1341.0,788.09998,,1853.15,2454.3501,1457.1,9675.0,192.35001,1129.0,161.35001,187.125,1169.2316061,1285.1,353.78,588.20001,1042.65,3305.0,831.00238616,353.14729587,112.2,1146.5,3063.0,1702.0,8342.75,195.925005
2023-07-06 09:15:00,2318.137719,738.20001,5070.2002,3367.8,961.0,4832.0,773.5,1607.0,121.9,863.45001,1011.4,231.0,1034.0,3208.0,74.300003,1757.973535,1174.95,830.2,659.5,3118.7,417.14999,2693.26311125,954.0,444.12230063,1373.4,1337.15,789.0,,1859.05,2467.55,1472.65,9815.2002,192.75,1145.25,162.55,190.7999925,1169.34508848,1289.35,353.45,589.09998,1040.0,3302.0,831.24937016,355.32068365,111.5,1162.0,3081.3999,1723.4,8380.0,196.574995
2023-07-07 09:15:00,2296.896303,716.20001,5130.0,3337.1499,971.79999,4820.5498,760.56001,1605.4,123.65,862.5,998.04999,231.7,1022.0,3176.0,73.0,1730.085003,1153.8,828.15,656.70001,3126.0,418.5,2649.30502707,943.79999,441.38489312,1353.0,1325.35,784.40002,,1850.5,2444.6001,1539.3,9815.0,192.14999,1142.5,162.8,191.025,1192.926726,1288.45,342.4,585.5,1028.75,3302.0,821.76515492,357.52428168,111.25,1151.25,3126.3999,1696.0,8325.5996,196.600005
2023-07-10 09:15:00,2284.1900955,708.0,5110.75,3293.95,960.40002,4845.0498,743.22998,1579.75,122.5,865.0,1013.0,232.85001,1029.0,3160.0,73.400002,1726.349932,1120.0,824.85,659.04999,3085.8999,423.0,2609.92479627,941.34998,437.7035393,1345.15,1319.3,787.75,,1845.0,2420.0,1545.95,9719.75,189.8,1127.5,162.5,186.375,1214.2614125,1283.2,340.77,590.25,1031.1,3265.2,812.083392,372.8286269,111.65,1135.6,3030.25,1669.0,8336.0,194.824995
2023-07-11 09:15:00,2316.1978548,719.04999,5165.1001,3345.0,950.59998,4905.0,738.1,1587.9,123.4,886.29999,1018.0,233.5,1022.71,3184.05,74.900002,1736.857932,1112.0,822.75,670.75,3084.2,424.0,2605.00226742,941.90002,439.87458468,1370.0,1327.0,793.29999,,1863.3,2447.2,1550.4,9736.2998,190.8,1127.51505,162.89999,187.5375,1242.67744459,1289.5,345.23,587.34998,1049.05,3260.8,815.788152,375.60576705,114.8,1145.1,3044.8,1673.0,8305.0498,193.925005
2023-07-12 09:15:00,2308.87486745,722.0,5205.8501,3362.25,947.0,4867.0,739.81499,1581.25,126.55,883.09998,1019.95,233.64999,1026.0,3235.0,77.150002,1750.055184,1102.45,813.575,669.75,3057.45,422.25,2601.55649723,941.25,444.07511322,1351.0,1327.0,788.65002,,1867.9,2447.8,1541.65,9805.0,190.25,1140.85,165.25,188.3624925,1253.59435828,1291.0,351.94,588.20001,1070.0,3250.1001,828.68070692,373.91532079,114.0,1153.45,3087.6499,1667.95,8152.5,195.175005
2023-07-13 09:15:00,2284.72355816,715.0,5168.0,3384.3501,952.15002,4849.8501,741.6,1595.0,125.0,883.25,1018.05,229.0,1026.98,3245.0,77.650002,1746.519316,1087.05,819.025,676.0,3055.5,430.20001,2610.12169742,942.20001,444.59426907,1366.4,1330.85,796.79999,,1866.45,2446.25,1558.45,9612.0,186.95,1138.8425,167.2,181.275,1242.51852388,1305.05,356.6,583.34998,1071.7,3272.75,825.12415708,371.59100247,114.5,1153.5,3079.3,1658.8,8206.5,195.625
2023-07-14 09:15:00,2269.641114,714.70001,5096.25,3387.0,947.75,4850.0,739.98999,1604.25,124.1,879.65002,1019.35,229.75,1015.25,3256.0,81.650002,1736.708529,1111.55,817.5,660.54999,3073.1001,439.60001,2609.97402156,951.34998,444.92465641,1367.0,1380.65,792.09998,,1860.0,2448.6499,1542.7,9591.0,184.75,1140.0,168.2,177.525,1237.00332584,1311.35,354.53,580.70001,1065.0,3352.0,823.54342984,374.00589119,114.8,1183.0,3042.6001,1657.45,8148.0,196.175005
2023-07-17 09:15:00,2319.39863073,730.09998,5152.2002,3425.0,950.45001,4821.1001,744.2,1603.0,126.4,876.0,1025.4,229.7,1018.6,3325.05,79.5,1741.638823,1143.65,816.5,662.09998,3067.0,443.39999,2628.6304059,952.84998,444.21670376,1369.6,1414.3,797.0,,1866.65,2465.0,1529.5,9555.0,185.8,1147.75,166.14999,179.4,1238.319676,1296.75,351.04,584.20001,1070.5,3477.05,839.10342184,372.58715614,117.1,1220.65,3020.0,1675.0,8189.9502,202.899995
2023-07-18 09:15:00,2332.88068692,725.59998,5106.4502,3455.6001,951.29999,4830.0,737.31001,1602.0,125.25,863.15002,1019.5,227.55,1029.31,3317.5,76.5,1760.812189,1146.4,835.0,653.34998,3085.8999,442.20001,2635.81729802,971.15002,444.59426907,1382.5,1429.0,788.5,,1879.35,2468.1001,1526.0,9601.7002,186.3,1141.025,166.05,179.7000075,1267.8250935,1305.65,354.0,588.75,1064.35,3465.0,838.21430908,366.45936393,116.4,1225.0,2963.3999,1673.0,8157.0,206.125
2023-07-19 09:15:00,2344.2287955,729.0,5162.6001,3482.5,956.5,4818.2002,743.0,1614.0,126.7,867.20001,1022.7,228.2,1032.32,3320.05,77.25,1763.650843,1157.0,837.5,649.04999,3082.5,438.5,2619.67130494,967.54999,441.85686156,1410.0,1460.7,789.04999,,1891.55,2466.3999,1524.0,9525.6504,190.2,1140.075,166.10001,180.4125,1269.6408115,1307.25,354.56,592.0,1063.85,3445.6499,844.09253816,368.36110087,116.1,1231.1,2985.05,1688.0,8163.75,207.074995
2023-07-20 09:15:00,2327.83704,728.09998,5132.6499,3494.95,957.59998,4782.0498,750.2,1625.0,125.55,868.0,1027.0,227.75,1048.0,3297.0,77.300003,1769.975564,1148.0,840.0,651.54999,3051.0,438.25,2617.01323781,972.09998,449.59712508,1418.2,1440.7,785.75,,1892.9,2469.05,1530.55,9575.4502,191.85001,1137.55,166.0,181.725,1290.0,1303.15,355.6,598.75,1082.3,3436.05,844.24069892,372.01361403,116.35,1235.6,2966.0,1702.2,8165.0,207.324995
2023-07-21 09:15:00,2323.27835913,726.29999,5125.0498,3505.0,968.0,4835.25,753.31001,1620.3,124.75,874.79999,1045.05,228.55,1055.52,3293.05,77.400002,1782.87401,1095.0,836.625,633.65002,3049.5,433.64999,2551.83895584,988.79999,459.6972591,1400.6,1305.0,782.59998,,1950.6,2521.1001,1518.85,9703.0,192.10001,1145.64005,166.5,181.65,1261.80005,1288.0,355.0,609.0,1090.35,3359.05,839.35040584,372.9191973,115.5,1181.0,2970.0,1701.2,8072.0,200.5
2023-07-24 09:15:00,2339.52472181,728.45001,5144.0,3498.5,968.79999,4851.1499,756.03501,1622.0,125.0,880.79999,1038.0,228.55,1055.65,3282.0,80.550003,1782.923811,1111.0,835.05,646.04999,3090.05,431.5,2535.10235775,990.09998,441.90403953,1405.3,1334.25,773.20001,,1888.2,2583.8999,1514.95,9680.0,192.95,1135.3875,170.25,182.1375075,1234.65,1287.9,356.0,614.29999,1092.5,3372.1001,838.65889016,378.08101591,114.35,1155.25,2951.25,1702.05,8088.3999,201.75
2023-07-25 09:15:00,2343.3559536,733.15002,5153.7998,3350.0,953.79999,4777.3501,754.10498,1635.05,125.35,879.09998,1049.4,228.85001,1078.37,3312.75,79.300003,1804.836229,1105.1,839.2,650.0,3128.1499,435.0,2522.59913447,988.25,429.86884435,1411.4,1324.25,777.0,,1856.45,2553.0,1548.05,9616.7998,195.89999,1133.7625,171.3,186.1124925,1240.0,1290.1,359.2,604.20001,1090.8,3380.2,845.673216,382.36743133,114.35,1145.0,2972.75,1691.95,8244.7002,200.0
2023-07-26 09:15:00,2372.4539166,745.0,5143.0498,3365.0,963.29999,4840.9502,733.1,1618.05,125.65,883.29999,1042.15,228.89999,1080.21,3326.3999,82.5,1821.818353,1110.1,844.0,648.0,3126.1001,446.39999,2532.44419217,990.0,436.14602458,1411.2,1339.4,800.09998,,1875.65,2585.0,1532.0,9725.25,200.0,1135.1,172.0,187.5,1242.5,1275.25,361.74,609.15002,1094.1,3385.0,859.05973892,385.77847372,118.85,1139.45,2995.0,1704.1,8340.0,200.699995
2023-07-27 09:15:00,2342.3860215,741.90002,5144.2002,3351.0,955.75,4824.2998,726.77002,1602.0,126.0,888.15002,1108.55,228.14999,1084.01,3320.3999,82.800003,1807.774485,1108.95,833.725,657.20001,3097.8,448.10001,2513.44323081,987.20001,435.24930342,1405.15,1347.05,791.0,,1862.55,2646.45,1438.35,9691.6504,200.60001,1103.80255,170.7,187.275,1245.17505,1292.75,357.31,613.09998,1116.3,3385.05,837.47335708,384.42009882,119.15,1082.3,2983.6499,1697.7,8255.0,199.5
2023-07-28 09:15:00,2358.0020253,743.09998,5177.0,3364.5,942.20001,4829.6499,721.0,1568.4,128.0,890.54999,1155.7,226.85001,1102.4,3329.6499,83.849998,1802.79439,1097.45,820.55,654.5,3131.45,443.39999,2525.4542012,977.04999,437.42033936,1397.6,1336.0,786.0,,1861.1,2625.0,1450.0,9546.4004,199.5,1109.36505,168.89999,187.5750075,1250.275,1281.3,358.0,613.59998,1121.65,3331.0,831.842112,381.43166798,118.7,1085.05,2951.7,1690.6,8225.0,198.274995
2023-07-31 09:15:00,2392.8224907,754.40002,5158.5498,3323.1499,948.29999,4866.0498,728.10498,1565.8,128.85001,885.25,1165.4,226.85001,1114.0,3318.45,83.699997,1813.551395,1096.0,819.35,644.45001,3173.0,453.0,2514.42773658,988.59998,437.51474249,1396.0,1333.25,806.20001,,1849.15,2631.1001,1457.6,9606.0,209.64999,1121.48495,171.39999,194.3624925,1258.975,1270.0,363.61,614.5,1127.0,3360.8999,842.21544,383.90694704,120.6,1087.15,2950.0,1731.05,8301.5498,199.475005
2023-08-01 09:15:00,2381.42578853,761.59998,5021.5498,3338.0,952.0,4899.1499,724.4,1569.65,130.05,888.15002,1168.1,228.95,1121.42,3367.05,84.199997,1817.386068,1111.9,825.0,638.0,3032.25,462.10001,2505.56718465,990.45001,437.79791411,1389.35,1357.0,816.95001,,1844.4,2655.3501,1470.2,9650.0498,218.85001,1121.25,174.3,187.875,1252.65,1261.1,369.0,610.59998,1136.0,3415.0,842.80818184,387.58964027,122.55,1119.9,2987.7,1701.9,8270.5996,202.024995
2023-08-02 09:15:00,2377.3035771,751.54999,4976.0,3330.6499,936.59998,4821.25,714.5,1524.0,123.7,872.59998,1153.55,232.3,1126.89,3280.0,82.650002,1798.860115,1121.5,816.575,637.0,2971.8501,449.64999,2496.70663272,977.5,432.32308967,1369.1,1348.45,798.34998,,1818.05,2602.7,1465.25,9520.3496,216.85001,1125.53,174.0,184.9500075,1231.80005,1252.45,360.33,594.09998,1126.45,3413.6001,828.08796508,372.16454458,118.25,1125.6,2960.0,1678.15,8213.4004,199.5
2023-08-03 09:15:00,2387.9728302,753.40002,4956.2998,3317.95,927.15002,4806.0,701.80498,1477.8,123.5,865.09998,1150.0,229.45,1124.3,3301.3501,81.599998,1787.05729,1115.05,811.5,629.09998,2933.05,445.0,2497.88803964,960.04999,428.83051378,1354.05,1349.0,794.20001,,1805.85,2586.3,1447.6,9515.5996,217.95,1120.09745,171.5,184.5750075,1229.025,1251.65,358.3,585.0,1122.35,3368.0,822.50610692,370.7759896,117.5,1121.3,2883.0,1670.4,8080.0,198.524995
2023-08-04 09:15:00,2426.7701142,768.75,4964.0,3323.0,934.65002,4700.0,707.12998,1470.75,125.5,866.20001,1171.0,230.5,1128.0,3350.0,88.400002,1812.903983,1126.0,814.625,635.15002,2921.45,453.89999,2495.77135224,961.25,428.78332638,1366.3,1362.0,802.79999,,1811.15,2598.5,1415.75,9427.0,217.60001,1120.6,172.10001,184.9500075,1235.80005,1254.0,360.41,571.40002,1121.05,3401.25,822.25912292,370.26280763,118.0,1142.8,2898.0,1690.0,8148.75,200.149995
2023-08-07 09:15:00,2440.73703945,771.20001,4956.3501,3316.0,944.54999,4665.0,707.16001,1485.0,126.6,884.09998,1174.2,232.3,1123.78,3339.7,96.349998,1818.780495,1143.15,823.775,639.25,2929.6499,459.14999,2499.41402359,968.20001,425.66834412,1399.35,1377.0,803.54999,,1826.4,2623.1001,1480.75,9422.0,217.64999,1107.5,172.10001,184.5,1252.5,1266.55,366.63,566.65002,1133.5,3441.25,819.492912,367.3649472,118.0,1172.1,2882.45,1677.0,8160.0,204.024995
2023-08-08 09:15:00,2387.29387773,764.29999,4980.1499,3332.6499,944.04999,4637.1001,708.51499,1492.9,127.6,880.45001,1224.05,229.3,1129.0,3291.0,92.699997,1824.507604,1137.0,821.025,642.09998,2980.0,452.0,2515.95372052,972.29999,425.76271893,1402.3,1384.4,799.5,,1822.05,2628.3,1485.0,9505.0,214.0,1105.0,172.60001,180.4874925,1249.775,1293.75,368.0,568.45001,1139.95,3456.6001,823.69164,365.40285011,117.95,1175.1,2904.6001,1674.4,8137.0,204.975005
2023-08-09 09:15:00,2397.6721512,784.0,4958.0,3303.0,944.29999,4616.1001,709.0,1505.0,129.0,878.79999,1252.25,230.60001,1134.22,3332.0,91.599998,1820.174922,1125.0,815.55,643.15002,3004.1001,450.89999,2501.62916157,963.59998,421.84538089,1392.0,1382.5,801.34998,,1816.75,2615.25,1492.25,9417.5,216.45,1108.13,173.3,179.8125,1240.55005,1343.0,368.0,568.34998,1140.3,3425.05,837.42397016,365.46321025,116.9,1200.2,2918.1499,1703.05,8086.0,206.274995
2023-08-10 09:15:00,2434.529571,792.0,4903.6001,3230.0,937.29999,4628.7998,709.2,1505.1,129.10001,868.20001,1248.1,234.45,1161.2,3380.1001,93.25,1816.788457,1128.65,815.5,638.09998,3013.0,463.0,2488.4368827,959.45001,423.82765777,1400.1,1385.6,819.25,,1796.0,2621.6499,1531.8,9342.0498,216.5,1094.75,176.89999,180.0375,1254.225,1330.1,368.0,570.09998,1143.6,3430.05,837.769728,361.0258643,119.25,1215.6,2917.0,1790.0,8076.0,207.774995
2023-08-11 09:15:00,2442.48301422,794.25,4811.1499,3180.0,933.0,4581.6001,703.10498,1497.65,129.55,865.0,1245.0,233.75,1161.63,3376.45,93.050003,1801.300362,1154.3,808.1,632.0,2980.0,460.0,2460.27991923,950.0,419.81592605,1392.75,1367.05,815.59998,,1782.0,2631.25,1533.05,9344.0,212.64999,1087.5,176.7,182.1,1256.17505,1304.9,360.82,572.0,1130.5,3414.0,824.92656,368.27053047,119.15,1215.3,2980.0,1876.4,8044.75,206.175005
2023-08-14 09:15:00,2327.88553661,771.09998,4730.0,3152.25,928.90002,4541.0,694.05498,1467.05,129.45,857.59998,1231.65,230.7,1160.0,3286.3501,91.349998,1786.658882,1154.0,800.125,625.59998,2952.2,447.60001,2449.54890479,946.0,420.09909767,1379.05,1365.6,793.54999,,1785.0,2616.0,1524.0,9257.9004,211.8,1085.4625,177.35001,180.5625,1262.5,1291.95,354.91,558.59998,1120.5,3411.0,819.64112216,358.91283666,117.35,1203.0,2988.3501,1860.15,8019.0498,204.75
2023-08-16 09:15:00,2347.235682,772.45001,4754.1001,3176.8999,931.29999,4559.75,692.0,1463.0,129.45,853.20001,1226.05,232.10001,1155.0,3286.1001,91.5,1778.441725,1170.1,790.65,619.65002,2956.0,439.0,2485.28626734,946.59998,423.07251771,1367.0,1405.4,789.0,,1777.5,2652.05,1538.6,9254.1504,212.05,1089.2675,175.8,182.2875,1275.5,1281.0,352.02,554.0,1121.85,3435.2,826.70483492,360.60325273,115.4,1220.0,2978.05,1906.4,7987.6499,207.0
2023-08-17 09:15:00,2368.62268481,776.84998,4872.5498,3162.0,931.65002,4576.0498,690.3,1465.4,128.25,850.0,1226.05,231.10001,1171.18,3291.75,90.5,1786.55928,1163.95,797.0,622.20001,2960.75,440.5,2493.75311541,946.45001,415.33222588,1370.0,1406.0,783.59998,,1763.0,2642.0,1560.15,9350.0,215.14999,1080.12,177.10001,181.65,1266.42505,1276.25,362.39,564.0,1137.5,3413.2,824.92656,368.87425265,114.7,1214.55,3012.0,1960.0,8150.0498,207.25
2023-08-18 09:15:00,2387.29387773,804.29999,4825.1001,3155.0,931.04999,4595.2998,684.5,1456.0,126.75,852.25,1231.0,227.0,1168.12,3274.8999,89.0,1778.541327,1158.65,792.75,616.75,2920.0,438.14999,2492.86715867,946.0,413.91632056,1360.85,1386.15,783.29999,,1746.5,2632.75,1544.6,9336.6504,213.3,1072.5,174.14999,180.0750075,1254.275,1266.0,361.61,567.40002,1129.0,3356.5,825.420528,368.81389251,114.75,1205.15,3035.0,1956.0,8165.7998,204.0
2023-08-21 09:15:00,2502.90978405,838.5,4840.0,3152.1499,943.95001,4592.7998,680.1,1451.0,127.15,854.09998,1230.3,227.0,1170.79,3315.5,88.300003,1782.87401,1168.95,793.5,623.0,2912.3999,439.89999,2499.70937532,948.40002,416.6065501,1366.2,1387.15,787.79999,248.89999,1748.85,2623.45,1531.75,9413.25,215.7,1086.7675,174.3,181.275,1257.82495,1274.3,362.93,570.75,1127.15,3372.0,830.65657892,371.1683909,115.85,1204.35,3050.0,1950.05,8205.5,205.824995
2023-08-22 09:15:00,2574.2968836,853.34998,4906.1499,3171.0,948.65002,4601.6499,705.0,1464.35,129.35001,866.20001,1218.05,229.7,1174.56,3329.0,90.099998,1790.891963,1176.15,790.0,624.20001,2920.0,448.35001,2513.44323081,949.29999,421.93978402,1394.1,1396.65,792.29999,236.45,1758.45,2662.0,1534.75,9409.7002,218.85001,1095.30255,175.60001,185.025,1249.5,1278.75,366.14,567.5,1130.0,3365.05,833.817984,373.46252915,116.5,1209.25,3040.1001,1999.0,8192.0498,206.375
2023-08-23 09:15:00,2414.01560408,820.09998,4911.0,3165.25,958.40002,4619.0,700.3,1458.05,132.8,866.79999,1225.05,230.3,1182.4,3330.3,92.050003,1785.862067,1178.65,786.625,630.09998,2934.8,452.89999,2522.79603563,949.84998,423.45009246,1392.15,1405.65,793.04999,224.64999,1754.0,2682.45,1536.1,9446.0,221.05,1097.5,175.0,185.4,1258.475,1286.25,364.23,566.0,1110.6,3376.0,830.21199784,370.17226742,117.65,1199.2,3056.3,2027.85,8147.0,207.300005
2023-08-24 09:15:00,2454.9952353,820.20001,4900.1001,3170.8999,979.09998,4574.4502,712.1,1465.0,133.60001,864.20001,1217.0,228.5,1178.24,3320.0,93.199997,1763.949649,1169.0,788.075,628.5,2920.0,453.85001,2527.1770863,966.75,424.1108294,1402.25,1414.45,786.15002,213.45,1776.25,2680.6001,1528.05,9555.0,219.64999,1107.16505,172.8,184.35,1235.5,1290.15,371.0,575.54999,1113.2,3378.1001,831.94088584,368.05923978,118.05,1196.7,3056.25,2036.55,8164.0,206.0
2023-08-25 09:15:00,2411.2512006,803.5,4846.0,3216.2,970.79999,4569.75,710.1,1465.65,133.05,861.09998,1205.0,227.5,1154.11,3323.6001,90.050003,1751.051203,1150.0,779.2,625.75,2890.0,448.89999,2511.96647216,960.20001,417.26728704,1389.05,1411.4,770.54999,202.8,1767.0,2631.0,1508.2,9485.0,217.2,1105.5625,172.85001,181.0499925,1221.30005,1282.45,367.4,567.20001,1100.25,3350.25,820.13509016,358.18836401,116.7,1178.45,3037.55,2000.0,8061.0,203.550005
2023-08-28 09:15:00,2381.81366437,798.5,4842.0,3231.05,980.09998,4586.0,713.81001,1487.0,134.60001,865.84998,1211.0,227.5,1145.44,3334.0,91.75,1761.260398,1139.3,780.75,624.65002,2911.8501,445.5,2499.66015003,965.04999,416.27616276,1393.8,1411.4,771.0,207.55,1774.65,2650.05,1524.1,9510.0,217.2,1100.0,174.55,181.9125,1215.55005,1289.55,369.23,569.20001,1105.15,3360.1001,818.257992,363.169072,117.0,1182.3,3040.7,1990.45,8048.4502,203.824995
2023-08-29 09:15:00,2371.4839845,800.04999,4858.8999,3255.05,977.5,4605.0498,723.6,1497.25,134.10001,848.5,1227.3,228.75,1143.0,3348.45,92.599998,1772.017403,1148.3,790.725,626.04999,2938.05,447.35001,2483.02210097,965.65002,414.57708582,1392.45,1415.3,775.54999,207.25,1779.0,2696.3,1540.0,9506.0,218.25,1097.5,174.95,186.4500075,1204.07495,1290.0,369.36,571.84998,1106.45,3365.0,825.914496,364.40669644,117.75,1188.25,3044.0,2001.0,8125.1499,203.550005
2023-08-30 09:15:00,2417.45866905,816.59998,4845.0,3276.3999,980.0,4661.6001,725.8,1499.0,134.25,856.45001,1231.15,228.5,1128.0,3356.5,97.199997,1792.684797,1161.65,786.85,634.15002,2942.1499,455.75,2480.9545404,955.40002,415.80419432,1386.85,1424.0,784.09998,224.7,1765.0,2707.0,1559.8,9610.0,219.75,1100.5075,175.0,184.8375,1207.5,1293.3,373.56,566.09998,1110.5,3383.05,828.58193308,365.25191957,120.25,1194.55,3067.0,2047.35,8200.0498,203.324995
2023-08-31 09:15:00,2312.07564338,787.70001,4805.7998,3220.0,968.59998,4602.2002,713.5,1480.2,132.2,847.04999,1223.2,228.39999,1118.0,3322.0,96.699997,1774.756455,1165.9,781.55,631.29999,2890.05,456.75,2452.5024221,954.04999,411.6508815,1363.25,1428.65,777.0,231.14999,1754.3,2678.3501,1567.15,9770.0996,218.75,1083.50255,173.05,182.6625,1199.94995,1286.5,377.82,559.40002,1101.7,3343.6499,819.04833092,361.65976655,122.15,1198.0,3082.2,2043.45,8226.0,203.225005
2023-09-01 09:15:00,2308.438398,779.65002,4801.2002,3217.1001,969.0,4619.0,715.5,1487.35,133.89999,852.75,1239.65,230.64999,1110.02,3322.1001,96.849998,1780.78237,1171.1,779.675,638.54999,2908.0,462.10001,2461.264425,952.79999,413.72752375,1376.2,1428.2,778.0,234.2,1754.35,2688.3,1575.0,9951.3496,216.14999,1093.0,174.39999,183.9,1200.82495,1293.2,381.37,562.09998,1105.75,3356.8,822.950688,363.38039288,123.4,1204.05,3100.0,2040.0,8249.0,203.75
2023-09-04 09:15:00,2376.38214161,795.54999,4817.6001,3216.1001,980.0,4622.3999,725.83999,1506.05,139.2,859.70001,1232.55,238.14999,1115.71,3410.25,97.300003,1807.774485,1185.0,787.45,634.0,2922.75,475.0,2453.38837884,960.54999,412.1700279,1415.0,1434.7,808.5,249.0,1757.3,2705.0,1564.2,10286.3,230.5,1081.625,181.8,188.1,1202.65,1301.5,377.85,568.45001,1102.0,3370.05,826.902432,365.85564175,128.85001,1225.55,3086.3,2020.0,8282.5498,208.0
2023-09-05 09:15:00,2389.9126944,797.5,4832.0498,3220.0,977.90002,4635.3501,728.0,1506.0,139.2,858.40002,1235.1,247.5,1112.11,3396.5,97.050003,1837.157045,1225.2,785.3,636.0,2928.2,478.20001,2463.33198557,962.25,413.91632056,1416.35,1456.5,800.5,253.0,1763.1,2720.0,1565.25,10245.8,231.7,1087.72755,182.39999,189.75,1206.225,1305.65,376.04,571.34998,1107.2,3405.1499,832.87943492,367.09326618,128.85001,1248.65,3115.0,2028.0,8448.2002,215.149995
2023-09-06 09:15:00,2396.7022191,800.45001,4954.0,3195.0,961.79999,4666.7002,729.07002,1504.2,137.75,865.79999,1242.6,252.55,1111.85,3375.0,97.650002,1809.766523,1222.7,787.45,639.29999,2916.8501,474.25,2468.59899299,950.79999,417.22009963,1396.45,1463.3,803.29999,246.05,1760.2,2712.0,1558.7,10130.15,228.39999,1088.73,182.35001,189.1124925,1208.625,1305.45,376.4,568.0,1129.05,3398.1001,835.299888,365.6141408,128.2,1235.85,3120.8501,2051.6499,8444.0996,212.949995
2023-09-07 09:15:00,2410.2812685,805.04999,4987.0,3201.25,963.09998,4655.0,730.37002,1510.1,137.60001,873.15002,1245.0,254.8,1116.25,3375.0,98.199997,1818.282485,1230.3,793.575,643.04999,2930.6001,473.54999,2461.264425,954.70001,419.67434495,1398.0,1462.05,805.5,251.25,1767.3,2730.0,1560.25,10150.0,229.35001,1091.1175,181.0,189.1124925,1205.5,1311.45,374.13,568.0,1128.6,3422.3,843.697344,367.69698836,128.60001,1238.65,3152.0,2055.7,8430.0,213.375
2023-09-08 09:15:00,2430.7469328,810.15002,4977.9502,3232.0,972.5,4702.7002,737.0,1525.05,140.2,878.15002,1239.0,270.89999,1114.0,3366.1001,99.0,1832.774562,1254.3,803.8,652.95001,2960.1499,467.70001,2462.79040894,961.25,417.07851854,1434.1,1460.2,810.59998,249.5,1781.55,2872.45,1560.0,10300.0,235.0,1091.5,182.0,192.8250075,1211.475,1334.35,380.56,579.70001,1128.5,3435.05,841.474488,370.80616967,129.2,1259.05,3172.8,2067.3,8400.0,214.649995
2023-09-11 09:15:00,2469.4471266,835.0,5003.75,3242.0,979.0,4763.0,736.2,1540.0,143.05,883.59998,1236.5,277.25,1117.01,3363.0,99.199997,1838.45187,1270.4,812.0,656.40002,3019.05,476.45001,2470.17420222,969.34998,417.83364916,1431.75,1464.5,816.45001,250.0,1795.25,2890.05,1564.0,10344.0,238.14999,1093.67,182.3,193.2000075,1226.0,1337.0,387.63,585.34998,1125.7,3445.0,844.438296,380.64683518,129.2,1263.5,3186.6001,2077.75,8426.1504,215.050005
2023-09-12 09:15:00,2453.928213,853.04999,4966.0,3243.0,998.04999,4762.6001,730.55,1527.65,133.60001,885.0,1234.95,269.0,1125.2,3320.7,96.5,1828.690884,1265.5,812.525,656.5,3010.0,475.39999,2449.45035576,982.65002,420.61828183,1425.1,1477.1,811.90002,240.89999,1796.4,2932.45,1513.05,10405.0,234.10001,1100.855,180.2,190.64999,1217.975,1331.3,378.27,584.65002,1137.1,3483.0,845.673216,371.44007192,128.64999,1251.55,3177.6001,2033.15,8395.0,213.449995
2023-09-13 09:15:00,2420.9505216,843.15002,4945.0,3225.3,993.70001,4800.25,738.06499,1521.0,133.3,885.54999,1223.3,269.0,1134.26,3308.0,97.0,1848.262657,1266.1,814.3,642.70001,2985.1001,473.85001,2453.38837884,980.54999,425.80993465,1416.05,1488.65,808.0,236.60001,1800.6,2888.45,1530.1,10440.0,233.14999,1107.50255,180.89999,191.3,1213.125,1328.25,375.44,583.45001,1142.3,3545.0,849.77317016,374.03607126,127.7,1253.9,3178.05,2012.35,8525.5,215.75
2023-09-14 09:15:00,2430.69833921,841.0,4995.5,3223.25,1009.05,4787.5498,742.70498,1541.2,135.5,910.09998,1225.0,276.70001,1140.91,3325.1001,98.199997,1910.912252,1275.6,817.55,643.0,2976.0,486.0,2454.47143364,982.25,422.08136511,1450.45,1499.15,808.84998,241.25,1814.0,2906.0,1538.35,10431.05,235.95,1107.85,184.2,193.7,1222.5,1342.25,381.12,595.20001,1138.75,3545.6001,870.371616,376.30002944,130.8,1262.0,3240.0,2048.0,8603.0,217.649995
2023-09-15 09:15:00,2438.60328582,841.5,5061.7002,3185.0,1014.55,4893.0,745.55498,1531.3,135.10001,910.0,1228.3,277.54999,1146.62,3371.55,100.35,1925.055722,1291.05,825.0,640.29999,3004.95,494.95001,2427.79122882,988.59998,421.93978402,1446.45,1509.0,805.0,237.64999,1811.0,2900.0,1571.85,10477.4,235.60001,1115.94745,185.60001,192.2,1224.75,1352.0,381.2,595.20001,1144.0,3562.45,862.962096,378.62437795,129.85001,1274.0,3239.0,2051.05,8661.25,219.125
2023-09-18 09:15:00,2416.1008611,828.15002,5067.3501,3190.0,1019.0,5094.25,746.5,1532.9,139.0,918.0,1237.05,274.45001,1144.38,3412.0,101.65,1945.225107,1289.7,813.05,644.59998,3038.0,483.14999,2423.85320574,987.29999,421.18464396,1445.15,1488.0,807.54999,232.10001,1794.0,2907.0,1602.1,10494.05,236.05,1122.6325,185.10001,194.10001,1216.025,1367.55,380.29,597.04999,1142.55,3575.25,865.33316216,382.24671104,130.05,1283.0,3246.8,2047.65,8607.0,217.600005
2023-09-20 09:15:00,2384.9659437,815.0,4929.0,3195.0,1012.3,5166.1001,748.3,1545.1,136.25,904.79999,1236.0,279.10001,1120.4,3376.8,99.300003,1922.31667,1281.5,780.2,645.75,3048.25,475.25,2407.11660765,980.65002,424.34681362,1422.3,1476.2,785.20001,229.0,1775.7,2886.05,1620.1,10337.55,240.35001,1127.80255,186.2,198.45,1177.5,1340.35,378.59,599.40002,1139.0,3580.0,854.56464,384.57102936,128.0,1269.05,3300.05,2022.45,8441.0498,214.524995
2023-09-21 09:15:00,2387.0028981,820.0,4975.4502,3180.55,1012.1,5073.1001,742.5,1514.0,134.60001,903.34998,1204.0,278.60001,1122.57,3404.0,98.25,1888.551626,1259.3,768.525,641.40002,2990.0,476.39999,2405.04904708,957.45001,419.57994183,1406.35,1476.0,774.0,226.8,1751.0,2846.05,1575.1,10206.5,237.10001,1117.5,186.05,200.39999,1180.0,1328.05,378.2,584.65002,1141.15,3528.0,850.81049308,376.72264101,127.2,1265.9,3285.8,2035.1,8286.6504,211.524995
2023-09-22 09:15:00,2386.032966,822.09998,4955.0,3221.1499,1008.0,4996.2002,745.36001,1524.9,134.05,903.79999,1168.55,279.20001,1100.4,3392.0,98.699997,1881.778697,1265.1,761.875,642.25,2990.1499,471.5,2419.91518266,947.40002,417.45608385,1413.0,1485.2,772.70001,226.35001,1752.15,2902.25,1566.1,10308.45,236.0,1119.0,185.0,196.39999,1175.0,1316.0,376.2,591.40002,1128.3,3565.05,859.55370692,373.7040301,125.5,1284.0,3261.7,2049.7,8179.0498,208.300005
2023-09-25 09:15:00,2351.1154104,818.95001,4972.8501,3271.1499,1005.15,4992.8501,751.0,1546.7,133.60001,902.04999,1177.0,281.14999,1085.6,3381.05,97.75,1894.328536,1256.6,762.5,640.04999,2968.3999,467.25,2421.8841942,941.5,413.77473947,1434.1,1471.55,774.34998,227.5,1756.8,2871.0,1582.35,10530.0,237.14999,1122.55,185.25,196.7,1167.55005,1289.1,372.13,590.45001,1121.65,3558.6499,860.04767492,373.03994778,126.1,1296.05,3261.3501,2041.1,8156.1001,206.0
2023-09-26 09:15:00,2378.85556545,819.0,5030.25,3260.3501,1011.0,5000.1499,777.5,1551.0,135.89999,908.0,1161.5,286.14999,1089.8,3405.0,97.900002,1928.541789,1257.1,762.5,638.15002,2970.05,466.20001,2423.11482641,947.09998,415.04905426,1411.65,1459.0,777.95001,230.0,1753.7,2910.0,1582.0,10526.55,239.05,1129.80255,185.25,197.60001,1167.80005,1285.2,374.2,591.25,1118.5,3536.0,880.744944,373.07012785,128.39999,1279.15,3255.0,2141.45,8206.2002,205.850005
2023-09-27 09:15:00,2371.5810747,821.5,5020.0,3271.7,1004.0,5018.0,774.275,1554.2,135.7,907.45001,1170.1,284.5,1096.01,3426.8,98.5,1915.394338,1253.3,757.5,639.79999,3000.0,466.25,2430.74474613,934.40002,414.19949219,1418.3,1450.05,774.65002,227.0,1750.0,2911.6499,1583.25,10525.0,237.85001,1137.07245,186.3,197.3,1169.25,1277.95,376.05,588.20001,1123.2,3555.7,876.20045816,372.34565519,126.7,1264.0,3186.0,2090.8501,8205.0,205.149995
2023-09-28 09:15:00,2373.13286907,819.15002,4995.0,3155.0,1025.2,4980.1499,771.80498,1535.05,134.60001,918.59998,1158.9,289.0,1082.2,3425.0,99.300003,1889.049635,1238.55,759.175,633.34998,2960.05,464.45001,2415.18955496,934.75,414.95466057,1409.45,1435.0,764.34998,224.75,1729.0,2978.25,1544.0,10532.05,235.64999,1122.39005,186.5,197.8,1162.5,1284.5,371.27,588.84998,1128.85,3527.3501,859.60309384,369.62890538,126.3,1222.0,3141.75,2045.8,8134.0,202.0
2023-09-29 09:15:00,2332.73519711,822.29999,5026.6001,3134.0,1024.5,5004.8999,772.5,1532.05,135.75,921.79999,1165.0,291.39999,1090.65,3426.3,99.599998,1902.047683,1227.25,761.15,630.65002,2972.1499,474.20001,2412.53138939,943.70001,414.57708582,1399.3,1416.0,771.45001,225.0,1732.95,3005.25,1550.1,10510.55,239.5,1121.5,188.14999,199.10001,1167.05005,1289.0,373.12,591.29999,1134.3,3505.55,863.15969308,372.49658574,127.55,1210.0,3143.05,2031.15,8132.0,200.75
2023-10-03 09:15:00,2300.6789412,824.25,5066.0,3162.0,1032.6,4997.1001,775.5,1527.0,137.2,916.04999,1170.95,290.10001,1090.0,3302.8999,100.0,1899.059626,1222.7,753.0,628.54999,2991.5,476.60001,2423.65630459,939.0,414.62427322,1420.0,1420.3,768.0,230.55,1715.45,2995.1001,1533.05,10303.3,240.55,1112.7575,183.64999,196.89999,1158.0,1282.65,376.2,589.59998,1139.25,3480.1001,853.67547784,373.46252915,127.25,1212.55,3114.3999,2052.0,8221.2002,201.800005
2023-10-04 09:15:00,2320.32006623,819.34998,4982.2998,3151.3501,988.84998,4903.0498,782.0,1521.15,136.55,918.29999,1161.3,285.89999,1080.3,3323.75,100.35,1869.577464,1225.0,744.625,624.25,2976.05,470.0,2426.95430046,925.0,409.00783936,1386.2,1418.2,753.15002,223.5,1709.0,2990.05,1501.75,10090.0,231.5,1127.55,182.10001,195.39999,1147.55005,1264.35,368.3,584.45001,1113.0,3477.3,844.68528,367.24419673,124.5,1186.05,3151.0,2007.6,8045.0498,200.324995
2023-10-05 09:15:00,2372.84179245,820.25,5026.6499,3174.3,988.90002,4925.1001,782.68999,1532.3,138.10001,919.40002,1155.25,283.89999,1080.0,3387.05,102.35,1873.511739,1227.8,766.3,619.90002,2993.3999,468.35001,2456.68657162,934.54999,410.6597289,1394.3,1450.2,752.90002,224.2,1721.15,3032.55,1513.05,10109.0,232.05,1138.75,181.0,195.35001,1154.5,1264.95,364.6,587.09998,1111.8,3551.2,847.15512,371.07785069,124.55,1199.5,3165.0,2022.3,8125.0,202.5
2023-10-06 09:15:00,2391.90105521,826.40002,5028.7998,3190.0,999.40002,4997.5,784.5,1551.05,138.64999,924.29999,1160.45,287.0,1081.84,3438.3501,104.0,1882.47591,1230.1,764.925,622.75,3022.5,469.35001,2455.35739038,938.0,412.1700279,1401.1,1463.3,758.65002,223.7,1730.2,3073.1499,1540.35,10260.0,233.64999,1140.745,180.60001,194.85001,1156.025,1272.0,367.0,592.20001,1123.1,3575.05,850.612896,374.30775228,125.1,1205.0,3221.1001,2050.1001,8151.25,203.475005
2023-10-09 09:15:00,2338.79727273,785.0,4987.0498,3132.7,988.25,4957.0498,801.8,1606.6,135.05,916.54999,1151.65,283.04999,1080.03,3401.0,101.0,1867.635227,1231.15,756.0,613.34998,2923.95,464.60001,2442.55881537,936.29999,412.73639947,1410.0,1462.2,749.15002,218.85001,1717.05,3055.55,1514.0,10183.95,230.5,1140.0,181.25,193.75,1147.5,1272.0,360.73,581.54999,1109.0,3631.0,856.34291492,370.50430858,122.6,1202.15,3249.05,2032.4,8087.2002,201.699995
2023-10-10 09:15:00,2369.5441203,800.54999,5033.0,3140.05,996.5,5002.2002,802.1,1617.0,136.5,921.04999,1150.5,287.79999,1085.6,3449.05,104.65,1878.989844,1248.2,757.6,615.15002,2966.0,467.0,2464.56261778,940.34998,415.75700691,1412.05,1469.1,757.29999,219.75,1720.6,3072.1499,1519.2,10270.1,233.75,1141.2675,182.05,195.7,1151.875,1279.8,363.04,585.75,1119.8,3601.3501,871.112568,372.85880697,123.75,1213.0,3259.3,2047.1,8105.0,203.100005
2023-10-11 09:15:00,2407.85643825,812.34998,5065.0,3152.05,1012.0,5050.0,809.54502,1633.5,137.5,948.0,1146.5,299.45001,1102.0,3461.3999,106.55,1915.942148,1241.0,764.25,619.0,2987.55,480.10001,2477.26264376,950.75,419.86311345,1414.55,1481.45,774.54999,220.60001,1760.05,3084.3999,1540.0,10340.05,236.0,1146.5,182.75,197.35001,1156.5,1291.15,377.11,587.59998,1122.35,3605.0,875.50889308,381.91463969,124.7,1222.0,3264.0,2055.0,8179.2002,204.5
2023-10-12 09:15:00,2415.76128787,812.54999,4871.7002,3150.05,1014.95,5051.1001,800.3,1622.85,137.2,947.0,1152.45,301.89999,1103.0,3476.45,109.5,1959.01997,1215.15,765.8,619.0,3064.95,482.54999,2499.85705118,948.40002,421.13742823,1421.0,1452.0,779.45001,224.75,1761.25,3067.05,1555.6,10420.2,238.60001,1148.10255,183.0,197.35001,1169.07495,1300.95,375.0,585.0,1121.2,3538.1001,872.54508508,383.39376507,125.1,1189.3,3262.6001,2070.0,8302.0,207.350005
2023-10-13 09:15:00,2349.51511943,805.84998,4933.75,3128.25,992.25,5040.0,795.60498,1620.0,136.3,946.29999,1150.0,304.45001,1084.32,3441.0,109.1,1966.490113,1208.55,764.975,614.5,3080.05,477.5,2503.30282138,944.54999,421.93978402,1420.0,1400.0,773.0,222.0,1752.15,3063.5,1550.3,10529.8,239.60001,1147.77,184.05,199.3,1164.57495,1312.85,374.08,574.79999,1122.0,3525.0,878.12689384,382.15614064,124.0,1180.0,3266.55,2071.45,8307.0,204.524995
2023-10-16 09:15:00,2349.03015338,803.25,4986.3999,3096.1001,990.0,5032.0,798.26499,1630.4,136.55,943.84998,1158.8,306.54999,1092.0,3462.1001,110.85,1950.205202,1260.3,760.25,619.65002,3099.8501,475.29999,2513.04952695,946.15002,421.18464396,1444.45,1430.0,773.0,224.0,1746.45,3074.7,1558.5,10665.0,241.0,1148.75255,186.25,200.10001,1168.0,1310.55,371.12,571.5,1133.05,3519.1001,895.11940292,399.21129225,124.95,1180.8,3275.0,2080.5,8274.0,204.074995
2023-10-17 09:15:00,2350.63044435,804.0,5012.2002,3091.8,1003.1,5070.0,805.75498,1645.55,137.5,946.0,1160.65,312.10001,1097.01,3487.0,111.5,1950.255003,1271.0,767.5,630.54999,3166.5,480.70001,2506.99471802,951.5,423.82765777,1425.55,1438.05,788.15002,220.5,1750.8,3063.0,1568.6,10565.3,243.3,1156.5,185.55,202.60001,1170.65,1325.0,374.4,575.29999,1134.0,3503.3501,894.23029016,395.22673793,127.0,1188.45,3304.1001,2073.1001,8280.0,205.524995
2023-10-18 09:15:00,2328.85546871,795.40002,4938.4502,3090.0,989.34998,5125.6499,785.0,1622.05,136.39999,950.65002,1176.15,315.25,1108.36,3482.1001,109.5,1943.233069,1267.4,759.05,637.75,3149.0,483.54999,2500.2016282,939.09998,425.71553153,1415.6,1438.35,781.20001,215.55,1745.1,3037.1499,1561.75,10711.05,241.60001,1160.0,186.05,204.0,1160.5,1339.0,370.51,569.34998,1134.05,3484.0,881.33768584,394.71355597,126.6,1178.05,3277.5,2031.2,8248.0,203.5
2023-10-19 09:15:00,2310.91172486,787.45001,4935.1499,3076.1001,979.70001,5245.0,773.1,1597.4,135.05,941.34998,1189.65,308.85001,1122.1,3460.3501,110.65,1920.125428,1264.9,751.6,629.15002,3138.05,471.0,2485.87706925,934.0,421.79820293,1423.05,1426.1,769.15002,209.05,1735.6,3007.1499,1553.35,10700.0,238.5,1155.025,185.05,202.2,1150.5,1338.6,364.69,567.0,1135.0,3451.8999,868.44513092,397.6114164,124.35,1167.8,3239.0,2020.0,8193.3496,195.050005
2023-10-20 09:15:00,2310.42675881,788.65002,4940.5,3064.55,977.75,5436.8999,772.25,1615.0,133.5,937.0,1198.25,309.60001,1110.2,3465.6001,112.15,1931.629448,1245.45,752.5,630.0,3203.55,470.0,2446.54606374,930.0,412.8308026,1443.1,1425.25,761.90002,213.0,1732.65,2977.3,1545.1,10695.7,237.55,1200.09005,185.14999,200.89999,1148.15,1336.5,373.2,562.09998,1133.1,3444.05,877.92934616,398.75850062,122.7,1148.4,3244.0,2024.4,8410.9004,195.5
2023-10-23 09:15:00,2232.58970778,769.90002,4944.1499,3064.0,961.09998,5395.0498,776.13501,1605.5,131.39999,937.0,1178.45,305.0,1105.1,3425.8501,106.8,1877.495815,1232.3,750.05,621.79999,3139.45,455.0,2441.91898507,925.40002,408.81907087,1430.05,1405.25,746.09998,204.25,1722.45,2949.0,1546.5,10530.45,235.0,1206.4175,184.2,199.0,1127.625,1329.05,373.2,551.0,1118.0,3401.3,869.630664,389.40080681,119.7,1151.55,3209.7,1980.0,8302.5498,191.100005
2023-10-25 09:15:00,2168.08922313,761.04999,4831.5,3052.0,951.40002,5332.2998,767.6,1598.85,129.25,919.0,1154.05,305.0,1100.0,3368.8,105.55,1861.50971,1225.3,745.725,607.70001,3090.0,459.39999,2426.80672305,911.40002,403.10823388,1410.05,1361.3,741.5,206.5,1722.0,2910.3,1547.0,10501.6,228.35001,1207.655,183.0,197.8,1121.5,1308.65,358.4,553.59998,1112.8,3377.2,871.70530984,383.99748725,120.75,1136.5,3179.0,1973.8,8186.25,190.550005
2023-10-26 09:15:00,2101.89135731,754.5,4726.0,2940.0,952.75,5236.0,740.12002,1552.0,127.0,900.04999,1132.0,302.89999,1068.18,3310.0,101.25,1832.226751,1212.05,730.125,602.70001,3085.0,448.75,2417.60149565,899.0,405.46807608,1393.65,1353.1,725.5,206.45,1689.0,2857.05,1500.0,10392.5,227.75,1171.05,179.89999,196.3,1110.15,1290.75,352.17,543.20001,1097.5,3330.0,861.480192,376.81321141,118.9,1098.15,3092.05,1945.0,8155.5498,187.524995
2023-10-27 09:15:00,2145.4898052,773.04999,4776.7998,2931.0,973.29999,5265.0,741.66001,1551.35,129.25,906.45001,1149.25,306.0,1070.2,3326.8,105.05,1842.734752,1233.45,733.45,606.04999,3104.05,454.45001,2425.67463987,911.29999,407.96952768,1412.7,1363.65,725.25,216.45,1689.0,2857.6499,1507.3,10440.0,232.0,1172.0175,180.3,199.14999,1117.975,1293.65,370.2,550.0,1107.65,3337.0,865.431936,379.40921075,119.5,1114.05,3087.25,2031.15,8180.0,189.524995
2023-10-30 09:15:00,2182.347225,779.79999,4783.0498,2939.1001,979.20001,5275.0,735.25,1528.0,130.8,910.34998,1177.5,311.95001,1041.11,3336.2,105.7,1820.772533,1256.0,730.95,600.75,3055.0,454.0,2424.2469096,908.20001,404.3353707,1428.0,1363.1,726.0,218.14999,1688.4,2856.1499,1463.2,10245.0,230.64999,1193.25255,184.60001,197.64999,1134.975,1305.0,373.05,556.5,1103.85,3333.75,869.58127708,375.42462624,118.95,1115.5,3075.0,2072.0,8197.4502,190.199995
2023-10-31 09:15:00,2207.5654596,782.5,4805.2002,2966.0,978.0,5292.6001,746.05,1552.4,130.75,912.40002,1191.1,310.75,1070.62,3287.2,104.25,1857.575435,1256.7,737.0,604.45001,3080.1499,453.25,2429.56333921,914.09998,403.91058023,1436.55,1363.0,727.0,215.55,1716.85,2907.95,1455.55,10321.0,233.55,1206.10255,184.2,200.55,1141.44995,1319.5,374.14,563.15002,1068.35,3350.05,881.238912,378.71491817,118.4,1115.55,3087.8501,2119.1001,8351.0996,189.574995
2023-11-01 09:15:00,2140.6401447,767.20001,4790.0,2930.0,968.0,5305.0,745.76499,1565.0,132.05,895.45001,1186.55,305.85001,1062.9,3275.0,103.25,1853.989767,1255.3,731.125,616.90002,3075.55,456.0,2428.57883344,909.29999,401.64514116,1427.15,1351.65,723.0,215.3,1717.85,2871.05,1450.0,10188.65,232.10001,1189.0,185.05,200.5,1137.6,1332.4,375.23,563.84998,1082.6,3311.0,884.89428508,378.11119599,116.0,1119.95,3168.3501,2148.95,8370.0996,190.074995
2023-11-02 09:15:00,2137.92433482,772.04999,4810.2002,2934.0,974.0,5285.0,741.12002,1566.1,133.3,916.40002,1194.65,307.29999,1064.68,3284.2,104.9,1871.171094,1265.0,733.575,618.0,3041.5,463.25,2425.13306324,912.79999,404.61853289,1439.1,1361.65,725.0,216.7,1732.1,2903.2,1452.5,10201.0,233.75,1188.655,185.75,200.89999,1153.975,1340.15,380.56,567.59998,1110.6,3343.2,892.64956292,380.40533424,114.6,1113.8,3180.0,2175.0,8374.9502,191.050005
2023-11-03 09:15:00,2148.3996015,777.29999,4937.0498,2942.0,981.5,5316.6001,737.24502,1527.9,134.75,922.20001,1204.0,310.29999,1049.42,3353.0,108.7,1882.824517,1263.0,740.825,619.59998,3072.05,474.25,2447.28444307,926.79999,406.93119711,1448.0,1377.75,735.0,217.64999,1730.1,2905.0,1460.45,10241.0,233.3,1198.8425,185.8,203.10001,1157.875,1326.1,390.41,573.45001,1131.5,3344.3,900.25668,390.12527946,117.1,1116.0,3205.05,2180.0,8436.0,191.324995
2023-11-06 09:15:00,2165.8583793,799.29999,5127.5,2983.8501,993.09998,5377.1001,744.26001,1540.0,136.0,930.0,1197.25,313.0,1056.64,3437.45,118.25,1888.651228,1265.15,741.5,619.40002,3095.7,478.25,2452.5024221,937.40002,408.29988671,1456.0,1390.8,744.90002,216.75,1732.0,2927.25,1473.55,10252.0,234.55,1202.93495,189.55,204.95,1162.80005,1323.4,396.4,573.25,1140.0,3359.0,904.949376,388.31411292,117.5,1134.35,3245.3,2188.6499,8521.2002,191.5
2023-11-07 09:15:00,2159.69921347,796.0,5121.0498,3002.2,1005.25,5405.2998,744.6,1550.0,136.7,932.45001,1200.75,313.64999,1063.96,3480.1001,120.5,1904.438129,1267.1,738.6,614.70001,3121.3,480.29999,2446.74296489,930.45001,407.92231196,1464.25,1394.85,746.95001,216.5,1726.1,2956.1001,1475.0,10235.85,235.2,1206.00255,192.35001,205.75,1159.775,1320.4,390.85,572.59998,1146.55,3366.0,901.985568,388.37447306,118.4,1136.55,3250.2,2181.7,8582.5498,191.425005
2023-11-08 09:15:00,2167.7982435,800.04999,5087.4502,3046.2,1015.6,5381.25,740.66499,1559.2,137.7,934.40002,1220.0,314.54999,1081.32,3505.8501,121.3,1912.35648,1265.9,740.5,617.5,3126.8501,478.14999,2459.00006173,934.09998,408.06390249,1481.25,1386.45,745.0,213.8,1740.0,2961.0,1474.0,10260.6,235.95,1211.00255,192.3,206.64999,1160.875,1334.7,394.25,579.0,1171.0,3369.55,903.12171416,387.52928012,118.55,1137.05,3272.2,2391.05,8652.8496,190.75
2023-11-09 09:15:00,2143.6470312,798.09998,5122.0498,3074.05,1016.65,5382.1499,736.67002,1569.0,137.60001,930.54999,1232.0,315.70001,1088.0,3526.1001,121.35,1922.31667,1261.8,741.75,613.20001,3135.0,483.14999,2434.7319945,933.0,409.57420149,1484.85,1370.05,749.04999,214.85001,1739.1,2997.0,1487.4,10316.75,236.0,1209.6175,192.2,206.10001,1152.1,1335.45,388.0,576.5,1166.85,3342.05,887.51228584,388.01225183,118.85,1117.2,3274.6499,2438.2,8617.75,189.850005
2023-11-10 09:15:00,2132.39572185,806.20001,5218.6499,3040.1001,1016.65,5349.0498,734.64502,1572.65,137.05,929.0,1230.0,321.54999,1074.4,3502.1001,120.7,1913.5517028,1250.65,740.025,620.04999,3095.1499,479.54999,2427.15139852,932.40002,408.2526993,1493.15,1361.0,745.04999,214.35001,1734.6,3005.25,1515.3,10320.0,235.8,1202.7825,192.7,209.60001,1149.025,1341.0,385.38,575.40002,1170.1,3322.3501,885.684624,388.79708463,118.8,1121.5,3223.0,2454.05,8588.5996,188.5
2023-11-12 18:15:00,2138.79727371,811.0,5265.0,3090.0,1026.25,5358.6,744.705,1588.4,139.3,933.0,1238.0,328.25,1087.0,3570.0,122.0,1934.01989325,1256.35,748.075,624.55,3110.1,480.65,2447.48134422,939.6,413.44435213,1495.4,1380.05,753.0,223.5,1747.0,3044.0,1523.35,10415.15,243.0,1207.05,195.9,211.7,1161.25,1353.1,391.42,580.1,1177.3,3345.0,902.973504,393.86835095,120.6,1140.0,3265.0,2491.15,8678.35,190.725
2023-11-13 09:15:00,2129.53442216,807.5,5200.2002,3065.0,1023.5,5395.5498,731.9,1568.7,139.05,933.79999,1230.65,330.29999,1076.42,3586.0,121.5,1914.348518,1253.3,742.95,617.0,3102.1001,481.10001,2432.71375767,932.0,410.61254149,1496.15,1370.85,753.0,222.25,1733.5,3031.6499,1513.05,10363.65,243.3,1201.6,194.10001,210.7,1155.85,1325.0,386.04,575.20001,1173.75,3327.0,896.15672584,391.99680615,119.9,1128.0,3250.6001,2485.3501,8660.0,190.0
2023-11-15 09:15:00,2153.73422805,809.04999,5207.0,3078.7,1031.55,5461.1001,711.91499,1579.95,142.5,936.20001,1237.7,348.60001,1081.0,3672.1001,119.75,1927.296765,1268.4,750.275,627.0,3130.1001,494.20001,2437.63628652,938.75,412.97238369,1490.25,1393.0,769.0,223.2,1750.15,3055.0,1533.55,10375.05,245.95,1200.4,197.64999,209.8,1163.5,1332.05,395.02,582.59998,1171.0,3356.05,905.29513384,396.37379196,121.5,1143.5,3260.75,2534.8501,8695.25,192.125
2023-11-16 09:15:00,2130.0679818,808.09998,5201.75,3097.6001,1022.15,5496.9502,693.125,1539.05,142.2,943.25,1232.65,344.85001,1084.17,3813.1499,120.7,1906.230963,1278.0,751.875,632.0,3178.1001,497.14999,2436.99645622,934.0,413.06678681,1493.0,1410.6,763.40002,223.85001,1765.0,3045.0,1538.5,10409.2,247.64999,1202.3,201.0,205.7,1173.475,1348.05,403.1,582.90002,1179.6,3414.2,906.925248,405.03722337,123.0,1167.4,3259.25,2491.3999,8700.0,194.649995
2023-11-17 09:15:00,2134.8205521,809.04999,5306.1499,3145.6499,991.84998,5479.3501,710.80498,1581.6,141.8,946.0,1235.5,342.29999,1109.0,3816.8999,121.5,1932.625467,1306.4,744.5,632.0,3280.05,496.85001,2426.80672305,920.15002,413.72752375,1485.55,1435.05,766.0,220.39999,1759.3,3045.1499,1572.65,10499.15,251.0,1203.23,195.55,206.89999,1176.025,1354.0,396.22,562.09998,1187.95,3492.55,909.889056,410.2895822,124.3,1198.0,3326.7,2544.75,8771.6504,197.25
2023-11-20 09:15:00,2077.5945582,801.09998,5455.0498,3132.0,980.34998,5606.0,705.01001,1586.15,143.14999,941.95001,1241.0,343.95001,1117.18,3824.0,117.35,1945.324709,1314.0,750.775,647.5,3315.6001,496.54999,2461.264425,917.5,410.14057306,1490.7,1433.65,760.65002,215.05,1750.1,3076.2,1540.6,10500.0,250.3,1208.3,197.0,208.85001,1168.19995,1383.0,395.56,560.59998,1185.25,3491.25,917.00220508,404.9164729,124.05,1202.75,3312.25,2585.3,8651.0996,196.600005
2023-11-21 09:15:00,2093.45304503,799.29999,5422.3999,3127.0,986.65002,5640.0,703.0,1593.6,142.25,961.0,1242.15,328.85001,1121.1,3826.05,116.05,1961.161411,1321.8,756.05,654.25,3330.05,501.89999,2459.29541346,922.0,411.08450993,1494.1,1436.75,765.95001,216.55,1760.65,3062.45,1549.15,10500.0,247.3,1209.0125,191.0,207.95,1180.1,1387.1,396.04,561.0,1186.25,3501.0,895.070016,407.51247224,124.95,1200.4,3355.1001,2605.95,8664.7998,200.024995
2023-11-22 09:15:00,2088.74877735,788.54999,5439.1499,3121.2,988.0,5661.2998,706.55,1602.5,140.14999,965.95001,1254.0,330.0,1131.02,3805.0,114.35,1950.952216,1320.4,751.775,665.29999,3368.8,498.95001,2465.20244808,914.75,410.42374468,1458.95,1436.2,765.5,218.5,1737.5,3062.5,1535.0,10420.0,249.35001,1213.0,189.75,208.2,1186.1,1417.35,390.65,555.15002,1199.0,3481.1001,911.123976,408.1463745,125.5,1204.0,3396.05,2607.5,8612.25,199.550005
2023-11-23 09:15:00,2095.63539225,791.45001,5473.2998,3115.1499,995.40002,5783.1001,705.6,1620.2,139.10001,963.70001,1164.55,330.0,1121.77,3833.0,112.5,1943.631477,1325.7,754.25,659.5,3419.95,491.64999,2467.36836077,918.5,413.68033635,1470.45,1447.7,767.15002,219.60001,1737.0,3031.05,1535.1,10394.05,251.7,1217.5575,189.60001,209.25,1194.1,1406.35,394.0,558.29999,1194.75,3500.0,915.816672,408.75009668,125.9,1206.95,3396.3,2631.5,8590.0,200.25
2023-11-24 09:15:00,2095.9261779,785.0,5395.0,3111.0,999.70001,5900.0,701.1,1612.0,137.35001,971.0,1178.0,332.10001,1123.0,3842.05,112.9,1937.705164,1305.65,759.925,663.04999,3532.75,502.54999,2468.59899299,920.20001,412.35883416,1474.0,1433.85,776.40002,220.5,1733.7,3039.6001,1547.5,10462.0,253.0,1205.40255,188.14999,209.5,1195.525,1401.05,388.22,559.25,1192.8,3453.0,912.852864,405.24851406,125.55,1195.1,3382.55,2640.0,8545.0498,197.774995
2023-11-28 09:15:00,2206.5955275,806.0,5341.0,3136.1499,1009.25,5912.0,702.98999,1617.5,140.39999,971.20001,1188.0,333.29999,1129.4,3777.75,113.5,1945.474112,1295.3,762.9,668.04999,3555.05,509.79999,2461.264425,921.70001,410.51813837,1468.0,1427.05,778.75,225.3,1738.0,3035.0,1542.15,10506.0,253.64999,1194.1575,188.39999,209.5,1187.625,1393.1,386.91,561.09998,1189.75,3433.0,913.593816,407.05968061,126.0,1186.0,3397.3501,2645.05,8588.25,196.550005
2023-11-29 09:15:00,2318.137719,833.29999,5364.5,3142.0,1021.15,5973.2998,711.40498,1649.0,140.5,990.95001,1191.75,338.10001,1130.8,3791.0,114.0,1973.16344,1321.5,766.5,671.29999,3625.7,513.90002,2469.23902019,926.0,409.81018571,1471.25,1449.8,783.20001,224.2,1740.2,3049.0,1567.25,10525.7,256.10001,1200.55255,191.7,209.10001,1199.025,1406.0,392.0,565.09998,1184.5,3475.8,918.78048,419.19448437,126.7,1206.65,3424.0,2668.0,8692.0,199.0
2023-11-30 09:15:00,2272.59940691,823.0,5382.0,3108.3501,1055.45,6031.0,708.56499,1644.55,140.75,992.70001,1198.1,338.04999,1143.2,3828.05,116.15,1982.326815,1329.7,771.075,674.54999,3782.2,511.35001,2477.16409473,928.20001,410.14057306,1450.05,1449.55,789.59998,222.64999,1745.95,3058.7,1613.7,10546.1,256.0,1198.2675,192.05,208.25,1184.94995,1409.05,394.26,563.65002,1192.35,3481.0,920.756352,420.79436023,126.5,1208.7,3422.25,2675.0,8763.4502,202.024995
2023-12-01 09:15:00,2283.3172536,825.5,5530.3501,3140.25,1070.2,6003.2998,714.2,1669.95,146.75,1008.2,1203.5,342.45001,1147.89,3882.05,115.1,2000.006152,1328.0,776.05,680.04999,3740.3501,515.29999,2502.61366734,933.0,412.87798056,1458.15,1446.15,796.90002,224.85001,1748.25,3121.05,1621.2,10533.05,261.75,1207.82,194.25,209.45,1188.80005,1420.1,399.4,566.54999,1225.0,3490.05,928.412856,424.41669331,128.05,1211.55,3470.0,2752.3999,8972.0,203.25
2023-12-04 09:15:00,2412.65760214,858.5,5569.6001,3166.5,1099.1,6087.4502,731.50498,1685.9,151.60001,1025.2,1206.25,350.64999,1145.68,3916.0,116.25,2020.374741,1331.0,786.825,672.25,3784.0,516.54999,2535.10235775,961.40002,425.71553153,1473.45,1449.3,812.34998,227.89999,1752.65,3250.0,1639.45,10425.0,273.25,1206.9325,196.05,211.7,1199.30005,1415.0,401.45,584.54999,1220.5,3498.0,930.58632508,425.5033872,130.39999,1218.0,3478.05,2772.25,9086.1504,203.375
2023-12-05 09:15:00,2455.09213152,880.0,5525.0,3180.0,1127.15,6111.1001,732.00498,1673.25,149.95,1022.1,1216.0,350.0,1148.4,4100.0,116.25,2030.384731,1308.3,808.25,667.70001,3779.1001,515.45001,2516.69209985,995.04999,424.86599778,1486.5,1442.0,814.20001,229.39999,1808.5,3279.05,1640.6,10563.4,272.79999,1220.14005,199.14999,211.55,1210.82495,1443.0,408.61,595.04999,1220.55,3502.8,932.75979416,425.62413768,130.0,1208.85,3479.0,2817.5,9243.1504,201.050005
2023-12-06 09:15:00,2759.31143168,1008.1,5508.75,3232.95,1117.95,5987.8501,736.50498,1692.9,151.85001,1013.45,1201.0,349.45001,1141.61,4025.0,116.6,2037.406665,1319.55,808.325,675.04999,3729.55,515.59998,2523.28828851,1000.25,426.75387153,1493.35,1451.05,815.20001,243.0,1813.15,3321.0,1684.15,10590.0,278.95001,1235.1,199.10001,222.5,1217.5,1445.15,409.0,604.54999,1233.3,3525.1499,937.45249016,428.0390264,130.8,1218.65,3522.1001,2854.6001,9129.5498,202.975005
2023-12-07 09:15:00,2767.26477791,1021.65,5441.5,3246.8501,1108.5,6063.1001,732.6,1690.0,158.25,998.0,1197.0,348.39999,1150.07,4048.0,118.4,2037.456466,1325.35,808.1,675.54999,3761.3,515.09998,2459.88621537,988.15002,431.7567181,1496.05,1461.8,817.84998,245.10001,1813.4,3337.05,1681.65,10635.0,281.29999,1240.66505,196.05,224.25,1221.0,1450.1,406.0,605.0,1228.9,3591.7,938.58858692,432.26508167,129.8,1220.1,3519.05,2836.55,9236.1504,208.324995
2023-12-08 09:15:00,2677.012596,992.29999,5439.0498,3227.8,1111.5,6048.0498,727.4,1692.5,157.3,991.29999,1204.0,346.89999,1142.4,4028.8,119.3,2034.51821,1329.0,815.225,667.0,3692.3999,514.0,2469.43582289,993.25,423.35568933,1494.05,1466.25,822.09998,240.0,1820.7,3366.0,1662.55,10551.0,281.0,1237.8175,194.10001,226.45,1222.5,1451.55,402.94,605.34998,1230.65,3602.05,932.41398692,427.13344313,127.95,1217.25,3575.0,2800.2,9341.1504,207.5
2023-12-11 09:15:00,2726.52762971,1015.65,5490.0,3185.5,1113.85,6018.2998,727.00498,1698.25,159.14999,992.04999,1195.05,351.0,1074.0,4010.0,117.55,2059.866994,1366.05,823.5,667.25,3683.0,517.09998,2460.27991923,1004.65,424.1108294,1510.0,1482.0,831.79999,243.05,1840.3,3360.0,1647.1,10500.05,284.39999,1231.95,194.25,226.55,1226.19995,1455.0,403.09,613.09998,1215.1,3615.0,932.66097092,432.59712283,128.75,1225.3,3598.3,2841.1001,9400.0,208.625
2023-12-12 09:15:00,2755.14062666,1023.25,5403.2002,3210.0,1109.0,6149.9502,728.0,1700.5,160.0,987.0,1195.2,345.14999,1095.48,3936.1499,114.15,2067.337136,1370.0,815.925,675.34998,3715.25,522.15002,2458.31090769,1008.6,426.98985575,1489.95,1467.65,845.25,238.3,1819.05,3332.0,1626.5,10301.1,280.85001,1240.1125,194.55,229.5,1210.07495,1459.95,397.61,610.79999,1212.65,3631.0,932.21638984,430.45391512,129.7,1218.65,3563.25,2849.7,9635.0498,210.074995
2023-12-13 09:15:00,2720.6595405,1028.8,5369.3999,3190.3,1111.45,6224.3501,720.7,1668.2,159.39999,991.5,1195.2,343.70001,1106.07,3957.95,116.15,2029.189509,1357.05,807.55,689.20001,3734.8,523.29999,2459.34463875,1009.2,427.69780841,1495.0,1433.15,840.0,235.35001,1813.1,3346.2,1629.55,10260.0,284.5,1241.25,192.05,230.60001,1203.15,1460.0,395.21,611.65002,1212.65,3563.0,935.081424,430.75577621,129.14999,1197.05,3552.75,2887.05,9676.7998,207.5
2023-12-14 09:15:00,2800.1939727,1063.0,5452.1001,3218.0,1117.9,6284.2002,730.01001,1698.0,162.60001,999.15002,1201.1,345.79999,1113.58,4045.0,120.5,2073.661757,1382.0,822.5,679.09998,3838.5,537.25,2462.44583192,1021.25,424.25243881,1515.6,1461.35,845.79999,238.05,1832.45,3400.1001,1671.05,10312.3,293.60001,1237.505,193.25,231.10001,1221.32495,1454.95,401.02,622.40002,1224.25,3627.6001,932.71035784,433.83474726,131.5,1230.15,3584.3501,2944.5,9777.0,211.625
2023-12-15 09:15:00,2806.8864072,1067.05,5500.0,3242.0,1108.6,6256.1499,744.5,1718.75,165.25,988.25,1202.85,348.45001,1108.4,4045.0,122.4,2093.631938,1422.0,823.3,663.25,3886.1499,548.20001,2468.15596539,1025.7,429.49127904,1547.05,1521.0,851.59998,236.39999,1842.75,3432.8501,1698.0,9832.5996,295.0,1211.0,196.85001,227.14999,1235.025,1448.6,414.02002,619.84998,1233.0,3666.7,937.45249016,435.43462312,133.0,1262.5,3584.8,2980.05,9900.6504,216.75
2023-12-18 09:15:00,2872.0660383,1072.75,5494.0,3296.0,1107.2,6262.1499,752.6,1718.55,169.45,982.15002,1192.1,342.29999,1114.99,4068.5,121.55,2093.631938,1481.0,825.475,666.79999,3884.3501,551.5,2476.03201155,1018.0,425.101982,1552.0,1560.3,836.15002,237.60001,1840.0,3466.0,1698.75,10226.2,301.75,1214.95,197.35001,231.45,1245.475,1441.65,408.58,642.40002,1234.0,3830.1499,933.89589092,439.57010798,135.10001,1286.45,3593.8999,2961.2,9941.75,221.0
2023-12-19 09:15:00,2827.3520715,1068.6,5503.7002,3300.1499,1114.2,6395.8999,753.5,1696.8,171.10001,985.90002,1212.2,346.5,1118.6,4022.3999,127.4,2080.882895,1477.7,822.025,664.29999,3799.95,555.70001,2495.72212695,1012.6,426.70665581,1542.2,1543.25,847.59998,237.89999,1835.7,3476.05,1691.3,10206.2,302.5,1225.545,199.3,230.85001,1262.6,1419.05,408.0,640.25,1236.5,3790.0,937.69947416,438.30230348,134.8,1269.2,3600.1001,2957.0,9953.0,217.5
2023-12-20 09:15:00,2683.02617502,1005.0,5375.1001,3282.6499,1102.7,6350.0,746.01499,1672.0,166.14999,969.0,1231.0,350.0,1110.41,3891.7,123.15,2045.374817,1435.0,822.225,640.29999,3788.75,546.25,2507.53619619,1002.0,424.1108294,1549.5,1530.0,839.70001,230.05,1815.3,3412.55,1640.6,9990.0,295.14999,1252.75995,200.95,226.2,1260.0,1404.05,398.0,633.95001,1228.45,3766.55,954.49438616,424.44687339,128.75,1238.2,3541.0,2927.7,9858.1504,214.675005
2023-12-21 09:15:00,2643.0649725,989.25,5284.8501,3271.8501,1077.2,6232.0,730.55,1660.25,164.05,960.0,1205.85,346.10001,1094.24,3847.55,120.2,2041.83895,1420.1,825.125,637.15002,3752.05,541.65002,2496.70663272,989.20001,419.53275442,1527.55,1521.25,820.09998,229.0,1805.0,3333.0,1620.4,9900.0,293.20001,1245.38495,201.2,222.7,1259.125,1379.95,394.4,627.5,1208.55,3743.3501,951.43175492,420.34156859,127.85,1226.0,3518.8,2879.5,9824.8496,213.600005
2023-12-22 09:15:00,2707.46836695,1019.0,5462.7002,3287.0,1085.8,6264.25,724.3,1663.6,169.39999,975.54999,1221.65,356.39999,1112.0,3948.2,125.3,2026.799063,1423.0,833.55,637.09998,3850.1499,559.0,2507.33929504,991.59998,425.29075049,1557.9,1523.0,843.09998,234.60001,1851.0,3408.6001,1622.75,10030.0,299.60001,1255.0,201.8,230.5,1273.82495,1387.05,403.3,635.15002,1236.05,3762.0,967.83152216,429.85019294,131.75,1242.5,3560.55,2928.3501,9902.0,217.0
2023-12-26 09:15:00,2715.9069702,1026.1,5526.1499,3345.2,1086.7,6370.0498,714.525,1637.05,178.0,989.65002,1231.85,362.5,1120.51,4012.0,124.3,2040.842931,1442.15,834.275,634.0,3935.1001,570.5,2527.27553688,989.90002,429.20810741,1557.0,1523.0,849.95001,233.7,1857.15,3477.95,1634.5,10114.7,304.60001,1268.25,203.64999,231.05,1281.35,1387.65,405.62,635.65002,1239.3,3790.1499,980.82285092,432.6273029,134.45,1260.55,3623.45,2961.6499,9970.0996,224.175005
2023-12-27 09:15:00,2748.39969555,1018.0,5615.6001,3354.0,1089.65,6465.2002,719.08999,1653.8,179.10001,998.0,1236.7,362.39999,1120.26,4042.1001,125.55,2063.35306,1457.55,839.3,638.40002,4022.0,580.29999,2540.91084334,992.0,428.31135794,1567.3,1544.0,855.65002,233.0,1883.15,3504.1499,1660.25,10230.0,303.54999,1279.025,204.5,232.5,1286.55005,1399.1,407.16,639.0,1241.25,3768.0,997.9141536,437.7891517,135.5,1267.25,3645.0,2975.55,10037.75,232.050005
2023-12-28 09:15:00,2715.9069702,1014.65,5674.75,3373.05,1098.0,6666.0,720.0,1667.2,180.8,1022.2,1239.75,365.79999,1134.18,4080.8999,120.6,2097.91482,1468.45,851.0,644.25,4054.1499,605.20001,2566.45896498,999.09998,430.52961904,1592.0,1555.0,874.0,232.55,1903.1,3500.5,1688.4,10187.0,307.75,1288.75995,205.35001,234.10001,1293.42505,1419.2,407.22,646.5,1249.55,3792.1001,1012.9307808,446.1808719,136.85001,1270.55,3680.7,3003.0,10328.1,233.824995
2023-12-29 09:15:00,2718.57428348,1017.6,5677.2998,3383.8999,1093.95,6666.0,720.51499,1674.6,181.10001,1024.4,1242.05,374.25,1152.2,4094.0,123.25,2106.580185,1457.55,848.0,643.0,4111.5498,608.09998,2580.63574961,993.70001,435.48528764,1587.05,1540.0,873.29999,232.25,1890.05,3495.0,1715.0,10273.0,308.14999,1307.2825,204.25,234.75,1289.65,1421.05,407.59,639.54999,1252.55,3765.3999,1035.0605472,455.20652455,137.14999,1268.1,3660.25,3001.3999,10361.55,233.050005
2024-01-01 09:15:00,2756.59552481,1023.0,5707.8501,3389.1499,1093.0,6682.0498,727.3,1671.0,184.45,1007.0,1246.7,377.45001,1160.0,4030.0,122.85,2103.592128,1455.05,846.0,644.34998,4085.0,606.95001,2597.12622126,991.0,436.7123867,1591.8,1535.25,875.0,233.3,1893.1,3496.05,1699.0,10214.65,307.79999,1332.0,204.75,236.39999,1286.57495,1425.95,408.22,638.0,1252.5,3773.0,1063.019136,471.53720351,139.05,1265.25,3667.5,2995.5,10414.6,234.149995
2024-01-02 09:15:00,2755.5770961,1031.1,5680.0,3345.0,1082.3,6560.9502,728.00498,1663.45,179.75,1016.0,1252.1,384.25,1161.13,3882.3501,125.5,2079.687672,1461.35,844.35,642.59998,4025.2,607.40002,2566.60654239,980.25,437.60914562,1570.0,1523.0,859.09998,232.0,1860.1,3432.0,1649.45,10151.05,302.04999,1351.20255,203.64999,236.14999,1286.5,1421.75,403.2,633.84998,1257.15,3767.25,1066.476912,470.29957908,137.05,1272.85,3642.5,2940.75,10104.1,232.149995
2024-01-03 09:15:00,2866.73141175,1062.75,5673.0498,3365.0,1081.3,6604.0,736.82002,1676.0,180.60001,1021.35,1274.05,383.85001,1177.64,3878.45,127.1,2057.874956,1435.5,834.475,636.09998,3971.7,592.0,2555.33395132,975.09998,443.03678266,1558.0,1488.0,836.0,233.55,1847.65,3411.6001,1648.05,10065.0,303.29999,1328.65,204.5,234.60001,1288.6,1415.6,405.8,635.79999,1291.15,3687.05,1069.6383072,468.63934308,134.35001,1240.0,3665.0,2988.3501,10089.6,227.5
2024-01-04 09:15:00,2900.096979,1103.55,5731.5,3363.8,1100.05,6887.0,756.0,1690.0,182.5,1027.55,1286.65,383.89999,1165.0,3848.5,126.45,2051.201429,1417.15,835.35,638.0,3929.8501,587.65002,2547.95015805,981.90002,447.61487651,1593.0,1492.9,835.0,236.8,1860.55,3423.0,1638.2,9985.5498,308.60001,1332.60255,209.3,237.05,1289.55005,1415.0,418.04,638.65002,1297.05,3651.0,1073.0466864,477.72535587,134.0,1231.7,3686.6499,3060.8501,10001.0,225.699995
2024-01-05 09:15:00,2891.4646803,1125.4,5715.0,3348.0,1119.0,6920.5,767.31001,1697.65,184.05,1038.95,1276.15,382.5,1161.3,3860.0,128.95,2045.37481745,1421.9,834.05,642.45001,3953.75,581.54999,2554.79247315,983.79999,445.53820594,1629.0,1506.25,827.20001,241.5,1841.4,3460.0,1636.5,9970.0,312.70001,1321.225,213.05,239.3,1299.0,1433.7,423.89,637.75,1287.0,3674.8501,1103.5739088,475.18971667,132.85001,1245.55,3687.25,3045.0,9995.0,226.75
2024-01-08 09:15:00,2864.1609947,1152.0,5640.0,3294.8501,1118.5,6961.5,763.12998,1690.2,183.2,1045.25,1266.2,379.25,1146.52,3877.5,130.0,2049.7074005,1430.55,830.0,641.70001,3993.55,576.45001,2526.73405871,980.29999,438.50586677,1622.0,1513.25,820.70001,240.3,1818.6,3490.0,1606.1,9911.9004,312.60001,1305.5,217.10001,240.39999,1284.475,1416.4,432.71,625.04999,1299.3,3672.3999,1081.4441424,475.43121762,131.75,1221.4,3695.8,3037.8,9925.0498,224.524995
2024-01-09 09:15:00,2890.397658,1178.5,5674.7002,3262.25,1112.35,7075.8999,769.8,1674.3,184.2,1048.05,1273.4,382.10001,1148.82,3850.6001,132.60001,2050.65381775,1452.35,823.375,638.59998,4031.1001,573.59998,2531.70581284,975.40002,437.65632358,1621.0,1525.85,819.25,241.5,1821.0,3520.1001,1615.0,9890.0,316.04999,1293.475,215.95,241.5,1288.6,1421.0,430.12002,624.5,1306.85,3682.75,1092.657216,478.84226001,132.5,1232.6,3685.1499,3058.8,9870.2002,224.975005
2024-01-10 09:15:00,2929.24343861,1197.0,5721.2998,3258.2,1099.05,7020.0,766.0,1658.65,182.05,1055.3,1294.3,375.85001,1138.04,3790.6499,132.25,2040.85,1466.05,820.7,641.45001,4086.1001,570.65002,2525.25730005,974.29999,434.25815082,1620.0,1505.0,811.20001,239.3,1811.6,3520.0,1621.35,9950.0,308.0,1285.225,209.7,238.0,1287.525,1448.0,427.14,618.20001,1313.15,3688.0,1087.717536,478.54039892,132.10001,1228.3,3690.0,3112.1499,9730.0,224.5
2024-01-11 09:15:00,2972.8418865,1200.0,5802.25,3270.7,1111.05,7075.0,765.10498,1660.15,183.8,1057.35,1323.05,383.29999,1129.02,3852.45,135.05,2051.0,1474.0,821.5,639.90002,4162.0,575.5,2492.62103223,986.84998,435.24930342,1642.55,1486.6,820.09998,240.64999,1815.35,3500.55,1625.85,10000.0,312.35001,1275.05005,210.85001,239.2,1328.5,1425.9,440.8,618.5,1310.2,3707.0,1098.6342288,488.07920335,134.2,1240.9,3692.6001,3168.5,9719.1504,223.350005
2024-01-12 09:15:00,2975.94566922,1201.05,5742.8501,3244.0,1118.05,7252.0,761.7,1642.0,183.10001,1051.6,1300.4,379.54999,1129.21,3850.0,136.8,2075.0,1498.5,816.8,621.29999,4242.6499,575.75,2472.93091683,991.75,434.54135077,1647.4,1555.4,821.25,253.7,1814.4,3494.05,1601.5,9935.9502,309.70001,1265.0,212.35001,238.8,1345.75,1418.5,452.02002,621.09998,1305.55,3821.6001,1110.2918736,488.50181491,134.64999,1267.0,3647.95,3162.1001,9794.0498,227.5
2024-01-15 09:15:00,2975.21822014,1189.1,5804.0,3258.6001,1116.6,7304.0498,745.4,1630.05,184.10001,1074.55,1306.6,381.39999,1140.4,3811.0,132.85001,2093.7,1575.5,821.8,611.84998,4337.1499,572.25,2491.78410387,999.25,439.96898781,1668.05,1636.0,820.0,257.04999,1836.25,3538.05,1616.1,9948.0,309.60001,1265.32495,224.64999,237.0,1366.0,1424.55,456.0,636.09998,1321.6,3885.0,1121.060376,489.19607731,133.95,1333.85,3736.0,3180.5,9820.0,244.574995
2024-01-16 09:15:00,2943.7439235,1186.8,5829.0,3273.8999,1115.1,7244.0,742.78999,1620.0,185.10001,1093.0,1298.25,377.04999,1141.21,3741.5,131.0,2090.1001,1538.0,829.05,609.04999,4340.1001,569.45001,2516.74142359,1004.6,438.22269515,1663.05,1625.0,819.34998,246.5,1841.0,3538.0,1617.55,10060.0,310.14999,1265.67505,231.10001,237.7,1370.5,1405.55,459.01,633.45001,1307.55,3855.55,1128.222912,490.49409207,134.0,1310.5,3756.0,3143.1499,9880.3496,240.25
2024-01-17 09:15:00,2857.71094623,1159.45,5831.25,3193.05,1079.2,7081.0,730.22002,1578.05,183.8,1078.8,1282.1,377.20001,1125.4,3720.0,126.75,2056.0,1516.55,764.2,605.09998,4341.0,558.09998,2500.39852936,976.75,439.11944462,1631.85,1620.25,810.04999,242.14999,1776.1,3547.7,1591.0,9996.4502,307.10001,1262.69995,230.7,237.7,1355.025,1386.55,448.0,623.0,1294.35,3812.55,1118.2447584,485.3926336,131.39999,1305.25,3800.0,3117.1499,9825.0,236.0
2024-01-18 09:15:00,2798.3511987,1143.45,5838.0,3048.6001,1066.0,7071.1499,723.4,1559.0,180.0,1075.2,1267.9,368.0,1104.13,3661.0,121.6,2036.2,1537.05,740.025,600.59998,4296.8999,547.79999,2498.23261666,970.15002,429.066498,1595.1,1628.25,792.59998,239.05,1764.6,3525.0,1580.65,9737.6504,296.54999,1248.07495,224.64999,226.05,1351.25,1384.2,439.31,619.04999,1290.0,3862.0,1108.95816,481.16657834,128.2,1306.0,3718.8501,3090.0,9770.0,234.199995
2024-01-19 09:15:00,2815.76138291,1150.0,5951.0,3148.6001,1105.0,7105.0,726.125,1581.0,190.0,1089.8,1316.6,379.10001,1122.37,3658.0,128.0,2052.3501,1558.05,734.2,609.79999,4374.0,554.5,2492.76860964,987.54999,440.25214999,1550.2,1644.15,805.25,245.39999,1754.15,3603.0,1622.25,9949.0498,301.70001,1249.85,235.0,232.39999,1359.0,1405.4,454.2,624.70001,1329.15,3915.05,1132.8662112,494.75032741,131.60001,1355.0,3740.7,3147.55,9845.0,241.800005
2024-01-20 09:15:00,2803.58873505,1150.0,6073.0,3130.3501,1102.8,7050.0,729.1,1577.75,190.7,1118.75,1307.05,384.45001,1126.0,3675.1001,132.0,2070.0,1537.05,738.0,607.34998,4385.0,558.34998,2427.88977785,995.29999,441.76245844,1530.0,1645.0,806.20001,244.55,1758.1,3621.05,1616.0,9938.9502,306.25,1235.4,240.45,236.5,1350.0,1431.6,457.6,624.09998,1324.25,3855.55,1134.2493216,493.27120203,133.3,1376.0,3780.0,3187.0,9906.0,234.524995
2024-01-23 09:15:00,2798.73907455,1130.25,6133.6499,3021.55,1078.8,6936.5498,704.26001,1575.0,184.39999,1135.0,1368.7,373.64999,1128.19,3606.05,127.0,2032.5,1517.05,712.5,582.79999,4401.6499,537.59998,2328.79917365,1021.2,430.81278122,1428.05,1637.7,788.45001,240.0,1763.9,3536.2,1588.25,9832.0996,300.29999,1223.0,228.0,236.25,1322.55005,1367.35,449.52002,600.65002,1316.0,3842.75,1124.518152,480.74396677,129.3,1356.75,3705.75,3150.0,9815.0,233.524995
2024-01-24 09:15:00,2784.91754212,1118.35,6083.3501,2976.1001,1020.9,7028.2002,699.67998,1578.35,184.0,1140.1,1394.85,374.25,1138.6,3562.45,129.8,2016.55,1523.7,690.125,576.70001,4310.8999,547.0,2330.472735,996.65002,432.41749279,1442.0,1645.0,784.0,237.10001,1762.9,3521.7,1575.0,9755.0,298.25,1227.5,228.10001,235.0,1323.92505,1368.55,441.91,603.09998,1360.35,3805.6001,1120.319424,476.0349398,130.10001,1365.55,3711.75,3130.0,9734.5996,234.024995
2024-01-25 09:15:00,2720.07748425,1111.6,6119.1001,2942.3,1025.8,7210.0,703.6,1613.7,188.3,1157.05,1353.5,385.35001,1164.4,3597.05,132.8,2052.1499,1536.75,709.7,577.29999,4378.5,558.40002,2382.70086455,988.15002,426.75387153,1488.6,1658.0,792.79999,238.89999,1752.4,3564.8,1603.9,9816.5498,309.20001,1233.85,232.8,243.10001,1335.19995,1357.15,458.4,606.25,1348.5,3778.7,1118.6893296,483.1588555,132.0,1312.05,3730.1001,3180.0,9881.2002,234.274995
2024-01-29 09:15:00,2835.16002491,1151.0,6177.7998,2940.05,1036.0,7480.0,708.51001,1618.5,187.55,1158.0,1325.3,391.5,1148.04,3590.05,132.35001,2077.75,1550.25,722.9,575.04999,4426.3501,562.0,2372.6589057,1010.0,422.41175246,1515.35,1647.6,804.0,240.0,1776.0,3600.1001,1625.0,9875.0498,316.14999,1238.30005,239.10001,245.14999,1360.17505,1388.0,460.42998,615.59998,1355.2,3780.8501,1121.30736,489.64886894,133.5,1311.0,3760.55,3225.6001,9989.5,235.0
2024-01-30 09:15:00,2930.0677839,1181.0,6283.7998,2951.05,1050.8,7543.6499,680.5,1585.0,187.0,1154.55,1314.15,401.60001,1166.2,3673.8999,134.64999,2106.0,1555.0,720.45,571.54999,4580.0498,567.25,2409.38097092,1008.0,412.87798056,1510.05,1648.25,810.15002,247.10001,1803.35,3624.8999,1614.45,9931.5,314.5,1244.0,248.64999,251.5,1404.42505,1392.85,481.8,624.20001,1369.15,3787.0,1107.1304784,508.84722827,134.5,1315.0,3715.0,3029.05,9942.0,235.75
2024-01-31 09:15:00,2980.01928705,1191.65,6255.5498,2948.05,1042.7,7515.1001,681.2,1585.0,184.85001,1146.2,1312.0,400.39999,1161.41,3701.1001,138.0,2115.45,1546.35,718.4,571.29999,4518.1499,568.25,2403.9169639,1003.25,414.10511738,1507.15,1638.1,808.04999,246.10001,1788.5,3387.05,1609.05,9913.0,312.60001,1240.85,246.3,252.39999,1402.5,1381.7,480.1,622.0,1366.9,3796.45,1098.584832,522.34043712,134.5,1312.3,3653.25,2992.3,9903.1504,234.5
2024-02-01 09:15:00,2990.34916091,1200.3,6267.7998,2919.95,1056.8,7636.3501,673.3,1613.0,181.55,1148.95,1352.05,402.5,1190.02,3843.0,138.55,2111.45,1566.35,728.025,567.20001,4575.0,570.29999,2430.10491583,1017.4,414.67146063,1523.55,1650.35,800.09998,249.2,1813.2,3371.0,1645.55,10204.0,317.10001,1231.35,245.45,258.29999,1418.05005,1398.5,477.72002,633.25,1398.9,3805.05,1094.633088,529.04174126,134.5,1309.75,3601.0,3061.55,9900.0498,235.300005
2024-02-02 09:15:00,3045.586794,1231.7,6291.2998,2924.05,1065.0,7665.6001,675.3,1626.7,183.85001,1145.3,1385.0,409.64999,1199.21,3811.25,141.45,2130.5,1575.0,721.025,576.5,4590.0498,573.09998,2404.16309034,1021.65,414.86025744,1529.55,1665.0,805.09998,250.60001,1818.4,3361.0,1650.0,10540.4,323.10001,1231.525,249.0,263.95001,1433.17505,1420.05,477.12002,646.70001,1405.15,3872.0,1118.343552,529.37378242,134.8,1323.05,3602.45,3108.0,9992.2998,237.5
2024-02-05 09:15:00,3056.69251655,1248.85,6209.2002,2912.0,1058.0,7633.5,660.0,1608.55,178.8,1110.0,1394.3,417.10001,1198.22,3837.0,138.25,2081.0,1551.45,717.025,561.54999,4700.0,576.04999,2375.36629657,1012.1,412.07563421,1521.8,1681.85,811.0,255.7,1799.0,3318.45,1665.1,10400.0,333.04999,1228.35,255.10001,274.89999,1431.525,1414.9,469.44,638.75,1423.6,3962.1001,1132.4710368,552.6170864,139.35001,1328.0,3534.8999,3006.7,9878.4502,239.574995
2024-02-06 09:15:00,3064.985436,1248.85,6155.0498,2902.6499,1048.2,7670.6001,653.5,1578.6,180.7,1123.0,1412.55,437.25,1216.75,3890.0,138.05,2061.0,1558.05,716.3,562.25,4733.0,569.25,2380.58417715,1016.7,405.42088867,1504.15,1673.95,805.09998,266.04999,1783.15,3337.55,1706.0,10458.0,329.0,1222.875,260.20001,272.29999,1419.82495,1404.9,464.72998,637.70001,1446.55,3990.0,1128.3217056,560.49568501,140.45,1328.1,3531.6001,3021.6499,9920.2998,241.550005
2024-02-07 09:15:00,3113.482041,1252.15,6155.0,2936.05,1057.5,7665.6001,662.525,1589.4,179.64999,1131.8,1420.85,447.79999,1226.12,3907.95,139.64999,2063.0,1598.95,713.325,596.0,4730.1499,584.65002,2374.18488964,1013.0,406.64799717,1492.2,1686.85,823.0,267.39999,1784.0,3389.0,1715.7,10786.8,329.64999,1223.35,267.54999,266.79999,1429.25,1453.65,479.29,655.0,1480.4,4073.95,1139.1396048,560.28436413,144.05,1314.05,3555.8,2955.0,10080.3,246.274995
2024-02-08 09:15:00,3051.5034768,1236.75,6150.0,2919.8,1031.65,7668.1499,653.67002,1565.0,181.75,1116.2,1417.65,450.0,1225.0,3791.75,139.0,2048.0,1617.3,700.25,590.09998,4764.3999,587.84998,2361.82934223,985.25,385.69261738,1470.0,1682.8,818.0,261.95001,1727.05,3293.8501,1675.55,10689.95,328.0,1204.55005,269.10001,270.79999,1427.525,1455.15,468.16,678.5,1485.35,4086.05,1111.428,554.69993396,143.05,1302.0,3503.0,3619.6499,9950.5,242.550005
2024-02-09 09:15:00,3027.35207052,1232.1,6213.6001,2910.55,1034.55,7669.0,657.2,1562.7,176.5,1116.25,1417.05,435.64999,1220.84,3761.6001,142.25,2046.9,1614.65,693.5,582.25,4792.1001,576.29999,2368.81943165,985.5,385.69261738,1462.65,1659.8,800.45001,258.39999,1719.0,3308.95,1628.0,10611.1,319.60001,1210.025,259.14999,269.10001,1450.94995,1436.5,458.3,694.20001,1492.25,4100.0,1106.3401296,547.00247615,139.14999,1305.95,3532.8501,3667.1001,9852.0,241.375
2024-02-12 09:15:00,3064.985436,1243.9,6375.0,2920.05,1035.35,7766.0498,655.15,1551.5,173.64999,1111.3,1425.0,430.04999,1246.0,3817.2,149.5,2138.1001,1639.0,691.675,572.40002,4627.5498,579.75,2345.09274414,985.25,383.28555947,1442.15,1670.35,802.45001,267.70001,1691.1,3287.0,1640.55,10650.05,314.5,1219.65,256.79999,266.25,1442.35,1423.25,450.97002,704.5,1521.1,4105.5498,1062.0312,548.17974044,136.64999,1311.1,3570.05,3700.1001,9906.9004,245.5
2024-02-13 09:15:00,2999.07854981,1226.65,6598.25,2945.7,1044.8,7811.9502,655.31001,1552.2,171.75,1103.8,1430.0,434.0,1262.21,3765.45,149.0,2053.95,1648.6,692.175,574.70001,4706.2998,496.35001,2343.22228163,1000.3,380.68973305,1430.65,1663.5,790.54999,263.70001,1709.0,3284.1001,1623.45,10640.15,315.89999,1222.475,254.7,264.25,1454.0,1428.2,447.05,702.15002,1525.45,4081.5,1104.7100352,539.7276299,134.10001,1300.0,3551.1499,3767.0,9830.5996,245.850005
2024-02-14 09:15:00,3074.53936418,1248.65,6700.0,2936.05,1060.55,7880.0,655.0,1555.0,175.3,1104.7,1410.45,443.0,1234.02,3726.6001,150.10001,2027.5,1625.45,681.775,578.40002,4661.1001,503.14999,2333.2786749,1007.55,381.72806362,1435.95,1635.5,796.54999,268.54999,1712.15,3263.05,1623.9,10703.4,318.35001,1217.525,256.0,267.0,1457.5,1439.05,456.04,705.54999,1508.05,4049.5,1106.48832,539.93892059,135.75,1282.65,3503.3,3792.1001,9703.9502,248.524995
2024-02-15 09:15:00,3088.31230301,1262.1,6585.6001,2967.45,1069.25,8045.2998,658.56499,1564.55,182.60001,1109.4,1412.0,467.54999,1241.22,3876.2,154.0,2072.8,1650.1,692.175,582.0,4787.0498,507.60001,2310.38891575,1006.6,380.54814252,1460.3,1661.6,805.59998,273.0,1720.05,3290.2,1668.1,10980.0,330.14999,1219.0,269.0,271.35001,1466.525,1443.65,482.4,741.65002,1505.55,4083.0,1113.650856,553.22080858,141.0,1291.55,3571.0,3875.75,9706.0,256.524995
2024-02-16 09:15:00,3096.65362207,1265.55,6525.1001,3000.0,1058.0,8137.1001,660.2,1567.05,186.85001,1116.85,1425.9,477.5,1249.47,3916.3,155.35001,2086.8501,1650.05,704.225,583.70001,4830.0,510.95001,2321.0709018,1016.9,377.00837923,1471.0,1687.95,813.5,271.0,1732.2,3304.05,1776.85,11098.0,336.79999,1224.30005,270.35001,273.29999,1458.55005,1451.6,486.77002,753.34998,1504.85,4100.1001,1118.7387264,557.89965548,141.5,1298.0,3624.5,3930.3,9851.0996,260.475005
2024-02-19 09:15:00,3138.50628918,1302.15,6511.0498,2987.5,1060.1,8361.0996,662.52998,1572.0,188.3,1118.35,1438.95,455.45001,1263.0,3894.75,155.60001,2102.2,1659.65,707.6,584.40002,4843.8501,511.79999,2337.01979683,1023.35,381.91686987,1477.0,1687.7,814.0,271.89999,1726.15,3335.5,1820.0,11333.05,337.5,1240.69995,272.39999,273.29999,1453.525,1486.0,483.31,750.0,1507.4,4055.0,1130.692752,562.09553068,141.35001,1287.45,3650.0,4013.7,9885.0,265.67499
2024-02-20 09:15:00,3113.62743382,1293.7,6637.8501,2972.1001,1057.7,8238.7002,668.125,1597.5,186.25,1135.0,1436.0,441.0,1268.11,3784.2,158.7,2161.1001,1645.0,705.9,576.25,4653.0,507.14999,2331.50656451,1033.25,381.63366993,1475.05,1668.75,811.79999,273.60001,1737.35,3328.45,1820.5,11315.85,337.79999,1248.55005,274.04999,277.70001,1461.80005,1473.35,479.06,754.0,1512.25,4010.0,1125.0615168,555.66590756,140.05,1302.0,3665.5,4010.55,9855.0,263.125
2024-02-21 09:15:00,3108.6323805,1281.45,6717.2998,2983.5,1073.1,8205.0,666.50498,1580.6,187.0,1132.6,1433.45,431.0,1261.0,3821.0,157.60001,2180.05,1632.05,717.5,574.5,4508.0,510.0,2357.00536241,1048.0,378.8018593,1502.5,1645.3,820.95001,283.20001,1740.55,3290.05,1846.7,11370.0,334.70001,1259.07495,271.60001,279.25,1457.55005,1495.4,469.01,759.59998,1533.0,3980.6001,1136.1757968,553.31137898,141.45,1292.2,3640.0,3873.8501,9920.0,259.75
2024-02-22 09:15:00,3113.96700705,1281.0,6690.0498,2932.1001,1081.5,8220.0,656.1,1565.85,188.7,1097.65,1420.55,427.95001,1246.27,3841.8501,156.60001,2113.2,1639.0,706.1,567.04999,4440.6499,514.25,2329.09452538,1040.3,380.83134247,1463.5,1644.4,820.04999,291.10001,1714.2,3276.95,1853.0,11391.25,330.60001,1262.5,268.5,273.25,1458.0,1470.2,466.61,757.0,1535.0,3971.0,1128.6674832,552.16429476,143.5,1299.35,3555.3501,3829.7,9802.2998,260.725005
2024-02-23 09:15:00,3128.1281127,1298.0,6723.1001,2966.2,1090.0,8401.0498,663.26001,1596.0,195.95,1115.3,1449.75,441.64999,1272.6,3913.6499,160.8,2182.6001,1663.45,709.0,575.75,4485.1001,517.0,2347.01253039,1057.65,387.48608801,1475.05,1671.9,819.25,305.35001,1715.4,3340.75,1901.1,11475.2,334.85001,1275.975,271.10001,279.0,1483.35,1501.25,477.62002,755.0,1550.4,4046.3999,1141.2636672,561.09940719,145.0,1316.3,3655.0,3868.45,9894.0498,266.649995
2024-02-26 09:15:00,3164.8884423,1316.75,6570.8999,2847.8,1079.65,8375.0,662.42002,1610.0,202.8,1104.35,1461.55,440.54999,1276.13,3895.0,163.14999,2174.8,1639.5,706.775,567.25,4470.1499,504.0,2343.1237326,1050.5,384.46548056,1463.9,1645.0,806.20001,325.75,1701.95,3393.0,1925.2,11416.45,334.54999,1283.375,267.79999,282.04999,1482.5,1525.1,489.59,752.70001,1548.7,3982.75,1135.5830352,561.88423999,142.25,1295.0,3610.8501,3824.0,9900.9502,263.024995
2024-02-27 09:15:00,3174.5877633,1314.25,6570.0,2850.1001,1072.05,8383.5,649.11001,1595.0,203.10001,1101.3,1469.7,435.04999,1277.05,3940.0,158.0,2190.2,1648.0,706.525,572.84998,4408.0,504.70001,2352.13186194,1046.5,385.64540166,1458.5,1652.8,805.70001,316.54999,1697.0,3451.8999,1915.05,11384.25,334.10001,1283.375,264.95001,284.10001,1478.05005,1538.9,451.4,742.20001,1549.05,3999.0,1160.7754032,564.78210042,142.0,1283.7,3621.05,3841.8,9881.4502,263.774995
2024-02-28 09:15:00,3111.05721075,1295.15,6345.2998,2785.5,1064.05,8071.8501,647.5,1580.0,201.45,1123.5,1470.0,430.35001,1278.42,3851.0,155.35001,2173.25,1644.2,702.0,578.15002,4349.0498,501.75,2363.79835377,1042.15,383.99351212,1442.5,1662.05,795.0,306.04999,1675.2,3446.1499,1897.05,11130.0,331.79999,1280.125,264.60001,278.39999,1450.17505,1536.4,461.57998,741.0,1562.65,4089.0,1149.0683616,573.71718266,140.05,1271.0,3582.1499,3885.0,9780.9004,257.5
2024-02-29 09:15:00,3108.97195373,1293.05,6062.0498,2776.75,1055.35,7890.0,636.62002,1568.35,199.75,1099.0,1451.4,429.64999,1271.42,3760.05,155.45,2157.8,1636.65,698.65,575.54999,4350.0,499.0,2360.10645713,1038.5,381.82246675,1440.0,1653.3,790.0,308.0,1667.4,3436.45,1892.55,11129.5,330.60001,1273.525,261.5,274.39999,1454.525,1525.4,470.22998,737.15002,1556.5,4064.55,1136.7191616,569.24965663,139.39999,1264.25,3585.3,3782.0,9705.6504,256.600005
2024-03-01 09:15:00,3183.12316578,1312.4,5941.8501,2815.05,1076.0,7945.2998,650.21001,1595.2,204.8,1117.4,1460.0,438.0,1234.42,3776.05,165.60001,2196.75,1639.1,700.0,583.0,4450.0,510.0,2366.75187108,1054.0,384.65427738,1477.85,1651.0,804.25,311.54999,1695.0,3500.0,1930.5,11295.0,335.0,1291.25,266.5,284.60001,1462.5,1536.05,487.0,751.95001,1548.05,4086.8,1179.842568,577.5810167,143.0,1268.0,3626.0,3858.3501,9892.4004,258.774995
2024-03-02 09:15:00,3221.62947015,1325.0,6119.9502,2836.05,1091.15,7989.1499,656.5,1605.0,205.89999,1123.55,1474.35,446.45001,1244.0,3837.05,165.14999,2240.0,1643.0,714.05,591.04999,4552.3501,518.0,2372.70813099,1080.5,387.1085227,1524.0,1654.05,834.40002,318.0,1717.2,3646.2,1957.0,11530.7,334.29999,1292.69995,271.35001,286.20001,1488.0,1535.2,490.81,768.90002,1524.0,4090.1499,1185.5232,592.58350082,151.0,1271.0,3747.3501,3900.0,9900.0,261.0
2024-03-04 09:15:00,3210.52374761,1336.4,6022.8501,2828.0,1093.1,8046.6499,655.74502,1603.3,206.35001,1132.0,1469.75,448.04999,1247.8,3744.0,168.0,2226.3,1635.0,712.15,587.59998,4563.0,520.04999,2367.14557494,1080.1,385.55102685,1520.35,1633.65,818.5,320.60001,1718.5,3622.05,1919.05,11544.15,345.75,1288.69995,272.5,288.0,1487.225,1508.25,483.8,769.0,1548.9,4075.8999,1175.64384,591.70809762,151.05,1270.1,3715.0,3842.5,9966.2002,259.274995
2024-03-05 09:15:00,3195.97476611,1334.0,5976.2002,2805.0,1094.5,8160.0498,627.2,1541.15,209.85001,1133.05,1452.8,453.54999,1249.4,3742.55,164.05,2220.45,1607.05,710.825,603.75,4571.8501,520.20001,2354.0518451,1076.5,381.3033109,1524.0,1602.0,811.0,319.5,1708.95,3590.3,1923.05,11561.8,353.54999,1266.0,276.64999,289.75,1486.05005,1487.95,482.2,769.09998,1535.4,3980.0,1181.571456,606.95209477,150.75,1259.1,3708.0,3845.05,9830.0,255.324995
2024-03-06 09:15:00,3087.43926712,1304.0,5945.0,2777.75,1095.35,8364.0,618.77998,1530.8,205.60001,1157.35,1448.15,444.54999,1238.0,3734.05,157.5,2196.6001,1603.85,716.775,604.70001,4536.1001,513.95001,2338.49655548,1080.3,378.23551605,1536.55,1576.0,800.0,321.35001,1718.4,3586.05,1922.0,11518.4,345.0,1254.125,273.54999,286.5,1478.5,1487.0,469.77998,772.90002,1566.4,3958.45,1177.619712,609.15568073,147.89999,1250.1,3702.7,3750.25,9532.0,250.0
2024-03-07 09:15:00,3123.181362,1315.0,6032.0,2825.0,1107.55,8500.0498,632.53999,1557.15,211.14999,1189.45,1475.5,456.04999,1261.1,3759.05,158.64999,2208.0,1630.1,720.7,611.54999,4620.7998,529.25,2365.76736531,1082.7,381.02011096,1546.05,1604.2,818.04999,324.20001,1745.0,3643.25,1884.3,11421.15,349.70001,1259.5,277.25,291.0,1475.55005,1489.0,474.92002,783.0,1600.4,4037.7,1202.071128,612.20447774,152.25,1265.55,3768.1001,3840.3,9569.0996,255.25
2024-03-11 09:15:00,3103.78272,1322.05,6036.1001,2853.1001,1101.9,8630.0,640.4,1583.0,211.89999,1186.0,1488.55,452.39999,1262.0,3770.0,149.0,2225.5,1632.05,711.5,618.90002,4600.5498,532.09998,2346.61872808,1076.75,385.12624582,1536.6,1588.0,822.15002,332.45001,1724.25,3631.45,1873.3,11350.05,346.70001,1274.275,273.20001,284.39999,1463.5,1513.6,484.12998,770.54999,1586.4,4089.0,1194.414624,616.4003469,153.0,1275.5,3742.05,3900.1001,9672.9004,256.149995
2024-03-12 09:15:00,3017.4587631,1293.45,6107.5,2865.45,1084.25,8475.25,634.13501,1565.15,201.5,1197.8,1460.0,446.70001,1253.25,3771.0,152.14999,2172.8501,1633.05,714.625,615.04999,4633.0,525.29999,2324.22122182,1055.65,376.96120127,1528.5,1597.65,815.0,358.75,1707.35,3613.1499,1876.65,11381.0,342.54999,1283.15,269.04999,282.75,1465.025,1509.05,482.04,757.34998,1580.15,4121.0498,1194.5628144,610.54424175,150.89999,1277.7,3713.5,3957.55,9575.4004,253.875
2024-03-13 09:15:00,2764.45187782,1188.1,5956.0498,2835.0,1070.75,8296.9502,639.15498,1562.0,188.2,1151.7,1449.0,410.0,1249.76,3715.0,147.5,2137.3,1610.35,725.05,604.04999,4476.5498,501.20001,2268.15371667,1073.15,397.53900631,1495.0,1598.55,788.45001,324.5,1717.2,3511.8999,1844.25,11267.6,319.5,1276.42505,252.75,261.79999,1427.775,1480.65,460.02002,743.0,1544.0,4131.8999,1156.5766752,581.71650156,142.5,1266.3,3590.0,3877.5,9500.0,248.399995
2024-03-14 09:15:00,2793.404448,1195.7,5980.0,2841.0,1055.6,8202.0498,629.77998,1550.1,186.25,1163.55,1454.35,412.20001,1241.78,3686.25,144.3,2128.6001,1610.0,722.15,598.20001,4455.0,507.0,2266.18470513,1075.05,394.56561459,1469.2,1608.0,761.75,318.0,1719.15,3522.0,1844.6,11302.05,316.5,1286.94995,251.2,260.70001,1425.5,1465.3,453.22998,734.04999,1546.25,4086.0,1146.0551568,576.7961839,138.35001,1258.05,3580.1499,3870.6001,9454.0,247.574995
2024-03-15 09:15:00,2969.20464113,1256.65,5941.6001,2850.0,1030.25,8110.0,636.0,1547.5,179.10001,1187.85,1466.05,401.20001,1242.9,3707.05,152.45,2165.05,1642.85,721.125,611.29999,4500.6499,517.5,2280.01681429,1070.0,391.96978817,1456.7,1618.35,774.54999,336.45001,1721.2,3524.05,1788.8,11314.05,305.75,1292.6,248.89999,257.64999,1412.9,1481.1,450.2,723.0,1541.2,4177.0,1161.7139424,567.49885023,139.85001,1268.5,3610.0,3981.25,9543.7998,253.199995
2024-03-18 09:15:00,2886.56642621,1227.25,5978.6499,2817.25,1043.6,8294.2002,645.61001,1561.0,187.05,1215.2,1471.0,413.54999,1253.61,3681.7,157.25,2170.0,1634.25,717.9,628.25,4527.5498,527.0,2261.40975369,1060.05,393.52727458,1466.3,1598.85,778.5,342.5,1715.3,3526.7,1801.05,11366.3,314.95001,1279.375,257.54999,259.5,1416.525,1478.3,452.95,722.09998,1543.45,4117.8501,1170.0126048,565.476393,142.2,1268.05,3565.1001,4005.8999,9570.0,254.5
2024-03-19 09:15:00,2950.38805538,1237.25,6034.0498,2801.0,1046.7,8442.5498,650.5,1551.1,184.55,1214.6,1431.1,414.0,1224.69,3672.0,156.5,2163.8501,1594.1,717.75,623.34998,4509.6001,529.25,2212.03688778,1075.25,385.78701107,1430.85,1558.0,793.75,347.0,1730.55,3481.0,1826.8,11456.15,310.10001,1234.07495,256.64999,258.29999,1417.25,1456.3,455.51,721.15002,1540.4,3966.6001,1126.0988496,574.50201546,147.60001,1248.9,3547.05,3943.7,9435.1504,246.574995
2024-03-20 09:15:00,2930.2619643,1230.2,6073.4502,2797.55,1030.95,8562.0,660.6,1566.1,182.5,1223.65,1415.6,412.70001,1204.64,3821.0,159.0,2131.0,1578.1,712.325,619.40002,4480.0,516.34998,2205.2929248,1067.5,386.58933854,1422.7,1552.35,789.29999,335.64999,1730.8,3487.75,1820.55,11651.15,308.29999,1249.025,257.20001,258.95001,1424.025,1450.0,456.0,719.79999,1520.5,3960.2,1098.2884512,556.14887927,143.85001,1247.0,3550.0,3843.25,9445.0,244.600005
2024-03-21 09:15:00,2967.60435015,1251.3,6105.6001,2806.0,1028.15,8585.0,665.71499,1592.0,190.0,1214.1,1420.2,423.14999,1212.0,3881.0,166.39999,2175.3,1583.35,719.15,620.0,4445.2002,534.25,2199.38589018,1079.15,392.86653765,1459.0,1543.4,803.09998,337.10001,1764.3,3525.1499,1845.0,11825.35,317.0,1262.57495,262.35001,267.10001,1444.67505,1458.0,458.0,740.54999,1542.55,3948.0,1107.970224,571.12118332,147.8,1270.65,3590.05,3957.7,9504.9004,249.225005
2024-03-22 09:15:00,2956.40153741,1255.05,6168.7002,2808.0,1029.95,8682.0,668.62998,1583.4,192.75,1222.0,1451.05,428.29999,1221.01,3863.2,169.05,2194.45,1508.2,718.875,616.0,4517.6001,537.34998,2197.46610393,1078.7,397.63340944,1473.0,1498.2,806.75,336.70001,1765.0,3546.2,1847.25,11890.05,321.14999,1268.5,258.45001,271.35001,1447.35,1458.1,461.02998,741.40002,1566.1,3855.0,1105.500384,573.74736273,148.35001,1236.1,3621.25,3921.95,9580.0,239.774995
2024-03-26 09:15:00,2996.2173471,1281.0,6309.5,2810.0,1027.5,8851.0498,674.5,1589.0,195.95,1210.0,1460.0,430.89999,1221.21,3907.1001,172.2,2201.6499,1555.55,711.075,625.5,4633.5498,545.0,2197.41687864,1076.95,401.69232857,1502.2,1487.9,818.04999,343.54999,1750.0,3600.0,1861.1,12141.2,320.10001,1266.07495,259.29999,266.10001,1439.0,1457.8,455.99,738.5,1593.1,3871.45,1092.0150576,589.23284875,150.5,1251.0,3665.0,3866.05,9570.0,239.524995
2024-03-27 09:15:00,3012.85158563,1312.1,6220.0,2817.7,1044.25,8926.7002,690.5,1578.2,198.0,1210.55,1458.0,426.04999,1206.82,3905.8,177.2,2198.7,1540.0,710.625,624.04999,4560.0,556.79999,2201.35490172,1079.55,402.54189064,1514.45,1481.55,815.40002,348.0,1753.9,3670.1001,1855.3,12285.7,326.29999,1275.875,259.64999,269.20001,1447.0,1473.5,469.0,730.20001,1592.1,3829.3999,1071.0214176,589.65546032,152.0,1246.55,3692.8,3867.0,9571.0498,235.625
2024-03-28 09:15:00,3003.63723068,1314.0,6112.5,2819.0,1044.1,8980.0498,703.21001,1588.0,199.0,1220.3,1461.15,430.0,1215.6,3891.75,176.0,2210.0,1531.0,720.35,626.34998,4583.2002,555.29999,2205.39147383,1085.0,403.06104648,1533.6,1487.15,820.0,350.39999,1774.2,3697.55,1870.35,12385.5,330.29999,1283.525,261.95001,271.64999,1478.65,1480.0,467.65,736.90002,1607.95,3840.5,1080.4562064,591.0440153,152.7,1242.0,3732.55,3875.2,9641.5498,237.649995
2024-04-01 09:15:00,3111.39678398,1350.25,6372.75,2852.3501,1048.9,9013.0996,722.00498,1640.35,203.75,1208.0,1493.8,434.79999,1231.58,3936.5,182.75,2289.05,1548.0,727.8,628.0,4662.1001,564.09998,2226.95205174,1094.45,401.88112538,1539.0,1492.8,838.0,355.60001,1786.5,3780.8501,1891.8,12506.15,336.14999,1291.25,267.79999,277.64999,1482.5,1486.75,473.21,752.09998,1618.5,3888.05,1070.0334816,596.14547376,156.5,1242.0,3730.5,3869.05,9749.1504,240.774995
2024-04-02 09:15:00,3142.580004,1388.2,6404.2002,2856.0,1040.2,9139.5,713.5,1625.7,212.60001,1203.2,1483.3,436.04999,1241.2,3914.3,180.75,2275.0,1525.1,731.625,631.09998,4522.0,561.54999,2241.76886358,1079.25,400.79560741,1537.0,1480.85,861.54999,356.5,1754.45,3771.25,1901.45,12462.25,340.75,1291.5,269.45001,278.5,1475.0,1465.3,485.99,753.34998,1609.9,3873.0,1072.0093536,599.73762678,161.8,1235.1,3734.1001,3873.25,9845.0,239.800005
2024-04-03 09:15:00,3125.1212262,1389.2,6311.0,2845.0,1043.75,9065.2002,718.61499,1635.0,218.85001,1189.45,1467.0,440.89999,1222.4,3886.1001,177.85001,2288.05,1518.0,735.7,620.40002,4526.5,567.15002,2226.01677126,1072.25,397.39742522,1538.05,1475.0,867.09998,353.20001,1729.0,3770.1499,1956.2,12412.55,342.0,1272.5,273.85001,278.54999,1468.9,1456.05,491.76,760.15002,1594.2,3851.0,1099.3751808,599.22444481,163.10001,1240.0,3705.0,3843.0,9982.1504,237.975005
2024-04-04 09:15:00,3105.43160457,1362.25,6326.3999,2851.25,1059.15,8988.0498,725.5,1630.0,218.25,1201.3,1445.1,442.54999,1209.5,3892.05,180.25,2249.5,1518.7,752.0,618.09998,4462.75,568.95001,2214.39960317,1063.45,396.35908521,1511.2,1468.0,853.54999,358.0,1723.3,3731.05,1963.2,12318.05,352.64999,1257.05005,265.35001,275.04999,1450.0,1447.0,497.2,758.09998,1587.15,3935.25,1095.1764528,602.60530714,161.0,1246.9,3679.0,3915.05,9900.0,239.800005
2024-04-05 09:15:00,3083.3656493,1357.35,6381.5498,2880.0,1048.1,9000.5,715.6,1651.95,218.75,1188.95,1437.5,444.0,1228.0,3967.55,187.25,2233.5,1523.8,765.075,616.29999,4468.3501,567.59998,2223.11257769,1067.45,396.40630094,1528.1,1476.05,846.95001,359.04999,1740.1,3716.25,1992.25,12384.5,351.54999,1267.0,266.5,275.14999,1456.0,1460.15,499.62002,752.59998,1606.1,3960.5,1097.596896,606.3785587,160.8,1260.2,3741.0,3912.2,9802.2002,241.274995
2024-04-08 09:15:00,3101.06691012,1337.0,6280.0,2873.8,1063.55,8951.2998,714.27998,1684.85,222.10001,1183.1,1449.4,444.54999,1227.01,4011.6001,190.55,2235.0,1537.65,770.775,626.54999,4525.1001,570.5,2232.07148174,1076.3,403.76899914,1550.0,1474.1,860.25,367.54999,1785.1,3743.1001,2016.9,12450.0,353.25,1246.42505,266.60001,279.04999,1461.0,1487.0,505.4,761.79999,1597.0,3960.0,1103.524512,606.13706982,164.2,1256.1,3720.3501,3923.6001,9801.0,239.100005
2024-04-09 09:15:00,3089.2337385,1346.1,6330.9502,2845.0,1071.35,8936.4004,712.45,1687.25,221.2,1198.3,1447.1,437.25,1231.0,4137.5,188.75,2281.95,1534.55,770.15,632.65002,4505.0,574.0,2220.79889068,1088.3,401.69232857,1541.0,1487.3,870.54999,365.39999,1775.7,3775.0,2070.1001,12780.0,360.35001,1248.5,268.0,281.0,1462.5,1503.05,504.62002,761.09998,1591.95,3925.05,1107.970224,606.74079201,165.2,1242.75,3664.3501,3894.8999,9759.0996,237.600005
2024-04-10 09:15:00,3096.50822925,1348.2,6451.0,2858.0,1080.0,8901.3496,716.0,1696.0,226.5,1208.75,1406.0,442.10001,1229.0,4222.0498,194.05,2291.55,1536.2,766.475,620.0,4475.8999,591.04999,2222.71867693,1105.15,401.88112538,1548.0,1484.55,875.34998,367.54999,1784.0,3750.1001,2070.0,12600.9,361.35001,1247.025,269.14999,280.0,1466.35,1481.0,503.9,763.65002,1583.75,3918.0,1105.2040032,609.75940291,164.5,1252.0,3681.45,3904.1499,9705.0498,236.550005
2024-04-12 09:15:00,3108.92336013,1341.0,6362.7002,2845.0,1071.1,8930.0,715.62998,1689.55,230.55,1219.55,1388.0,452.54999,1215.0,4267.7998,190.5,2249.3,1516.2,756.725,616.25,4431.0,595.29999,2194.06965747,1095.8,404.28815498,1542.0,1479.5,862.0,368.20001,1799.35,3663.5,2051.6499,12225.0,361.0,1258.1,265.0,274.64999,1463.07495,1488.2,495.77998,764.79999,1534.0,3945.5,1120.7639952,611.87243054,163.0,1238.0,3609.45,4025.0,9610.0,235.0
2024-04-15 09:15:00,3009.89329272,1308.6,6283.0,2812.3501,1055.25,8945.0,706.34502,1654.2,226.0,1210.35,1375.55,441.10001,1196.45,4193.75,184.5,2224.8,1494.0,746.025,604.09998,4368.9502,605.70001,2156.0676363,1076.6,399.19089584,1530.0,1461.05,850.25,351.0,1780.0,3586.2,2035.0,12032.95,352.79999,1255.0,267.10001,268.39999,1446.32495,1462.5,481.61,748.75,1503.8,3919.05,1097.596896,590.74215421,158.60001,1211.0,3590.0,3934.25,9486.5996,229.100005
2024-04-16 09:15:00,3006.78951,1294.4,6202.0,2820.0,1044.35,8784.0996,693.1,1611.35,230.0,1212.05,1371.55,446.35001,1197.01,4206.2998,183.89999,2221.1001,1467.3,741.125,600.59998,4288.0498,606.79999,2138.39575773,1062.7,399.47409579,1487.95,1413.05,842.75,360.10001,1775.65,3529.45,2027.75,12275.35,354.60001,1271.15,275.25,271.25,1450.92505,1452.0,473.67002,744.40002,1525.15,3862.8501,1100.5113072,592.91554198,159.0,1191.0,3583.0,3912.3999,9351.0,222.399995
2024-04-18 09:15:00,2917.84673643,1291.0,6053.2002,2800.1001,1013.85,8950.0,686.6,1589.3,229.2,1215.8,1342.4,435.14999,1187.53,4338.0498,183.0,2219.45,1452.1,745.525,604.15002,4231.6001,609.79999,2174.82247122,1050.45,394.23522724,1468.15,1407.5,841.70001,367.0,1783.1,3539.7,2016.5,12320.05,349.20001,1205.30005,273.35001,277.70001,1459.35,1448.0,472.22002,742.0,1506.45,3850.0,1113.9472368,583.34655749,159.14999,1176.05,3501.0,3976.6001,9340.7998,221.425005
2024-04-19 09:15:00,2873.42384625,1270.0,6050.0,2766.1499,995.70001,8700.0498,681.00498,1568.7,225.7,1253.35,1335.0,428.04999,1176.16,4261.2998,181.39999,2201.3501,1435.0,740.125,581.09998,4168.1499,600.70001,2161.97467092,1048.1,392.67774083,1444.4,1378.75,833.20001,368.64999,1763.0,3472.3999,1998.2,12225.0,343.0,1205.0,274.10001,274.70001,1443.025,1425.35,465.02002,732.04999,1503.7,3800.8999,1090.7307408,569.91373896,157.3,1162.95,3478.25,3964.05,9250.0,218.5
2024-04-22 09:15:00,2934.0446025,1315.0,6150.0,2814.05,1032.0,8745.0,716.72998,1617.5,232.3,1288.25,1348.0,438.0,1190.7,4370.3999,190.8,2266.05,1450.5,754.15,598.09998,4206.8999,612.70001,2194.51258662,1070.35,399.61568632,1469.95,1413.05,853.45001,375.25,1800.0,3540.95,2065.0,12659.0,341.89999,1213.92505,273.75,281.70001,1467.80005,1452.0,474.8,750.45001,1521.95,3812.0,1127.1855792,583.19562694,161.5,1195.1,3552.0,4115.0,9456.0996,225.0
2024-04-23 09:15:00,2951.6004705,1318.9,6181.0,2844.0,1048.75,8761.0,723.67998,1616.0,231.75,1302.1,1344.5,439.25,1186.78,4445.0,186.60001,2278.3999,1471.1,751.625,598.0,4286.8999,610.40002,2213.858125,1082.7,401.26757585,1471.1,1433.0,848.54999,385.0,1803.1,3588.0,2056.8501,12776.3,344.0,1212.975,275.54999,280.70001,1455.55005,1464.25,483.42002,765.54999,1477.7,3860.6001,1138.102272,588.05558446,160.8,1198.8,3605.1499,4140.0,9522.0,230.100005
2024-04-24 09:15:00,2948.593584,1318.05,6186.1499,2860.0,1056.0,8680.0,725.0,1618.05,234.10001,1333.55,1352.2,441.14999,1184.21,4514.7998,183.14999,2333.0,1476.3,754.525,593.0,4335.1001,608.70001,2210.85528395,1089.0,404.28815498,1462.75,1427.05,850.0,379.5,1807.8,3601.1001,2052.95,12900.0,347.29999,1244.125,276.29999,284.39999,1449.5,1452.55,483.6,770.20001,1479.35,3824.45,1090.681344,596.47751493,161.45,1181.5,3580.05,4158.2998,9542.7998,229.300005
2024-04-25 09:15:00,2934.67496137,1316.8,6168.8501,2829.05,1086.1,8641.4004,712.51001,1615.65,235.45,1324.35,1384.1,441.75,1185.6,4486.0,182.5,2334.2,1479.95,753.125,585.59998,4366.8999,628.09998,2180.77882958,1089.95,404.94892023,1470.55,1420.0,874.34998,380.25,1602.0,3611.6001,2041.9,12740.35,349.10001,1235.625,278.0,289.25,1441.5,1436.15,484.45,769.65002,1488.65,3811.0,1064.4022464,597.3830982,164.14999,1172.8,3541.0,4195.7002,9560.0498,227.899995
2024-04-26 09:15:00,2973.86031521,1321.1,6251.0498,2837.05,1123.0,8734.5498,669.15,1578.45,237.89999,1322.0,1401.25,452.20001,1235.77,4572.0,186.35001,2330.05,1464.95,752.775,587.0,4466.4502,643.0,2184.22459977,1102.75,411.93404368,1443.3,1427.0,884.65002,380.54999,1605.0,3585.0,2038.8,12660.0,355.0,1235.525,282.20001,291.45001,1450.0,1411.2,467.4,798.90002,1500.05,3802.55,1070.9720208,601.66951361,165.25,1241.0,3556.3,4293.4502,9646.9004,230.800005
2024-04-29 09:15:00,2959.74780315,1307.0,5733.0,2839.0,1125.3,8729.0,671.30498,1587.35,234.85001,1320.0,1392.4,450.54999,1240.47,4532.6001,186.45,2309.6001,1381.0,753.275,571.0,4445.6001,641.20001,2185.6028094,1107.9,410.23497618,1450.1,1428.25,886.15002,378.04999,1609.5,3605.2,2001.0,12603.0,356.95001,1245.0,282.14999,289.60001,1450.0,1414.05,486.05,798.70001,1510.05,3819.2,1075.7635104,603.11845892,166.89999,1285.0,3573.1499,4052.3999,9743.0498,230.800005
2024-04-30 09:15:00,2953.4432445,1316.25,5901.0,2855.0,1155.15,8795.0,682.19502,1591.3,233.2,1319.95,1395.05,452.04999,1237.0,4578.0,192.2,2374.1001,1362.45,757.45,576.04999,4465.0,642.29999,2190.52533825,1146.75,410.70694462,1489.0,1417.55,880.04999,375.5,1620.0,3584.05,2073.05,12740.2,359.29999,1250.275,281.45001,293.04999,1462.875,1423.2,496.8,819.90002,1497.0,3810.0,1082.4320784,602.21287565,164.5,1260.05,3580.0,4380.0498,9911.3496,230.75
2024-05-02 09:15:00,2924.39377811,1306.55,5939.4502,2875.1001,1148.0,8826.0996,686.5,1611.0,230.75,1293.6,1398.15,449.39999,1239.05,4546.3999,192.75,2401.05,1358.0,760.175,573.40002,4551.2998,628.65002,2170.88444814,1133.25,410.4709604,1500.05,1411.85,883.0,372.5,1552.4,3576.05,2165.1001,12514.8,363.20001,1252.5,279.04999,301.85001,1464.125,1416.35,507.0,825.0,1502.0,3778.05,1068.0576096,610.69517229,165.0,1253.5,3546.3,4395.1001,9946.5,227.725005
2024-05-03 09:15:00,2885.6450877,1310.45,5960.0498,2909.25,1134.1,9064.3496,690.69502,1618.0,231.14999,1258.15,1415.2,449.39999,1251.6,4580.0,193.10001,2438.8,1333.55,753.6,565.25,4516.8501,638.40002,2169.85071708,1135.45,407.16718133,1473.05,1403.2,866.0,374.35001,1543.85,3488.45,2172.3501,12411.4,360.35001,1218.125,284.0,308.25,1416.15,1438.4,515.02998,820.0,1501.5,3797.6001,1076.6526528,601.30729238,165.14999,1243.05,3492.0,4482.0,9779.3496,226.600005
2024-05-06 09:15:00,2764.306485,1257.0,5986.2002,2911.2,1135.65,8810.5498,684.5,1607.05,230.0,1273.2,1405.05,444.04999,1249.27,4581.25,194.5,2441.2,1348.5,758.575,550.20001,4465.5,629.29999,2177.72676324,1138.1,409.05505509,1482.05,1417.1,874.34998,367.79999,1594.0,3441.1001,2190.0,12372.5,354.39999,1223.475,275.25,303.10001,1418.0,1431.6,499.77002,803.0,1508.75,3853.0,1076.8996368,606.74079201,164.7,1245.1,3257.0,4480.25,9746.1504,228.0
2024-05-07 09:15:00,2737.1483862,1265.0,5856.3999,2904.0,1124.05,8642.5498,678.8,1593.0,225.45,1271.0,1377.75,452.85001,1240.0,4570.0,182.35001,2403.1001,1326.15,752.075,549.59998,4432.2002,611.75,2223.99853443,1126.3,410.80133831,1448.0,1415.6,845.75,353.60001,1618.0,3425.0,2164.8501,12239.0,346.85001,1229.775,272.0,294.5,1392.0,1431.55,488.32998,793.20001,1510.1,3913.5,1076.9490336,592.88536191,162.3,1256.9,3227.0,4416.8999,9630.0,227.0
2024-05-08 09:15:00,2735.208522,1269.05,5812.6499,2821.0,1118.25,8592.7998,678.5,1598.75,224.60001,1274.7,1375.05,455.10001,1190.54,4560.9502,187.3,2370.8999,1307.3,740.175,548.0,4414.6499,615.09998,2288.97591525,1116.05,413.63314894,1431.4,1425.6,850.40002,352.10001,1636.1,3367.8,2160.0,12325.0,345.20001,1242.82495,272.35001,292.0,1397.5,1423.0,486.55,799.5,1502.25,3938.6001,1081.9381104,589.83657093,163.5,1280.35,3238.45,4470.3999,9501.4004,230.649995
2024-05-09 09:15:00,2673.1328676,1240.0,5790.0,2703.8,1112.2,8786.3496,658.5,1559.6,225.3,1270.05,1353.0,441.35001,1174.0,4541.5,193.10001,2345.05,1314.5,722.65,538.0,4633.8501,615.0,2283.51190823,1110.0,399.61568632,1393.45,1424.85,831.04999,344.60001,1637.0,3266.6499,2185.0,12436.75,344.85001,1251.0,263.20001,295.25,1390.0,1413.2,470.84,803.54999,1489.8,3910.05,1064.995008,608.12935302,161.5,1261.4,3233.0,4381.2998,9408.0498,227.024995
2024-05-10 09:15:00,2677.44906544,1245.75,5753.25,2670.1001,1113.35,8906.5,660.12002,1556.0,223.14999,1271.75,1317.25,440.25,1163.62,4556.3999,189.89999,2322.0,1303.6,713.4,539.54999,4774.7998,618.0,2285.03789217,1112.05,402.58907804,1395.55,1413.0,835.95001,336.79999,1615.9,3234.6001,2183.0,12501.0,347.54999,1251.725,264.45001,296.25,1388.07495,1415.75,466.22002,815.59998,1491.0,3885.05,1054.7698704,622.07533541,161.85001,1248.25,3242.75,4401.0,9416.0498,225.149995
2024-05-13 09:15:00,2706.59552505,1261.65,5790.2002,2754.1001,1105.05,8870.5,662.0,1556.3,221.0,1281.4,1369.55,434.70001,1170.1,4528.2998,186.75,2347.05,1301.65,715.15,547.15002,4730.6001,614.29999,2311.52099893,1106.7,405.42088867,1377.25,1411.2,830.0,335.39999,1616.0,3225.2,2160.0,12477.55,346.5,1253.025,262.04999,297.60001,1384.0,1420.55,455.75,798.59998,1502.0,3870.0,1063.0685328,571.84565598,158.05,1250.05,3230.5,4358.0,9427.0996,222.5
2024-05-14 09:15:00,2788.11831806,1285.25,5740.0,2842.0,1118.1,8882.75,665.76001,1569.05,225.75,1280.7,1350.1,445.10001,1171.0,4651.1001,182.10001,2362.1001,1308.7,725.15,560.0,4905.0498,638.20001,2310.38891575,1118.55,404.5241392,1402.8,1418.05,861.20001,342.20001,1632.5,3293.3999,2175.0,12651.4,350.29999,1241.0,266.45001,307.75,1400.025,1422.05,463.36,807.90002,1516.05,3892.8999,1069.1443392,575.49816913,163.5,1254.1,3250.0,4448.2998,9529.9502,226.100005
2024-05-15 09:15:00,2946.26584395,1333.0,5820.0,2806.1499,1118.6,8877.3496,664.50498,1566.6,229.55,1280.5,1386.7,449.5,1172.0,4598.1001,183.14999,2366.2,1318.25,717.9,555.0,5020.75,648.70001,2281.73969939,1113.5,402.82506226,1407.4,1418.55,863.40002,351.29999,1637.05,3353.1499,2256.0,12700.0,356.64999,1230.0,272.5,308.85001,1413.025,1425.75,460.61,818.04999,1520.35,3875.5,1043.260416,570.57782128,164.95,1265.0,3260.0,4509.2002,9560.0,227.324995
2024-05-16 09:15:00,2885.49950089,1310.5,5850.0,2786.55,1111.3,8710.0,662.30498,1560.45,227.5,1321.3,1387.3,457.85001,1141.8,4543.1001,189.0,2310.2,1328.5,717.75,550.70001,5041.7002,643.25,2265.69245224,1112.8,399.19089584,1385.65,1427.0,864.45001,352.39999,1647.2,3378.7,2286.2,12300.0,353.04999,1210.15,273.79999,305.29999,1398.025,1420.15,453.0,797.34998,1508.3,3843.5,1045.0880976,554.82068443,162.3,1281.3,3251.3,4530.1001,9525.5,228.050005
2024-05-17 09:15:00,2924.83024755,1321.15,5910.1001,2786.1001,1126.1,8765.5,670.10498,1580.05,237.85001,1339.25,1396.4,466.79999,1158.2,4622.0,193.10001,2374.0,1330.2,723.1,561.45001,5072.8501,650.40002,2279.22940658,1120.6,404.85451711,1395.0,1439.25,878.70001,355.0,1665.0,3412.1499,2425.3501,12322.3,360.35001,1216.9,276.60001,310.75,1413.25,1430.5,464.2,811.20001,1520.15,3830.0,1076.0104944,568.10257242,165.45,1297.8,3308.0,4555.0,9685.25,230.024995
2024-05-18 09:15:00,2963.1425655,1335.1,5913.7998,2810.2,1137.0,8780.0,672.5,1575.0,250.05,1341.45,1400.25,468.54999,1160.03,4667.0,194.10001,2424.3501,1333.05,731.525,566.75,5095.0,657.5,2285.1364412,1126.9,410.80133831,1413.75,1442.0,885.15002,357.70001,1691.95,3445.8,2500.05,12565.4,365.0,1229.9,278.45001,315.0,1432.69995,1430.5,471.01,819.20001,1523.35,3840.0,1077.097224,571.7249055,167.3,1298.6,3345.0,4609.3501,9840.0,229.574995
2024-05-21 09:15:00,2943.25895745,1333.0,5920.3999,2801.0,1129.2,8775.0,670.5,1572.0,271.04999,1335.75,1396.4,469.70001,1154.6,4650.0,188.75,2406.3999,1314.0,725.05,563.04999,5029.25,663.20001,2266.0861561,1116.25,408.91346456,1400.0,1428.4,890.79999,355.75,1690.0,3434.0,2467.0,12441.8,365.35001,1216.0,278.35001,311.0,1425.6,1422.5,469.72998,819.59998,1524.0,3810.05,1075.8129072,572.75123925,167.95,1304.1,3351.0,4623.6499,9762.0498,229.850005
2024-05-22 09:15:00,2981.08630935,1364.2,5844.9502,2836.6001,1117.95,8736.0,672.725,1575.0,264.29999,1329.55,1437.25,491.60001,1158.08,4665.5,183.35001,2418.3,1340.0,724.075,559.65002,4965.0,677.40002,2274.89748274,1098.1,410.99010681,1391.85,1428.0,906.04999,355.20001,1681.1,3435.05,2490.0,12363.1,370.60001,1230.94995,276.89999,320.20001,1436.275,1424.0,466.42002,813.54999,1505.4,3817.55,1080.7525872,569.03833576,171.5,1311.05,3360.0,4545.0,9822.25,229.425005
2024-05-23 09:15:00,3041.27059616,1369.9,5860.6001,2877.3,1125.75,8751.2002,673.00498,1581.25,283.20001,1344.3,1462.7,492.10001,1167.0,4682.5498,184.5,2395.6499,1338.0,728.525,558.04999,4963.0498,665.95001,2318.51108835,1111.4,412.07563421,1406.6,1450.0,890.70001,357.39999,1697.05,3455.0,2500.25,12473.05,369.5,1227.775,279.10001,309.0,1455.0,1424.05,465.7,822.0,1467.0,3825.5,1090.681344,570.54764121,170.5,1325.1,3377.75,4608.0498,9855.0,230.875
2024-05-24 09:15:00,3254.70425175,1382.15,5867.0,2867.0,1160.6,8870.0996,679.3,1597.05,286.0,1374.05,1479.05,489.14999,1167.7,4807.3999,179.10001,2431.6001,1340.85,743.0,563.45001,5080.0498,671.04999,2328.06079432,1124.15,410.89571312,1427.85,1460.0,906.04999,364.20001,1694.7,3582.3,2572.3999,12811.0,368.70001,1229.025,281.85001,317.39999,1476.1,1433.45,472.54,827.0,1477.1,3844.3,1082.777856,578.36584949,174.14999,1318.0,3404.2,4654.1001,10122.55,231.0
2024-05-27 09:15:00,3168.81666731,1423.6,5918.0,2855.55,1168.0,8881.7002,681.0,1590.3,289.64999,1378.0,1475.2,490.75,1159.22,4770.0,178.39999,2385.95,1338.0,759.525,562.09998,5050.0,675.5,2325.89488163,1121.55,406.55362236,1439.3,1460.25,900.09998,359.14999,1702.5,3600.0,2541.0,12777.0,368.0,1227.5,275.70001,314.5,1461.55005,1402.15,475.2,823.0,1460.55,3841.3501,1073.5406544,574.74351641,174.85001,1318.25,3390.3,4650.0,10177.65,225.800005
2024-05-28 09:15:00,3131.95924751,1398.0,5880.2998,2864.0,1179.0,8916.2002,685.68999,1589.45,285.04999,1366.9,1475.2,484.10001,1174.43,4760.0,180.39999,2392.7,1345.6,762.4,563.65002,5045.0,678.34998,2341.69619923,1125.0,404.24096758,1449.1,1460.3,901.20001,355.25,1698.0,3646.05,2548.0,12800.25,364.10001,1223.0,273.04999,312.0,1452.75,1405.9,475.0,823.29999,1455.95,3830.0,1066.97088,571.12118332,173.45,1311.3,3392.1499,4600.0,10146.45,226.550005
2024-05-29 09:15:00,3115.4219052,1382.9,5880.8999,2881.1001,1156.0,8902.75,678.53501,1565.1,285.0,1355.5,1472.6,482.10001,1182.92,4724.25,180.0,2393.25,1346.95,750.625,560.90002,5106.0498,682.29999,2332.68787299,1098.5,401.64514116,1439.25,1450.0,896.45001,348.10001,1682.2,3610.3501,2500.6001,12750.0,360.0,1222.5,270.25,309.10001,1438.44995,1406.6,471.6,819.29999,1465.65,3800.0,1055.115648,566.77437758,173.5,1284.1,3371.1001,4600.1001,9961.0,224.75
2024-05-30 09:15:00,3079.04945145,1373.65,5750.0,2875.0,1155.0,8927.5996,659.40498,1517.0,289.64999,1363.5,1454.0,479.5,1166.6,4704.7002,179.0,2328.0,1325.1,748.825,548.25,5094.7002,693.34998,2297.88569247,1096.9,398.67174944,1439.15,1421.55,873.25,346.5,1683.0,3607.75,2478.0,12550.0,357.14999,1200.275,265.0,303.79999,1420.1,1371.0,458.4,819.29999,1449.5,3715.45,1039.308672,556.02812879,163.35001,1235.35,3254.0,4602.2002,9830.0,217.550005
2024-05-31 09:15:00,3128.27350553,1391.0,5743.0,2855.6001,1153.4,8923.0,664.23999,1518.9,286.29999,1338.0,1440.0,479.0,1150.57,4668.25,171.25,2295.95,1315.75,757.0,546.54999,5003.5,684.34998,2281.690671,1111.25,400.46522007,1446.55,1400.0,877.0,342.10001,1660.55,3636.3999,2495.1499,12330.0,355.5,1172.5,263.0,305.70001,1422.25,1372.6,462.72998,817.09998,1440.0,3653.75,1035.6533088,555.48476676,164.0,1224.05,3216.75,4498.8999,9750.0996,217.75
2024-06-03 09:15:00,3478.22500721,1535.0,5812.5498,2860.05,1193.4,9122.5498,683.29502,1556.45,309.29999,1385.0,1446.05,505.54999,1155.43,4640.0,175.0,2362.3,1309.85,775.0,547.04999,5154.6001,692.79999,2307.97687661,1136.3,404.61853289,1496.4,1404.0,897.79999,353.79999,1700.1,3801.1001,2570.3999,12402.55,373.45001,1175.0,273.20001,325.60001,1459.0,1387.35,485.05,856.75,1451.0,3696.0,1050.5217456,563.87651715,168.85001,1236.55,3250.0,4604.5,10216.35,220.774995
2024-06-04 09:15:00,2651.7458648,1188.0,5693.2002,2775.75,1101.55,8808.0,637.57002,1419.05,230.05,1219.05,1418.55,410.79999,1120.0,4253.8501,146.3,2171.6001,1235.0,727.0,511.39999,4920.25,594.25,2305.81106237,1053.55,380.26498034,1363.55,1358.35,823.79999,307.29999,1602.45,3320.0,2448.2,11561.45,313.95001,1163.725,223.0,279.75,1359.30005,1307.7,438.6,731.95001,1377.2,3591.5,1016.4873504,516.42396579,148.14999,1193.65,3055.6499,4196.0,9534.9502,208.5
2024-06-05 09:15:00,2667.313275,1160.6,5776.7998,2864.5,1110.7,9176.0,653.55498,1472.9,230.0,1279.85,1466.85,425.10001,1145.16,4495.0,166.75,2182.1499,1316.1,741.175,536.09998,5315.0,607.0,2485.87706925,1051.05,394.61280199,1372.35,1400.15,829.15002,327.0,1645.0,3175.05,2571.8,12125.1,315.29999,1215.0,230.45,279.20001,1384.1,1330.7,446.0,744.04999,1432.0,3700.0,1079.9622384,537.31274118,159.0,1236.75,3201.05,4524.25,9740.0,219.524995
2024-06-06 09:15:00,3042.82239052,1344.8,5900.0,2882.25,1163.25,9454.0,682.22998,1510.8,267.0,1329.0,1464.0,464.64999,1156.32,4538.2998,182.5,2293.1001,1350.9,773.3,550.40002,5472.3501,673.0,2478.98552886,1096.6,406.93119711,1470.9,1437.5,877.5,348.04999,1703.8,3385.3,2670.8999,12468.0,345.0,1226.32495,249.25,298.10001,1421.35,1380.25,480.01,796.0,1455.05,3741.5,1106.0931456,562.18610108,169.39999,1274.2,3290.75,4821.0498,9931.0996,226.300005
2024-06-07 09:15:00,3056.83810335,1355.05,5965.4502,2888.8501,1166.75,9615.0,694.1,1530.55,268.70001,1363.15,1479.3,467.60001,1175.25,4670.1001,180.7,2311.2,1398.0,776.025,553.5,5538.0,672.45001,2485.87706925,1103.6,406.93119711,1463.45,1477.25,877.09998,347.0,1722.0,3446.0,2668.3501,12582.35,347.70001,1233.5,251.8,296.79999,1426.5,1420.0,492.01,810.5,1472.15,3837.3,1117.9483776,564.63116987,170.8,1327.0,3294.3999,4841.0,9965.0,234.149995
2024-06-10 09:15:00,3109.11734655,1381.25,5992.0498,2915.0,1185.0,9681.5,707.525,1559.35,281.10001,1421.05,1502.0,475.5,1200.81,4757.0,181.56,2375.3,1397.5,778.8,561.29999,5581.0498,673.04999,2506.55169042,1115.1,411.41489728,1480.1,1497.3,900.75,348.70001,1736.15,3521.05,2800.0,12627.9,361.79999,1253.525,258.04999,311.60001,1468.07495,1418.35,497.04,829.20001,1505.1,3841.8999,1112.0701584,585.06715363,177.36,1335.15,3390.0,4920.0,10463.15,236.675005
2024-06-11 09:15:00,3098.98155611,1384.05,6059.2002,2895.0,1190.45,9700.0996,705.1,1558.0,285.35001,1413.0,1527.0,475.20001,1205.6,4744.0498,180.10001,2426.3501,1415.4,776.1,566.20001,5705.0,672.04999,2511.769571,1111.0,408.01671508,1475.2,1493.95,905.04999,349.54999,1717.1,3551.2,2813.3999,12655.2,364.89999,1267.0,265.25,315.14999,1454.67505,1422.0,498.0,829.04999,1497.35,3841.0,1113.1074912,583.58805843,180.5,1341.15,3401.8999,4884.7002,10826.25,237.175005
2024-06-12 09:15:00,3111.5421768,1390.6,6075.0,2865.6499,1184.1,9795.7002,711.5,1562.0,286.04999,1422.1,1532.0,479.35001,1198.2,4745.0,179.33,2430.0,1434.5,783.2,569.59998,5776.6001,671.84998,2478.00102309,1112.0,406.08165392,1473.0,1482.75,908.04999,351.54999,1712.9,3578.0,2782.05,12802.0,365.39999,1260.5,274.60001,316.89999,1455.17505,1425.8,506.11,833.0,1495.85,3827.45,1109.946096,595.87379275,181.5,1357.15,3370.8501,4909.0498,10871.5,237.774995
2024-06-13 09:15:00,3110.81472773,1388.05,6160.0,2905.0,1173.45,9825.25,723.21499,1581.0,287.04999,1420.45,1520.4,483.5,1206.3,4768.0,180.14999,2430.0,1437.1,787.0,565.0,5731.0,676.04999,2408.54414102,1105.0,405.65687289,1481.2,1489.35,908.04999,358.20001,1719.0,3635.0,2788.6499,12739.6,367.95001,1272.57495,272.5,320.64999,1460.1,1432.85,516.22002,836.09998,1498.0,3852.0,1090.7307408,592.10052911,180.50999,1375.35,3390.0,4972.0498,10996.15,239.074995
2024-06-14 09:15:00,3124.2483843,1395.45,6175.0,2905.1001,1170.0,9813.0498,724.7,1575.35,301.5,1420.95,1535.8,485.25,1207.02,4801.5,184.05,2450.0,1424.4,788.85,594.04999,5761.6001,677.40002,2432.12295576,1099.45,404.99610764,1495.95,1486.05,903.59998,356.10001,1710.4,3675.0,2865.0,12778.8,366.10001,1267.05005,274.60001,319.35001,1457.225,1440.6,539.01,835.09998,1505.55,3828.0,1096.7077536,592.49296061,181.39999,1364.1,3479.0,5040.0,11147.3,238.100005
2024-06-18 09:15:00,3188.36079912,1434.05,6166.2002,2905.0,1181.15,9908.0,730.0,1585.0,312.25,1418.0,1563.6,485.20001,1196.0,4912.5498,184.8,2445.0,1427.05,794.725,591.79999,5736.7002,677.0,2434.83034662,1101.2,404.19378017,1499.1,1495.4,914.29999,357.60001,1703.25,3675.0,2956.6499,12542.05,368.70001,1267.0,274.0,322.0,1471.35,1455.05,546.47002,840.25,1510.2,3795.05,1099.0294032,594.0626262,180.60001,1370.15,3538.0,5205.0,11051.65,240.024995
2024-06-19 09:15:00,3129.29193423,1420.45,6128.0498,2882.6499,1185.5,9670.0,717.78999,1582.5,304.10001,1388.3,1553.4,476.5,1184.0,4850.0,189.56,2412.0,1430.3,802.0,592.34998,5625.0,660.40002,2413.51589515,1126.15,399.33248638,1513.25,1496.7,913.29999,357.04999,1715.0,3575.0,2926.45,12200.0,361.54999,1258.92505,271.10001,325.39999,1456.0,1446.15,552.0,841.0,1500.0,3792.95,1089.693408,588.71969697,179.31,1361.0,3456.0,5288.3999,10968.25,243.375
2024-06-20 09:15:00,3142.580004,1444.1,6115.75,2872.3999,1220.4,9565.0,711.1,1573.1,302.25,1376.25,1540.0,471.54999,1177.6,4843.0498,195.0,2432.5,1429.55,826.0,582.70001,5496.0,661.75,2408.74094372,1135.5,397.86939366,1513.0,1499.1,911.29999,358.0,1760.3,3564.6001,2857.3,12135.0,357.04999,1250.0,269.10001,322.29999,1450.1,1451.45,552.95,842.34998,1467.0,3780.05,1082.8766496,589.44413944,179.37,1371.45,3418.1001,5305.0498,10875.4,244.125
2024-06-21 09:15:00,3080.89222545,1470.0,6145.0,2880.1001,1223.75,9571.0996,707.5,1570.5,304.10001,1372.85,1533.5,479.0,1191.03,4820.0,193.05,2450.6001,1439.2,821.575,580.0,5432.0,677.0,2388.95247619,1150.65,395.08477043,1511.25,1523.7,923.15002,359.14999,1745.3,3516.0,2825.05,12083.5,356.75,1244.25,268.89999,323.0,1440.57495,1445.15,559.0,828.59998,1460.9,3798.05,1068.7491648,578.42620964,178.17999,1386.05,3383.3999,5200.0,10611.55,244.550005
2024-06-24 09:15:00,3040.7371335,1450.2,6156.1499,2871.3999,1225.05,9510.5498,702.05498,1561.0,297.45001,1389.35,1495.05,472.0,1194.6,4794.2002,191.95,2443.1001,1426.6,822.875,575.65002,5390.0,675.09998,2389.44472908,1152.65,396.45348834,1478.2,1515.4,922.0,352.29999,1749.75,3505.0,2813.05,12041.0,355.54999,1242.25,266.60001,322.54999,1437.5,1447.2,555.97002,821.04999,1475.05,3791.3,1064.1552624,573.56625212,175.10001,1381.0,3372.3,5200.0,10594.65,244.725005
2024-06-25 09:15:00,3061.44528083,1437.0,6242.25,2856.0,1226.0,9645.0,699.8,1571.0,309.20001,1409.85,1495.5,465.29999,1203.21,4762.0498,200.0,2495.0,1426.45,835.55,576.95001,5473.4502,680.90002,2390.28146053,1167.65,396.21750412,1482.2,1520.35,927.95001,356.25,1763.0,3528.0,2891.05,12072.05,357.75,1252.5,265.0,325.79999,1441.0,1430.0,572.32998,834.29999,1492.3,3792.8999,1076.85024,573.11346048,175.25,1394.75,3384.8999,5304.0498,10800.4,244.649995
2024-06-26 09:15:00,3068.7680742,1451.05,6125.0,2844.05,1259.2,9441.5,703.5,1593.75,305.85001,1408.95,1475.0,465.04999,1205.06,4720.0,196.0,2509.05,1438.2,845.55,587.20001,5428.0,671.34998,2394.7117365,1193.85,398.3885495,1481.55,1535.0,918.09998,353.14999,1776.1,3592.25,2844.6001,12067.7,359.64999,1253.725,264.10001,324.95001,1445.125,1447.0,591.72002,836.0,1495.25,3841.0,1070.0334816,573.59643219,171.84,1410.0,3370.0,5260.0,10903.0,246.899995
2024-06-27 09:15:00,3055.286115,1459.0,6055.0,2845.0,1280.0,9365.6504,708.30498,1595.05,301.20001,1440.05,1465.3,461.5,1199.0,4682.0498,196.0,2552.25,1423.5,843.3,586.59998,5421.0,672.09998,2398.25605572,1209.1,397.49182834,1485.0,1532.05,915.29999,348.0,1785.0,3550.0,2793.05,12010.0,364.10001,1254.025,263.5,324.35001,1506.0,1437.55,584.79,838.25,1505.0,3818.1001,1064.8468176,572.35880775,171.8,1392.0,3361.05,5303.75,11269.0,244.600005
2024-06-28 09:15:00,3062.0756397,1445.0,6145.1499,2862.2,1261.6,9382.25,710.52998,1583.1,302.75,1436.65,1476.05,468.0,1250.21,4655.2998,199.10001,2587.2,1442.0,839.5,590.0,5452.1001,686.0,2424.6901341,1196.35,399.75726741,1460.5,1564.25,928.75,355.39999,1798.9,3538.1001,2855.0,12004.15,376.70001,1264.15,268.35001,329.60001,1531.025,1450.0,580.0,844.0,1515.6,3897.8501,1071.91056,587.15000119,173.57001,1426.65,3366.3501,5358.5498,11469.85,252.925005
2024-07-01 09:15:00,3062.60910236,1471.6,6108.4502,2888.0,1256.45,9505.0,707.5,1578.0,305.85001,1449.25,1472.2,471.25,1267.43,4626.0,194.56,2662.05,1455.0,840.0,589.59998,5585.0,688.40002,2412.13768553,1192.05,400.84278538,1452.95,1559.5,931.59998,352.04999,1790.0,3514.0,2838.25,12005.55,367.79999,1278.5,271.60001,325.25,1555.67505,1481.9,580.41,839.95001,1503.85,3884.0,1074.874368,594.78709886,173.50999,1424.15,3381.5,5380.0,11667.9,257.04999
2024-07-02 09:15:00,3036.90590171,1455.05,6077.0,2912.0,1238.25,9381.0996,712.2,1561.1,303.0,1417.0,1479.25,473.35001,1256.85,4592.8999,202.25,2717.0,1473.0,851.375,586.5,5500.0,688.40002,2440.9344793,1185.55,398.86051794,1420.65,1586.5,936.5,350.0,1737.1,3535.05,2850.0,11995.0,365.14999,1266.57495,271.5,328.04999,1557.0,1468.1,563.12998,823.15002,1508.25,3982.55,1066.97088,591.10437544,173.60001,1470.0,3385.3,5460.0,11800.0,264.149995
2024-07-03 09:15:00,3053.10376778,1470.8,6079.0498,2916.0,1243.6,9384.5996,717.0,1573.6,305.75,1408.45,1474.6,479.39999,1273.03,4638.1001,205.33,2730.6499,1471.2,882.325,590.5,5553.0498,683.40002,2435.96262671,1179.45,401.64514116,1421.9,1606.0,939.04999,349.70001,1752.2,3605.0,2865.1001,11960.0,368.64999,1270.35,274.0,329.10001,1542.775,1486.2,561.11,825.0,1498.3,3955.0,1098.6342288,587.7235433,174.39999,1461.0,3341.8999,5460.0498,11761.95,267.75
2024-07-04 09:15:00,3043.69542641,1494.35,6161.0,2923.0,1268.5,9420.3496,710.0,1580.8,313.04999,1411.5,1467.0,485.29999,1274.02,4662.0,206.7,2717.05,1485.0,862.425,594.29999,5530.6001,690.54999,2454.27433558,1214.3,403.10823388,1436.2,1628.0,943.0,350.29999,1801.3,3565.8,2885.05,12071.8,371.75,1271.025,273.04999,333.89999,1550.80005,1492.25,564.0,834.29999,1526.0,3982.1001,1119.6278688,591.40623653,175.82001,1453.3,3330.0,5493.75,11721.55,264.54999
2024-07-05 09:15:00,3030.01938379,1493.9,6159.0,2913.1001,1270.9,9493.2998,707.7,1570.1,314.5,1416.85,1486.0,486.89999,1291.21,4698.6001,204.77,2720.3999,1505.55,821.1,600.65002,5382.6001,693.5,2457.27717663,1220.85,403.62741804,1426.0,1633.35,945.20001,349.10001,1818.45,3568.0,2840.0,12021.9,371.0,1266.25,276.5,332.85001,1548.0,1505.45,562.86,837.0,1557.0,3988.0,1119.0351072,597.65477922,173.39999,1449.95,3257.0,5535.0,11620.25,264.725005
2024-07-08 09:15:00,2982.5412075,1469.0,6292.7998,2890.7,1279.6,9470.0,704.7,1562.0,325.60001,1423.15,1483.2,487.20001,1297.2,4716.0,206.0,2713.8501,1506.2,813.575,608.59998,5487.5498,691.65002,2496.95275916,1216.9,409.33821727,1422.8,1640.0,934.04999,347.20001,1835.45,3594.0,2847.5,11966.0,376.14999,1280.725,287.35001,336.85001,1582.525,1508.25,559.22002,853.5,1550.95,3978.05,1122.295296,601.42804285,172.09,1460.15,3126.1001,5572.0,11530.0,267.5
2024-07-09 09:15:00,3007.27447605,1475.0,6255.8999,2890.0,1279.2,9481.2002,704.2,1567.0,328.70001,1428.15,1487.3,491.10001,1286.19,4742.0,206.61,2718.8999,1525.0,810.175,620.90002,5505.0498,695.54999,2528.21081736,1229.3,419.10797339,1426.0,1651.0,932.29999,348.54999,1830.0,3646.1001,2837.25,12264.05,375.04999,1296.80005,293.35001,338.10001,1580.5,1512.4,555.02998,856.0,1549.8,3975.1001,1126.24704,602.57509688,171.50999,1455.0,3165.0,5550.0,11484.45,268.79999
2024-07-10 09:15:00,2971.28989815,1460.0,6301.1499,2894.3501,1275.15,9451.9502,702.1,1570.75,324.14999,1426.15,1492.25,480.54999,1296.6,4795.0,205.74001,2741.0,1487.85,810.375,615.59998,5470.6001,685.29999,2533.13334621,1236.35,421.46781558,1415.05,1637.55,918.90002,344.10001,1820.2,3601.0,2697.8999,12732.65,370.0,1299.025,288.85001,335.5,1563.15,1518.6,541.0,843.5,1567.6,3902.0,1116.36768,595.30025064,167.02,1441.5,3190.5,5470.0498,11470.0,265.875
2024-07-11 09:15:00,2981.6683656,1477.9,6340.0,2973.0,1276.95,9383.0,693.0,1576.0,333.0,1428.0,1495.0,488.54999,1306.97,4805.8501,211.37,2791.25,1508.05,800.5,629.29999,5503.0,692.0,2549.91916959,1225.05,423.54448615,1415.7,1642.05,915.45001,347.0,1821.55,3603.0,2691.0,12695.05,374.60001,1281.85,295.14999,342.0,1570.5,1546.15,542.82998,849.75,1572.3,3895.6001,1111.921968,607.97842248,168.67,1441.25,3230.0,5545.0,11499.0,265.0
2024-07-12 09:15:00,2966.39193503,1481.15,6320.0,2970.8999,1293.9,9412.0,691.50498,1585.15,328.10001,1421.45,1502.4,495.5,1312.94,4815.0,217.05,2801.6001,1510.5,805.575,627.09998,5505.1499,686.09998,2560.69950777,1230.1,430.29363482,1427.35,1666.65,924.0,350.0,1826.25,3612.7,2687.1499,12475.0,372.0,1292.92505,304.20001,340.10001,1574.5,1547.35,550.0,855.29999,1550.0,3971.3,1116.4170768,612.77801382,168.00999,1461.05,3220.05,5611.1001,11470.05,270.774995
2024-07-15 09:15:00,2966.39193503,1485.3,6340.5,2932.55,1305.0,9403.9502,699.525,1588.0,331.0,1426.05,1513.25,492.54999,1340.51,4825.6001,225.0,2786.0,1567.4,807.6,630.5,5528.6001,688.45001,2573.15340731,1224.05,431.5679496,1433.0,1702.65,926.15002,351.70001,1826.65,3637.0,2708.1001,12590.0,376.89999,1298.5,308.64999,340.20001,1585.5,1557.9,561.44,859.70001,1577.3,4157.0498,1126.0494528,614.16657483,165.8,1492.0,3205.3999,5645.75,11661.9,278.07501
2024-07-16 09:15:00,3003.0068718,1493.25,6403.0,2941.5,1299.7,9633.6504,700.52002,1598.4,324.5,1445.0,1503.1,498.0,1327.33,4861.0,215.3,2810.3,1555.0,808.4,633.34998,5562.0,689.0,2583.88461865,1229.0,435.53246561,1435.75,1700.0,928.15002,343.10001,1800.9,3621.0,2740.0,12581.75,380.0,1284.525,319.75,341.5,1569.125,1592.2,560.4,874.29999,1574.95,4144.8999,1128.963864,615.31364698,166.7,1489.1,3224.1001,5627.3501,11631.9,278.20001
2024-07-18 09:15:00,2965.22782252,1472.2,6430.0,2842.0,1294.5,9291.5,697.11499,1593.05,312.29999,1459.05,1485.6,501.25,1318.08,4784.9502,210.25,2777.0,1557.0,799.575,641.09998,5417.1001,684.09998,2613.86281935,1231.7,436.7123867,1438.0,1719.0,921.34998,336.0,1793.15,3598.6499,2736.5,12463.0,374.20001,1287.5,321.64999,336.95001,1557.82495,1615.05,555.4,877.5,1570.25,4160.0,1155.88512,608.55195855,164.44,1505.0,3206.0,5282.9502,11475.0,278.17499
2024-07-19 09:15:00,2909.7963,1465.5,6365.0,2917.25,1288.2,9340.0,691.0,1635.0,305.0,1451.95,1480.2,486.75,1325.26,4820.2002,213.67,2734.5,1588.6,801.75,634.15002,5371.0,658.65002,2673.86844603,1240.25,443.08396062,1429.0,1786.45,886.54999,332.04999,1805.95,3610.0,2743.0,12496.45,362.89999,1293.225,318.04999,331.0,1552.80005,1632.0,557.87002,883.29999,1565.15,4285.25,1168.728288,595.66250206,157.2,1486.5,3235.0,5106.0498,11228.65,277.350005
2024-07-22 09:15:00,2882.78359402,1442.55,6370.1499,2917.1499,1278.2,9263.2002,684.93999,1623.05,297.29999,1449.05,1470.65,483.54999,1316.0,4759.6001,214.0,2702.0,1570.9,806.325,628.95001,5390.0,650.84998,2663.72793815,1232.9,439.73300359,1409.6,1792.95,865.15002,334.29999,1748.9,3567.6001,2725.0,12400.05,362.35001,1282.65,314.5,329.5,1499.275,1618.65,552.81,868.0,1555.05,4265.0,1167.9873355,589.56488992,156.41,1476.1,3223.2,5083.5498,11231.3,250.774995
2024-07-23 09:15:00,2799.56361383,1419.0,6324.7998,2886.0,1251.0,8744.5996,662.0,1599.45,281.10001,1428.45,1475.15,464.54999,1343.4,4785.9502,207.0,2774.05,1551.1,802.5,623.25,5329.7002,638.70001,2689.66976364,1212.5,440.25214999,1395.65,1783.25,872.0,326.0,1739.15,3460.0,2743.3999,12360.0,361.54999,1275.0,297.39999,321.10001,1463.0,1578.05,532.67998,849.09998,1574.3,4266.2998,1185.7701835,583.9200996,155.0,1460.0,3232.1499,4955.6499,11329.1,243.175005
2024-07-24 09:15:00,2870.32006353,1480.0,6350.0498,2886.2,1226.65,9250.0,654.10498,1562.0,299.29999,1436.55,1485.0,485.10001,1358.65,4879.0,215.60001,2775.0,1576.85,794.025,639.29999,5405.0,645.0,2633.65148378,1202.05,463.14261926,1386.4,1819.6,880.0,334.60001,1729.05,3501.0,2763.6499,12458.2,381.70001,1259.35,312.10001,330.29999,1476.4,1579.65,533.06,847.20001,1592.0,4268.1001,1202.7132864,600.7941406,159.19,1473.4,3462.1499,5263.1001,11355.65,249.925005
2024-07-25 09:15:00,2856.5471247,1466.85,6372.0,2885.25,1155.5,9171.0,655.14502,1558.0,293.39999,1440.1,1489.8,484.0,1351.41,4872.3501,216.95,2771.55,1562.85,796.5,665.54999,5353.0,633.29999,2628.6304059,1190.6,457.478998,1374.0,1812.0,862.40002,328.0,1732.0,3532.05,2781.8,12388.05,386.25,1229.725,316.10001,330.45001,1477.07495,1645.0,527.1,841.20001,1602.2,4274.2002,1194.266434,618.42281621,156.89999,1504.9,3384.45,5226.0,11291.0,246.649995
2024-07-26 09:15:00,2898.254205,1490.0,6393.5498,2900.7,1155.25,9268.4502,666.71001,1569.05,302.0,1449.15,1501.0,498.25,1358.32,4863.75,216.85001,2808.5,1594.0,798.225,682.04999,5397.3501,655.0,2645.61313043,1185.95,460.07482441,1359.05,1825.35,875.29999,329.54999,1758.1,3596.1001,2790.0,12389.2,389.70001,1225.75,330.10001,338.5,1490.35,1686.25,538.0,844.0,1665.0,4337.0498,1205.4,654.19335544,158.21001,1444.25,3393.0,5325.0,11395.6,254.25
2024-07-29 09:15:00,2981.5712754,1540.0,6616.3999,2936.0,1163.65,9509.0,676.575,1582.5,310.85001,1477.05,1528.8,507.5,1347.0,4931.1499,224.10001,2820.0,1620.0,799.15,693.75,5397.2998,665.0,2651.07713746,1204.15,466.35200464,1406.45,1864.0,895.04999,329.5,1783.5,3686.6001,2875.5,12603.0,392.64999,1229.5,330.75,337.75,1511.775,1736.5,581.0,863.20001,1692.75,4371.0,1185.0,675.32363178,162.33,1510.05,3388.0,5365.0,11673.05,261.42499
2024-07-30 09:15:00,2974.44217747,1536.0,6584.1001,2970.0,1160.2,9512.0,678.3,1595.2,317.60001,1464.05,1526.0,509.95001,1358.58,4904.1499,225.11,2782.8501,1618.0,799.5,683.90002,5410.6001,654.59998,2643.79169631,1204.4,461.25474551,1407.2,1860.0,890.15002,329.10001,1781.3,3738.6001,2904.6001,12709.9,397.0,1225.5,331.0,343.29999,1510.0,1708.0,578.4,869.0,1697.0,4327.2998,1189.2,675.32363178,161.31,1520.0,3410.6001,5520.0,11644.5,259.875
2024-07-31 09:15:00,3040.7371335,1547.0,6584.1499,3005.05,1154.0,9580.0498,679.3,1637.65,315.45001,1473.15,1523.55,510.5,1347.0,4939.9502,226.05,2761.55,1619.2,804.6,693.09998,5405.2002,664.25,2633.60216004,1211.0,463.00103817,1414.05,1865.05,902.70001,327.5,1773.15,3763.1001,2872.95,12895.15,408.54999,1226.0,329.75,342.60001,1501.15,1720.0,583.21,868.0,1695.2,4345.0,1167.0,691.44301401,163.55,1535.0,3446.55,5625.0498,11750.35,259.725005
2024-08-01 09:15:00,3056.93499957,1568.5,6606.6001,3062.8,1165.45,9662.0,675.0,1630.0,308.04999,1485.0,1535.55,528.0,1357.33,4903.5,228.0,2753.6001,1636.1,808.975,710.04999,5325.3999,667.34998,2653.4399513,1206.9,463.4258192,1416.8,1845.1,927.75,328.25,1786.25,3765.8501,2820.1001,13112.0,415.60001,1228.17505,337.14999,350.14999,1504.30005,1758.1,583.99,859.45001,1681.3,4365.0498,1188.0,686.13025882,160.89999,1537.6,3442.5,5722.9502,11803.5,258.75
2024-08-02 09:15:00,3017.4587631,1550.2,6681.0,3060.0,1156.1,9581.75,667.31001,1603.0,301.70001,1483.6,1523.7,522.29999,1374.89,4691.5498,243.0,2701.0,1601.15,815.5,699.04999,5236.4502,646.54999,2639.60754678,1190.1,457.62058853,1392.7,1816.15,896.0,324.54999,1775.0,3657.1001,2733.8501,12673.05,413.35001,1232.5,328.64999,354.0,1493.275,1731.0,584.0,846.15002,1683.85,4270.0,1190.0,658.08736351,154.72,1502.3,3410.0,5524.0,11700.0,250.5
2024-08-05 09:15:00,2906.20755123,1471.55,6600.0498,3055.3,1124.3,9369.2998,653.26001,1562.0,285.0,1451.5,1472.0,497.54999,1358.8,4555.0,249.0,2587.75,1537.0,800.5,690.04999,5123.0,609.25,2624.88928397,1167.0,452.66491993,1369.0,1718.55,854.15002,315.0,1768.55,3511.5,2635.8,12027.65,404.64999,1237.525,306.0,341.5,1433.25,1679.95,561.62002,800.0,1715.0,4110.5,1151.0,612.20447774,149.0,1426.75,3316.5,5226.0498,11351.2,240.125
2024-08-06 09:15:00,2965.32491273,1488.1,6631.0498,3086.05,1123.1,9400.0,651.15,1557.1,286.35001,1431.1,1505.7,498.0,1359.06,4638.0498,247.2,2610.0,1563.0,796.65,677.29999,5158.0,608.0,2666.68145546,1161.5,456.91263587,1376.25,1744.85,867.04999,310.0,1760.0,3546.0,2625.7,12110.0,413.25,1250.5,305.14999,339.25,1451.32495,1670.1,565.0,795.65002,1703.95,4160.7998,1182.85,608.79344742,149.61,1465.5,3321.1001,5194.5498,11272.1,243.300005
2024-08-07 09:15:00,3018.4286952,1514.2,6662.0,3060.05,1127.0,9497.5,658.11001,1563.65,289.79999,1422.6,1532.1,507.70001,1368.0,4579.3999,251.81,2632.25,1590.0,801.1,682.09998,5223.2002,616.75,2693.11553384,1161.6,460.7355991,1329.2,1762.1,895.0,313.29999,1760.05,3610.3501,2661.0,12265.9,415.0,1255.125,312.0,343.39999,1461.5,1677.1,574.11,800.54999,1709.4,4180.2998,1182.55,612.80819993,151.89999,1471.0,3317.05,5274.6001,11430.2,246.324995
2024-08-08 09:15:00,3061.63917026,1513.8,6500.0,2990.3999,1126.0,9610.1504,657.13501,1532.55,297.14999,1430.0,1545.0,521.25,1382.89,4548.0,260.0,2531.1001,1554.55,809.625,689.70001,5146.8999,613.0,2678.24939826,1158.9,464.88891192,1334.0,1727.1,883.40002,324.0,1762.65,3547.45,2656.5,12152.15,405.79999,1239.0,321.70001,341.25,1445.92505,1670.05,571.72002,802.79999,1728.35,4160.0,1174.0,620.02267999,150.0,1462.0,3283.8999,5490.0,11228.75,243.175005
2024-08-09 09:15:00,3075.70318571,1519.0,6530.0,2966.0,1139.95,9614.0,659.1,1545.5,300.64999,1457.3,1561.5,521.84998,1392.67,4716.9502,265.54999,2540.05,1575.85,822.9,701.45001,5190.75,614.79999,2676.47748477,1169.0,465.45528349,1338.05,1756.0,889.0,324.5,1765.0,3575.7,2705.0,12195.1,408.20001,1245.1,328.20001,344.29999,1456.0,1708.0,576.02002,809.54999,1730.05,4205.5498,1180.0,635.14592063,151.25,1480.55,3285.1001,5626.6001,11231.05,244.824995
2024-08-12 09:15:00,2923.3753494,1457.35,6420.9502,3003.7,1135.85,9615.0,656.40498,1548.1,298.25,1445.0,1571.05,523.29999,1374.66,4793.3501,261.35001,2555.05,1573.85,823.675,692.20001,5185.0,616.5,2680.2184098,1156.0,464.41694348,1336.65,1768.1,898.09998,322.29999,1751.25,3563.0,2708.7,12100.0,400.10001,1234.17505,329.89999,339.5,1457.75,1692.05,585.52002,811.20001,1730.05,4186.3501,1166.05,636.92690106,149.88,1489.4,3295.3501,6277.0,11211.2,243.699995
2024-08-13 09:15:00,2989.08824918,1479.5,6510.2998,3013.0,1155.4,9650.0,645.22002,1537.05,295.39999,1450.35,1580.0,520.0,1370.25,4790.1001,256.0,2512.1499,1577.65,800.575,677.5,5216.0,619.20001,2687.79930113,1163.6,460.8771802,1343.5,1789.05,905.0,322.0,1746.1,3545.2,2704.1001,12122.0,395.0,1236.75,332.95001,335.14999,1458.0,1672.05,572.1,795.04999,1725.6,4183.0,1167.6,632.82159023,148.5,1495.15,3305.3999,6330.0,11234.65,243.574995
2024-08-14 09:15:00,2936.71191578,1452.0,6460.25,2994.05,1148.65,9671.5996,643.09502,1526.8,290.64999,1453.1,1555.0,499.04999,1358.5,4716.0,255.5,2505.05,1598.25,801.6,676.40002,4991.0,611.59998,2664.66341553,1153.0,462.4346666,1335.95,1797.45,885.40002,319.20001,1744.55,3536.5,2715.3,12130.0,393.64999,1230.30005,326.79999,332.5,1453.69995,1673.0,572.8,800.40002,1732.6,4188.1499,1158.7,632.09712361,142.35001,1505.0,3356.8501,6291.1001,10963.1,245.225005
2024-08-16 09:15:00,2947.96322513,1457.05,6556.0,3003.0,1149.6,9693.9502,642.5,1523.25,296.0,1468.1,1560.0,502.5,1351.63,4735.1001,257.01001,2512.3999,1632.7,805.5,664.65002,5020.0498,630.20001,2668.69979074,1165.65,465.03049301,1338.55,1829.5,882.54999,319.54999,1746.0,3533.0,2776.1499,12111.0,393.29999,1235.67505,328.64999,330.60001,1458.05005,1666.15,580.41,803.0,1728.65,4325.1001,1168.0,645.98273378,146.46001,1531.3,3370.2,6440.0,10950.2,248.975005
2024-08-19 09:15:00,2999.95148869,1490.0,6565.0498,3038.3501,1150.2,9759.2998,659.36001,1545.05,301.10001,1464.3,1569.7,513.15002,1363.52,4780.0,261.0,2557.05,1659.05,811.85,678.5,5107.5498,636.5,2694.64151778,1173.3,471.59087319,1345.55,1849.2,903.90002,328.79999,1771.0,3547.0,2760.0,12126.8,401.45001,1250.275,333.54999,339.29999,1480.5,1666.0,602.61,812.59998,1740.65,4390.3501,1171.55,655.03856649,150.39,1575.85,3436.2,6522.2998,11271.75,256.850005
2024-08-20 09:15:00,2966.87690108,1486.3,6650.0,3078.0,1154.65,9755.0498,661.63501,1551.5,297.79999,1446.5,1558.2,521.04999,1380.0,4824.2998,258.25,2589.05,1669.2,813.725,684.04999,5190.0,661.04999,2692.67250624,1170.0,469.79739312,1357.2,1868.2,910.79999,332.0,1776.25,3548.0,2748.5,12150.1,403.10001,1249.525,328.04999,338.79999,1490.025,1672.75,610.46,813.34998,1745.15,4500.0,1166.75,653.25758606,152.8,1595.25,3454.3999,6605.0498,11277.45,259.82501
2024-08-21 09:15:00,2976.13955865,1492.55,6627.1001,3084.05,1161.5,9735.0,669.5,1599.95,302.54999,1447.7,1561.0,524.40002,1393.07,4867.0,259.0,2625.1499,1673.75,808.9,708.65002,5215.0,667.79999,2700.45010182,1165.1,471.07168903,1366.4,1867.1,908.09998,329.5,1787.35,3581.8999,2755.0,12177.05,405.20001,1260.82495,326.5,336.14999,1490.0,1750.9,623.37002,811.20001,1757.3,4492.5498,1167.05,654.01223879,151.77,1602.0,3454.55,6740.0,11161.55,260.524995
2024-08-22 09:15:00,2998.0601211,1490.4,6751.0,3156.05,1168.95,9841.0996,672.38999,1614.05,303.5,1465.0,1576.05,526.79999,1384.64,4905.6001,256.01001,2691.05,1673.0,814.0,720.04999,5263.4502,677.20001,2738.99360117,1176.6,473.33715641,1379.6,1869.7,924.79999,328.89999,1805.8,3583.95,2724.05,12181.0,402.25,1272.5,323.60001,330.5,1490.65,1789.85,624.66,817.09998,1748.4,4497.2002,1181.0,642.93393676,152.50999,1596.0,3553.7,6790.0,11205.0,259.024995
2024-08-23 09:15:00,2975.36380695,1486.1,6830.7002,3148.75,1163.5,9930.0,670.49502,1623.2,304.10001,1479.35,1568.45,528.84998,1386.01,4882.2998,258.31,2706.95,1657.15,811.5,723.45001,5315.0,677.79999,2728.41016414,1188.55,471.9212511,1373.8,1857.0,929.15002,326.70001,1812.7,3587.05,2725.3,12254.4,399.54999,1260.0,317.54999,333.35001,1498.42505,1782.0,623.54,814.5,1751.9,4455.0,1194.9,646.58645596,152.55,1593.05,3544.0,6911.75,11204.45,255.675005
2024-08-26 09:15:00,2963.1425655,1480.0,6608.7998,3141.5,1166.1,10339.65,675.60498,1638.75,305.79999,1505.0,1566.55,534.70001,1379.84,4865.0498,258.10001,2712.8,1667.1,816.1,719.25,5327.0,689.5,2760.16047522,1201.05,473.85631225,1379.8,1864.0,937.20001,321.75,1809.7,3594.7,2753.1001,12222.0,401.95001,1253.975,322.79999,335.85001,1503.0,1769.35,622.2,813.79999,1764.5,4485.0,1194.05,653.7405638,153.7,1609.0,3574.05,6907.8999,11271.4,257.975005
2024-08-27 09:15:00,2971.8719544,1475.6,6734.0,3150.0,1164.25,10350.0,673.0,1652.0,299.60001,1502.0,1586.5,530.0,1380.41,4836.7002,255.39999,2697.05,1705.1,816.1,719.29999,5326.0,702.75,2716.7928976,1208.9,471.9684385,1377.55,1873.9,942.75,321.64999,1791.7,3636.0,2773.95,12225.1,409.10001,1255.75,326.0,335.0,1499.44995,1784.1,623.2,811.04999,1767.15,4486.7998,1208.0,649.00134468,154.60001,1622.1,3530.5,6779.25,11286.45,258.0
2024-08-28 09:15:00,2931.2318964,1467.0,6746.5498,3118.8,1169.35,10461.3,685.2,1700.05,299.5,1521.65,1595.2,525.45001,1384.6,4840.0,252.14999,2683.0,1693.05,815.1,734.04999,5266.0,701.15002,2703.20671798,1217.3,468.66465943,1382.55,1897.4,935.0,320.89999,1785.85,3685.0,2780.8,12330.0,407.35001,1245.0,324.64999,333.75,1493.0,1826.0,638.35,806.5,1786.35,4457.2998,1196.6,646.043106,153.05,1616.2,3519.8999,6950.25,11211.0,258.92499
2024-08-29 09:15:00,2891.65856973,1452.6,6760.2998,3092.7,1163.4,10555.4,688.15498,1711.55,292.10001,1545.95,1609.0,516.09998,1377.82,4880.0,248.50999,2640.05,1697.25,815.575,731.84998,5290.8999,691.40002,2702.46833865,1217.0,469.46701522,1405.25,1920.9,930.79999,323.5,1773.0,3651.55,2741.6499,12250.0,403.75,1245.32495,324.95001,328.79999,1494.0,1835.5,634.91,806.95001,1790.25,4460.0,1185.25,643.56784505,151.2,1620.05,3510.0,7092.9502,11115.4,267.024995
2024-08-30 09:15:00,2912.99707593,1466.0,6851.0,3110.7,1171.85,10705.0,707.10498,1750.05,294.35001,1561.6,1615.0,522.0,1387.6,4896.0,248.81,2676.2,1742.2,810.575,733.5,5385.8501,695.09998,2717.33447423,1218.9,472.15723531,1415.55,1928.0,938.65002,320.64999,1774.35,3666.3999,2765.0,12316.2,411.5,1245.9,329.54999,334.04999,1503.32495,1837.0,635.4,814.34998,1791.3,4487.7998,1195.0,662.55490765,152.47,1631.1,3542.5,7130.0498,11222.0,267.850005
2024-09-02 09:15:00,2907.46855995,1478.8,6865.0498,3139.6001,1174.1,10912.15,722.9,1787.8,295.04999,1565.5,1642.0,517.65002,1366.0,4887.75,241.85001,2675.55,1760.0,811.6,739.84998,5517.0,683.20001,2735.94153483,1222.5,475.08342075,1425.25,1942.8,936.15002,323.14999,1772.7,3666.3501,2756.5,12350.4,407.70001,1248.525,325.79999,334.20001,1506.625,1849.05,642.81,813.04999,1805.2,4512.0,1197.2,656.45731362,152.14,1635.55,3552.0,7111.3501,11325.0,265.92499
2024-09-03 09:15:00,2932.88068398,1476.6,6834.4502,3147.5,1176.7,11015.0,720.61001,1811.95,296.75,1558.6,1643.3,518.25,1369.6,4856.0498,245.39999,2680.1001,1787.05,812.3,741.65002,5549.8999,677.54999,2732.00351175,1220.4,479.42553039,1433.9,1936.45,929.95001,342.5,1772.35,3666.8999,2772.6001,12359.9,405.60001,1251.0,321.64999,334.0,1507.5,1881.75,638.01,816.40002,1805.1,4495.8999,1196.3,653.34814439,152.00999,1632.1,3560.1499,6995.0,11361.0,264.75
2024-09-04 09:15:00,2866.34334192,1461.05,6790.0498,3155.5,1173.3,10908.9,724.525,1833.05,295.29999,1542.0,1630.8,500.55,1353.4,4821.2,240.4,2687.25,1765.0,816.0,748.4,5605.0,661.25,2728.70531897,1232.8,471.92124166,1417.0,1900.05,912.0,343.05,1763.5,3631.1,2731.1001,12234.1,399.9,1256.85,308.4,331.0,1499.5,1902.35,645.2,813.65,1801.3,4436.7002,1175.0,647.25055036,149.16,1608.9,3568.2,6950.05,11381.85,258.375
2024-09-05 09:15:00,2911.7361642,1463.0,6900.2002,3217.0,1173.45,10825.55,719.3,1850.0,290.0,1541.5,1623.4,495.14999,1337.2,4787.1499,246.0,2735.3,1767.3,821.0,750.40002,5650.0,667.25,2779.89961901,1231.3,478.62318404,1418.9,1909.6,923.75,344.0,1760.0,3608.3999,2711.8999,12230.0,401.85001,1246.07495,310.14999,329.60001,1487.05005,1900.2,645.82998,814.40002,1820.0,4454.1499,1185.65,644.14138112,151.0,1632.9,3600.3999,7090.25,11514.2,259.75
2024-09-06 09:15:00,2878.7584728,1427.55,6857.8999,3225.3501,1150.8,10796.25,725.55498,1836.0,282.04999,1530.2,1608.05,481.04999,1330.6,4740.2002,254.25,2674.05,1740.05,817.05,736.04999,5649.7002,665.45001,2784.28086659,1205.0,469.27820896,1401.5,1896.85,911.70001,336.0,1756.5,3536.2,2680.1001,12094.7,392.70001,1244.025,303.70001,325.0,1461.625,1889.45,644.04,777.0,1805.0,4440.0,1168.75,628.17292943,149.64999,1613.95,3665.0,7060.0,11320.0,259.225005
2024-09-09 09:15:00,2839.28223633,1411.0,6820.45,3258.0,1145.0,10780.0,726.28,1839.05,275.75,1523.25,1610.0,478.05,1320.54,4716.1,256.3,2673.9,1741.15,815.05,731.25,5686.15,651.0,2799.14680526,1200.45,472.29881641,1400.1,1889.0,919.05,329.3,1758.45,3553.85,2660.05,12102.0,385.3,1244.375,294.65,323.55,1455.6,1894.5,643.22,771.0,1812.85,4430.5,1169.9,619.56988835,148.05,1574.75,3653.75,7048.05,11308.0,256.725
2024-09-10 09:15:00,2858.97185796,1435.0,6860.7,3270.9,1173.35,10780.05,719.3,1815.25,282.3,1545.15,1624.3,481.8,1322.63,4689.35,259.55,2677.0,1747.15,819.0,701.2,5658.25,653.7,2842.76041087,1227.0,480.22788617,1420.6,1896.0,929.8,340.85,1778.05,3571.0,2677.0,12098.0,389.75,1257.0,295.0,327.0,1457.575,1838.75,646.03,777.5,1825.7,4440.45,1196.25,623.16203533,148.81,1578.5,3666.0,7095.5,11460.5,257.0
2024-09-11 09:15:00,2839.9611888,1425.1,6873.45,3315.0,1181.0,10986.6,720.63,1814.25,284.35,1574.45,1624.25,481.95,1319.18,4702.0,268.1,2674.1,1773.7,819.6,696.0,5602.35,645.4,2853.19617204,1226.4,483.24848418,1417.8,1905.0,924.25,343.05,1785.0,3516.4,2644.1,12165.0,387.5,1259.725,283.25,332.0,1447.55,1844.55,650.82,765.4,1831.1,4471.25,1201.25,586.36516839,147.62,1598.1,3700.1,7107.7,11460.2,256.625
2024-09-12 09:15:00,2829.43742552,1440.2,6915.0,3340.3,1176.75,11443.35,729.66,1816.8,289.0,1590.1,1630.55,482.25,1316.06,4717.7,274.3,2678.75,1777.1,823.525,698.3,5655.0,651.5,2849.35659953,1226.35,480.0390988,1420.15,1910.8,929.0,342.3,1795.15,3534.0,2635.6,12151.35,390.65,1244.0,286.5,333.25,1445.875,1840.6,659.11,772.75,1840.4,4431.3,1199.35,578.36584949,148.75,1606.0,3711.1,7142.85,11442.25,258.875
2024-09-13 09:15:00,2867.16778421,1450.0,7008.05,3320.9,1201.0,11688.4,735.2,1846.5,289.6,1631.05,1643.5,489.5,1329.4,4828.0,271.1,2748.2,1795.65,828.525,703.15,5770.0,670.6,2873.28008974,1242.05,483.29568102,1442.35,1935.65,951.35,346.9,1816.75,3600.05,2711.75,12291.05,399.35,1264.125,291.05,336.1,1469.5,1841.75,673.0,785.1,1851.4,4505.0,1208.05,596.47751493,152.5,1638.0,3740.0,7200.05,11625.2,265.425
2024-09-16 09:15:00,2882.6382012,1438.8,7010.5,3330.6,1215.0,11640.05,732.2,1838.05,288.4,1630.1,1654.15,487.35,1326.3,4860.0,269.2,2757.3,1808.2,832.025,698.0,5727.0,676.55,2763.9014987,1244.7,481.12462621,1461.1,1933.05,957.1,347.0,1828.3,3613.0,2732.05,12256.0,402.0,1250.0,291.35,337.05,1464.75,1816.1,672.52,784.4,1850.9,4494.45,1207.0,594.36448729,153.5,1646.5,3735.4,7211.0,11604.0,274.5
2024-09-17 09:15:00,2863.72452525,1420.1,6999.9,3301.8,1227.6,11643.1,728.615,1838.55,283.9,1638.5,1656.7,487.65,1320.6,4816.65,270.0,2730.0,1807.2,832.075,691.55,5763.6,681.1,2815.78495278,1258.4,477.86804398,1462.25,1942.15,961.7,344.0,1830.65,3659.7,2745.3,12151.65,410.1,1269.35,292.15,334.5,1466.625,1808.45,681.49,780.55,1859.25,4466.0,1212.15,579.57329386,152.27,1641.1,3727.3,7325.0,11575.0,273.525
2024-09-18 09:15:00,2846.7507135,1415.05,6960.75,3251.55,1225.0,11740.0,737.85,1843.2,280.4,1647.85,1638.05,486.15,1306.2,4812.25,269.9,2715.0,1740.1,835.55,693.4,5928.1,673.35,2817.36016201,1262.0,476.78251657,1461.15,1881.3,950.0,345.1,1835.6,3684.2,2777.65,12170.0,413.0,1273.0,287.9,333.1,1460.55,1815.05,688.0,782.0,1829.6,4321.0,1194.0,577.85268564,149.61,1589.0,3708.0,7245.85,11535.85,266.325
2024-09-19 09:15:00,2803.44324523,1394.45,7011.45,3275.0,1239.0,11811.2,756.0,1876.0,267.1,1647.7,1632.75,476.25,1296.5,4845.1,272.25,2722.3,1721.5,849.575,697.75,5980.1,668.2,2828.82965423,1285.35,479.04796508,1474.9,1878.8,944.0,338.45,1845.1,3674.0,2792.2,12206.4,420.55,1298.575,282.5,333.1,1455.55,1828.2,700.0,784.05,1835.0,4281.8,1204.05,577.36970789,147.79,1587.05,3741.1,7183.55,11540.0,264.575
2024-09-20 09:15:00,2853.58873481,1409.2,7017.9,3266.05,1229.9,11868.25,748.725,1884.35,272.85,1666.0,1609.8,480.3,1297.14,4854.4,278.95,2664.2,1721.4,853.775,702.0,5985.75,688.75,2850.53800646,1291.55,479.51993352,1473.2,1867.4,965.2,348.35,1870.0,3680.25,2798.5,12360.05,416.55,1315.575,285.2,334.75,1471.375,1845.0,703.4,779.5,1841.9,4227.5,1213.35,573.0530943,150.65,1582.4,3740.0,7281.85,11579.6,265.5
2024-09-23 09:15:00,2924.58776453,1443.85,7090.4,3273.2,1240.55,12000.0,753.17,1914.6,278.65,1719.0,1638.0,490.5,1316.0,4854.65,290.55,2665.0,1732.5,870.125,714.05,6004.3,687.95,2923.93291161,1308.5,484.80598003,1453.05,1878.45,976.2,352.25,1908.2,3749.0,2956.15,12625.0,425.0,1345.0,287.55,340.25,1488.95,1880.0,708.0,784.5,1857.5,4253.0,1210.25,583.22581305,152.8,1594.5,3781.0,7464.15,11800.05,266.0
2024-09-24 09:15:00,2948.83606703,1447.0,7076.2,3241.1,1235.35,12230.55,748.39,1898.35,284.55,1746.1,1624.95,501.55,1316.04,4855.0,290.25,2610.0,1738.35,877.125,715.15,6110.3,693.0,2900.452449,1315.45,485.32514531,1446.0,1871.4,985.15,349.1,1909.6,3775.0,3020.0,12583.1,427.0,1337.0,294.7,342.35,1487.875,1854.6,700.4,796.5,1856.0,4240.0,1210.05,587.18019334,154.85,1598.1,3781.55,7580.6,11740.35,264.675
2024-09-25 09:15:00,2987.58485442,1438.2,7074.15,3206.75,1231.1,12310.0,749.805,1896.05,287.65,1745.0,1618.25,502.0,1319.11,4851.0,283.05,2583.95,1755.0,880.075,710.1,6033.85,715.55,2860.08771243,1310.1,483.57886209,1432.25,1876.8,972.7,349.0,1894.3,3778.0,3034.55,12611.0,425.65,1329.525,296.7,352.35,1480.2,1841.05,691.6,788.7,1858.55,4240.0,1182.05,579.12050222,159.52,1590.05,3710.05,7569.55,11680.0,265.375
2024-09-26 09:15:00,2992.2405285,1448.0,7094.4,3227.1,1262.25,12391.05,758.755,1930.15,289.05,1746.15,1602.3,500.05,1332.86,4890.0,278.5,2656.2,1778.9,884.025,714.3,5904.1,710.7,2895.62837072,1316.9,488.01536541,1437.3,1893.0,975.45,348.95,1884.3,3736.4,3045.65,12830.0,430.55,1353.975,291.5,357.2,1488.05,1868.5,705.91,791.6,1867.05,4260.0,1191.15,582.95413807,160.48,1596.0,3701.4,7710.55,11767.8,267.85
2024-09-27 09:15:00,3022.3084236,1452.45,7110.0,3277.05,1257.25,12551.6,771.1,1966.3,289.2,1722.5,1630.0,504.9,1333.3,4953.35,273.5,2745.85,1796.55,875.0,726.35,5940.5,742.1,2906.99941237,1303.85,491.08316026,1454.0,1903.3,997.5,349.1,1866.3,3651.0,3152.55,13274.45,433.5,1365.5,289.7,353.35,1492.0,1873.9,719.16,798.45,1915.25,4300.05,1199.0,597.17179544,165.89,1604.55,3751.2,7736.4,11924.75,270.35
2024-09-30 09:15:00,3026.57612484,1444.0,7160.5,3305.15,1229.35,12281.65,767.615,1968.3,283.6,1704.2,1646.3,502.5,1342.0,4998.5,272.45,2765.0,1789.15,862.2,716.0,5690.5,749.45,2897.0066788,1270.9,485.23075162,1437.0,1870.5,1004.0,349.6,1843.1,3665.0,3087.0,13208.7,433.6,1342.4,293.75,349.7,1474.4,1838.25,713.6,786.45,1921.05,4260.05,1194.95,586.69721559,167.26,1567.85,3786.0,7483.75,11774.05,267.0
2024-10-01 09:15:00,3013.5790347,1448.0,7135.0,3244.05,1224.65,12112.1,765.1,1969.05,282.55,1696.0,1651.55,506.15,1335.61,4952.0,271.3,2755.0,1790.0,860.05,706.6,5665.0,745.2,2846.59998338,1267.6,485.18355478,1404.65,1875.0,1014.4,346.25,1847.0,3639.35,3095.8,13000.05,438.8,1336.45,290.7,349.95,1462.825,1824.3,711.56,788.0,1902.35,4242.95,1191.6,578.90919946,165.1,1580.0,3757.0,7522.25,11650.25,270.1
2024-10-03 09:15:00,2991.36758961,1414.2,6855.95,3126.5,1173.1,11700.0,738.1,1896.5,275.05,1665.0,1640.35,499.5,1338.42,4711.0,268.0,2752.1,1770.0,836.675,696.5,5622.0,744.7,2816.76945855,1248.15,479.6143272,1382.05,1881.0,1025.45,339.05,1815.8,3485.4,3072.45,12592.3,432.0,1325.175,290.55,342.6,1402.075,1795.05,680.01,784.3,1896.05,4210.0,1150.15,558.44301752,164.52,1596.15,3650.05,7451.0,11613.1,263.125
2024-10-04 09:15:00,2977.691547,1404.2,6727.35,3054.55,1174.0,11639.0,715.5,1865.25,273.55,1630.15,1577.3,494.05,1322.2,4690.85,264.1,2731.0,1767.25,826.5,701.55,5484.0,740.05,2773.40197938,1236.2,473.43154066,1380.85,1886.0,1027.3,336.5,1798.35,3468.5,3009.5,12512.5,426.3,1295.15,293.2,337.75,1381.775,1782.55,663.1,785.25,1903.65,4224.05,1125.2,555.42440661,164.0,1591.0,3625.0,7272.0,11380.0,264.025
2024-10-07 09:15:00,2890.83412745,1337.0,6743.15,3038.0,1130.9,11525.0,719.03,1868.8,265.0,1642.45,1612.05,475.35,1316.22,4650.0,261.6,2700.0,1767.9,806.5,702.9,5436.1,722.5,2781.27802554,1225.0,478.34001242,1338.2,1916.05,1012.5,329.2,1769.4,3429.0,2982.9,12378.0,409.05,1283.45,281.5,325.0,1361.375,1776.0,651.2,765.4,1888.05,4229.4,1106.95,552.40579571,162.33,1600.2,3552.3,7284.0,11192.1,262.975
2024-10-08 09:15:00,2904.80114969,1342.0,6748.7,3045.65,1142.5,11562.2,716.005,1833.1,265.55,1652.0,1623.85,476.45,1315.0,4586.2,262.6,2705.2,1743.0,811.0,699.8,5411.0,708.0,2755.3362985,1229.75,477.63205976,1343.55,1906.35,984.0,333.0,1781.85,3469.0,3066.0,12462.05,411.3,1275.8,280.55,322.35,1365.1,1723.55,655.6,772.25,1901.55,4203.95,1105.45,539.63707158,156.7,1603.6,3480.0,7451.0,11231.0,260.15
2024-10-09 09:15:00,3040.15517424,1404.35,6936.4,3071.75,1154.0,11802.0,720.61,1835.55,278.5,1661.05,1630.5,485.65,1329.42,4660.0,275.35,2710.0,1790.15,814.35,703.75,5530.0,710.0,2717.92507924,1232.65,463.04823501,1335.55,1945.1,985.0,341.55,1789.9,3481.0,3145.0,12540.5,417.0,1234.475,286.85,325.5,1372.5,1733.05,668.0,782.05,1894.5,4246.7,1110.0,558.74487861,158.11,1632.05,3486.6,8035.0,11333.0,264.25
2024-10-10 09:15:00,2964.20949081,1406.85,6884.05,3043.0,1175.05,11803.1,727.3,1860.0,283.4,1665.0,1614.1,486.05,1310.74,4690.0,274.1,2711.1,1797.0,816.25,713.3,5445.0,726.3,2690.85117056,1238.0,462.00990445,1344.3,1914.1,996.75,343.0,1805.3,3455.5,3155.0,12711.5,420.5,1253.0,287.55,330.1,1369.425,1729.55,665.18,795.0,1883.9,4198.6,1111.4,550.80593193,156.6,1611.35,3415.1,8012.0,11353.55,261.725
